property_id,source,image_index,image_path,district_canonical,locality,split,actual_cnn_bedroom_class,predicted_cnn_bedroom_class,actual_environment,predicted_environment,actual_style,predicted_style,actual_condition,predicted_condition
creative-stunning-home-to-let,creativeproperties,1,C:\Users\lepha\Documents\Codex\Real Estate System\generated\images\live\creativeproperties\creative-stunning-home-to-let\image_1.png,Maseru,Maseru,train,4,4,Suburban,Hillside,Traditional,Modern,Good,New
creative-stunning-home-to-let,creativeproperties,2,C:\Users\lepha\Documents\Codex\Real Estate System\generated\images\live\creativeproperties\creative-stunning-home-to-let\image_2.jpeg,Maseru,Maseru,train,4,4,Suburban,Suburban,Traditional,Traditional,Good,Good
creative-stunning-home-to-let,creativeproperties,3,C:\Users\lepha\Documents\Codex\Real Estate System\generated\images\live\creativeproperties\creative-stunning-home-to-let\image_3.jpeg,Maseru,Maseru,train,4,4,Suburban,Suburban,Traditional,Traditional,Good,Good
creative-stunning-home-to-let,creativeproperties,4,C:\Users\lepha\Documents\Codex\Real Estate System\generated\images\live\creativeproperties\creative-stunning-home-to-let\image_4.jpeg,Maseru,Maseru,train,4,4,Suburban,Suburban,Traditional,Family,Good,Good
creative-stunning-home-to-let,creativeproperties,5,C:\Users\lepha\Documents\Codex\Real Estate System\generated\images\live\creativeproperties\creative-stunning-home-to-let\image_5.jpeg,Maseru,Maseru,train,4,4,Suburban,Suburban,Traditional,Traditional,Good,Good
creative-7275,creativeproperties,1,C:\Users\lepha\Documents\Codex\Real Estate System\generated\images\live\creativeproperties\creative-7275\image_1.png,Maseru,Maseru,train,4,4,Suburban,Hillside,Modern,Modern,New,New
creative-7275,creativeproperties,2,C:\Users\lepha\Documents\Codex\Real Estate System\generated\images\live\creativeproperties\creative-7275\image_2.jpg,Maseru,Maseru,train,4,4,Suburban,Suburban,Modern,Modern,New,New
creative-7275,creativeproperties,3,C:\Users\lepha\Documents\Codex\Real Estate System\generated\images\live\creativeproperties\creative-7275\image_3.jpg,Maseru,Maseru,train,4,4,Suburban,Suburban,Modern,Modern,New,New
creative-7275,creativeproperties,4,C:\Users\lepha\Documents\Codex\Real Estate System\generated\images\live\creativeproperties\creative-7275\image_4.jpg,Maseru,Maseru,train,4,4,Suburban,Suburban,Modern,Modern,New,New
creative-7275,creativeproperties,5,C:\Users\lepha\Documents\Codex\Real Estate System\generated\images\live\creativeproperties\creative-7275\image_5.jpg,Maseru,Maseru,train,4,4,Suburban,Suburban,Modern,Modern,New,New
creative-rental-home_lower-thetsane,creativeproperties,1,C:\Users\lepha\Documents\Codex\Real Estate System\generated\images\live\creativeproperties\creative-rental-home_lower-thetsane\image_1.png,Maseru,Maseru,train,4,4,Suburban,Hillside,Traditional,Modern,Good,New
creative-rental-home_lower-thetsane,creativeproperties,2,C:\Users\lepha\Documents\Codex\Real Estate System\generated\images\live\creativeproperties\creative-rental-home_lower-thetsane\image_2.jpeg,Maseru,Maseru,train,4,4,Suburban,Suburban,Traditional,Traditional,Good,Good
creative-rental-home_lower-thetsane,creativeproperties,3,C:\Users\lepha\Documents\Codex\Real Estate System\generated\images\live\creativeproperties\creative-rental-home_lower-thetsane\image_3.jpg,Maseru,Maseru,train,4,3,Suburban,Suburban,Traditional,Modern,Good,Good
creative-rental-home_lower-thetsane,creativeproperties,4,C:\Users\lepha\Documents\Codex\Real Estate System\generated\images\live\creativeproperties\creative-rental-home_lower-thetsane\image_4.jpg,Maseru,Maseru,train,4,4,Suburban,Suburban,Traditional,Traditional,Good,Good
creative-rental-home_lower-thetsane,creativeproperties,5,C:\Users\lepha\Documents\Codex\Real Estate System\generated\images\live\creativeproperties\creative-rental-home_lower-thetsane\image_5.jpg,Maseru,Maseru,train,4,4,Suburban,Suburban,Traditional,Traditional,Good,Good
creative-newly-renovated-town-house-to-let,creativeproperties,1,C:\Users\lepha\Documents\Codex\Real Estate System\generated\images\live\creativeproperties\creative-newly-renovated-town-house-to-let\image_1.png,Maseru,Maseru,train,3,4,Suburban,Hillside,Traditional,Modern,New,New
creative-newly-renovated-town-house-to-let,creativeproperties,2,C:\Users\lepha\Documents\Codex\Real Estate System\generated\images\live\creativeproperties\creative-newly-renovated-town-house-to-let\image_2.jpeg,Maseru,Maseru,train,3,3,Suburban,Hillside,Traditional,Traditional,New,New
creative-newly-renovated-town-house-to-let,creativeproperties,3,C:\Users\lepha\Documents\Codex\Real Estate System\generated\images\live\creativeproperties\creative-newly-renovated-town-house-to-let\image_3.jpeg,Maseru,Maseru,train,3,3,Suburban,Suburban,Traditional,Traditional,New,New
creative-newly-renovated-town-house-to-let,creativeproperties,4,C:\Users\lepha\Documents\Codex\Real Estate System\generated\images\live\creativeproperties\creative-newly-renovated-town-house-to-let\image_4.jpeg,Maseru,Maseru,train,3,3,Suburban,Hillside,Traditional,Modern,New,New
creative-newly-renovated-town-house-to-let,creativeproperties,5,C:\Users\lepha\Documents\Codex\Real Estate System\generated\images\live\creativeproperties\creative-newly-renovated-town-house-to-let\image_5.jpeg,Maseru,Maseru,train,3,3,Suburban,Hillside,Traditional,Family,New,New
creative-rental-property-upper-thamae,creativeproperties,1,C:\Users\lepha\Documents\Codex\Real Estate System\generated\images\live\creativeproperties\creative-rental-property-upper-thamae\image_1.png,Maseru,Maseru,train,3,4,Suburban,Hillside,Traditional,Modern,Good,New
creative-rental-property-upper-thamae,creativeproperties,2,C:\Users\lepha\Documents\Codex\Real Estate System\generated\images\live\creativeproperties\creative-rental-property-upper-thamae\image_2.jpeg,Maseru,Maseru,train,3,3,Suburban,Hillside,Traditional,Traditional,Good,Good
creative-rental-property-upper-thamae,creativeproperties,3,C:\Users\lepha\Documents\Codex\Real Estate System\generated\images\live\creativeproperties\creative-rental-property-upper-thamae\image_3.jpeg,Maseru,Maseru,train,3,2,Suburban,Hillside,Traditional,Traditional,Good,Good
creative-newly-renovated-home-for-rental,creativeproperties,1,C:\Users\lepha\Documents\Codex\Real Estate System\generated\images\live\creativeproperties\creative-newly-renovated-home-for-rental\image_1.png,Maseru,Hills View,train,3,4,Hillside,Hillside,Traditional,Modern,New,New
creative-newly-renovated-home-for-rental,creativeproperties,2,C:\Users\lepha\Documents\Codex\Real Estate System\generated\images\live\creativeproperties\creative-newly-renovated-home-for-rental\image_2.jpeg,Maseru,Hills View,train,3,3,Hillside,Hillside,Traditional,Modern,New,New
creative-newly-renovated-home-for-rental,creativeproperties,3,C:\Users\lepha\Documents\Codex\Real Estate System\generated\images\live\creativeproperties\creative-newly-renovated-home-for-rental\image_3.jpeg,Maseru,Hills View,train,3,3,Hillside,Hillside,Traditional,Traditional,New,New
creative-newly-renovated-home-for-rental,creativeproperties,4,C:\Users\lepha\Documents\Codex\Real Estate System\generated\images\live\creativeproperties\creative-newly-renovated-home-for-rental\image_4.jpeg,Maseru,Hills View,train,3,3,Hillside,Hillside,Traditional,Traditional,New,New
creative-newly-renovated-home-for-rental,creativeproperties,5,C:\Users\lepha\Documents\Codex\Real Estate System\generated\images\live\creativeproperties\creative-newly-renovated-home-for-rental\image_5.jpeg,Maseru,Hills View,train,3,3,Hillside,Hillside,Traditional,Traditional,New,New
creative-rental-home,creativeproperties,1,C:\Users\lepha\Documents\Codex\Real Estate System\generated\images\live\creativeproperties\creative-rental-home\image_1.png,Maseru,Maseru,train,5+,4,Suburban,Hillside,Traditional,Modern,Good,New
creative-rental-home,creativeproperties,2,C:\Users\lepha\Documents\Codex\Real Estate System\generated\images\live\creativeproperties\creative-rental-home\image_2.jpeg,Maseru,Maseru,train,5+,5+,Suburban,Suburban,Traditional,Traditional,Good,Good
creative-rental-home,creativeproperties,3,C:\Users\lepha\Documents\Codex\Real Estate System\generated\images\live\creativeproperties\creative-rental-home\image_3.jpeg,Maseru,Maseru,train,5+,5+,Suburban,Suburban,Traditional,Traditional,Good,Good
creative-rental-home,creativeproperties,4,C:\Users\lepha\Documents\Codex\Real Estate System\generated\images\live\creativeproperties\creative-rental-home\image_4.jpeg,Maseru,Maseru,train,5+,5+,Suburban,Suburban,Traditional,Family,Good,Good
creative-rental-home,creativeproperties,5,C:\Users\lepha\Documents\Codex\Real Estate System\generated\images\live\creativeproperties\creative-rental-home\image_5.jpeg,Maseru,Maseru,train,5+,5+,Suburban,Suburban,Traditional,Traditional,Good,Good
creative-7251,creativeproperties,1,C:\Users\lepha\Documents\Codex\Real Estate System\generated\images\live\creativeproperties\creative-7251\image_1.png,Maseru,Arrival Centre,train,2,4,Urban,Hillside,Traditional,Modern,Good,New
creative-7251,creativeproperties,2,C:\Users\lepha\Documents\Codex\Real Estate System\generated\images\live\creativeproperties\creative-7251\image_2.jpeg,Maseru,Arrival Centre,train,2,2,Urban,Urban,Traditional,Traditional,Good,Good
creative-7251,creativeproperties,3,C:\Users\lepha\Documents\Codex\Real Estate System\generated\images\live\creativeproperties\creative-7251\image_3.jpeg,Maseru,Arrival Centre,train,2,2,Urban,Urban,Traditional,Family,Good,Good
creative-7251,creativeproperties,4,C:\Users\lepha\Documents\Codex\Real Estate System\generated\images\live\creativeproperties\creative-7251\image_4.jpeg,Maseru,Arrival Centre,train,2,2,Urban,Urban,Traditional,Family,Good,Good
creative-7251,creativeproperties,5,C:\Users\lepha\Documents\Codex\Real Estate System\generated\images\live\creativeproperties\creative-7251\image_5.jpeg,Maseru,Arrival Centre,train,2,2,Urban,Urban,Traditional,Traditional,Good,Good
propmarket-55wgNg6vcMiZB1T01cRFN,propmarket,1,C:\Users\lepha\Documents\Codex\Real Estate System\generated\images\live\propmarket\propmarket-55wgNg6vcMiZB1T01cRFN\image_1.jpg,Maseru,Tsoapo Le Bolila,val,2,3,Urban,Urban,Traditional,Traditional,Good,Good
propmarket-55wgNg6vcMiZB1T01cRFN,propmarket,2,C:\Users\lepha\Documents\Codex\Real Estate System\generated\images\live\propmarket\propmarket-55wgNg6vcMiZB1T01cRFN\image_2.jpg,Maseru,Tsoapo Le Bolila,val,2,3,Urban,Suburban,Traditional,Traditional,Good,Good
propmarket-55wgNg6vcMiZB1T01cRFN,propmarket,3,C:\Users\lepha\Documents\Codex\Real Estate System\generated\images\live\propmarket\propmarket-55wgNg6vcMiZB1T01cRFN\image_3.jpg,Maseru,Tsoapo Le Bolila,val,2,3,Urban,Garden,Traditional,Family,Good,Good
propmarket-55wgNg6vcMiZB1T01cRFN,propmarket,4,C:\Users\lepha\Documents\Codex\Real Estate System\generated\images\live\propmarket\propmarket-55wgNg6vcMiZB1T01cRFN\image_4.jpg,Maseru,Tsoapo Le Bolila,val,2,3,Urban,Urban,Traditional,Family,Good,Good
propmarket--W_SCLUM4oeyqk-b1OnxZ,propmarket,1,C:\Users\lepha\Documents\Codex\Real Estate System\generated\images\live\propmarket\propmarket--W_SCLUM4oeyqk-b1OnxZ\image_1.jpg,Berea,Ha Foso,train,3,2,Suburban,Suburban,Traditional,Traditional,Good,Good
propmarket--W_SCLUM4oeyqk-b1OnxZ,propmarket,2,C:\Users\lepha\Documents\Codex\Real Estate System\generated\images\live\propmarket\propmarket--W_SCLUM4oeyqk-b1OnxZ\image_2.jpg,Berea,Ha Foso,train,3,2,Suburban,Suburban,Traditional,Traditional,Good,Good
propmarket--W_SCLUM4oeyqk-b1OnxZ,propmarket,3,C:\Users\lepha\Documents\Codex\Real Estate System\generated\images\live\propmarket\propmarket--W_SCLUM4oeyqk-b1OnxZ\image_3.jpg,Berea,Ha Foso,train,3,3,Suburban,Hillside,Traditional,Traditional,Good,Good
propmarket--W_SCLUM4oeyqk-b1OnxZ,propmarket,4,C:\Users\lepha\Documents\Codex\Real Estate System\generated\images\live\propmarket\propmarket--W_SCLUM4oeyqk-b1OnxZ\image_4.jpg,Berea,Ha Foso,train,3,1,Suburban,Suburban,Traditional,Traditional,Good,Good
propmarket-j7OKpdwoVzgjB5YPW6h7t,propmarket,1,C:\Users\lepha\Documents\Codex\Real Estate System\generated\images\live\propmarket\propmarket-j7OKpdwoVzgjB5YPW6h7t\image_1.jpg,Maseru,Makhoakhoeng,test,4,3,Suburban,Suburban,Traditional,Traditional,Good,Good
propmarket-j7OKpdwoVzgjB5YPW6h7t,propmarket,2,C:\Users\lepha\Documents\Codex\Real Estate System\generated\images\live\propmarket\propmarket-j7OKpdwoVzgjB5YPW6h7t\image_2.jpg,Maseru,Makhoakhoeng,test,4,3,Suburban,Garden,Traditional,Family,Good,New
propmarket-j7OKpdwoVzgjB5YPW6h7t,propmarket,3,C:\Users\lepha\Documents\Codex\Real Estate System\generated\images\live\propmarket\propmarket-j7OKpdwoVzgjB5YPW6h7t\image_3.jpg,Maseru,Makhoakhoeng,test,4,3,Suburban,Hillside,Traditional,Traditional,Good,Good
propmarket-j7OKpdwoVzgjB5YPW6h7t,propmarket,4,C:\Users\lepha\Documents\Codex\Real Estate System\generated\images\live\propmarket\propmarket-j7OKpdwoVzgjB5YPW6h7t\image_4.jpg,Maseru,Makhoakhoeng,test,4,2,Suburban,Hillside,Traditional,Traditional,Good,Good
propmarket-F4nO0XrUILj-vFaZTz-k3,propmarket,1,C:\Users\lepha\Documents\Codex\Real Estate System\generated\images\live\propmarket\propmarket-F4nO0XrUILj-vFaZTz-k3\image_1.jpg,Maseru,Ha Lesia,train,3,3,Suburban,Suburban,Traditional,Traditional,Good,Good
propmarket-F4nO0XrUILj-vFaZTz-k3,propmarket,2,C:\Users\lepha\Documents\Codex\Real Estate System\generated\images\live\propmarket\propmarket-F4nO0XrUILj-vFaZTz-k3\image_2.jpg,Maseru,Ha Lesia,train,3,3,Suburban,Hillside,Traditional,Traditional,Good,Good
propmarket-F4nO0XrUILj-vFaZTz-k3,propmarket,3,C:\Users\lepha\Documents\Codex\Real Estate System\generated\images\live\propmarket\propmarket-F4nO0XrUILj-vFaZTz-k3\image_3.jpg,Maseru,Ha Lesia,train,3,3,Suburban,Suburban,Traditional,Family,Good,Good
propmarket-F4nO0XrUILj-vFaZTz-k3,propmarket,4,C:\Users\lepha\Documents\Codex\Real Estate System\generated\images\live\propmarket\propmarket-F4nO0XrUILj-vFaZTz-k3\image_4.jpg,Maseru,Ha Lesia,train,3,3,Suburban,Suburban,Traditional,Traditional,Good,Good
propmarket-OIdYZElsdeDyv41F4x5il,propmarket,1,C:\Users\lepha\Documents\Codex\Real Estate System\generated\images\live\propmarket\propmarket-OIdYZElsdeDyv41F4x5il\image_1.jpg,Maseru,Thetsane West,train,3,3,Suburban,Suburban,Traditional,Family,Good,Good
propmarket-OIdYZElsdeDyv41F4x5il,propmarket,2,C:\Users\lepha\Documents\Codex\Real Estate System\generated\images\live\propmarket\propmarket-OIdYZElsdeDyv41F4x5il\image_2.jpg,Maseru,Thetsane West,train,3,3,Suburban,Suburban,Traditional,Family,Good,Good
propmarket-OIdYZElsdeDyv41F4x5il,propmarket,3,C:\Users\lepha\Documents\Codex\Real Estate System\generated\images\live\propmarket\propmarket-OIdYZElsdeDyv41F4x5il\image_3.jpg,Maseru,Thetsane West,train,3,3,Suburban,Urban,Traditional,Family,Good,Good
propmarket-OIdYZElsdeDyv41F4x5il,propmarket,4,C:\Users\lepha\Documents\Codex\Real Estate System\generated\images\live\propmarket\propmarket-OIdYZElsdeDyv41F4x5il\image_4.jpg,Maseru,Thetsane West,train,3,3,Suburban,Urban,Traditional,Traditional,Good,Good
propmarket-0QFUac0OuPntEvs1dcaLz,propmarket,1,C:\Users\lepha\Documents\Codex\Real Estate System\generated\images\live\propmarket\propmarket-0QFUac0OuPntEvs1dcaLz\image_1.jpg,Maseru,Ha Mohasoa,val,2,2,Suburban,Urban,Traditional,Traditional,Good,Good
propmarket-4Jzf7HXyRaHeAHAkf22QO,propmarket,1,C:\Users\lepha\Documents\Codex\Real Estate System\generated\images\live\propmarket\propmarket-4Jzf7HXyRaHeAHAkf22QO\image_1.jpg,Maseru,Lithabaneng,train,3,3,Suburban,Suburban,Traditional,Traditional,Good,Good
propmarket-N1X4WI2f98bpGHq_NFisR,propmarket,1,C:\Users\lepha\Documents\Codex\Real Estate System\generated\images\live\propmarket\propmarket-N1X4WI2f98bpGHq_NFisR\image_1.jpg,Maseru,Matebeleng (ha Penapena),train,3,3,Urban,Urban,Traditional,Traditional,Good,Good
propmarket-N1X4WI2f98bpGHq_NFisR,propmarket,2,C:\Users\lepha\Documents\Codex\Real Estate System\generated\images\live\propmarket\propmarket-N1X4WI2f98bpGHq_NFisR\image_2.jpg,Maseru,Matebeleng (ha Penapena),train,3,3,Urban,Urban,Traditional,Traditional,Good,Good
propmarket-N1X4WI2f98bpGHq_NFisR,propmarket,3,C:\Users\lepha\Documents\Codex\Real Estate System\generated\images\live\propmarket\propmarket-N1X4WI2f98bpGHq_NFisR\image_3.jpg,Maseru,Matebeleng (ha Penapena),train,3,4,Urban,Urban,Traditional,Family,Good,Good
propmarket-N1X4WI2f98bpGHq_NFisR,propmarket,4,C:\Users\lepha\Documents\Codex\Real Estate System\generated\images\live\propmarket\propmarket-N1X4WI2f98bpGHq_NFisR\image_4.jpg,Maseru,Matebeleng (ha Penapena),train,3,4,Urban,Urban,Traditional,Traditional,Good,Good
propmarket-cLapWASFVCs_QIY5vAVMY,propmarket,1,C:\Users\lepha\Documents\Codex\Real Estate System\generated\images\live\propmarket\propmarket-cLapWASFVCs_QIY5vAVMY\image_1.jpg,Leribe,Hlotse,train,3,3,Urban,Urban,Traditional,Traditional,Good,Good
propmarket-cLapWASFVCs_QIY5vAVMY,propmarket,2,C:\Users\lepha\Documents\Codex\Real Estate System\generated\images\live\propmarket\propmarket-cLapWASFVCs_QIY5vAVMY\image_2.jpg,Leribe,Hlotse,train,3,2,Urban,Urban,Traditional,Traditional,Good,Good
propmarket-cLapWASFVCs_QIY5vAVMY,propmarket,3,C:\Users\lepha\Documents\Codex\Real Estate System\generated\images\live\propmarket\propmarket-cLapWASFVCs_QIY5vAVMY\image_3.jpg,Leribe,Hlotse,train,3,4,Urban,Urban,Traditional,Traditional,Good,Good
propmarket-N_p5Bxk0pWrJ0ZwkMnuiG,propmarket,1,C:\Users\lepha\Documents\Codex\Real Estate System\generated\images\live\propmarket\propmarket-N_p5Bxk0pWrJ0ZwkMnuiG\image_1.jpg,Maseru,Masowe Iii,train,3,3,Suburban,Urban,Traditional,Traditional,New,New
propmarket-N_p5Bxk0pWrJ0ZwkMnuiG,propmarket,2,C:\Users\lepha\Documents\Codex\Real Estate System\generated\images\live\propmarket\propmarket-N_p5Bxk0pWrJ0ZwkMnuiG\image_2.jpg,Maseru,Masowe Iii,train,3,3,Suburban,Suburban,Traditional,Family,New,New
propmarket-N_p5Bxk0pWrJ0ZwkMnuiG,propmarket,3,C:\Users\lepha\Documents\Codex\Real Estate System\generated\images\live\propmarket\propmarket-N_p5Bxk0pWrJ0ZwkMnuiG\image_3.jpg,Maseru,Masowe Iii,train,3,4,Suburban,Suburban,Traditional,Traditional,New,Good
propmarket-N_p5Bxk0pWrJ0ZwkMnuiG,propmarket,4,C:\Users\lepha\Documents\Codex\Real Estate System\generated\images\live\propmarket\propmarket-N_p5Bxk0pWrJ0ZwkMnuiG\image_4.jpg,Maseru,Masowe Iii,train,3,4,Suburban,Urban,Traditional,Modern,New,New
propmarket-cMZbiTkolMW4BED2Igjd2,propmarket,1,C:\Users\lepha\Documents\Codex\Real Estate System\generated\images\live\propmarket\propmarket-cMZbiTkolMW4BED2Igjd2\image_1.jpg,Maseru,Ha Matala,train,3,3,Garden,Garden,Family,Family,Good,Good
propmarket-cMZbiTkolMW4BED2Igjd2,propmarket,2,C:\Users\lepha\Documents\Codex\Real Estate System\generated\images\live\propmarket\propmarket-cMZbiTkolMW4BED2Igjd2\image_2.jpg,Maseru,Ha Matala,train,3,3,Garden,Garden,Family,Modern,Good,New
propmarket-cMZbiTkolMW4BED2Igjd2,propmarket,3,C:\Users\lepha\Documents\Codex\Real Estate System\generated\images\live\propmarket\propmarket-cMZbiTkolMW4BED2Igjd2\image_3.jpg,Maseru,Ha Matala,train,3,3,Garden,Garden,Family,Family,Good,Good
propmarket-cMZbiTkolMW4BED2Igjd2,propmarket,4,C:\Users\lepha\Documents\Codex\Real Estate System\generated\images\live\propmarket\propmarket-cMZbiTkolMW4BED2Igjd2\image_4.jpg,Maseru,Ha Matala,train,3,3,Garden,Garden,Family,Family,Good,Good
propmarket-tlOHVm7MK5jPwM8GrnZzU,propmarket,1,C:\Users\lepha\Documents\Codex\Real Estate System\generated\images\live\propmarket\propmarket-tlOHVm7MK5jPwM8GrnZzU\image_1.jpg,Maseru,Matebeleng (ha Penapena),train,2,2,Urban,Urban,Traditional,Traditional,Good,Good
propmarket-tlOHVm7MK5jPwM8GrnZzU,propmarket,2,C:\Users\lepha\Documents\Codex\Real Estate System\generated\images\live\propmarket\propmarket-tlOHVm7MK5jPwM8GrnZzU\image_2.jpg,Maseru,Matebeleng (ha Penapena),train,2,2,Urban,Urban,Traditional,Traditional,Good,Good
propmarket-tlOHVm7MK5jPwM8GrnZzU,propmarket,3,C:\Users\lepha\Documents\Codex\Real Estate System\generated\images\live\propmarket\propmarket-tlOHVm7MK5jPwM8GrnZzU\image_3.jpg,Maseru,Matebeleng (ha Penapena),train,2,3,Urban,Urban,Traditional,Family,Good,New
propmarket-tlOHVm7MK5jPwM8GrnZzU,propmarket,4,C:\Users\lepha\Documents\Codex\Real Estate System\generated\images\live\propmarket\propmarket-tlOHVm7MK5jPwM8GrnZzU\image_4.jpg,Maseru,Matebeleng (ha Penapena),train,2,4,Urban,Urban,Traditional,Traditional,Good,Good
propmarket-tlOHVm7MK5jPwM8GrnZzU,propmarket,5,C:\Users\lepha\Documents\Codex\Real Estate System\generated\images\live\propmarket\propmarket-tlOHVm7MK5jPwM8GrnZzU\image_5.jpg,Maseru,Matebeleng (ha Penapena),train,2,3,Urban,Urban,Traditional,Modern,Good,New
propmarket-TAauZyw_XaAMTcDGOCVox,propmarket,1,C:\Users\lepha\Documents\Codex\Real Estate System\generated\images\live\propmarket\propmarket-TAauZyw_XaAMTcDGOCVox\image_1.jpg,Maseru,Matebeleng (ha Penapena),train,3,3,Urban,Urban,Traditional,Traditional,Good,Good
propmarket-TAauZyw_XaAMTcDGOCVox,propmarket,2,C:\Users\lepha\Documents\Codex\Real Estate System\generated\images\live\propmarket\propmarket-TAauZyw_XaAMTcDGOCVox\image_2.jpg,Maseru,Matebeleng (ha Penapena),train,3,4,Urban,Urban,Traditional,Traditional,Good,Good
propmarket-TAauZyw_XaAMTcDGOCVox,propmarket,3,C:\Users\lepha\Documents\Codex\Real Estate System\generated\images\live\propmarket\propmarket-TAauZyw_XaAMTcDGOCVox\image_3.jpg,Maseru,Matebeleng (ha Penapena),train,3,3,Urban,Urban,Traditional,Traditional,Good,Good
propmarket-TAauZyw_XaAMTcDGOCVox,propmarket,4,C:\Users\lepha\Documents\Codex\Real Estate System\generated\images\live\propmarket\propmarket-TAauZyw_XaAMTcDGOCVox\image_4.jpg,Maseru,Matebeleng (ha Penapena),train,3,4,Urban,Urban,Traditional,Traditional,Good,Good
propmarket-TAauZyw_XaAMTcDGOCVox,propmarket,5,C:\Users\lepha\Documents\Codex\Real Estate System\generated\images\live\propmarket\propmarket-TAauZyw_XaAMTcDGOCVox\image_5.jpg,Maseru,Matebeleng (ha Penapena),train,3,3,Urban,Urban,Traditional,Modern,Good,New
propmarket-yDtmjWG-Q-xKbELGv4J8E,propmarket,1,C:\Users\lepha\Documents\Codex\Real Estate System\generated\images\live\propmarket\propmarket-yDtmjWG-Q-xKbELGv4J8E\image_1.jpg,Maseru,Ha Motloheloa,test,3,3,Suburban,Hillside,Traditional,Traditional,Good,Good
propmarket-yDtmjWG-Q-xKbELGv4J8E,propmarket,2,C:\Users\lepha\Documents\Codex\Real Estate System\generated\images\live\propmarket\propmarket-yDtmjWG-Q-xKbELGv4J8E\image_2.jpg,Maseru,Ha Motloheloa,test,3,3,Suburban,Hillside,Traditional,Traditional,Good,Good
propmarket-yDtmjWG-Q-xKbELGv4J8E,propmarket,3,C:\Users\lepha\Documents\Codex\Real Estate System\generated\images\live\propmarket\propmarket-yDtmjWG-Q-xKbELGv4J8E\image_3.jpg,Maseru,Ha Motloheloa,test,3,3,Suburban,Urban,Traditional,Traditional,Good,Good
propmarket-yDtmjWG-Q-xKbELGv4J8E,propmarket,4,C:\Users\lepha\Documents\Codex\Real Estate System\generated\images\live\propmarket\propmarket-yDtmjWG-Q-xKbELGv4J8E\image_4.jpg,Maseru,Ha Motloheloa,test,3,3,Suburban,Hillside,Traditional,Traditional,Good,Good
propmarket-yDtmjWG-Q-xKbELGv4J8E,propmarket,5,C:\Users\lepha\Documents\Codex\Real Estate System\generated\images\live\propmarket\propmarket-yDtmjWG-Q-xKbELGv4J8E\image_5.jpg,Maseru,Ha Motloheloa,test,3,1,Suburban,Suburban,Traditional,Traditional,Good,Good
propmarket-Tc6ZRjEuTnPYdBTEdSG6M,propmarket,1,C:\Users\lepha\Documents\Codex\Real Estate System\generated\images\live\propmarket\propmarket-Tc6ZRjEuTnPYdBTEdSG6M\image_1.jpg,Berea,Koalabata,train,2,2,Suburban,Urban,Traditional,Traditional,Good,Good
propmarket-Tc6ZRjEuTnPYdBTEdSG6M,propmarket,2,C:\Users\lepha\Documents\Codex\Real Estate System\generated\images\live\propmarket\propmarket-Tc6ZRjEuTnPYdBTEdSG6M\image_2.jpg,Berea,Koalabata,train,2,2,Suburban,Urban,Traditional,Traditional,Good,Good
propmarket-Tc6ZRjEuTnPYdBTEdSG6M,propmarket,3,C:\Users\lepha\Documents\Codex\Real Estate System\generated\images\live\propmarket\propmarket-Tc6ZRjEuTnPYdBTEdSG6M\image_3.jpg,Berea,Koalabata,train,2,2,Suburban,Suburban,Traditional,Traditional,Good,Good
propmarket-Tc6ZRjEuTnPYdBTEdSG6M,propmarket,4,C:\Users\lepha\Documents\Codex\Real Estate System\generated\images\live\propmarket\propmarket-Tc6ZRjEuTnPYdBTEdSG6M\image_4.jpg,Berea,Koalabata,train,2,2,Suburban,Urban,Traditional,Traditional,Good,Good
propmarket-Tc6ZRjEuTnPYdBTEdSG6M,propmarket,5,C:\Users\lepha\Documents\Codex\Real Estate System\generated\images\live\propmarket\propmarket-Tc6ZRjEuTnPYdBTEdSG6M\image_5.jpg,Berea,Koalabata,train,2,1,Suburban,Suburban,Traditional,Traditional,Good,Good
propmarket-Ri6CHRmQ6lKLwrAgtmMQM,propmarket,1,C:\Users\lepha\Documents\Codex\Real Estate System\generated\images\live\propmarket\propmarket-Ri6CHRmQ6lKLwrAgtmMQM\image_1.jpg,Maseru,Masowe Iii,test,3,3,Suburban,Urban,Traditional,Traditional,Good,Good
propmarket-Ri6CHRmQ6lKLwrAgtmMQM,propmarket,2,C:\Users\lepha\Documents\Codex\Real Estate System\generated\images\live\propmarket\propmarket-Ri6CHRmQ6lKLwrAgtmMQM\image_2.jpg,Maseru,Masowe Iii,test,3,3,Suburban,Urban,Traditional,Traditional,Good,Good
propmarket-Ri6CHRmQ6lKLwrAgtmMQM,propmarket,3,C:\Users\lepha\Documents\Codex\Real Estate System\generated\images\live\propmarket\propmarket-Ri6CHRmQ6lKLwrAgtmMQM\image_3.jpg,Maseru,Masowe Iii,test,3,3,Suburban,Hillside,Traditional,Traditional,Good,Good
propmarket-Ri6CHRmQ6lKLwrAgtmMQM,propmarket,4,C:\Users\lepha\Documents\Codex\Real Estate System\generated\images\live\propmarket\propmarket-Ri6CHRmQ6lKLwrAgtmMQM\image_4.jpg,Maseru,Masowe Iii,test,3,3,Suburban,Hillside,Traditional,Traditional,Good,Good
propmarket-Ri6CHRmQ6lKLwrAgtmMQM,propmarket,5,C:\Users\lepha\Documents\Codex\Real Estate System\generated\images\live\propmarket\propmarket-Ri6CHRmQ6lKLwrAgtmMQM\image_5.jpg,Maseru,Masowe Iii,test,3,1,Suburban,Suburban,Traditional,Traditional,Good,Good
propmarket-xIf5GMbseSPtVlurr3EFE,propmarket,1,C:\Users\lepha\Documents\Codex\Real Estate System\generated\images\live\propmarket\propmarket-xIf5GMbseSPtVlurr3EFE\image_1.jpg,Maseru,Ha Tsolo,val,3,2,Suburban,Suburban,Traditional,Traditional,Good,Good
propmarket-xIf5GMbseSPtVlurr3EFE,propmarket,2,C:\Users\lepha\Documents\Codex\Real Estate System\generated\images\live\propmarket\propmarket-xIf5GMbseSPtVlurr3EFE\image_2.jpg,Maseru,Ha Tsolo,val,3,3,Suburban,Urban,Traditional,Traditional,Good,New
propmarket-xIf5GMbseSPtVlurr3EFE,propmarket,3,C:\Users\lepha\Documents\Codex\Real Estate System\generated\images\live\propmarket\propmarket-xIf5GMbseSPtVlurr3EFE\image_3.jpg,Maseru,Ha Tsolo,val,3,3,Suburban,Suburban,Traditional,Modern,Good,New
propmarket-xIf5GMbseSPtVlurr3EFE,propmarket,4,C:\Users\lepha\Documents\Codex\Real Estate System\generated\images\live\propmarket\propmarket-xIf5GMbseSPtVlurr3EFE\image_4.jpg,Maseru,Ha Tsolo,val,3,4,Suburban,Urban,Traditional,Traditional,Good,Good
propmarket-xIf5GMbseSPtVlurr3EFE,propmarket,5,C:\Users\lepha\Documents\Codex\Real Estate System\generated\images\live\propmarket\propmarket-xIf5GMbseSPtVlurr3EFE\image_5.png,Maseru,Ha Tsolo,val,3,1,Suburban,Hillside,Traditional,Traditional,Good,Good
propmarket-YeJOdv1same7Be9Pfqx6y,propmarket,1,C:\Users\lepha\Documents\Codex\Real Estate System\generated\images\live\propmarket\propmarket-YeJOdv1same7Be9Pfqx6y\image_1.jpg,Berea,Khubetsoana,train,2,2,Suburban,Suburban,Traditional,Traditional,Good,Good
propmarket-YeJOdv1same7Be9Pfqx6y,propmarket,2,C:\Users\lepha\Documents\Codex\Real Estate System\generated\images\live\propmarket\propmarket-YeJOdv1same7Be9Pfqx6y\image_2.jpg,Berea,Khubetsoana,train,2,2,Suburban,Urban,Traditional,Traditional,Good,Good
propmarket-YeJOdv1same7Be9Pfqx6y,propmarket,3,C:\Users\lepha\Documents\Codex\Real Estate System\generated\images\live\propmarket\propmarket-YeJOdv1same7Be9Pfqx6y\image_3.jpg,Berea,Khubetsoana,train,2,2,Suburban,Suburban,Traditional,Family,Good,Good
propmarket-YeJOdv1same7Be9Pfqx6y,propmarket,4,C:\Users\lepha\Documents\Codex\Real Estate System\generated\images\live\propmarket\propmarket-YeJOdv1same7Be9Pfqx6y\image_4.jpg,Berea,Khubetsoana,train,2,2,Suburban,Urban,Traditional,Traditional,Good,Good
propmarket-YeJOdv1same7Be9Pfqx6y,propmarket,5,C:\Users\lepha\Documents\Codex\Real Estate System\generated\images\live\propmarket\propmarket-YeJOdv1same7Be9Pfqx6y\image_5.jpg,Berea,Khubetsoana,train,2,3,Suburban,Urban,Traditional,Modern,Good,New
propmarket-k8AX2jh1R695RF-5UBAIV,propmarket,1,C:\Users\lepha\Documents\Codex\Real Estate System\generated\images\live\propmarket\propmarket-k8AX2jh1R695RF-5UBAIV\image_1.jpg,Berea,Maqhaka,train,2,2,Suburban,Suburban,Traditional,Traditional,Good,Good
propmarket-k8AX2jh1R695RF-5UBAIV,propmarket,2,C:\Users\lepha\Documents\Codex\Real Estate System\generated\images\live\propmarket\propmarket-k8AX2jh1R695RF-5UBAIV\image_2.jpg,Berea,Maqhaka,train,2,2,Suburban,Suburban,Traditional,Traditional,Good,Good
propmarket-k8AX2jh1R695RF-5UBAIV,propmarket,3,C:\Users\lepha\Documents\Codex\Real Estate System\generated\images\live\propmarket\propmarket-k8AX2jh1R695RF-5UBAIV\image_3.jpg,Berea,Maqhaka,train,2,2,Suburban,Hillside,Traditional,Traditional,Good,Good
propmarket-k8AX2jh1R695RF-5UBAIV,propmarket,4,C:\Users\lepha\Documents\Codex\Real Estate System\generated\images\live\propmarket\propmarket-k8AX2jh1R695RF-5UBAIV\image_4.jpg,Berea,Maqhaka,train,2,1,Suburban,Suburban,Traditional,Traditional,Good,Good
propmarket-k8AX2jh1R695RF-5UBAIV,propmarket,5,C:\Users\lepha\Documents\Codex\Real Estate System\generated\images\live\propmarket\propmarket-k8AX2jh1R695RF-5UBAIV\image_5.png,Berea,Maqhaka,train,2,2,Suburban,Suburban,Traditional,Traditional,Good,Good
propmarket-e2NFTtDz2NDVZ4h5U87Hr,propmarket,1,C:\Users\lepha\Documents\Codex\Real Estate System\generated\images\live\propmarket\propmarket-e2NFTtDz2NDVZ4h5U87Hr\image_1.jpg,Maseru,Pena Pena,train,3,3,Suburban,Suburban,Traditional,Family,New,New
propmarket-e2NFTtDz2NDVZ4h5U87Hr,propmarket,2,C:\Users\lepha\Documents\Codex\Real Estate System\generated\images\live\propmarket\propmarket-e2NFTtDz2NDVZ4h5U87Hr\image_2.jpg,Maseru,Pena Pena,train,3,3,Suburban,Urban,Traditional,Family,New,Good
propmarket-e2NFTtDz2NDVZ4h5U87Hr,propmarket,3,C:\Users\lepha\Documents\Codex\Real Estate System\generated\images\live\propmarket\propmarket-e2NFTtDz2NDVZ4h5U87Hr\image_3.jpg,Maseru,Pena Pena,train,3,3,Suburban,Suburban,Traditional,Family,New,New
propmarket-e2NFTtDz2NDVZ4h5U87Hr,propmarket,4,C:\Users\lepha\Documents\Codex\Real Estate System\generated\images\live\propmarket\propmarket-e2NFTtDz2NDVZ4h5U87Hr\image_4.jpg,Maseru,Pena Pena,train,3,3,Suburban,Urban,Traditional,Traditional,New,New
propmarket-e2NFTtDz2NDVZ4h5U87Hr,propmarket,5,C:\Users\lepha\Documents\Codex\Real Estate System\generated\images\live\propmarket\propmarket-e2NFTtDz2NDVZ4h5U87Hr\image_5.jpg,Maseru,Pena Pena,train,3,1,Suburban,Suburban,Traditional,Traditional,New,Good
propmarket-UuhECTjkxd0jY3uFasnSj,propmarket,1,C:\Users\lepha\Documents\Codex\Real Estate System\generated\images\live\propmarket\propmarket-UuhECTjkxd0jY3uFasnSj\image_1.jpg,Maseru,Ha Tsolo,train,2,2,Suburban,Urban,Traditional,Traditional,Good,Good
propmarket-UuhECTjkxd0jY3uFasnSj,propmarket,2,C:\Users\lepha\Documents\Codex\Real Estate System\generated\images\live\propmarket\propmarket-UuhECTjkxd0jY3uFasnSj\image_2.jpg,Maseru,Ha Tsolo,train,2,2,Suburban,Suburban,Traditional,Traditional,Good,Good
propmarket-UuhECTjkxd0jY3uFasnSj,propmarket,3,C:\Users\lepha\Documents\Codex\Real Estate System\generated\images\live\propmarket\propmarket-UuhECTjkxd0jY3uFasnSj\image_3.jpg,Maseru,Ha Tsolo,train,2,2,Suburban,Urban,Traditional,Traditional,Good,Good
propmarket-UuhECTjkxd0jY3uFasnSj,propmarket,4,C:\Users\lepha\Documents\Codex\Real Estate System\generated\images\live\propmarket\propmarket-UuhECTjkxd0jY3uFasnSj\image_4.jpg,Maseru,Ha Tsolo,train,2,2,Suburban,Urban,Traditional,Traditional,Good,Good
propmarket-UuhECTjkxd0jY3uFasnSj,propmarket,5,C:\Users\lepha\Documents\Codex\Real Estate System\generated\images\live\propmarket\propmarket-UuhECTjkxd0jY3uFasnSj\image_5.jpg,Maseru,Ha Tsolo,train,2,1,Suburban,Suburban,Traditional,Traditional,Good,Good
propmarket-C9lcWgLNZxWHPX7Wj8iGv,propmarket,1,C:\Users\lepha\Documents\Codex\Real Estate System\generated\images\live\propmarket\propmarket-C9lcWgLNZxWHPX7Wj8iGv\image_1.jpg,Berea,Koalabata,test,2,2,Suburban,Suburban,Traditional,Traditional,Good,Good
propmarket-C9lcWgLNZxWHPX7Wj8iGv,propmarket,2,C:\Users\lepha\Documents\Codex\Real Estate System\generated\images\live\propmarket\propmarket-C9lcWgLNZxWHPX7Wj8iGv\image_2.jpg,Berea,Koalabata,test,2,4,Suburban,Urban,Traditional,Traditional,Good,Good
propmarket-C9lcWgLNZxWHPX7Wj8iGv,propmarket,3,C:\Users\lepha\Documents\Codex\Real Estate System\generated\images\live\propmarket\propmarket-C9lcWgLNZxWHPX7Wj8iGv\image_3.jpg,Berea,Koalabata,test,2,3,Suburban,Hillside,Traditional,Traditional,Good,New
propmarket-C9lcWgLNZxWHPX7Wj8iGv,propmarket,4,C:\Users\lepha\Documents\Codex\Real Estate System\generated\images\live\propmarket\propmarket-C9lcWgLNZxWHPX7Wj8iGv\image_4.jpg,Berea,Koalabata,test,2,3,Suburban,Suburban,Traditional,Traditional,Good,Good
propmarket-C9lcWgLNZxWHPX7Wj8iGv,propmarket,5,C:\Users\lepha\Documents\Codex\Real Estate System\generated\images\live\propmarket\propmarket-C9lcWgLNZxWHPX7Wj8iGv\image_5.jpg,Berea,Koalabata,test,2,1,Suburban,Suburban,Traditional,Traditional,Good,Good
propmarket-nc43EhrGALYvCzC6PP0Ay,propmarket,1,C:\Users\lepha\Documents\Codex\Real Estate System\generated\images\live\propmarket\propmarket-nc43EhrGALYvCzC6PP0Ay\image_1.jpg,Maseru,Mazenod,val,3,3,Suburban,Urban,Traditional,Traditional,Good,Good
propmarket-nc43EhrGALYvCzC6PP0Ay,propmarket,2,C:\Users\lepha\Documents\Codex\Real Estate System\generated\images\live\propmarket\propmarket-nc43EhrGALYvCzC6PP0Ay\image_2.jpg,Maseru,Mazenod,val,3,3,Suburban,Hillside,Traditional,Traditional,Good,Good
propmarket-nc43EhrGALYvCzC6PP0Ay,propmarket,3,C:\Users\lepha\Documents\Codex\Real Estate System\generated\images\live\propmarket\propmarket-nc43EhrGALYvCzC6PP0Ay\image_3.jpg,Maseru,Mazenod,val,3,2,Suburban,Urban,Traditional,Traditional,Good,Good
propmarket-nc43EhrGALYvCzC6PP0Ay,propmarket,4,C:\Users\lepha\Documents\Codex\Real Estate System\generated\images\live\propmarket\propmarket-nc43EhrGALYvCzC6PP0Ay\image_4.jpg,Maseru,Mazenod,val,3,2,Suburban,Suburban,Traditional,Traditional,Good,Good
propmarket-nc43EhrGALYvCzC6PP0Ay,propmarket,5,C:\Users\lepha\Documents\Codex\Real Estate System\generated\images\live\propmarket\propmarket-nc43EhrGALYvCzC6PP0Ay\image_5.jpg,Maseru,Mazenod,val,3,1,Suburban,Suburban,Traditional,Traditional,Good,Good
propmarket-5NttMN-sRvwuo2K4rDYMW,propmarket,1,C:\Users\lepha\Documents\Codex\Real Estate System\generated\images\live\propmarket\propmarket-5NttMN-sRvwuo2K4rDYMW\image_1.jpg,Berea,Naleli,train,3,2,Suburban,Urban,Traditional,Traditional,Good,New
propmarket-5NttMN-sRvwuo2K4rDYMW,propmarket,2,C:\Users\lepha\Documents\Codex\Real Estate System\generated\images\live\propmarket\propmarket-5NttMN-sRvwuo2K4rDYMW\image_2.jpg,Berea,Naleli,train,3,2,Suburban,Urban,Traditional,Traditional,Good,Good
propmarket-5NttMN-sRvwuo2K4rDYMW,propmarket,3,C:\Users\lepha\Documents\Codex\Real Estate System\generated\images\live\propmarket\propmarket-5NttMN-sRvwuo2K4rDYMW\image_3.jpg,Berea,Naleli,train,3,2,Suburban,Suburban,Traditional,Traditional,Good,Good
propmarket-5NttMN-sRvwuo2K4rDYMW,propmarket,4,C:\Users\lepha\Documents\Codex\Real Estate System\generated\images\live\propmarket\propmarket-5NttMN-sRvwuo2K4rDYMW\image_4.jpg,Berea,Naleli,train,3,2,Suburban,Urban,Traditional,Traditional,Good,New
propmarket-5NttMN-sRvwuo2K4rDYMW,propmarket,5,C:\Users\lepha\Documents\Codex\Real Estate System\generated\images\live\propmarket\propmarket-5NttMN-sRvwuo2K4rDYMW\image_5.jpg,Berea,Naleli,train,3,1,Suburban,Suburban,Traditional,Traditional,Good,Good
propmarket-8GL2YSoWJfkJYfbOYKDl1,propmarket,1,C:\Users\lepha\Documents\Codex\Real Estate System\generated\images\live\propmarket\propmarket-8GL2YSoWJfkJYfbOYKDl1\image_1.jpg,Maseru,Ha Phaloane,train,2,2,Suburban,Urban,Traditional,Traditional,Good,Good
propmarket-8GL2YSoWJfkJYfbOYKDl1,propmarket,2,C:\Users\lepha\Documents\Codex\Real Estate System\generated\images\live\propmarket\propmarket-8GL2YSoWJfkJYfbOYKDl1\image_2.jpg,Maseru,Ha Phaloane,train,2,2,Suburban,Suburban,Traditional,Traditional,Good,Good
propmarket-8GL2YSoWJfkJYfbOYKDl1,propmarket,3,C:\Users\lepha\Documents\Codex\Real Estate System\generated\images\live\propmarket\propmarket-8GL2YSoWJfkJYfbOYKDl1\image_3.jpg,Maseru,Ha Phaloane,train,2,2,Suburban,Urban,Traditional,Traditional,Good,Good
propmarket-8GL2YSoWJfkJYfbOYKDl1,propmarket,4,C:\Users\lepha\Documents\Codex\Real Estate System\generated\images\live\propmarket\propmarket-8GL2YSoWJfkJYfbOYKDl1\image_4.jpg,Maseru,Ha Phaloane,train,2,2,Suburban,Urban,Traditional,Family,Good,New
propmarket-T7DEuA--o2VWCXfCg3FE2,propmarket,1,C:\Users\lepha\Documents\Codex\Real Estate System\generated\images\live\propmarket\propmarket-T7DEuA--o2VWCXfCg3FE2\image_1.jpg,Berea,Koalabata,train,1,1,Suburban,Suburban,Traditional,Traditional,Good,Good
propmarket-T7DEuA--o2VWCXfCg3FE2,propmarket,2,C:\Users\lepha\Documents\Codex\Real Estate System\generated\images\live\propmarket\propmarket-T7DEuA--o2VWCXfCg3FE2\image_2.jpg,Berea,Koalabata,train,1,1,Suburban,Garden,Traditional,Family,Good,Good
propmarket-T7DEuA--o2VWCXfCg3FE2,propmarket,3,C:\Users\lepha\Documents\Codex\Real Estate System\generated\images\live\propmarket\propmarket-T7DEuA--o2VWCXfCg3FE2\image_3.jpg,Berea,Koalabata,train,1,1,Suburban,Suburban,Traditional,Family,Good,Good
propmarket-T7DEuA--o2VWCXfCg3FE2,propmarket,4,C:\Users\lepha\Documents\Codex\Real Estate System\generated\images\live\propmarket\propmarket-T7DEuA--o2VWCXfCg3FE2\image_4.jpg,Berea,Koalabata,train,1,1,Suburban,Suburban,Traditional,Traditional,Good,Good
propmarket-iTxYHd19YkRxk68-z4Gg1,propmarket,1,C:\Users\lepha\Documents\Codex\Real Estate System\generated\images\live\propmarket\propmarket-iTxYHd19YkRxk68-z4Gg1\image_1.jpg,Maseru,Masowe Iii,train,5+,5+,Suburban,Suburban,Traditional,Traditional,Good,Good
propmarket-iTxYHd19YkRxk68-z4Gg1,propmarket,2,C:\Users\lepha\Documents\Codex\Real Estate System\generated\images\live\propmarket\propmarket-iTxYHd19YkRxk68-z4Gg1\image_2.jpg,Maseru,Masowe Iii,train,5+,5+,Suburban,Suburban,Traditional,Family,Good,Good
propmarket-iTxYHd19YkRxk68-z4Gg1,propmarket,3,C:\Users\lepha\Documents\Codex\Real Estate System\generated\images\live\propmarket\propmarket-iTxYHd19YkRxk68-z4Gg1\image_3.jpg,Maseru,Masowe Iii,train,5+,5+,Suburban,Suburban,Traditional,Family,Good,Good
propmarket-iTxYHd19YkRxk68-z4Gg1,propmarket,4,C:\Users\lepha\Documents\Codex\Real Estate System\generated\images\live\propmarket\propmarket-iTxYHd19YkRxk68-z4Gg1\image_4.jpg,Maseru,Masowe Iii,train,5+,5+,Suburban,Suburban,Traditional,Traditional,Good,Good
propmarket-bth9PHwYL2oRa7FORo96t,propmarket,1,C:\Users\lepha\Documents\Codex\Real Estate System\generated\images\live\propmarket\propmarket-bth9PHwYL2oRa7FORo96t\image_1.jpg,Maseru,Lower Thetsane,train,4,4,Urban,Urban,Family,Family,Good,New
propmarket-bth9PHwYL2oRa7FORo96t,propmarket,2,C:\Users\lepha\Documents\Codex\Real Estate System\generated\images\live\propmarket\propmarket-bth9PHwYL2oRa7FORo96t\image_2.jpg,Maseru,Lower Thetsane,train,4,4,Urban,Urban,Family,Family,Good,Good
propmarket-bth9PHwYL2oRa7FORo96t,propmarket,3,C:\Users\lepha\Documents\Codex\Real Estate System\generated\images\live\propmarket\propmarket-bth9PHwYL2oRa7FORo96t\image_3.jpg,Maseru,Lower Thetsane,train,4,4,Urban,Urban,Family,Family,Good,Good
propmarket-bth9PHwYL2oRa7FORo96t,propmarket,4,C:\Users\lepha\Documents\Codex\Real Estate System\generated\images\live\propmarket\propmarket-bth9PHwYL2oRa7FORo96t\image_4.jpg,Maseru,Lower Thetsane,train,4,4,Urban,Urban,Family,Family,Good,New
propmarket-bth9PHwYL2oRa7FORo96t,propmarket,5,C:\Users\lepha\Documents\Codex\Real Estate System\generated\images\live\propmarket\propmarket-bth9PHwYL2oRa7FORo96t\image_5.jpg,Maseru,Lower Thetsane,train,4,3,Urban,Urban,Family,Modern,Good,New
propmarket-N8hWF5lZHzYQi0zfdtLMd,propmarket,1,C:\Users\lepha\Documents\Codex\Real Estate System\generated\images\live\propmarket\propmarket-N8hWF5lZHzYQi0zfdtLMd\image_1.jpg,Quthing,Ha Makhalanyane,train,4,4,Urban,Urban,Traditional,Traditional,Good,Good
propmarket-RAORp0t2ifmx-wUA_bz7j,propmarket,1,C:\Users\lepha\Documents\Codex\Real Estate System\generated\images\live\propmarket\propmarket-RAORp0t2ifmx-wUA_bz7j\image_1.jpg,Maseru,Masowe 1b Secondary School,test,4,3,Urban,Suburban,Traditional,Traditional,Good,Good
propmarket-RAORp0t2ifmx-wUA_bz7j,propmarket,2,C:\Users\lepha\Documents\Codex\Real Estate System\generated\images\live\propmarket\propmarket-RAORp0t2ifmx-wUA_bz7j\image_2.jpg,Maseru,Masowe 1b Secondary School,test,4,3,Urban,Suburban,Traditional,Traditional,Good,Good
propmarket-RAORp0t2ifmx-wUA_bz7j,propmarket,3,C:\Users\lepha\Documents\Codex\Real Estate System\generated\images\live\propmarket\propmarket-RAORp0t2ifmx-wUA_bz7j\image_3.jpg,Maseru,Masowe 1b Secondary School,test,4,3,Urban,Urban,Traditional,Modern,Good,New
propmarket-RAORp0t2ifmx-wUA_bz7j,propmarket,4,C:\Users\lepha\Documents\Codex\Real Estate System\generated\images\live\propmarket\propmarket-RAORp0t2ifmx-wUA_bz7j\image_4.png,Maseru,Masowe 1b Secondary School,test,4,1,Urban,Hillside,Traditional,Traditional,Good,Good
propmarket-OjeCEvzbGRz8FYBJXcoRc,propmarket,1,C:\Users\lepha\Documents\Codex\Real Estate System\generated\images\live\propmarket\propmarket-OjeCEvzbGRz8FYBJXcoRc\image_1.jpg,Maseru,Lower Thetsane,train,3,3,Suburban,Suburban,Traditional,Traditional,Good,Good
propmarket-OjeCEvzbGRz8FYBJXcoRc,propmarket,2,C:\Users\lepha\Documents\Codex\Real Estate System\generated\images\live\propmarket\propmarket-OjeCEvzbGRz8FYBJXcoRc\image_2.jpg,Maseru,Lower Thetsane,train,3,3,Suburban,Hillside,Traditional,Traditional,Good,New
propmarket-OjeCEvzbGRz8FYBJXcoRc,propmarket,3,C:\Users\lepha\Documents\Codex\Real Estate System\generated\images\live\propmarket\propmarket-OjeCEvzbGRz8FYBJXcoRc\image_3.jpg,Maseru,Lower Thetsane,train,3,3,Suburban,Garden,Traditional,Family,Good,Good
propmarket-OjeCEvzbGRz8FYBJXcoRc,propmarket,4,C:\Users\lepha\Documents\Codex\Real Estate System\generated\images\live\propmarket\propmarket-OjeCEvzbGRz8FYBJXcoRc\image_4.jpg,Maseru,Lower Thetsane,train,3,3,Suburban,Hillside,Traditional,Traditional,Good,Good
propmarket-WUMcplI44uaZO1iSoAQ4S,propmarket,1,C:\Users\lepha\Documents\Codex\Real Estate System\generated\images\live\propmarket\propmarket-WUMcplI44uaZO1iSoAQ4S\image_1.jpg,Maseru,Ha Leqele,train,1,1,Suburban,Garden,Traditional,Family,Good,Good
propmarket-WUMcplI44uaZO1iSoAQ4S,propmarket,2,C:\Users\lepha\Documents\Codex\Real Estate System\generated\images\live\propmarket\propmarket-WUMcplI44uaZO1iSoAQ4S\image_2.jpg,Maseru,Ha Leqele,train,1,3,Suburban,Urban,Traditional,Modern,Good,New
propmarket-WUMcplI44uaZO1iSoAQ4S,propmarket,3,C:\Users\lepha\Documents\Codex\Real Estate System\generated\images\live\propmarket\propmarket-WUMcplI44uaZO1iSoAQ4S\image_3.png,Maseru,Ha Leqele,train,1,1,Suburban,Hillside,Traditional,Traditional,Good,Good
propmarket-TGGtwzXu1PaT221Z8WCKM,propmarket,1,C:\Users\lepha\Documents\Codex\Real Estate System\generated\images\live\propmarket\propmarket-TGGtwzXu1PaT221Z8WCKM\image_1.jpg,Maseru,Semphetenyane,train,4,3,Suburban,Suburban,Traditional,Family,Good,Good
propmarket-TGGtwzXu1PaT221Z8WCKM,propmarket,2,C:\Users\lepha\Documents\Codex\Real Estate System\generated\images\live\propmarket\propmarket-TGGtwzXu1PaT221Z8WCKM\image_2.jpg,Maseru,Semphetenyane,train,4,4,Suburban,Urban,Traditional,Traditional,Good,Good
propmarket-TGGtwzXu1PaT221Z8WCKM,propmarket,3,C:\Users\lepha\Documents\Codex\Real Estate System\generated\images\live\propmarket\propmarket-TGGtwzXu1PaT221Z8WCKM\image_3.jpg,Maseru,Semphetenyane,train,4,4,Suburban,Urban,Traditional,Traditional,Good,Good
propmarket-TGGtwzXu1PaT221Z8WCKM,propmarket,4,C:\Users\lepha\Documents\Codex\Real Estate System\generated\images\live\propmarket\propmarket-TGGtwzXu1PaT221Z8WCKM\image_4.jpg,Maseru,Semphetenyane,train,4,4,Suburban,Urban,Traditional,Family,Good,Good
propmarket-op0asF1YrwW5Iphyt5FK6,propmarket,1,C:\Users\lepha\Documents\Codex\Real Estate System\generated\images\live\propmarket\propmarket-op0asF1YrwW5Iphyt5FK6\image_1.jpg,Maseru,Lower Thamae,val,3,2,Suburban,Urban,Traditional,Traditional,Good,New
propmarket-op0asF1YrwW5Iphyt5FK6,propmarket,2,C:\Users\lepha\Documents\Codex\Real Estate System\generated\images\live\propmarket\propmarket-op0asF1YrwW5Iphyt5FK6\image_2.jpg,Maseru,Lower Thamae,val,3,4,Suburban,Urban,Traditional,Traditional,Good,Good
propmarket-op0asF1YrwW5Iphyt5FK6,propmarket,3,C:\Users\lepha\Documents\Codex\Real Estate System\generated\images\live\propmarket\propmarket-op0asF1YrwW5Iphyt5FK6\image_3.jpg,Maseru,Lower Thamae,val,3,3,Suburban,Urban,Traditional,Family,Good,Good
propmarket-1gpWZhyNaDKwyXXVRS0MZ,propmarket,1,C:\Users\lepha\Documents\Codex\Real Estate System\generated\images\live\propmarket\propmarket-1gpWZhyNaDKwyXXVRS0MZ\image_1.jpg,Maseru,Motse Mocha Ts'enola,train,3,3,Suburban,Hillside,Traditional,Traditional,Good,Good
propmarket-1gpWZhyNaDKwyXXVRS0MZ,propmarket,2,C:\Users\lepha\Documents\Codex\Real Estate System\generated\images\live\propmarket\propmarket-1gpWZhyNaDKwyXXVRS0MZ\image_2.jpg,Maseru,Motse Mocha Ts'enola,train,3,3,Suburban,Garden,Traditional,Family,Good,Good
propmarket-1gpWZhyNaDKwyXXVRS0MZ,propmarket,3,C:\Users\lepha\Documents\Codex\Real Estate System\generated\images\live\propmarket\propmarket-1gpWZhyNaDKwyXXVRS0MZ\image_3.jpg,Maseru,Motse Mocha Ts'enola,train,3,3,Suburban,Garden,Traditional,Family,Good,Good
propmarket-1gpWZhyNaDKwyXXVRS0MZ,propmarket,4,C:\Users\lepha\Documents\Codex\Real Estate System\generated\images\live\propmarket\propmarket-1gpWZhyNaDKwyXXVRS0MZ\image_4.jpg,Maseru,Motse Mocha Ts'enola,train,3,4,Suburban,Suburban,Traditional,Traditional,Good,Good
propmarket-1gpWZhyNaDKwyXXVRS0MZ,propmarket,5,C:\Users\lepha\Documents\Codex\Real Estate System\generated\images\live\propmarket\propmarket-1gpWZhyNaDKwyXXVRS0MZ\image_5.jpg,Maseru,Motse Mocha Ts'enola,train,3,3,Suburban,Urban,Traditional,Modern,Good,New
propmarket-Gxks2QBu3POkSKy6LSrVn,propmarket,1,C:\Users\lepha\Documents\Codex\Real Estate System\generated\images\live\propmarket\propmarket-Gxks2QBu3POkSKy6LSrVn\image_1.jpg,Maseru,Mazenod,train,2,3,Suburban,Hillside,Traditional,Traditional,Good,Good
propmarket-Gxks2QBu3POkSKy6LSrVn,propmarket,2,C:\Users\lepha\Documents\Codex\Real Estate System\generated\images\live\propmarket\propmarket-Gxks2QBu3POkSKy6LSrVn\image_2.jpg,Maseru,Mazenod,train,2,3,Suburban,Hillside,Traditional,Traditional,Good,Good
propmarket-Gxks2QBu3POkSKy6LSrVn,propmarket,3,C:\Users\lepha\Documents\Codex\Real Estate System\generated\images\live\propmarket\propmarket-Gxks2QBu3POkSKy6LSrVn\image_3.jpg,Maseru,Mazenod,train,2,3,Suburban,Hillside,Traditional,Traditional,Good,Good
propmarket-Gxks2QBu3POkSKy6LSrVn,propmarket,4,C:\Users\lepha\Documents\Codex\Real Estate System\generated\images\live\propmarket\propmarket-Gxks2QBu3POkSKy6LSrVn\image_4.jpg,Maseru,Mazenod,train,2,1,Suburban,Suburban,Traditional,Traditional,Good,Good
propmarket-Gxks2QBu3POkSKy6LSrVn,propmarket,5,C:\Users\lepha\Documents\Codex\Real Estate System\generated\images\live\propmarket\propmarket-Gxks2QBu3POkSKy6LSrVn\image_5.png,Maseru,Mazenod,train,2,2,Suburban,Suburban,Traditional,Traditional,Good,Good
propmarket-bH8pKVrhThHrUZ_5URuQ-,propmarket,1,C:\Users\lepha\Documents\Codex\Real Estate System\generated\images\live\propmarket\propmarket-bH8pKVrhThHrUZ_5URuQ-\image_1.jpg,Maseru,Sekoting Ts'enola,train,3,1,Suburban,Garden,Traditional,Family,Good,Good
propmarket-bH8pKVrhThHrUZ_5URuQ-,propmarket,2,C:\Users\lepha\Documents\Codex\Real Estate System\generated\images\live\propmarket\propmarket-bH8pKVrhThHrUZ_5URuQ-\image_2.jpg,Maseru,Sekoting Ts'enola,train,3,3,Suburban,Hillside,Traditional,Traditional,Good,New
propmarket-bH8pKVrhThHrUZ_5URuQ-,propmarket,3,C:\Users\lepha\Documents\Codex\Real Estate System\generated\images\live\propmarket\propmarket-bH8pKVrhThHrUZ_5URuQ-\image_3.jpg,Maseru,Sekoting Ts'enola,train,3,3,Suburban,Suburban,Traditional,Traditional,Good,Good
propmarket-bH8pKVrhThHrUZ_5URuQ-,propmarket,4,C:\Users\lepha\Documents\Codex\Real Estate System\generated\images\live\propmarket\propmarket-bH8pKVrhThHrUZ_5URuQ-\image_4.jpg,Maseru,Sekoting Ts'enola,train,3,3,Suburban,Hillside,Traditional,Traditional,Good,Good
propmarket-G4ZhE5jlCc4y-iw0Kl3d5,propmarket,1,C:\Users\lepha\Documents\Codex\Real Estate System\generated\images\live\propmarket\propmarket-G4ZhE5jlCc4y-iw0Kl3d5\image_1.jpg,Maseru,Ha Ts'osane,train,2,2,Suburban,Urban,Traditional,Traditional,Good,Good
propmarket-G4ZhE5jlCc4y-iw0Kl3d5,propmarket,2,C:\Users\lepha\Documents\Codex\Real Estate System\generated\images\live\propmarket\propmarket-G4ZhE5jlCc4y-iw0Kl3d5\image_2.jpg,Maseru,Ha Ts'osane,train,2,2,Suburban,Suburban,Traditional,Traditional,Good,Good
propmarket-G4ZhE5jlCc4y-iw0Kl3d5,propmarket,3,C:\Users\lepha\Documents\Codex\Real Estate System\generated\images\live\propmarket\propmarket-G4ZhE5jlCc4y-iw0Kl3d5\image_3.jpg,Maseru,Ha Ts'osane,train,2,2,Suburban,Urban,Traditional,Traditional,Good,Good
propmarket-G4ZhE5jlCc4y-iw0Kl3d5,propmarket,4,C:\Users\lepha\Documents\Codex\Real Estate System\generated\images\live\propmarket\propmarket-G4ZhE5jlCc4y-iw0Kl3d5\image_4.jpg,Maseru,Ha Ts'osane,train,2,2,Suburban,Hillside,Traditional,Traditional,Good,Good
propmarket-G4ZhE5jlCc4y-iw0Kl3d5,propmarket,5,C:\Users\lepha\Documents\Codex\Real Estate System\generated\images\live\propmarket\propmarket-G4ZhE5jlCc4y-iw0Kl3d5\image_5.jpg,Maseru,Ha Ts'osane,train,2,1,Suburban,Suburban,Traditional,Traditional,Good,Good
propmarket-tm9zmb1Cj-5VmgarS2eJA,propmarket,1,C:\Users\lepha\Documents\Codex\Real Estate System\generated\images\live\propmarket\propmarket-tm9zmb1Cj-5VmgarS2eJA\image_1.jpg,Maseru,Masowe Iii,val,3,3,Urban,Urban,Modern,Traditional,New,Good
propmarket-tm9zmb1Cj-5VmgarS2eJA,propmarket,2,C:\Users\lepha\Documents\Codex\Real Estate System\generated\images\live\propmarket\propmarket-tm9zmb1Cj-5VmgarS2eJA\image_2.jpg,Maseru,Masowe Iii,val,3,4,Urban,Suburban,Modern,Traditional,New,Good
propmarket-tm9zmb1Cj-5VmgarS2eJA,propmarket,3,C:\Users\lepha\Documents\Codex\Real Estate System\generated\images\live\propmarket\propmarket-tm9zmb1Cj-5VmgarS2eJA\image_3.jpg,Maseru,Masowe Iii,val,3,3,Urban,Garden,Modern,Family,New,Good
propmarket-tm9zmb1Cj-5VmgarS2eJA,propmarket,4,C:\Users\lepha\Documents\Codex\Real Estate System\generated\images\live\propmarket\propmarket-tm9zmb1Cj-5VmgarS2eJA\image_4.jpg,Maseru,Masowe Iii,val,3,2,Urban,Urban,Modern,Family,New,Good
propmarket-tm9zmb1Cj-5VmgarS2eJA,propmarket,5,C:\Users\lepha\Documents\Codex\Real Estate System\generated\images\live\propmarket\propmarket-tm9zmb1Cj-5VmgarS2eJA\image_5.jpg,Maseru,Masowe Iii,val,3,3,Urban,Urban,Modern,Modern,New,New
propmarket-s_hj4oYl975CEdifUzZCH,propmarket,1,C:\Users\lepha\Documents\Codex\Real Estate System\generated\images\live\propmarket\propmarket-s_hj4oYl975CEdifUzZCH\image_1.jpg,Maseru,Mathokoane,train,2,2,Suburban,Urban,Traditional,Traditional,Good,Good
propmarket-s_hj4oYl975CEdifUzZCH,propmarket,2,C:\Users\lepha\Documents\Codex\Real Estate System\generated\images\live\propmarket\propmarket-s_hj4oYl975CEdifUzZCH\image_2.jpg,Maseru,Mathokoane,train,2,3,Suburban,Garden,Traditional,Family,Good,New
propmarket-s_hj4oYl975CEdifUzZCH,propmarket,3,C:\Users\lepha\Documents\Codex\Real Estate System\generated\images\live\propmarket\propmarket-s_hj4oYl975CEdifUzZCH\image_3.jpg,Maseru,Mathokoane,train,2,3,Suburban,Hillside,Traditional,Traditional,Good,Good
propmarket-s_hj4oYl975CEdifUzZCH,propmarket,4,C:\Users\lepha\Documents\Codex\Real Estate System\generated\images\live\propmarket\propmarket-s_hj4oYl975CEdifUzZCH\image_4.jpg,Maseru,Mathokoane,train,2,3,Suburban,Urban,Traditional,Family,Good,Good
propmarket-s_hj4oYl975CEdifUzZCH,propmarket,5,C:\Users\lepha\Documents\Codex\Real Estate System\generated\images\live\propmarket\propmarket-s_hj4oYl975CEdifUzZCH\image_5.jpg,Maseru,Mathokoane,train,2,3,Suburban,Urban,Traditional,Modern,Good,New
propmarket-Bc9FR1yIShoqxKfCinFFv,propmarket,1,C:\Users\lepha\Documents\Codex\Real Estate System\generated\images\live\propmarket\propmarket-Bc9FR1yIShoqxKfCinFFv\image_1.jpg,Maseru,Semphetenyane,val,3,3,Hillside,Urban,Traditional,Traditional,New,Good
propmarket-Bc9FR1yIShoqxKfCinFFv,propmarket,2,C:\Users\lepha\Documents\Codex\Real Estate System\generated\images\live\propmarket\propmarket-Bc9FR1yIShoqxKfCinFFv\image_2.jpg,Maseru,Semphetenyane,val,3,1,Hillside,Garden,Traditional,Family,New,Good
propmarket-Bc9FR1yIShoqxKfCinFFv,propmarket,3,C:\Users\lepha\Documents\Codex\Real Estate System\generated\images\live\propmarket\propmarket-Bc9FR1yIShoqxKfCinFFv\image_3.jpg,Maseru,Semphetenyane,val,3,3,Hillside,Garden,Traditional,Family,New,Good
propmarket-Bc9FR1yIShoqxKfCinFFv,propmarket,4,C:\Users\lepha\Documents\Codex\Real Estate System\generated\images\live\propmarket\propmarket-Bc9FR1yIShoqxKfCinFFv\image_4.jpg,Maseru,Semphetenyane,val,3,3,Hillside,Hillside,Traditional,Traditional,New,Good
propmarket-Bc9FR1yIShoqxKfCinFFv,propmarket,5,C:\Users\lepha\Documents\Codex\Real Estate System\generated\images\live\propmarket\propmarket-Bc9FR1yIShoqxKfCinFFv\image_5.jpg,Maseru,Semphetenyane,val,3,3,Hillside,Urban,Traditional,Modern,New,New
propmarket-81l4_NDWdSkfdHzXFJwUq,propmarket,1,C:\Users\lepha\Documents\Codex\Real Estate System\generated\images\live\propmarket\propmarket-81l4_NDWdSkfdHzXFJwUq\image_1.jpg,Berea,Lekokoaneng,train,2,2,Urban,Urban,Traditional,Family,Good,Good
propmarket-hw6n6Mf06YMilWhDjAv98,propmarket,1,C:\Users\lepha\Documents\Codex\Real Estate System\generated\images\live\propmarket\propmarket-hw6n6Mf06YMilWhDjAv98\image_1.jpg,Maseru,Masowe 1b Secondary School,val,3,1,Urban,Suburban,Family,Family,New,Good
propmarket-hw6n6Mf06YMilWhDjAv98,propmarket,2,C:\Users\lepha\Documents\Codex\Real Estate System\generated\images\live\propmarket\propmarket-hw6n6Mf06YMilWhDjAv98\image_2.jpg,Maseru,Masowe 1b Secondary School,val,3,3,Urban,Urban,Family,Traditional,New,Good
propmarket-hw6n6Mf06YMilWhDjAv98,propmarket,3,C:\Users\lepha\Documents\Codex\Real Estate System\generated\images\live\propmarket\propmarket-hw6n6Mf06YMilWhDjAv98\image_3.jpg,Maseru,Masowe 1b Secondary School,val,3,4,Urban,Urban,Family,Family,New,Good
propmarket-hw6n6Mf06YMilWhDjAv98,propmarket,4,C:\Users\lepha\Documents\Codex\Real Estate System\generated\images\live\propmarket\propmarket-hw6n6Mf06YMilWhDjAv98\image_4.jpg,Maseru,Masowe 1b Secondary School,val,3,4,Urban,Urban,Family,Family,New,New
propmarket-SiDHc0YvePC_fzWHiFisO,propmarket,1,C:\Users\lepha\Documents\Codex\Real Estate System\generated\images\live\propmarket\propmarket-SiDHc0YvePC_fzWHiFisO\image_1.jpg,Maseru,Mazenod,train,3,3,Suburban,Suburban,Traditional,Traditional,Good,Good
propmarket-SiDHc0YvePC_fzWHiFisO,propmarket,2,C:\Users\lepha\Documents\Codex\Real Estate System\generated\images\live\propmarket\propmarket-SiDHc0YvePC_fzWHiFisO\image_2.jpg,Maseru,Mazenod,train,3,4,Suburban,Urban,Traditional,Traditional,Good,Good
propmarket-SiDHc0YvePC_fzWHiFisO,propmarket,3,C:\Users\lepha\Documents\Codex\Real Estate System\generated\images\live\propmarket\propmarket-SiDHc0YvePC_fzWHiFisO\image_3.jpg,Maseru,Mazenod,train,3,4,Suburban,Suburban,Traditional,Traditional,Good,Good
propmarket-SiDHc0YvePC_fzWHiFisO,propmarket,4,C:\Users\lepha\Documents\Codex\Real Estate System\generated\images\live\propmarket\propmarket-SiDHc0YvePC_fzWHiFisO\image_4.jpg,Maseru,Mazenod,train,3,4,Suburban,Suburban,Traditional,Modern,Good,New
propmarket-a8l8pgWNjuxoe13ONlO9J,propmarket,1,C:\Users\lepha\Documents\Codex\Real Estate System\generated\images\live\propmarket\propmarket-a8l8pgWNjuxoe13ONlO9J\image_1.jpg,Maseru,Ha Abia,train,1,1,Suburban,Suburban,Traditional,Traditional,Good,Good
propmarket-a8l8pgWNjuxoe13ONlO9J,propmarket,2,C:\Users\lepha\Documents\Codex\Real Estate System\generated\images\live\propmarket\propmarket-a8l8pgWNjuxoe13ONlO9J\image_2.jpg,Maseru,Ha Abia,train,1,1,Suburban,Suburban,Traditional,Traditional,Good,Good
propmarket-a8l8pgWNjuxoe13ONlO9J,propmarket,3,C:\Users\lepha\Documents\Codex\Real Estate System\generated\images\live\propmarket\propmarket-a8l8pgWNjuxoe13ONlO9J\image_3.jpg,Maseru,Ha Abia,train,1,1,Suburban,Suburban,Traditional,Traditional,Good,Good
propmarket-a8l8pgWNjuxoe13ONlO9J,propmarket,4,C:\Users\lepha\Documents\Codex\Real Estate System\generated\images\live\propmarket\propmarket-a8l8pgWNjuxoe13ONlO9J\image_4.jpg,Maseru,Ha Abia,train,1,1,Suburban,Suburban,Traditional,Traditional,Good,Good
propmarket-a8l8pgWNjuxoe13ONlO9J,propmarket,5,C:\Users\lepha\Documents\Codex\Real Estate System\generated\images\live\propmarket\propmarket-a8l8pgWNjuxoe13ONlO9J\image_5.jpg,Maseru,Ha Abia,train,1,1,Suburban,Suburban,Traditional,Traditional,Good,Good
propmarket-8rZgyZbU6bmT9rIxBpxPt,propmarket,1,C:\Users\lepha\Documents\Codex\Real Estate System\generated\images\live\propmarket\propmarket-8rZgyZbU6bmT9rIxBpxPt\image_1.jpg,Maseru,Mohalalitoe,val,2,2,Suburban,Suburban,Traditional,Traditional,Good,Good
propmarket-8rZgyZbU6bmT9rIxBpxPt,propmarket,2,C:\Users\lepha\Documents\Codex\Real Estate System\generated\images\live\propmarket\propmarket-8rZgyZbU6bmT9rIxBpxPt\image_2.jpg,Maseru,Mohalalitoe,val,2,2,Suburban,Urban,Traditional,Traditional,Good,Good
propmarket-8rZgyZbU6bmT9rIxBpxPt,propmarket,3,C:\Users\lepha\Documents\Codex\Real Estate System\generated\images\live\propmarket\propmarket-8rZgyZbU6bmT9rIxBpxPt\image_3.jpg,Maseru,Mohalalitoe,val,2,2,Suburban,Suburban,Traditional,Traditional,Good,Good
propmarket-8rZgyZbU6bmT9rIxBpxPt,propmarket,4,C:\Users\lepha\Documents\Codex\Real Estate System\generated\images\live\propmarket\propmarket-8rZgyZbU6bmT9rIxBpxPt\image_4.jpg,Maseru,Mohalalitoe,val,2,1,Suburban,Suburban,Traditional,Traditional,Good,Good
propmarket-8rZgyZbU6bmT9rIxBpxPt,propmarket,5,C:\Users\lepha\Documents\Codex\Real Estate System\generated\images\live\propmarket\propmarket-8rZgyZbU6bmT9rIxBpxPt\image_5.jpg,Maseru,Mohalalitoe,val,2,1,Suburban,Suburban,Traditional,Traditional,Good,Good
propmarket-Z4z-og29aKZ4wE7APAStn,propmarket,1,C:\Users\lepha\Documents\Codex\Real Estate System\generated\images\live\propmarket\propmarket-Z4z-og29aKZ4wE7APAStn\image_1.jpg,Berea,Sekamaneng,train,2,2,Suburban,Hillside,Traditional,Traditional,Good,Good
propmarket-Z4z-og29aKZ4wE7APAStn,propmarket,2,C:\Users\lepha\Documents\Codex\Real Estate System\generated\images\live\propmarket\propmarket-Z4z-og29aKZ4wE7APAStn\image_2.jpg,Berea,Sekamaneng,train,2,2,Suburban,Urban,Traditional,Traditional,Good,New
propmarket-Z4z-og29aKZ4wE7APAStn,propmarket,3,C:\Users\lepha\Documents\Codex\Real Estate System\generated\images\live\propmarket\propmarket-Z4z-og29aKZ4wE7APAStn\image_3.jpg,Berea,Sekamaneng,train,2,2,Suburban,Urban,Traditional,Traditional,Good,Good
propmarket-Z4z-og29aKZ4wE7APAStn,propmarket,4,C:\Users\lepha\Documents\Codex\Real Estate System\generated\images\live\propmarket\propmarket-Z4z-og29aKZ4wE7APAStn\image_4.jpg,Berea,Sekamaneng,train,2,4,Suburban,Urban,Traditional,Traditional,Good,Good
propmarket-Z4z-og29aKZ4wE7APAStn,propmarket,5,C:\Users\lepha\Documents\Codex\Real Estate System\generated\images\live\propmarket\propmarket-Z4z-og29aKZ4wE7APAStn\image_5.jpg,Berea,Sekamaneng,train,2,1,Suburban,Suburban,Traditional,Traditional,Good,Good
propmarket-cRZnCvUgMgClhFBk9JbKi,propmarket,1,C:\Users\lepha\Documents\Codex\Real Estate System\generated\images\live\propmarket\propmarket-cRZnCvUgMgClhFBk9JbKi\image_1.jpg,Quthing,Quthing District,train,2,2,Suburban,Urban,Traditional,Traditional,Good,Good
propmarket-cRZnCvUgMgClhFBk9JbKi,propmarket,2,C:\Users\lepha\Documents\Codex\Real Estate System\generated\images\live\propmarket\propmarket-cRZnCvUgMgClhFBk9JbKi\image_2.jpg,Quthing,Quthing District,train,2,2,Suburban,Urban,Traditional,Traditional,Good,Good
propmarket-cRZnCvUgMgClhFBk9JbKi,propmarket,3,C:\Users\lepha\Documents\Codex\Real Estate System\generated\images\live\propmarket\propmarket-cRZnCvUgMgClhFBk9JbKi\image_3.jpg,Quthing,Quthing District,train,2,3,Suburban,Suburban,Traditional,Traditional,Good,Good
propmarket-cRZnCvUgMgClhFBk9JbKi,propmarket,4,C:\Users\lepha\Documents\Codex\Real Estate System\generated\images\live\propmarket\propmarket-cRZnCvUgMgClhFBk9JbKi\image_4.jpg,Quthing,Quthing District,train,2,2,Suburban,Urban,Traditional,Traditional,Good,Good
propmarket-cRZnCvUgMgClhFBk9JbKi,propmarket,5,C:\Users\lepha\Documents\Codex\Real Estate System\generated\images\live\propmarket\propmarket-cRZnCvUgMgClhFBk9JbKi\image_5.jpg,Quthing,Quthing District,train,2,1,Suburban,Suburban,Traditional,Traditional,Good,Good
propmarket-KhjqZ43BkP-Yiv-WUXeeH,propmarket,1,C:\Users\lepha\Documents\Codex\Real Estate System\generated\images\live\propmarket\propmarket-KhjqZ43BkP-Yiv-WUXeeH\image_1.jpg,Maseru,Thaba Bosiu,val,2,2,Suburban,Urban,Traditional,Traditional,Good,Good
propmarket-KhjqZ43BkP-Yiv-WUXeeH,propmarket,2,C:\Users\lepha\Documents\Codex\Real Estate System\generated\images\live\propmarket\propmarket-KhjqZ43BkP-Yiv-WUXeeH\image_2.jpg,Maseru,Thaba Bosiu,val,2,3,Suburban,Garden,Traditional,Traditional,Good,New
propmarket-KhjqZ43BkP-Yiv-WUXeeH,propmarket,3,C:\Users\lepha\Documents\Codex\Real Estate System\generated\images\live\propmarket\propmarket-KhjqZ43BkP-Yiv-WUXeeH\image_3.jpg,Maseru,Thaba Bosiu,val,2,2,Suburban,Urban,Traditional,Traditional,Good,New
propmarket-KhjqZ43BkP-Yiv-WUXeeH,propmarket,4,C:\Users\lepha\Documents\Codex\Real Estate System\generated\images\live\propmarket\propmarket-KhjqZ43BkP-Yiv-WUXeeH\image_4.jpg,Maseru,Thaba Bosiu,val,2,3,Suburban,Garden,Traditional,Family,Good,Good
propmarket-zGSKI5MMls1YUGneoRJ_Y,propmarket,1,C:\Users\lepha\Documents\Codex\Real Estate System\generated\images\live\propmarket\propmarket-zGSKI5MMls1YUGneoRJ_Y\image_1.jpg,Mohale's Hoek,Mesitsaneng,train,3,2,Urban,Hillside,Traditional,Traditional,Good,Good
propmarket-zGSKI5MMls1YUGneoRJ_Y,propmarket,2,C:\Users\lepha\Documents\Codex\Real Estate System\generated\images\live\propmarket\propmarket-zGSKI5MMls1YUGneoRJ_Y\image_2.jpg,Mohale's Hoek,Mesitsaneng,train,3,1,Urban,Suburban,Traditional,Traditional,Good,Good
propmarket-zGSKI5MMls1YUGneoRJ_Y,propmarket,3,C:\Users\lepha\Documents\Codex\Real Estate System\generated\images\live\propmarket\propmarket-zGSKI5MMls1YUGneoRJ_Y\image_3.jpg,Mohale's Hoek,Mesitsaneng,train,3,3,Urban,Urban,Traditional,Traditional,Good,Good
propmarket-zGSKI5MMls1YUGneoRJ_Y,propmarket,4,C:\Users\lepha\Documents\Codex\Real Estate System\generated\images\live\propmarket\propmarket-zGSKI5MMls1YUGneoRJ_Y\image_4.jpg,Mohale's Hoek,Mesitsaneng,train,3,3,Urban,Urban,Traditional,Traditional,Good,Good
propmarket-zGSKI5MMls1YUGneoRJ_Y,propmarket,5,C:\Users\lepha\Documents\Codex\Real Estate System\generated\images\live\propmarket\propmarket-zGSKI5MMls1YUGneoRJ_Y\image_5.jpg,Mohale's Hoek,Mesitsaneng,train,3,1,Urban,Suburban,Traditional,Traditional,Good,Good
propmarket-ULpaoTct4UkIKVByFe5-m,propmarket,1,C:\Users\lepha\Documents\Codex\Real Estate System\generated\images\live\propmarket\propmarket-ULpaoTct4UkIKVByFe5-m\image_1.jpg,Maseru,Masowe Street,train,3,3,Suburban,Garden,Traditional,Family,Good,Good
propmarket-ULpaoTct4UkIKVByFe5-m,propmarket,2,C:\Users\lepha\Documents\Codex\Real Estate System\generated\images\live\propmarket\propmarket-ULpaoTct4UkIKVByFe5-m\image_2.jpg,Maseru,Masowe Street,train,3,3,Suburban,Urban,Traditional,Family,Good,Good
propmarket-ULpaoTct4UkIKVByFe5-m,propmarket,3,C:\Users\lepha\Documents\Codex\Real Estate System\generated\images\live\propmarket\propmarket-ULpaoTct4UkIKVByFe5-m\image_3.jpg,Maseru,Masowe Street,train,3,3,Suburban,Urban,Traditional,Family,Good,Good
propmarket-ULpaoTct4UkIKVByFe5-m,propmarket,4,C:\Users\lepha\Documents\Codex\Real Estate System\generated\images\live\propmarket\propmarket-ULpaoTct4UkIKVByFe5-m\image_4.jpg,Maseru,Masowe Street,train,3,3,Suburban,Urban,Traditional,Modern,Good,New
propmarket-ULpaoTct4UkIKVByFe5-m,propmarket,5,C:\Users\lepha\Documents\Codex\Real Estate System\generated\images\live\propmarket\propmarket-ULpaoTct4UkIKVByFe5-m\image_5.png,Maseru,Masowe Street,train,3,1,Suburban,Hillside,Traditional,Traditional,Good,Good
propmarket-jLsW5pAWor5DGdiQLz3Ks,propmarket,1,C:\Users\lepha\Documents\Codex\Real Estate System\generated\images\live\propmarket\propmarket-jLsW5pAWor5DGdiQLz3Ks\image_1.jpg,Maseru,Maseru District,val,2,2,Suburban,Urban,Traditional,Traditional,Good,Good
propmarket-jLsW5pAWor5DGdiQLz3Ks,propmarket,2,C:\Users\lepha\Documents\Codex\Real Estate System\generated\images\live\propmarket\propmarket-jLsW5pAWor5DGdiQLz3Ks\image_2.jpg,Maseru,Maseru District,val,2,2,Suburban,Suburban,Traditional,Traditional,Good,New
propmarket-jLsW5pAWor5DGdiQLz3Ks,propmarket,3,C:\Users\lepha\Documents\Codex\Real Estate System\generated\images\live\propmarket\propmarket-jLsW5pAWor5DGdiQLz3Ks\image_3.jpg,Maseru,Maseru District,val,2,1,Suburban,Suburban,Traditional,Traditional,Good,Good
propmarket-jLsW5pAWor5DGdiQLz3Ks,propmarket,4,C:\Users\lepha\Documents\Codex\Real Estate System\generated\images\live\propmarket\propmarket-jLsW5pAWor5DGdiQLz3Ks\image_4.png,Maseru,Maseru District,val,2,2,Suburban,Suburban,Traditional,Traditional,Good,Good
propmarket-lOGKyLOJwiTcvUEBxfOd2,propmarket,1,C:\Users\lepha\Documents\Codex\Real Estate System\generated\images\live\propmarket\propmarket-lOGKyLOJwiTcvUEBxfOd2\image_1.jpg,Maseru,Masowe 1b Secondary School,test,2,5+,Urban,Suburban,Traditional,Traditional,Good,Good
propmarket-lOGKyLOJwiTcvUEBxfOd2,propmarket,2,C:\Users\lepha\Documents\Codex\Real Estate System\generated\images\live\propmarket\propmarket-lOGKyLOJwiTcvUEBxfOd2\image_2.jpg,Maseru,Masowe 1b Secondary School,test,2,3,Urban,Suburban,Traditional,Traditional,Good,Good
propmarket-lOGKyLOJwiTcvUEBxfOd2,propmarket,3,C:\Users\lepha\Documents\Codex\Real Estate System\generated\images\live\propmarket\propmarket-lOGKyLOJwiTcvUEBxfOd2\image_3.jpg,Maseru,Masowe 1b Secondary School,test,2,3,Urban,Garden,Traditional,Family,Good,Good
propmarket-lOGKyLOJwiTcvUEBxfOd2,propmarket,4,C:\Users\lepha\Documents\Codex\Real Estate System\generated\images\live\propmarket\propmarket-lOGKyLOJwiTcvUEBxfOd2\image_4.jpg,Maseru,Masowe 1b Secondary School,test,2,5+,Urban,Suburban,Traditional,Family,Good,Good
propmarket-hnALgHUVxkGWG9QqHXv2y,propmarket,1,C:\Users\lepha\Documents\Codex\Real Estate System\generated\images\live\propmarket\propmarket-hnALgHUVxkGWG9QqHXv2y\image_1.jpg,Maseru,Ha Matala,train,2,2,Suburban,Suburban,Traditional,Traditional,Good,Good
propmarket-hnALgHUVxkGWG9QqHXv2y,propmarket,2,C:\Users\lepha\Documents\Codex\Real Estate System\generated\images\live\propmarket\propmarket-hnALgHUVxkGWG9QqHXv2y\image_2.jpg,Maseru,Ha Matala,train,2,2,Suburban,Suburban,Traditional,Traditional,Good,Good
propmarket-hnALgHUVxkGWG9QqHXv2y,propmarket,3,C:\Users\lepha\Documents\Codex\Real Estate System\generated\images\live\propmarket\propmarket-hnALgHUVxkGWG9QqHXv2y\image_3.jpg,Maseru,Ha Matala,train,2,2,Suburban,Suburban,Traditional,Traditional,Good,New
propmarket-hnALgHUVxkGWG9QqHXv2y,propmarket,4,C:\Users\lepha\Documents\Codex\Real Estate System\generated\images\live\propmarket\propmarket-hnALgHUVxkGWG9QqHXv2y\image_4.jpg,Maseru,Ha Matala,train,2,2,Suburban,Suburban,Traditional,Traditional,Good,Good
propmarket-tPWv32Y-qCsM46i7tAUHy,propmarket,1,C:\Users\lepha\Documents\Codex\Real Estate System\generated\images\live\propmarket\propmarket-tPWv32Y-qCsM46i7tAUHy\image_1.jpg,Maseru,Thetsane,train,4,4,Suburban,Urban,Traditional,Traditional,Good,Good
propmarket-tPWv32Y-qCsM46i7tAUHy,propmarket,2,C:\Users\lepha\Documents\Codex\Real Estate System\generated\images\live\propmarket\propmarket-tPWv32Y-qCsM46i7tAUHy\image_2.jpg,Maseru,Thetsane,train,4,4,Suburban,Urban,Traditional,Family,Good,Good
propmarket-tPWv32Y-qCsM46i7tAUHy,propmarket,3,C:\Users\lepha\Documents\Codex\Real Estate System\generated\images\live\propmarket\propmarket-tPWv32Y-qCsM46i7tAUHy\image_3.jpg,Maseru,Thetsane,train,4,3,Suburban,Urban,Traditional,Traditional,Good,Good
propmarket-tPWv32Y-qCsM46i7tAUHy,propmarket,4,C:\Users\lepha\Documents\Codex\Real Estate System\generated\images\live\propmarket\propmarket-tPWv32Y-qCsM46i7tAUHy\image_4.jpg,Maseru,Thetsane,train,4,4,Suburban,Urban,Traditional,Family,Good,Good
propmarket-tPWv32Y-qCsM46i7tAUHy,propmarket,5,C:\Users\lepha\Documents\Codex\Real Estate System\generated\images\live\propmarket\propmarket-tPWv32Y-qCsM46i7tAUHy\image_5.jpg,Maseru,Thetsane,train,4,3,Suburban,Urban,Traditional,Modern,Good,New
propmarket-_eshoYx6_Q5mssqQIF1L6,propmarket,1,C:\Users\lepha\Documents\Codex\Real Estate System\generated\images\live\propmarket\propmarket-_eshoYx6_Q5mssqQIF1L6\image_1.jpg,Maseru,Masowe 1b Secondary School,train,2,2,Urban,Urban,Traditional,Traditional,New,New
propmarket-_eshoYx6_Q5mssqQIF1L6,propmarket,2,C:\Users\lepha\Documents\Codex\Real Estate System\generated\images\live\propmarket\propmarket-_eshoYx6_Q5mssqQIF1L6\image_2.jpg,Maseru,Masowe 1b Secondary School,train,2,2,Urban,Urban,Traditional,Traditional,New,New
propmarket-8CyrAl8AaWvJFTVj_bvpt,propmarket,1,C:\Users\lepha\Documents\Codex\Real Estate System\generated\images\live\propmarket\propmarket-8CyrAl8AaWvJFTVj_bvpt\image_1.jpg,Berea,Teyateyaneng,train,2,2,Suburban,Suburban,Traditional,Traditional,Good,Good
propmarket-8CyrAl8AaWvJFTVj_bvpt,propmarket,2,C:\Users\lepha\Documents\Codex\Real Estate System\generated\images\live\propmarket\propmarket-8CyrAl8AaWvJFTVj_bvpt\image_2.jpg,Berea,Teyateyaneng,train,2,2,Suburban,Suburban,Traditional,Traditional,Good,New
propmarket-8CyrAl8AaWvJFTVj_bvpt,propmarket,3,C:\Users\lepha\Documents\Codex\Real Estate System\generated\images\live\propmarket\propmarket-8CyrAl8AaWvJFTVj_bvpt\image_3.jpg,Berea,Teyateyaneng,train,2,2,Suburban,Urban,Traditional,Traditional,Good,New
propmarket-jT41y7YNeO5qGQ0Dj8lR0,propmarket,1,C:\Users\lepha\Documents\Codex\Real Estate System\generated\images\live\propmarket\propmarket-jT41y7YNeO5qGQ0Dj8lR0\image_1.jpg,Maseru,Masowe 1b Secondary School,train,2,2,Urban,Urban,Traditional,Traditional,Good,Good
propmarket-jT41y7YNeO5qGQ0Dj8lR0,propmarket,2,C:\Users\lepha\Documents\Codex\Real Estate System\generated\images\live\propmarket\propmarket-jT41y7YNeO5qGQ0Dj8lR0\image_2.jpg,Maseru,Masowe 1b Secondary School,train,2,2,Urban,Urban,Traditional,Traditional,Good,New
propmarket-jT41y7YNeO5qGQ0Dj8lR0,propmarket,3,C:\Users\lepha\Documents\Codex\Real Estate System\generated\images\live\propmarket\propmarket-jT41y7YNeO5qGQ0Dj8lR0\image_3.jpg,Maseru,Masowe 1b Secondary School,train,2,2,Urban,Urban,Traditional,Traditional,Good,New
propmarket-jT41y7YNeO5qGQ0Dj8lR0,propmarket,4,C:\Users\lepha\Documents\Codex\Real Estate System\generated\images\live\propmarket\propmarket-jT41y7YNeO5qGQ0Dj8lR0\image_4.jpg,Maseru,Masowe 1b Secondary School,train,2,2,Urban,Urban,Traditional,Traditional,Good,Good
propmarket-mrNXjggdJORKMuy1xzCJR,propmarket,1,C:\Users\lepha\Documents\Codex\Real Estate System\generated\images\live\propmarket\propmarket-mrNXjggdJORKMuy1xzCJR\image_1.jpg,Maseru,Linakotseng,train,2,2,Suburban,Urban,Traditional,Traditional,Good,Good
propmarket-mrNXjggdJORKMuy1xzCJR,propmarket,2,C:\Users\lepha\Documents\Codex\Real Estate System\generated\images\live\propmarket\propmarket-mrNXjggdJORKMuy1xzCJR\image_2.jpg,Maseru,Linakotseng,train,2,2,Suburban,Suburban,Traditional,Traditional,Good,Good
propmarket-xCJ9fuicyQRzWK5mXpAjJ,propmarket,1,C:\Users\lepha\Documents\Codex\Real Estate System\generated\images\live\propmarket\propmarket-xCJ9fuicyQRzWK5mXpAjJ\image_1.jpg,Berea,Sekamaneng,train,2,2,Suburban,Urban,Traditional,Traditional,Good,Good
propmarket-xCJ9fuicyQRzWK5mXpAjJ,propmarket,2,C:\Users\lepha\Documents\Codex\Real Estate System\generated\images\live\propmarket\propmarket-xCJ9fuicyQRzWK5mXpAjJ\image_2.jpg,Berea,Sekamaneng,train,2,2,Suburban,Suburban,Traditional,Traditional,Good,Good
propmarket-xCJ9fuicyQRzWK5mXpAjJ,propmarket,3,C:\Users\lepha\Documents\Codex\Real Estate System\generated\images\live\propmarket\propmarket-xCJ9fuicyQRzWK5mXpAjJ\image_3.jpg,Berea,Sekamaneng,train,2,2,Suburban,Urban,Traditional,Traditional,Good,Good
propmarket-xCJ9fuicyQRzWK5mXpAjJ,propmarket,4,C:\Users\lepha\Documents\Codex\Real Estate System\generated\images\live\propmarket\propmarket-xCJ9fuicyQRzWK5mXpAjJ\image_4.jpg,Berea,Sekamaneng,train,2,2,Suburban,Suburban,Traditional,Traditional,Good,Good
propmarket-O5odO8OaNdZ-DmbkJ0mjS,propmarket,1,C:\Users\lepha\Documents\Codex\Real Estate System\generated\images\live\propmarket\propmarket-O5odO8OaNdZ-DmbkJ0mjS\image_1.jpg,Maseru,Matebeleng (ha Penapena),val,4,3,Garden,Suburban,Family,Traditional,Good,Good
propmarket-O5odO8OaNdZ-DmbkJ0mjS,propmarket,2,C:\Users\lepha\Documents\Codex\Real Estate System\generated\images\live\propmarket\propmarket-O5odO8OaNdZ-DmbkJ0mjS\image_2.jpg,Maseru,Matebeleng (ha Penapena),val,4,3,Garden,Garden,Family,Family,Good,New
propmarket-O5odO8OaNdZ-DmbkJ0mjS,propmarket,3,C:\Users\lepha\Documents\Codex\Real Estate System\generated\images\live\propmarket\propmarket-O5odO8OaNdZ-DmbkJ0mjS\image_3.jpg,Maseru,Matebeleng (ha Penapena),val,4,4,Garden,Suburban,Family,Traditional,Good,Good
propmarket-O5odO8OaNdZ-DmbkJ0mjS,propmarket,4,C:\Users\lepha\Documents\Codex\Real Estate System\generated\images\live\propmarket\propmarket-O5odO8OaNdZ-DmbkJ0mjS\image_4.jpg,Maseru,Matebeleng (ha Penapena),val,4,3,Garden,Suburban,Family,Family,Good,Good
propmarket-O5odO8OaNdZ-DmbkJ0mjS,propmarket,5,C:\Users\lepha\Documents\Codex\Real Estate System\generated\images\live\propmarket\propmarket-O5odO8OaNdZ-DmbkJ0mjS\image_5.jpg,Maseru,Matebeleng (ha Penapena),val,4,3,Garden,Urban,Family,Modern,Good,New
propmarket-SHzbMRolHH_oHOXcKZhBh,propmarket,1,C:\Users\lepha\Documents\Codex\Real Estate System\generated\images\live\propmarket\propmarket-SHzbMRolHH_oHOXcKZhBh\image_1.jpg,Maseru,Masowe 1b Secondary School,val,1,1,Urban,Suburban,Traditional,Traditional,Good,New
propmarket-SHzbMRolHH_oHOXcKZhBh,propmarket,2,C:\Users\lepha\Documents\Codex\Real Estate System\generated\images\live\propmarket\propmarket-SHzbMRolHH_oHOXcKZhBh\image_2.jpg,Maseru,Masowe 1b Secondary School,val,1,3,Urban,Garden,Traditional,Family,Good,Good
propmarket-SHzbMRolHH_oHOXcKZhBh,propmarket,3,C:\Users\lepha\Documents\Codex\Real Estate System\generated\images\live\propmarket\propmarket-SHzbMRolHH_oHOXcKZhBh\image_3.jpg,Maseru,Masowe 1b Secondary School,val,1,3,Urban,Garden,Traditional,Family,Good,Good
propmarket-SHzbMRolHH_oHOXcKZhBh,propmarket,4,C:\Users\lepha\Documents\Codex\Real Estate System\generated\images\live\propmarket\propmarket-SHzbMRolHH_oHOXcKZhBh\image_4.jpg,Maseru,Masowe 1b Secondary School,val,1,3,Urban,Urban,Traditional,Modern,Good,New
propmarket-SHzbMRolHH_oHOXcKZhBh,propmarket,5,C:\Users\lepha\Documents\Codex\Real Estate System\generated\images\live\propmarket\propmarket-SHzbMRolHH_oHOXcKZhBh\image_5.png,Maseru,Masowe 1b Secondary School,val,1,1,Urban,Hillside,Traditional,Traditional,Good,Good
propmarket-OvKX0vFoL9BCXgddpDgW5,propmarket,1,C:\Users\lepha\Documents\Codex\Real Estate System\generated\images\live\propmarket\propmarket-OvKX0vFoL9BCXgddpDgW5\image_1.jpg,Maseru,Masowe 1b Secondary School,train,3,3,Urban,Urban,Traditional,Traditional,New,New
propmarket-OvKX0vFoL9BCXgddpDgW5,propmarket,2,C:\Users\lepha\Documents\Codex\Real Estate System\generated\images\live\propmarket\propmarket-OvKX0vFoL9BCXgddpDgW5\image_2.jpg,Maseru,Masowe 1b Secondary School,train,3,3,Urban,Urban,Traditional,Traditional,New,New
propmarket-OvKX0vFoL9BCXgddpDgW5,propmarket,3,C:\Users\lepha\Documents\Codex\Real Estate System\generated\images\live\propmarket\propmarket-OvKX0vFoL9BCXgddpDgW5\image_3.jpg,Maseru,Masowe 1b Secondary School,train,3,3,Urban,Urban,Traditional,Traditional,New,New
propmarket-OvKX0vFoL9BCXgddpDgW5,propmarket,4,C:\Users\lepha\Documents\Codex\Real Estate System\generated\images\live\propmarket\propmarket-OvKX0vFoL9BCXgddpDgW5\image_4.jpg,Maseru,Masowe 1b Secondary School,train,3,4,Urban,Urban,Traditional,Traditional,New,New
propmarket-OvKX0vFoL9BCXgddpDgW5,propmarket,5,C:\Users\lepha\Documents\Codex\Real Estate System\generated\images\live\propmarket\propmarket-OvKX0vFoL9BCXgddpDgW5\image_5.jpg,Maseru,Masowe 1b Secondary School,train,3,3,Urban,Urban,Traditional,Modern,New,New
propmarket-T80coq4ZCv5wilIHiNhAS,propmarket,1,C:\Users\lepha\Documents\Codex\Real Estate System\generated\images\live\propmarket\propmarket-T80coq4ZCv5wilIHiNhAS\image_1.jpg,Berea,Khubetsoana,train,3,3,Suburban,Hillside,Traditional,Traditional,Good,Good
propmarket-T80coq4ZCv5wilIHiNhAS,propmarket,2,C:\Users\lepha\Documents\Codex\Real Estate System\generated\images\live\propmarket\propmarket-T80coq4ZCv5wilIHiNhAS\image_2.jpg,Berea,Khubetsoana,train,3,3,Suburban,Urban,Traditional,Traditional,Good,Good
propmarket-T80coq4ZCv5wilIHiNhAS,propmarket,3,C:\Users\lepha\Documents\Codex\Real Estate System\generated\images\live\propmarket\propmarket-T80coq4ZCv5wilIHiNhAS\image_3.jpg,Berea,Khubetsoana,train,3,2,Suburban,Garden,Traditional,Family,Good,Good
propmarket-T80coq4ZCv5wilIHiNhAS,propmarket,4,C:\Users\lepha\Documents\Codex\Real Estate System\generated\images\live\propmarket\propmarket-T80coq4ZCv5wilIHiNhAS\image_4.jpg,Berea,Khubetsoana,train,3,4,Suburban,Suburban,Traditional,Traditional,Good,Good
propmarket-T80coq4ZCv5wilIHiNhAS,propmarket,5,C:\Users\lepha\Documents\Codex\Real Estate System\generated\images\live\propmarket\propmarket-T80coq4ZCv5wilIHiNhAS\image_5.jpg,Berea,Khubetsoana,train,3,3,Suburban,Urban,Traditional,Modern,Good,New
propmarket-m9QjRcxQJVRg1g2MaiFdv,propmarket,1,C:\Users\lepha\Documents\Codex\Real Estate System\generated\images\live\propmarket\propmarket-m9QjRcxQJVRg1g2MaiFdv\image_1.jpg,Maseru,Masowe 1b Secondary School,train,3,3,Garden,Garden,Family,Family,Good,Good
propmarket-m9QjRcxQJVRg1g2MaiFdv,propmarket,2,C:\Users\lepha\Documents\Codex\Real Estate System\generated\images\live\propmarket\propmarket-m9QjRcxQJVRg1g2MaiFdv\image_2.jpg,Maseru,Masowe 1b Secondary School,train,3,3,Garden,Garden,Family,Family,Good,Good
propmarket-m9QjRcxQJVRg1g2MaiFdv,propmarket,3,C:\Users\lepha\Documents\Codex\Real Estate System\generated\images\live\propmarket\propmarket-m9QjRcxQJVRg1g2MaiFdv\image_3.jpg,Maseru,Masowe 1b Secondary School,train,3,3,Garden,Garden,Family,Family,Good,Good
propmarket-m9QjRcxQJVRg1g2MaiFdv,propmarket,4,C:\Users\lepha\Documents\Codex\Real Estate System\generated\images\live\propmarket\propmarket-m9QjRcxQJVRg1g2MaiFdv\image_4.jpg,Maseru,Masowe 1b Secondary School,train,3,3,Garden,Garden,Family,Family,Good,Good
propmarket-m9QjRcxQJVRg1g2MaiFdv,propmarket,5,C:\Users\lepha\Documents\Codex\Real Estate System\generated\images\live\propmarket\propmarket-m9QjRcxQJVRg1g2MaiFdv\image_5.jpg,Maseru,Masowe 1b Secondary School,train,3,3,Garden,Urban,Family,Modern,Good,New
propmarket-3RnybDOD-2YqSMafIGIAh,propmarket,1,C:\Users\lepha\Documents\Codex\Real Estate System\generated\images\live\propmarket\propmarket-3RnybDOD-2YqSMafIGIAh\image_1.jpg,Maseru,Maseru West,train,2,3,Garden,Garden,Family,Family,Good,Good
propmarket-3RnybDOD-2YqSMafIGIAh,propmarket,2,C:\Users\lepha\Documents\Codex\Real Estate System\generated\images\live\propmarket\propmarket-3RnybDOD-2YqSMafIGIAh\image_2.jpg,Maseru,Maseru West,train,2,2,Garden,Garden,Family,Family,Good,Good
propmarket-3RnybDOD-2YqSMafIGIAh,propmarket,3,C:\Users\lepha\Documents\Codex\Real Estate System\generated\images\live\propmarket\propmarket-3RnybDOD-2YqSMafIGIAh\image_3.jpg,Maseru,Maseru West,train,2,2,Garden,Garden,Family,Family,Good,Good
propmarket-3RnybDOD-2YqSMafIGIAh,propmarket,4,C:\Users\lepha\Documents\Codex\Real Estate System\generated\images\live\propmarket\propmarket-3RnybDOD-2YqSMafIGIAh\image_4.jpg,Maseru,Maseru West,train,2,2,Garden,Garden,Family,Family,Good,Good
propmarket-nls9QlmJwLy4dpocbUFiM,propmarket,1,C:\Users\lepha\Documents\Codex\Real Estate System\generated\images\live\propmarket\propmarket-nls9QlmJwLy4dpocbUFiM\image_1.jpg,Maseru,Masowe 1b Secondary School,test,2,3,Garden,Urban,Family,Family,Good,Good
propmarket-nls9QlmJwLy4dpocbUFiM,propmarket,2,C:\Users\lepha\Documents\Codex\Real Estate System\generated\images\live\propmarket\propmarket-nls9QlmJwLy4dpocbUFiM\image_2.jpg,Maseru,Masowe 1b Secondary School,test,2,2,Garden,Urban,Family,Family,Good,Good
propmarket-nls9QlmJwLy4dpocbUFiM,propmarket,3,C:\Users\lepha\Documents\Codex\Real Estate System\generated\images\live\propmarket\propmarket-nls9QlmJwLy4dpocbUFiM\image_3.jpg,Maseru,Masowe 1b Secondary School,test,2,3,Garden,Garden,Family,Family,Good,Good
propmarket-nls9QlmJwLy4dpocbUFiM,propmarket,4,C:\Users\lepha\Documents\Codex\Real Estate System\generated\images\live\propmarket\propmarket-nls9QlmJwLy4dpocbUFiM\image_4.jpg,Maseru,Masowe 1b Secondary School,test,2,4,Garden,Urban,Family,Family,Good,Good
propmarket-nBh-J6zgL-wG9t3lBDTP1,propmarket,1,C:\Users\lepha\Documents\Codex\Real Estate System\generated\images\live\propmarket\propmarket-nBh-J6zgL-wG9t3lBDTP1\image_1.jpg,Maseru,Masowe 1b Secondary School,test,2,3,Urban,Urban,Traditional,Traditional,New,Good
propmarket-nBh-J6zgL-wG9t3lBDTP1,propmarket,2,C:\Users\lepha\Documents\Codex\Real Estate System\generated\images\live\propmarket\propmarket-nBh-J6zgL-wG9t3lBDTP1\image_2.jpg,Maseru,Masowe 1b Secondary School,test,2,2,Urban,Urban,Traditional,Family,New,Good
propmarket-nBh-J6zgL-wG9t3lBDTP1,propmarket,3,C:\Users\lepha\Documents\Codex\Real Estate System\generated\images\live\propmarket\propmarket-nBh-J6zgL-wG9t3lBDTP1\image_3.jpg,Maseru,Masowe 1b Secondary School,test,2,2,Urban,Urban,Traditional,Traditional,New,Good
propmarket-nBh-J6zgL-wG9t3lBDTP1,propmarket,4,C:\Users\lepha\Documents\Codex\Real Estate System\generated\images\live\propmarket\propmarket-nBh-J6zgL-wG9t3lBDTP1\image_4.jpg,Maseru,Masowe 1b Secondary School,test,2,4,Urban,Urban,Traditional,Traditional,New,Good
propmarket-l5AZS5MGZGzwtbKIzLZv0,propmarket,1,C:\Users\lepha\Documents\Codex\Real Estate System\generated\images\live\propmarket\propmarket-l5AZS5MGZGzwtbKIzLZv0\image_1.jpg,Maseru,Semphetenyane,train,1,1,Garden,Garden,Family,Family,Good,Good
propmarket-l5AZS5MGZGzwtbKIzLZv0,propmarket,2,C:\Users\lepha\Documents\Codex\Real Estate System\generated\images\live\propmarket\propmarket-l5AZS5MGZGzwtbKIzLZv0\image_2.jpg,Maseru,Semphetenyane,train,1,1,Garden,Garden,Family,Family,Good,Good
propmarket-l5AZS5MGZGzwtbKIzLZv0,propmarket,3,C:\Users\lepha\Documents\Codex\Real Estate System\generated\images\live\propmarket\propmarket-l5AZS5MGZGzwtbKIzLZv0\image_3.jpg,Maseru,Semphetenyane,train,1,1,Garden,Garden,Family,Family,Good,Good
propmarket-l5AZS5MGZGzwtbKIzLZv0,propmarket,4,C:\Users\lepha\Documents\Codex\Real Estate System\generated\images\live\propmarket\propmarket-l5AZS5MGZGzwtbKIzLZv0\image_4.jpg,Maseru,Semphetenyane,train,1,1,Garden,Garden,Family,Family,Good,Good
propmarket-l5AZS5MGZGzwtbKIzLZv0,propmarket,5,C:\Users\lepha\Documents\Codex\Real Estate System\generated\images\live\propmarket\propmarket-l5AZS5MGZGzwtbKIzLZv0\image_5.jpg,Maseru,Semphetenyane,train,1,1,Garden,Garden,Family,Family,Good,Good
propmarket-ja9gqmVOVSWsiUiMvnC4D,propmarket,1,C:\Users\lepha\Documents\Codex\Real Estate System\generated\images\live\propmarket\propmarket-ja9gqmVOVSWsiUiMvnC4D\image_1.jpg,Berea,Berea District,test,3,2,Suburban,Urban,Traditional,Traditional,Good,Good
propmarket-ja9gqmVOVSWsiUiMvnC4D,propmarket,2,C:\Users\lepha\Documents\Codex\Real Estate System\generated\images\live\propmarket\propmarket-ja9gqmVOVSWsiUiMvnC4D\image_2.jpg,Berea,Berea District,test,3,1,Suburban,Suburban,Traditional,Traditional,Good,Good
propmarket-ja9gqmVOVSWsiUiMvnC4D,propmarket,3,C:\Users\lepha\Documents\Codex\Real Estate System\generated\images\live\propmarket\propmarket-ja9gqmVOVSWsiUiMvnC4D\image_3.jpg,Berea,Berea District,test,3,1,Suburban,Urban,Traditional,Traditional,Good,Good
propmarket-ja9gqmVOVSWsiUiMvnC4D,propmarket,4,C:\Users\lepha\Documents\Codex\Real Estate System\generated\images\live\propmarket\propmarket-ja9gqmVOVSWsiUiMvnC4D\image_4.jpg,Berea,Berea District,test,3,2,Suburban,Suburban,Traditional,Family,Good,Good
propmarket-koAjyqx2CBEE9cLC1YdK7,propmarket,1,C:\Users\lepha\Documents\Codex\Real Estate System\generated\images\live\propmarket\propmarket-koAjyqx2CBEE9cLC1YdK7\image_1.jpg,Leribe,Ha Maqele,val,2,2,Suburban,Urban,Traditional,Traditional,Good,Good
propmarket-koAjyqx2CBEE9cLC1YdK7,propmarket,2,C:\Users\lepha\Documents\Codex\Real Estate System\generated\images\live\propmarket\propmarket-koAjyqx2CBEE9cLC1YdK7\image_2.jpg,Leribe,Ha Maqele,val,2,2,Suburban,Suburban,Traditional,Traditional,Good,Good
propmarket-XvIngChWMiLyNmmUYOK-8,propmarket,1,C:\Users\lepha\Documents\Codex\Real Estate System\generated\images\live\propmarket\propmarket-XvIngChWMiLyNmmUYOK-8\image_1.jpg,Maseru,Upper Thamae,train,4,4,Suburban,Urban,Traditional,Family,Good,Good
propmarket-XvIngChWMiLyNmmUYOK-8,propmarket,2,C:\Users\lepha\Documents\Codex\Real Estate System\generated\images\live\propmarket\propmarket-XvIngChWMiLyNmmUYOK-8\image_2.jpg,Maseru,Upper Thamae,train,4,3,Suburban,Garden,Traditional,Family,Good,Good
propmarket-XvIngChWMiLyNmmUYOK-8,propmarket,3,C:\Users\lepha\Documents\Codex\Real Estate System\generated\images\live\propmarket\propmarket-XvIngChWMiLyNmmUYOK-8\image_3.jpg,Maseru,Upper Thamae,train,4,4,Suburban,Urban,Traditional,Traditional,Good,Good
propmarket-XvIngChWMiLyNmmUYOK-8,propmarket,4,C:\Users\lepha\Documents\Codex\Real Estate System\generated\images\live\propmarket\propmarket-XvIngChWMiLyNmmUYOK-8\image_4.jpg,Maseru,Upper Thamae,train,4,4,Suburban,Urban,Traditional,Family,Good,Good
propmarket-KMeb_ngqmeHEhth1Ue1eQ,propmarket,1,C:\Users\lepha\Documents\Codex\Real Estate System\generated\images\live\propmarket\propmarket-KMeb_ngqmeHEhth1Ue1eQ\image_1.jpg,Maseru,Ha Tsolo,train,3,2,Suburban,Suburban,Traditional,Traditional,Good,Good
propmarket-KMeb_ngqmeHEhth1Ue1eQ,propmarket,2,C:\Users\lepha\Documents\Codex\Real Estate System\generated\images\live\propmarket\propmarket-KMeb_ngqmeHEhth1Ue1eQ\image_2.jpg,Maseru,Ha Tsolo,train,3,1,Suburban,Garden,Traditional,Family,Good,Good
propmarket-KMeb_ngqmeHEhth1Ue1eQ,propmarket,3,C:\Users\lepha\Documents\Codex\Real Estate System\generated\images\live\propmarket\propmarket-KMeb_ngqmeHEhth1Ue1eQ\image_3.jpg,Maseru,Ha Tsolo,train,3,2,Suburban,Urban,Traditional,Traditional,Good,Good
propmarket-KMeb_ngqmeHEhth1Ue1eQ,propmarket,4,C:\Users\lepha\Documents\Codex\Real Estate System\generated\images\live\propmarket\propmarket-KMeb_ngqmeHEhth1Ue1eQ\image_4.jpg,Maseru,Ha Tsolo,train,3,3,Suburban,Garden,Traditional,Family,Good,Good
propmarket-KMeb_ngqmeHEhth1Ue1eQ,propmarket,5,C:\Users\lepha\Documents\Codex\Real Estate System\generated\images\live\propmarket\propmarket-KMeb_ngqmeHEhth1Ue1eQ\image_5.jpg,Maseru,Ha Tsolo,train,3,1,Suburban,Garden,Traditional,Family,Good,Good
propmarket-Y05g7baITID25N3SEnYbU,propmarket,1,C:\Users\lepha\Documents\Codex\Real Estate System\generated\images\live\propmarket\propmarket-Y05g7baITID25N3SEnYbU\image_1.jpg,Berea,Ha Molemane (teyateyaneng),val,4,1,Suburban,Suburban,Traditional,Traditional,Good,Good
propmarket-Y05g7baITID25N3SEnYbU,propmarket,2,C:\Users\lepha\Documents\Codex\Real Estate System\generated\images\live\propmarket\propmarket-Y05g7baITID25N3SEnYbU\image_2.jpg,Berea,Ha Molemane (teyateyaneng),val,4,4,Suburban,Suburban,Traditional,Traditional,Good,Good
propmarket-Y05g7baITID25N3SEnYbU,propmarket,3,C:\Users\lepha\Documents\Codex\Real Estate System\generated\images\live\propmarket\propmarket-Y05g7baITID25N3SEnYbU\image_3.jpg,Berea,Ha Molemane (teyateyaneng),val,4,2,Suburban,Urban,Traditional,Traditional,Good,Good
propmarket-Y05g7baITID25N3SEnYbU,propmarket,4,C:\Users\lepha\Documents\Codex\Real Estate System\generated\images\live\propmarket\propmarket-Y05g7baITID25N3SEnYbU\image_4.jpg,Berea,Ha Molemane (teyateyaneng),val,4,4,Suburban,Urban,Traditional,Family,Good,Good
propmarket-Y05g7baITID25N3SEnYbU,propmarket,5,C:\Users\lepha\Documents\Codex\Real Estate System\generated\images\live\propmarket\propmarket-Y05g7baITID25N3SEnYbU\image_5.jpg,Berea,Ha Molemane (teyateyaneng),val,4,1,Suburban,Suburban,Traditional,Family,Good,Good
propmarket-a-9XGDaOdmtAmWzmx-Om7,propmarket,1,C:\Users\lepha\Documents\Codex\Real Estate System\generated\images\live\propmarket\propmarket-a-9XGDaOdmtAmWzmx-Om7\image_1.jpg,Maseru,Thetsane West,train,5+,5+,Suburban,Suburban,Traditional,Traditional,Good,Good
propmarket-a-9XGDaOdmtAmWzmx-Om7,propmarket,2,C:\Users\lepha\Documents\Codex\Real Estate System\generated\images\live\propmarket\propmarket-a-9XGDaOdmtAmWzmx-Om7\image_2.jpg,Maseru,Thetsane West,train,5+,5+,Suburban,Suburban,Traditional,Modern,Good,Good
propmarket-a-9XGDaOdmtAmWzmx-Om7,propmarket,3,C:\Users\lepha\Documents\Codex\Real Estate System\generated\images\live\propmarket\propmarket-a-9XGDaOdmtAmWzmx-Om7\image_3.jpg,Maseru,Thetsane West,train,5+,3,Suburban,Garden,Traditional,Family,Good,Good
propmarket-a-9XGDaOdmtAmWzmx-Om7,propmarket,4,C:\Users\lepha\Documents\Codex\Real Estate System\generated\images\live\propmarket\propmarket-a-9XGDaOdmtAmWzmx-Om7\image_4.jpg,Maseru,Thetsane West,train,5+,5+,Suburban,Suburban,Traditional,Traditional,Good,Good
propmarket-a-9XGDaOdmtAmWzmx-Om7,propmarket,5,C:\Users\lepha\Documents\Codex\Real Estate System\generated\images\live\propmarket\propmarket-a-9XGDaOdmtAmWzmx-Om7\image_5.jpg,Maseru,Thetsane West,train,5+,3,Suburban,Urban,Traditional,Modern,Good,New
propmarket-Wbem7ToH5hoGekMnXfujX,propmarket,1,C:\Users\lepha\Documents\Codex\Real Estate System\generated\images\live\propmarket\propmarket-Wbem7ToH5hoGekMnXfujX\image_1.jpg,Maseru,Thetsane,train,3,3,Suburban,Suburban,Traditional,Traditional,Good,Good
propmarket-Wbem7ToH5hoGekMnXfujX,propmarket,2,C:\Users\lepha\Documents\Codex\Real Estate System\generated\images\live\propmarket\propmarket-Wbem7ToH5hoGekMnXfujX\image_2.jpg,Maseru,Thetsane,train,3,3,Suburban,Hillside,Traditional,Traditional,Good,Good
propmarket-Wbem7ToH5hoGekMnXfujX,propmarket,3,C:\Users\lepha\Documents\Codex\Real Estate System\generated\images\live\propmarket\propmarket-Wbem7ToH5hoGekMnXfujX\image_3.jpg,Maseru,Thetsane,train,3,5+,Suburban,Suburban,Traditional,Traditional,Good,Good
propmarket-Wbem7ToH5hoGekMnXfujX,propmarket,4,C:\Users\lepha\Documents\Codex\Real Estate System\generated\images\live\propmarket\propmarket-Wbem7ToH5hoGekMnXfujX\image_4.jpg,Maseru,Thetsane,train,3,3,Suburban,Urban,Traditional,Modern,Good,New
propmarket-Wbem7ToH5hoGekMnXfujX,propmarket,5,C:\Users\lepha\Documents\Codex\Real Estate System\generated\images\live\propmarket\propmarket-Wbem7ToH5hoGekMnXfujX\image_5.png,Maseru,Thetsane,train,3,1,Suburban,Hillside,Traditional,Traditional,Good,Good
propmarket-4YZkI1yISxnPgV90pw5YJ,propmarket,1,C:\Users\lepha\Documents\Codex\Real Estate System\generated\images\live\propmarket\propmarket-4YZkI1yISxnPgV90pw5YJ\image_1.jpg,Maseru,Qoaling,train,2,2,Urban,Urban,Traditional,Traditional,Good,Good
propmarket-4YZkI1yISxnPgV90pw5YJ,propmarket,2,C:\Users\lepha\Documents\Codex\Real Estate System\generated\images\live\propmarket\propmarket-4YZkI1yISxnPgV90pw5YJ\image_2.jpg,Maseru,Qoaling,train,2,2,Urban,Urban,Traditional,Traditional,Good,Good
propmarket-4YZkI1yISxnPgV90pw5YJ,propmarket,3,C:\Users\lepha\Documents\Codex\Real Estate System\generated\images\live\propmarket\propmarket-4YZkI1yISxnPgV90pw5YJ\image_3.jpg,Maseru,Qoaling,train,2,2,Urban,Urban,Traditional,Traditional,Good,Good
propmarket-ejZaTI8NyE8VAUyPV9DyB,propmarket,1,C:\Users\lepha\Documents\Codex\Real Estate System\generated\images\live\propmarket\propmarket-ejZaTI8NyE8VAUyPV9DyB\image_1.jpg,Berea,Naleli,train,2,2,Suburban,Urban,Traditional,Traditional,Good,Good
propmarket-ejZaTI8NyE8VAUyPV9DyB,propmarket,2,C:\Users\lepha\Documents\Codex\Real Estate System\generated\images\live\propmarket\propmarket-ejZaTI8NyE8VAUyPV9DyB\image_2.jpg,Berea,Naleli,train,2,2,Suburban,Urban,Traditional,Traditional,Good,Good
propmarket-ejZaTI8NyE8VAUyPV9DyB,propmarket,3,C:\Users\lepha\Documents\Codex\Real Estate System\generated\images\live\propmarket\propmarket-ejZaTI8NyE8VAUyPV9DyB\image_3.jpg,Berea,Naleli,train,2,2,Suburban,Suburban,Traditional,Traditional,Good,Good
propmarket-j3HHabaZk5jju5KGPI3hO,propmarket,1,C:\Users\lepha\Documents\Codex\Real Estate System\generated\images\live\propmarket\propmarket-j3HHabaZk5jju5KGPI3hO\image_1.jpg,Maseru,Ha Makhoathi,test,2,2,Suburban,Suburban,Traditional,Traditional,Good,Good
propmarket-j3HHabaZk5jju5KGPI3hO,propmarket,2,C:\Users\lepha\Documents\Codex\Real Estate System\generated\images\live\propmarket\propmarket-j3HHabaZk5jju5KGPI3hO\image_2.jpg,Maseru,Ha Makhoathi,test,2,3,Suburban,Suburban,Traditional,Traditional,Good,Good
propmarket--PU4IsWuHBzS_p3BbNzHc,propmarket,1,C:\Users\lepha\Documents\Codex\Real Estate System\generated\images\live\propmarket\propmarket--PU4IsWuHBzS_p3BbNzHc\image_1.jpg,Maseru,Thetsane,train,4,3,Suburban,Urban,Traditional,Traditional,Good,Good
propmarket--PU4IsWuHBzS_p3BbNzHc,propmarket,2,C:\Users\lepha\Documents\Codex\Real Estate System\generated\images\live\propmarket\propmarket--PU4IsWuHBzS_p3BbNzHc\image_2.jpg,Maseru,Thetsane,train,4,2,Suburban,Suburban,Traditional,Traditional,Good,Good
propmarket--PU4IsWuHBzS_p3BbNzHc,propmarket,3,C:\Users\lepha\Documents\Codex\Real Estate System\generated\images\live\propmarket\propmarket--PU4IsWuHBzS_p3BbNzHc\image_3.jpg,Maseru,Thetsane,train,4,4,Suburban,Urban,Traditional,Traditional,Good,Good
propmarket--PU4IsWuHBzS_p3BbNzHc,propmarket,4,C:\Users\lepha\Documents\Codex\Real Estate System\generated\images\live\propmarket\propmarket--PU4IsWuHBzS_p3BbNzHc\image_4.jpg,Maseru,Thetsane,train,4,4,Suburban,Urban,Traditional,Family,Good,Good
propmarket--PU4IsWuHBzS_p3BbNzHc,propmarket,5,C:\Users\lepha\Documents\Codex\Real Estate System\generated\images\live\propmarket\propmarket--PU4IsWuHBzS_p3BbNzHc\image_5.jpg,Maseru,Thetsane,train,4,3,Suburban,Urban,Traditional,Modern,Good,New
propmarket-mSDkRG2KzsLtG8Si11Z3M,propmarket,1,C:\Users\lepha\Documents\Codex\Real Estate System\generated\images\live\propmarket\propmarket-mSDkRG2KzsLtG8Si11Z3M\image_1.jpg,Berea,Khubetsoana,val,5+,2,Urban,Hillside,Traditional,Traditional,Good,Good
propmarket-mSDkRG2KzsLtG8Si11Z3M,propmarket,2,C:\Users\lepha\Documents\Codex\Real Estate System\generated\images\live\propmarket\propmarket-mSDkRG2KzsLtG8Si11Z3M\image_2.jpg,Berea,Khubetsoana,val,5+,3,Urban,Hillside,Traditional,Traditional,Good,Good
propmarket-mSDkRG2KzsLtG8Si11Z3M,propmarket,3,C:\Users\lepha\Documents\Codex\Real Estate System\generated\images\live\propmarket\propmarket-mSDkRG2KzsLtG8Si11Z3M\image_3.jpg,Berea,Khubetsoana,val,5+,1,Urban,Urban,Traditional,Traditional,Good,Good
propmarket-mSDkRG2KzsLtG8Si11Z3M,propmarket,4,C:\Users\lepha\Documents\Codex\Real Estate System\generated\images\live\propmarket\propmarket-mSDkRG2KzsLtG8Si11Z3M\image_4.jpg,Berea,Khubetsoana,val,5+,1,Urban,Suburban,Traditional,Traditional,Good,Good
propmarket-mSDkRG2KzsLtG8Si11Z3M,propmarket,5,C:\Users\lepha\Documents\Codex\Real Estate System\generated\images\live\propmarket\propmarket-mSDkRG2KzsLtG8Si11Z3M\image_5.png,Berea,Khubetsoana,val,5+,2,Urban,Urban,Traditional,Traditional,Good,Good
propmarket-aM6ckUqUTQAeCrVffUgXP,propmarket,1,C:\Users\lepha\Documents\Codex\Real Estate System\generated\images\live\propmarket\propmarket-aM6ckUqUTQAeCrVffUgXP\image_1.jpg,Maseru,Masowe 1b Secondary School,train,3,3,Hillside,Hillside,Traditional,Traditional,Good,Good
propmarket-aM6ckUqUTQAeCrVffUgXP,propmarket,2,C:\Users\lepha\Documents\Codex\Real Estate System\generated\images\live\propmarket\propmarket-aM6ckUqUTQAeCrVffUgXP\image_2.jpg,Maseru,Masowe 1b Secondary School,train,3,3,Hillside,Hillside,Traditional,Traditional,Good,Good
propmarket-aM6ckUqUTQAeCrVffUgXP,propmarket,3,C:\Users\lepha\Documents\Codex\Real Estate System\generated\images\live\propmarket\propmarket-aM6ckUqUTQAeCrVffUgXP\image_3.jpg,Maseru,Masowe 1b Secondary School,train,3,3,Hillside,Hillside,Traditional,Traditional,Good,Good
propmarket-aM6ckUqUTQAeCrVffUgXP,propmarket,4,C:\Users\lepha\Documents\Codex\Real Estate System\generated\images\live\propmarket\propmarket-aM6ckUqUTQAeCrVffUgXP\image_4.jpg,Maseru,Masowe 1b Secondary School,train,3,3,Hillside,Urban,Traditional,Modern,Good,New
propmarket-aM6ckUqUTQAeCrVffUgXP,propmarket,5,C:\Users\lepha\Documents\Codex\Real Estate System\generated\images\live\propmarket\propmarket-aM6ckUqUTQAeCrVffUgXP\image_5.png,Maseru,Masowe 1b Secondary School,train,3,1,Hillside,Hillside,Traditional,Traditional,Good,Good
propmarket-2bF-CRw-e4qKdo-eLRCBo,propmarket,1,C:\Users\lepha\Documents\Codex\Real Estate System\generated\images\live\propmarket\propmarket-2bF-CRw-e4qKdo-eLRCBo\image_1.jpg,Maseru,Thaba Bosiu,train,2,2,Suburban,Suburban,Traditional,Traditional,Good,New
propmarket-2bF-CRw-e4qKdo-eLRCBo,propmarket,2,C:\Users\lepha\Documents\Codex\Real Estate System\generated\images\live\propmarket\propmarket-2bF-CRw-e4qKdo-eLRCBo\image_2.jpg,Maseru,Thaba Bosiu,train,2,2,Suburban,Urban,Traditional,Family,Good,Good
propmarket-DrJCrRkJw95EXBdhYcmvv,propmarket,1,C:\Users\lepha\Documents\Codex\Real Estate System\generated\images\live\propmarket\propmarket-DrJCrRkJw95EXBdhYcmvv\image_1.jpg,Maseru,Makhoakhoeng,test,4,3,Garden,Garden,Family,Family,Good,Good
propmarket-DrJCrRkJw95EXBdhYcmvv,propmarket,2,C:\Users\lepha\Documents\Codex\Real Estate System\generated\images\live\propmarket\propmarket-DrJCrRkJw95EXBdhYcmvv\image_2.jpg,Maseru,Makhoakhoeng,test,4,5+,Garden,Suburban,Family,Family,Good,Good
propmarket-DrJCrRkJw95EXBdhYcmvv,propmarket,3,C:\Users\lepha\Documents\Codex\Real Estate System\generated\images\live\propmarket\propmarket-DrJCrRkJw95EXBdhYcmvv\image_3.jpg,Maseru,Makhoakhoeng,test,4,3,Garden,Hillside,Family,Traditional,Good,Good
propmarket-DrJCrRkJw95EXBdhYcmvv,propmarket,4,C:\Users\lepha\Documents\Codex\Real Estate System\generated\images\live\propmarket\propmarket-DrJCrRkJw95EXBdhYcmvv\image_4.jpg,Maseru,Makhoakhoeng,test,4,3,Garden,Garden,Family,Family,Good,Good
propmarket-DrJCrRkJw95EXBdhYcmvv,propmarket,5,C:\Users\lepha\Documents\Codex\Real Estate System\generated\images\live\propmarket\propmarket-DrJCrRkJw95EXBdhYcmvv\image_5.jpg,Maseru,Makhoakhoeng,test,4,3,Garden,Urban,Family,Modern,Good,New
propmarket-eKtZPqpFnWagM96VvdNEm,propmarket,1,C:\Users\lepha\Documents\Codex\Real Estate System\generated\images\live\propmarket\propmarket-eKtZPqpFnWagM96VvdNEm\image_1.jpg,Berea,Khubetsoana,train,2,2,Suburban,Hillside,Traditional,Traditional,Good,New
propmarket-eKtZPqpFnWagM96VvdNEm,propmarket,2,C:\Users\lepha\Documents\Codex\Real Estate System\generated\images\live\propmarket\propmarket-eKtZPqpFnWagM96VvdNEm\image_2.jpg,Berea,Khubetsoana,train,2,2,Suburban,Urban,Traditional,Traditional,Good,New
propmarket-eKtZPqpFnWagM96VvdNEm,propmarket,3,C:\Users\lepha\Documents\Codex\Real Estate System\generated\images\live\propmarket\propmarket-eKtZPqpFnWagM96VvdNEm\image_3.jpg,Berea,Khubetsoana,train,2,3,Suburban,Garden,Traditional,Family,Good,Good
propmarket-eKtZPqpFnWagM96VvdNEm,propmarket,4,C:\Users\lepha\Documents\Codex\Real Estate System\generated\images\live\propmarket\propmarket-eKtZPqpFnWagM96VvdNEm\image_4.jpg,Berea,Khubetsoana,train,2,3,Suburban,Garden,Traditional,Family,Good,Good
propmarket-eKtZPqpFnWagM96VvdNEm,propmarket,5,C:\Users\lepha\Documents\Codex\Real Estate System\generated\images\live\propmarket\propmarket-eKtZPqpFnWagM96VvdNEm\image_5.jpg,Berea,Khubetsoana,train,2,3,Suburban,Urban,Traditional,Modern,Good,New
propmarket-_7r_OHVPYyShfQ4a1C5iR,propmarket,1,C:\Users\lepha\Documents\Codex\Real Estate System\generated\images\live\propmarket\propmarket-_7r_OHVPYyShfQ4a1C5iR\image_1.jpg,Maseru,Matebeleng (ha Penapena),train,3,3,Urban,Urban,Traditional,Family,Good,Good
propmarket-_7r_OHVPYyShfQ4a1C5iR,propmarket,2,C:\Users\lepha\Documents\Codex\Real Estate System\generated\images\live\propmarket\propmarket-_7r_OHVPYyShfQ4a1C5iR\image_2.jpg,Maseru,Matebeleng (ha Penapena),train,3,3,Urban,Urban,Traditional,Traditional,Good,New
propmarket-_7r_OHVPYyShfQ4a1C5iR,propmarket,3,C:\Users\lepha\Documents\Codex\Real Estate System\generated\images\live\propmarket\propmarket-_7r_OHVPYyShfQ4a1C5iR\image_3.jpg,Maseru,Matebeleng (ha Penapena),train,3,3,Urban,Urban,Traditional,Family,Good,Good
propmarket-_7r_OHVPYyShfQ4a1C5iR,propmarket,4,C:\Users\lepha\Documents\Codex\Real Estate System\generated\images\live\propmarket\propmarket-_7r_OHVPYyShfQ4a1C5iR\image_4.jpg,Maseru,Matebeleng (ha Penapena),train,3,2,Urban,Urban,Traditional,Traditional,Good,Good
propmarket-_7r_OHVPYyShfQ4a1C5iR,propmarket,5,C:\Users\lepha\Documents\Codex\Real Estate System\generated\images\live\propmarket\propmarket-_7r_OHVPYyShfQ4a1C5iR\image_5.jpg,Maseru,Matebeleng (ha Penapena),train,3,3,Urban,Urban,Traditional,Modern,Good,New
propmarket-O7-7uG7XBPFqSDMvjAK-q,propmarket,1,C:\Users\lepha\Documents\Codex\Real Estate System\generated\images\live\propmarket\propmarket-O7-7uG7XBPFqSDMvjAK-q\image_1.jpg,Maseru,Mazenod,train,3,3,Hillside,Hillside,Traditional,Traditional,Good,Good
propmarket-O7-7uG7XBPFqSDMvjAK-q,propmarket,2,C:\Users\lepha\Documents\Codex\Real Estate System\generated\images\live\propmarket\propmarket-O7-7uG7XBPFqSDMvjAK-q\image_2.jpg,Maseru,Mazenod,train,3,3,Hillside,Hillside,Traditional,Traditional,Good,Good
propmarket-O7-7uG7XBPFqSDMvjAK-q,propmarket,3,C:\Users\lepha\Documents\Codex\Real Estate System\generated\images\live\propmarket\propmarket-O7-7uG7XBPFqSDMvjAK-q\image_3.jpg,Maseru,Mazenod,train,3,3,Hillside,Hillside,Traditional,Traditional,Good,Good
propmarket-O7-7uG7XBPFqSDMvjAK-q,propmarket,4,C:\Users\lepha\Documents\Codex\Real Estate System\generated\images\live\propmarket\propmarket-O7-7uG7XBPFqSDMvjAK-q\image_4.jpg,Maseru,Mazenod,train,3,3,Hillside,Urban,Traditional,Modern,Good,New
propmarket-O7-7uG7XBPFqSDMvjAK-q,propmarket,5,C:\Users\lepha\Documents\Codex\Real Estate System\generated\images\live\propmarket\propmarket-O7-7uG7XBPFqSDMvjAK-q\image_5.png,Maseru,Mazenod,train,3,1,Hillside,Hillside,Traditional,Traditional,Good,Good
propmarket-mL1cMvyeAV8Y4eLF-1eKx,propmarket,1,C:\Users\lepha\Documents\Codex\Real Estate System\generated\images\live\propmarket\propmarket-mL1cMvyeAV8Y4eLF-1eKx\image_1.jpg,Maseru,Thetsane,val,4,3,Suburban,Urban,Traditional,Traditional,Good,Good
propmarket-mL1cMvyeAV8Y4eLF-1eKx,propmarket,2,C:\Users\lepha\Documents\Codex\Real Estate System\generated\images\live\propmarket\propmarket-mL1cMvyeAV8Y4eLF-1eKx\image_2.jpg,Maseru,Thetsane,val,4,3,Suburban,Urban,Traditional,Traditional,Good,New
propmarket-mL1cMvyeAV8Y4eLF-1eKx,propmarket,3,C:\Users\lepha\Documents\Codex\Real Estate System\generated\images\live\propmarket\propmarket-mL1cMvyeAV8Y4eLF-1eKx\image_3.jpg,Maseru,Thetsane,val,4,4,Suburban,Urban,Traditional,Traditional,Good,New
propmarket-mL1cMvyeAV8Y4eLF-1eKx,propmarket,4,C:\Users\lepha\Documents\Codex\Real Estate System\generated\images\live\propmarket\propmarket-mL1cMvyeAV8Y4eLF-1eKx\image_4.jpg,Maseru,Thetsane,val,4,3,Suburban,Urban,Traditional,Family,Good,Good
propmarket-mL1cMvyeAV8Y4eLF-1eKx,propmarket,5,C:\Users\lepha\Documents\Codex\Real Estate System\generated\images\live\propmarket\propmarket-mL1cMvyeAV8Y4eLF-1eKx\image_5.jpg,Maseru,Thetsane,val,4,3,Suburban,Urban,Traditional,Modern,Good,New
propmarket-T35gU6I6C2_rb4DisUUSd,propmarket,1,C:\Users\lepha\Documents\Codex\Real Estate System\generated\images\live\propmarket\propmarket-T35gU6I6C2_rb4DisUUSd\image_1.jpg,Berea,Mapoteng,train,2,2,Urban,Urban,Traditional,Traditional,Good,Good
propmarket-T35gU6I6C2_rb4DisUUSd,propmarket,2,C:\Users\lepha\Documents\Codex\Real Estate System\generated\images\live\propmarket\propmarket-T35gU6I6C2_rb4DisUUSd\image_2.png,Berea,Mapoteng,train,2,2,Urban,Urban,Traditional,Traditional,Good,Good
propmarket-YC3XPozCJANd8OtWIG21M,propmarket,1,C:\Users\lepha\Documents\Codex\Real Estate System\generated\images\live\propmarket\propmarket-YC3XPozCJANd8OtWIG21M\image_1.jpg,Maseru,Masowe 2,train,3,3,Urban,Garden,Traditional,Family,Good,Good
propmarket-YC3XPozCJANd8OtWIG21M,propmarket,2,C:\Users\lepha\Documents\Codex\Real Estate System\generated\images\live\propmarket\propmarket-YC3XPozCJANd8OtWIG21M\image_2.jpg,Maseru,Masowe 2,train,3,3,Urban,Garden,Traditional,Family,Good,Good
propmarket-YC3XPozCJANd8OtWIG21M,propmarket,3,C:\Users\lepha\Documents\Codex\Real Estate System\generated\images\live\propmarket\propmarket-YC3XPozCJANd8OtWIG21M\image_3.jpg,Maseru,Masowe 2,train,3,4,Urban,Urban,Traditional,Traditional,Good,Good
propmarket-YC3XPozCJANd8OtWIG21M,propmarket,4,C:\Users\lepha\Documents\Codex\Real Estate System\generated\images\live\propmarket\propmarket-YC3XPozCJANd8OtWIG21M\image_4.jpg,Maseru,Masowe 2,train,3,3,Urban,Urban,Traditional,Family,Good,Good
propmarket-QKGMw79wnUuLy3qo91gUp,propmarket,1,C:\Users\lepha\Documents\Codex\Real Estate System\generated\images\live\propmarket\propmarket-QKGMw79wnUuLy3qo91gUp\image_1.jpg,Mohale's Hoek,Mohale's Hoek District,test,3,4,Hillside,Suburban,Traditional,Modern,Good,New
propmarket-QKGMw79wnUuLy3qo91gUp,propmarket,2,C:\Users\lepha\Documents\Codex\Real Estate System\generated\images\live\propmarket\propmarket-QKGMw79wnUuLy3qo91gUp\image_2.jpg,Mohale's Hoek,Mohale's Hoek District,test,3,3,Hillside,Garden,Traditional,Family,Good,Good
propmarket-QKGMw79wnUuLy3qo91gUp,propmarket,3,C:\Users\lepha\Documents\Codex\Real Estate System\generated\images\live\propmarket\propmarket-QKGMw79wnUuLy3qo91gUp\image_3.jpg,Mohale's Hoek,Mohale's Hoek District,test,3,3,Hillside,Hillside,Traditional,Modern,Good,New
propmarket-QKGMw79wnUuLy3qo91gUp,propmarket,4,C:\Users\lepha\Documents\Codex\Real Estate System\generated\images\live\propmarket\propmarket-QKGMw79wnUuLy3qo91gUp\image_4.jpg,Mohale's Hoek,Mohale's Hoek District,test,3,3,Hillside,Garden,Traditional,Family,Good,Good
propmarket-QKGMw79wnUuLy3qo91gUp,propmarket,5,C:\Users\lepha\Documents\Codex\Real Estate System\generated\images\live\propmarket\propmarket-QKGMw79wnUuLy3qo91gUp\image_5.jpg,Mohale's Hoek,Mohale's Hoek District,test,3,3,Hillside,Urban,Traditional,Modern,Good,New
propmarket-K4RC6E05MYaUlpJjvzZrs,propmarket,1,C:\Users\lepha\Documents\Codex\Real Estate System\generated\images\live\propmarket\propmarket-K4RC6E05MYaUlpJjvzZrs\image_1.jpg,Maseru,Mazenod,test,3,2,Urban,Urban,Family,Traditional,Good,Good
propmarket-K4RC6E05MYaUlpJjvzZrs,propmarket,2,C:\Users\lepha\Documents\Codex\Real Estate System\generated\images\live\propmarket\propmarket-K4RC6E05MYaUlpJjvzZrs\image_2.jpg,Maseru,Mazenod,test,3,2,Urban,Hillside,Family,Traditional,Good,Good
propmarket-K4RC6E05MYaUlpJjvzZrs,propmarket,3,C:\Users\lepha\Documents\Codex\Real Estate System\generated\images\live\propmarket\propmarket-K4RC6E05MYaUlpJjvzZrs\image_3.jpg,Maseru,Mazenod,test,3,4,Urban,Urban,Family,Traditional,Good,Good
propmarket-K4RC6E05MYaUlpJjvzZrs,propmarket,4,C:\Users\lepha\Documents\Codex\Real Estate System\generated\images\live\propmarket\propmarket-K4RC6E05MYaUlpJjvzZrs\image_4.jpg,Maseru,Mazenod,test,3,3,Urban,Urban,Family,Modern,Good,New
propmarket-K4RC6E05MYaUlpJjvzZrs,propmarket,5,C:\Users\lepha\Documents\Codex\Real Estate System\generated\images\live\propmarket\propmarket-K4RC6E05MYaUlpJjvzZrs\image_5.png,Maseru,Mazenod,test,3,1,Urban,Hillside,Family,Traditional,Good,Good
propmarket-IGB_u0NO-YdMcU2P4Y5gn,propmarket,1,C:\Users\lepha\Documents\Codex\Real Estate System\generated\images\live\propmarket\propmarket-IGB_u0NO-YdMcU2P4Y5gn\image_1.jpg,Maseru,Katlehong,train,3,3,Garden,Garden,Family,Family,Good,Good
propmarket-IGB_u0NO-YdMcU2P4Y5gn,propmarket,2,C:\Users\lepha\Documents\Codex\Real Estate System\generated\images\live\propmarket\propmarket-IGB_u0NO-YdMcU2P4Y5gn\image_2.jpg,Maseru,Katlehong,train,3,3,Garden,Garden,Family,Family,Good,Good
propmarket-IGB_u0NO-YdMcU2P4Y5gn,propmarket,3,C:\Users\lepha\Documents\Codex\Real Estate System\generated\images\live\propmarket\propmarket-IGB_u0NO-YdMcU2P4Y5gn\image_3.jpg,Maseru,Katlehong,train,3,3,Garden,Garden,Family,Family,Good,Good
propmarket-IGB_u0NO-YdMcU2P4Y5gn,propmarket,4,C:\Users\lepha\Documents\Codex\Real Estate System\generated\images\live\propmarket\propmarket-IGB_u0NO-YdMcU2P4Y5gn\image_4.jpg,Maseru,Katlehong,train,3,3,Garden,Garden,Family,Family,Good,Good
propmarket-IGB_u0NO-YdMcU2P4Y5gn,propmarket,5,C:\Users\lepha\Documents\Codex\Real Estate System\generated\images\live\propmarket\propmarket-IGB_u0NO-YdMcU2P4Y5gn\image_5.jpg,Maseru,Katlehong,train,3,3,Garden,Urban,Family,Modern,Good,New
propmarket-T54rOIcncaagQdinoCkYX,propmarket,1,C:\Users\lepha\Documents\Codex\Real Estate System\generated\images\live\propmarket\propmarket-T54rOIcncaagQdinoCkYX\image_1.jpg,Maseru,1 Unit,train,3,3,Garden,Garden,Modern,Modern,New,New
propmarket-T54rOIcncaagQdinoCkYX,propmarket,2,C:\Users\lepha\Documents\Codex\Real Estate System\generated\images\live\propmarket\propmarket-T54rOIcncaagQdinoCkYX\image_2.jpg,Maseru,1 Unit,train,3,3,Garden,Garden,Modern,Modern,New,New
propmarket-T54rOIcncaagQdinoCkYX,propmarket,3,C:\Users\lepha\Documents\Codex\Real Estate System\generated\images\live\propmarket\propmarket-T54rOIcncaagQdinoCkYX\image_3.jpg,Maseru,1 Unit,train,3,3,Garden,Garden,Modern,Modern,New,New
propmarket-T54rOIcncaagQdinoCkYX,propmarket,4,C:\Users\lepha\Documents\Codex\Real Estate System\generated\images\live\propmarket\propmarket-T54rOIcncaagQdinoCkYX\image_4.jpg,Maseru,1 Unit,train,3,3,Garden,Garden,Modern,Modern,New,New
propmarket-T54rOIcncaagQdinoCkYX,propmarket,5,C:\Users\lepha\Documents\Codex\Real Estate System\generated\images\live\propmarket\propmarket-T54rOIcncaagQdinoCkYX\image_5.jpg,Maseru,1 Unit,train,3,3,Garden,Urban,Modern,Modern,New,New
propmarket-2CFUoaCIwCd1l-DFYy5P0,propmarket,1,C:\Users\lepha\Documents\Codex\Real Estate System\generated\images\live\propmarket\propmarket-2CFUoaCIwCd1l-DFYy5P0\image_1.jpg,Maseru,Thetsane West,test,3,3,Suburban,Hillside,Modern,Traditional,New,New
propmarket-2CFUoaCIwCd1l-DFYy5P0,propmarket,2,C:\Users\lepha\Documents\Codex\Real Estate System\generated\images\live\propmarket\propmarket-2CFUoaCIwCd1l-DFYy5P0\image_2.jpg,Maseru,Thetsane West,test,3,4,Suburban,Suburban,Modern,Modern,New,New
propmarket-2CFUoaCIwCd1l-DFYy5P0,propmarket,3,C:\Users\lepha\Documents\Codex\Real Estate System\generated\images\live\propmarket\propmarket-2CFUoaCIwCd1l-DFYy5P0\image_3.jpg,Maseru,Thetsane West,test,3,3,Suburban,Hillside,Modern,Traditional,New,Good
propmarket-2CFUoaCIwCd1l-DFYy5P0,propmarket,4,C:\Users\lepha\Documents\Codex\Real Estate System\generated\images\live\propmarket\propmarket-2CFUoaCIwCd1l-DFYy5P0\image_4.jpg,Maseru,Thetsane West,test,3,3,Suburban,Suburban,Modern,Family,New,Good
propmarket-2CFUoaCIwCd1l-DFYy5P0,propmarket,5,C:\Users\lepha\Documents\Codex\Real Estate System\generated\images\live\propmarket\propmarket-2CFUoaCIwCd1l-DFYy5P0\image_5.jpg,Maseru,Thetsane West,test,3,3,Suburban,Urban,Modern,Modern,New,New
propmarket-BfaRxRjhHmxMEA2e2cHGG,propmarket,1,C:\Users\lepha\Documents\Codex\Real Estate System\generated\images\live\propmarket\propmarket-BfaRxRjhHmxMEA2e2cHGG\image_1.jpg,Maseru,Maseru South,train,2,2,Urban,Urban,Traditional,Traditional,New,New
propmarket-BfaRxRjhHmxMEA2e2cHGG,propmarket,2,C:\Users\lepha\Documents\Codex\Real Estate System\generated\images\live\propmarket\propmarket-BfaRxRjhHmxMEA2e2cHGG\image_2.jpg,Maseru,Maseru South,train,2,2,Urban,Urban,Traditional,Traditional,New,New
propmarket-BfaRxRjhHmxMEA2e2cHGG,propmarket,3,C:\Users\lepha\Documents\Codex\Real Estate System\generated\images\live\propmarket\propmarket-BfaRxRjhHmxMEA2e2cHGG\image_3.jpg,Maseru,Maseru South,train,2,2,Urban,Urban,Traditional,Traditional,New,New
propmarket-QSy-moFe5DmZahW2GUmmh,propmarket,1,C:\Users\lepha\Documents\Codex\Real Estate System\generated\images\live\propmarket\propmarket-QSy-moFe5DmZahW2GUmmh\image_1.jpg,Berea,Khubetsoana,train,5+,5+,Suburban,Suburban,Traditional,Family,Good,Good
propmarket-QSy-moFe5DmZahW2GUmmh,propmarket,2,C:\Users\lepha\Documents\Codex\Real Estate System\generated\images\live\propmarket\propmarket-QSy-moFe5DmZahW2GUmmh\image_2.jpg,Berea,Khubetsoana,train,5+,5+,Suburban,Suburban,Traditional,Traditional,Good,Good
propmarket-QSy-moFe5DmZahW2GUmmh,propmarket,3,C:\Users\lepha\Documents\Codex\Real Estate System\generated\images\live\propmarket\propmarket-QSy-moFe5DmZahW2GUmmh\image_3.jpg,Berea,Khubetsoana,train,5+,5+,Suburban,Suburban,Traditional,Family,Good,Good
propmarket-QSy-moFe5DmZahW2GUmmh,propmarket,4,C:\Users\lepha\Documents\Codex\Real Estate System\generated\images\live\propmarket\propmarket-QSy-moFe5DmZahW2GUmmh\image_4.jpg,Berea,Khubetsoana,train,5+,5+,Suburban,Suburban,Traditional,Traditional,Good,Good
propmarket-QSy-moFe5DmZahW2GUmmh,propmarket,5,C:\Users\lepha\Documents\Codex\Real Estate System\generated\images\live\propmarket\propmarket-QSy-moFe5DmZahW2GUmmh\image_5.jpg,Berea,Khubetsoana,train,5+,3,Suburban,Urban,Traditional,Modern,Good,New
propmarket-wb4n0Rbvz3Y9IuKoCfUnJ,propmarket,1,C:\Users\lepha\Documents\Codex\Real Estate System\generated\images\live\propmarket\propmarket-wb4n0Rbvz3Y9IuKoCfUnJ\image_1.jpg,Maseru,Ha Tsolo,test,1,4,Urban,Urban,Traditional,Traditional,Good,Good
propmarket-wb4n0Rbvz3Y9IuKoCfUnJ,propmarket,2,C:\Users\lepha\Documents\Codex\Real Estate System\generated\images\live\propmarket\propmarket-wb4n0Rbvz3Y9IuKoCfUnJ\image_2.jpg,Maseru,Ha Tsolo,test,1,2,Urban,Urban,Traditional,Traditional,Good,Good
propmarket-wb4n0Rbvz3Y9IuKoCfUnJ,propmarket,3,C:\Users\lepha\Documents\Codex\Real Estate System\generated\images\live\propmarket\propmarket-wb4n0Rbvz3Y9IuKoCfUnJ\image_3.jpg,Maseru,Ha Tsolo,test,1,2,Urban,Suburban,Traditional,Traditional,Good,Good
propmarket-wb4n0Rbvz3Y9IuKoCfUnJ,propmarket,4,C:\Users\lepha\Documents\Codex\Real Estate System\generated\images\live\propmarket\propmarket-wb4n0Rbvz3Y9IuKoCfUnJ\image_4.jpg,Maseru,Ha Tsolo,test,1,3,Urban,Urban,Traditional,Modern,Good,New
propmarket-wb4n0Rbvz3Y9IuKoCfUnJ,propmarket,5,C:\Users\lepha\Documents\Codex\Real Estate System\generated\images\live\propmarket\propmarket-wb4n0Rbvz3Y9IuKoCfUnJ\image_5.png,Maseru,Ha Tsolo,test,1,1,Urban,Hillside,Traditional,Traditional,Good,Good
propmarket-SjwlnIr-wdhuZlpAriMhK,propmarket,1,C:\Users\lepha\Documents\Codex\Real Estate System\generated\images\live\propmarket\propmarket-SjwlnIr-wdhuZlpAriMhK\image_1.jpg,Maseru,Mazenod,val,2,2,Urban,Urban,Traditional,Traditional,Good,Good
propmarket-SjwlnIr-wdhuZlpAriMhK,propmarket,2,C:\Users\lepha\Documents\Codex\Real Estate System\generated\images\live\propmarket\propmarket-SjwlnIr-wdhuZlpAriMhK\image_2.jpg,Maseru,Mazenod,val,2,2,Urban,Hillside,Traditional,Traditional,Good,Good
propmarket-SjwlnIr-wdhuZlpAriMhK,propmarket,3,C:\Users\lepha\Documents\Codex\Real Estate System\generated\images\live\propmarket\propmarket-SjwlnIr-wdhuZlpAriMhK\image_3.jpg,Maseru,Mazenod,val,2,2,Urban,Urban,Traditional,Traditional,Good,New
propmarket-SjwlnIr-wdhuZlpAriMhK,propmarket,4,C:\Users\lepha\Documents\Codex\Real Estate System\generated\images\live\propmarket\propmarket-SjwlnIr-wdhuZlpAriMhK\image_4.jpg,Maseru,Mazenod,val,2,2,Urban,Urban,Traditional,Traditional,Good,Good
propmarket-SjwlnIr-wdhuZlpAriMhK,propmarket,5,C:\Users\lepha\Documents\Codex\Real Estate System\generated\images\live\propmarket\propmarket-SjwlnIr-wdhuZlpAriMhK\image_5.png,Maseru,Mazenod,val,2,2,Urban,Urban,Traditional,Traditional,Good,Good
propmarket-COK7x2IaR44RtYWMzf3u_,propmarket,1,C:\Users\lepha\Documents\Codex\Real Estate System\generated\images\live\propmarket\propmarket-COK7x2IaR44RtYWMzf3u_\image_1.jpg,Maseru,1 Unit,val,3,3,Garden,Urban,Family,Traditional,Good,Good
propmarket-COK7x2IaR44RtYWMzf3u_,propmarket,2,C:\Users\lepha\Documents\Codex\Real Estate System\generated\images\live\propmarket\propmarket-COK7x2IaR44RtYWMzf3u_\image_2.jpg,Maseru,1 Unit,val,3,3,Garden,Hillside,Family,Traditional,Good,Good
propmarket-COK7x2IaR44RtYWMzf3u_,propmarket,3,C:\Users\lepha\Documents\Codex\Real Estate System\generated\images\live\propmarket\propmarket-COK7x2IaR44RtYWMzf3u_\image_3.jpg,Maseru,1 Unit,val,3,3,Garden,Suburban,Family,Family,Good,Good
propmarket-COK7x2IaR44RtYWMzf3u_,propmarket,4,C:\Users\lepha\Documents\Codex\Real Estate System\generated\images\live\propmarket\propmarket-COK7x2IaR44RtYWMzf3u_\image_4.jpg,Maseru,1 Unit,val,3,2,Garden,Suburban,Family,Traditional,Good,Good
propmarket-COK7x2IaR44RtYWMzf3u_,propmarket,5,C:\Users\lepha\Documents\Codex\Real Estate System\generated\images\live\propmarket\propmarket-COK7x2IaR44RtYWMzf3u_\image_5.jpg,Maseru,1 Unit,val,3,3,Garden,Urban,Family,Modern,Good,New
propmarket-miNavCueXULaOSmmBmsJi,propmarket,1,C:\Users\lepha\Documents\Codex\Real Estate System\generated\images\live\propmarket\propmarket-miNavCueXULaOSmmBmsJi\image_1.jpg,Berea,Khubetsoana,val,3,3,Hillside,Hillside,Traditional,Traditional,Good,New
propmarket-miNavCueXULaOSmmBmsJi,propmarket,2,C:\Users\lepha\Documents\Codex\Real Estate System\generated\images\live\propmarket\propmarket-miNavCueXULaOSmmBmsJi\image_2.jpg,Berea,Khubetsoana,val,3,3,Hillside,Urban,Traditional,Traditional,Good,Good
propmarket-miNavCueXULaOSmmBmsJi,propmarket,3,C:\Users\lepha\Documents\Codex\Real Estate System\generated\images\live\propmarket\propmarket-miNavCueXULaOSmmBmsJi\image_3.jpg,Berea,Khubetsoana,val,3,4,Hillside,Urban,Traditional,Family,Good,Good
propmarket-miNavCueXULaOSmmBmsJi,propmarket,4,C:\Users\lepha\Documents\Codex\Real Estate System\generated\images\live\propmarket\propmarket-miNavCueXULaOSmmBmsJi\image_4.jpg,Berea,Khubetsoana,val,3,4,Hillside,Urban,Traditional,Family,Good,Good
propmarket-miNavCueXULaOSmmBmsJi,propmarket,5,C:\Users\lepha\Documents\Codex\Real Estate System\generated\images\live\propmarket\propmarket-miNavCueXULaOSmmBmsJi\image_5.jpg,Berea,Khubetsoana,val,3,3,Hillside,Urban,Traditional,Modern,Good,New
propmarket-JnOjQJ55dHiGtwfGWb4fr,propmarket,1,C:\Users\lepha\Documents\Codex\Real Estate System\generated\images\live\propmarket\propmarket-JnOjQJ55dHiGtwfGWb4fr\image_1.jpg,Berea,Koalabata,test,3,3,Urban,Hillside,Family,Traditional,Good,Good
propmarket-JnOjQJ55dHiGtwfGWb4fr,propmarket,2,C:\Users\lepha\Documents\Codex\Real Estate System\generated\images\live\propmarket\propmarket-JnOjQJ55dHiGtwfGWb4fr\image_2.jpg,Berea,Koalabata,test,3,3,Urban,Hillside,Family,Modern,Good,New
propmarket-JnOjQJ55dHiGtwfGWb4fr,propmarket,3,C:\Users\lepha\Documents\Codex\Real Estate System\generated\images\live\propmarket\propmarket-JnOjQJ55dHiGtwfGWb4fr\image_3.jpg,Berea,Koalabata,test,3,3,Urban,Garden,Family,Family,Good,New
propmarket-JnOjQJ55dHiGtwfGWb4fr,propmarket,4,C:\Users\lepha\Documents\Codex\Real Estate System\generated\images\live\propmarket\propmarket-JnOjQJ55dHiGtwfGWb4fr\image_4.jpg,Berea,Koalabata,test,3,3,Urban,Hillside,Family,Family,Good,Good
sotholand-7f497df10693,sotholand,1,C:\Users\lepha\Documents\Codex\Real Estate System\generated\images\live\sotholand\sotholand-7f497df10693\image_1.jpg,Maseru,Hillsview,train,3,3,Hillside,Hillside,Traditional,Traditional,Good,Good
sotholand-7f497df10693,sotholand,2,C:\Users\lepha\Documents\Codex\Real Estate System\generated\images\live\sotholand\sotholand-7f497df10693\image_2.jpg,Maseru,Hillsview,train,3,3,Hillside,Hillside,Traditional,Traditional,Good,Good
sotholand-7f497df10693,sotholand,3,C:\Users\lepha\Documents\Codex\Real Estate System\generated\images\live\sotholand\sotholand-7f497df10693\image_3.jpg,Maseru,Hillsview,train,3,3,Hillside,Hillside,Traditional,Traditional,Good,Good
sotholand-7f497df10693,sotholand,4,C:\Users\lepha\Documents\Codex\Real Estate System\generated\images\live\sotholand\sotholand-7f497df10693\image_4.jpg,Maseru,Hillsview,train,3,3,Hillside,Hillside,Traditional,Traditional,Good,Good
sotholand-19ac5378af01,sotholand,1,C:\Users\lepha\Documents\Codex\Real Estate System\generated\images\live\sotholand\sotholand-19ac5378af01\image_1.jpg,Maseru,Thetsane Lesia,train,3,3,Suburban,Suburban,Traditional,Traditional,Good,Good
sotholand-19ac5378af01,sotholand,2,C:\Users\lepha\Documents\Codex\Real Estate System\generated\images\live\sotholand\sotholand-19ac5378af01\image_2.jpg,Maseru,Thetsane Lesia,train,3,3,Suburban,Suburban,Traditional,Family,Good,Good
sotholand-19ac5378af01,sotholand,3,C:\Users\lepha\Documents\Codex\Real Estate System\generated\images\live\sotholand\sotholand-19ac5378af01\image_3.jpg,Maseru,Thetsane Lesia,train,3,3,Suburban,Urban,Traditional,Traditional,Good,Good
sotholand-19ac5378af01,sotholand,4,C:\Users\lepha\Documents\Codex\Real Estate System\generated\images\live\sotholand\sotholand-19ac5378af01\image_4.jpg,Maseru,Thetsane Lesia,train,3,3,Suburban,Hillside,Traditional,Traditional,Good,Good
sotholand-89fded66c98b,sotholand,1,C:\Users\lepha\Documents\Codex\Real Estate System\generated\images\live\sotholand\sotholand-89fded66c98b\image_1.jpg,Maseru,serene Ha Pena-Pena neighborhood,train,3,3,Suburban,Garden,Family,Family,Good,Good
sotholand-89fded66c98b,sotholand,2,C:\Users\lepha\Documents\Codex\Real Estate System\generated\images\live\sotholand\sotholand-89fded66c98b\image_2.jpg,Maseru,serene Ha Pena-Pena neighborhood,train,3,3,Suburban,Urban,Family,Family,Good,Good
sotholand-89fded66c98b,sotholand,3,C:\Users\lepha\Documents\Codex\Real Estate System\generated\images\live\sotholand\sotholand-89fded66c98b\image_3.jpg,Maseru,serene Ha Pena-Pena neighborhood,train,3,3,Suburban,Garden,Family,Family,Good,Good
sotholand-89fded66c98b,sotholand,4,C:\Users\lepha\Documents\Codex\Real Estate System\generated\images\live\sotholand\sotholand-89fded66c98b\image_4.jpg,Maseru,serene Ha Pena-Pena neighborhood,train,3,3,Suburban,Hillside,Family,Traditional,Good,Good
sotholand-76298e9a4a9f,sotholand,1,C:\Users\lepha\Documents\Codex\Real Estate System\generated\images\live\sotholand\sotholand-76298e9a4a9f\image_1.jpg,Maseru,Naledi,train,2,2,Suburban,Urban,Traditional,Traditional,Good,Good
sotholand-76298e9a4a9f,sotholand,2,C:\Users\lepha\Documents\Codex\Real Estate System\generated\images\live\sotholand\sotholand-76298e9a4a9f\image_2.jpg,Maseru,Naledi,train,2,2,Suburban,Urban,Traditional,Traditional,Good,Good
sotholand-76298e9a4a9f,sotholand,3,C:\Users\lepha\Documents\Codex\Real Estate System\generated\images\live\sotholand\sotholand-76298e9a4a9f\image_3.jpg,Maseru,Naledi,train,2,3,Suburban,Hillside,Traditional,Traditional,Good,Good
sotholand-1aa9314b69,sotholand,1,C:\Users\lepha\Documents\Codex\Real Estate System\generated\images\live\sotholand\sotholand-1aa9314b69\image_1.jpg,Maseru,Arrival Center,train,1,2,Urban,Suburban,Traditional,Traditional,Good,Good
sotholand-1aa9314b69,sotholand,2,C:\Users\lepha\Documents\Codex\Real Estate System\generated\images\live\sotholand\sotholand-1aa9314b69\image_2.jpg,Maseru,Arrival Center,train,1,1,Urban,Urban,Traditional,Family,Good,Good
sotholand-1aa9314b69,sotholand,3,C:\Users\lepha\Documents\Codex\Real Estate System\generated\images\live\sotholand\sotholand-1aa9314b69\image_3.jpg,Maseru,Arrival Center,train,1,3,Urban,Hillside,Traditional,Traditional,Good,Good
sotholand-723bca40986,sotholand,1,C:\Users\lepha\Documents\Codex\Real Estate System\generated\images\live\sotholand\sotholand-723bca40986\image_1.jpg,Maseru,Hillsview,train,3,3,Hillside,Hillside,Traditional,Traditional,Good,Good
sotholand-723bca40986,sotholand,2,C:\Users\lepha\Documents\Codex\Real Estate System\generated\images\live\sotholand\sotholand-723bca40986\image_2.jpg,Maseru,Hillsview,train,3,3,Hillside,Hillside,Traditional,Traditional,Good,Good
sotholand-723bca40986,sotholand,3,C:\Users\lepha\Documents\Codex\Real Estate System\generated\images\live\sotholand\sotholand-723bca40986\image_3.jpg,Maseru,Hillsview,train,3,3,Hillside,Hillside,Traditional,Traditional,Good,Good
sotholand-723bca40986,sotholand,4,C:\Users\lepha\Documents\Codex\Real Estate System\generated\images\live\sotholand\sotholand-723bca40986\image_4.jpg,Maseru,Hillsview,train,3,3,Hillside,Hillside,Traditional,Traditional,Good,Good
sotholand-5bee4c67a368,sotholand,1,C:\Users\lepha\Documents\Codex\Real Estate System\generated\images\live\sotholand\sotholand-5bee4c67a368\image_1.jpg,Maseru,Lower Thetsane,train,4,4,Suburban,Suburban,Traditional,Family,Good,Good
sotholand-5bee4c67a368,sotholand,2,C:\Users\lepha\Documents\Codex\Real Estate System\generated\images\live\sotholand\sotholand-5bee4c67a368\image_2.jpg,Maseru,Lower Thetsane,train,4,4,Suburban,Suburban,Traditional,Modern,Good,New
sotholand-5bee4c67a368,sotholand,3,C:\Users\lepha\Documents\Codex\Real Estate System\generated\images\live\sotholand\sotholand-5bee4c67a368\image_3.jpg,Maseru,Lower Thetsane,train,4,3,Suburban,Hillside,Traditional,Traditional,Good,Good
sotholand-12a1456f5e67,sotholand,1,C:\Users\lepha\Documents\Codex\Real Estate System\generated\images\live\sotholand\sotholand-12a1456f5e67\image_1.jpg,Maseru,Lower Thetsane,test,3,3,Suburban,Hillside,Traditional,Traditional,Good,Good
sotholand-12a1456f5e67,sotholand,2,C:\Users\lepha\Documents\Codex\Real Estate System\generated\images\live\sotholand\sotholand-12a1456f5e67\image_2.jpg,Maseru,Lower Thetsane,test,3,2,Suburban,Suburban,Traditional,Traditional,Good,Good
sotholand-12a1456f5e67,sotholand,3,C:\Users\lepha\Documents\Codex\Real Estate System\generated\images\live\sotholand\sotholand-12a1456f5e67\image_3.jpg,Maseru,Lower Thetsane,test,3,3,Suburban,Hillside,Traditional,Traditional,Good,New
sotholand-12a1456f5e67,sotholand,4,C:\Users\lepha\Documents\Codex\Real Estate System\generated\images\live\sotholand\sotholand-12a1456f5e67\image_4.jpg,Maseru,Lower Thetsane,test,3,3,Suburban,Hillside,Traditional,Traditional,Good,Good
sotholand-8f94312669ec,sotholand,1,C:\Users\lepha\Documents\Codex\Real Estate System\generated\images\live\sotholand\sotholand-8f94312669ec\image_1.jpg,Maseru,Khubelu,train,3,3,Suburban,Suburban,Traditional,Family,Good,Good
sotholand-8f94312669ec,sotholand,2,C:\Users\lepha\Documents\Codex\Real Estate System\generated\images\live\sotholand\sotholand-8f94312669ec\image_2.jpg,Maseru,Khubelu,train,3,5+,Suburban,Suburban,Traditional,Traditional,Good,Good
sotholand-8f94312669ec,sotholand,3,C:\Users\lepha\Documents\Codex\Real Estate System\generated\images\live\sotholand\sotholand-8f94312669ec\image_3.jpg,Maseru,Khubelu,train,3,3,Suburban,Suburban,Traditional,Family,Good,Good
sotholand-8f94312669ec,sotholand,4,C:\Users\lepha\Documents\Codex\Real Estate System\generated\images\live\sotholand\sotholand-8f94312669ec\image_4.jpg,Maseru,Khubelu,train,3,3,Suburban,Hillside,Traditional,Traditional,Good,Good
moso-stand-alone-house-high-court-25,mosoholdings,1,C:\Users\lepha\Documents\Codex\Real Estate System\generated\images\live\mosoholdings\moso-stand-alone-house-high-court-25\image_1.jpg,Maseru,High Court,val,2,3,Suburban,Hillside,Traditional,Traditional,Good,Good
moso-compounded-house-maseru-west-26,mosoholdings,1,C:\Users\lepha\Documents\Codex\Real Estate System\generated\images\live\mosoholdings\moso-compounded-house-maseru-west-26\image_1.jpg,Maseru,Maseru West,val,2,2,Suburban,Suburban,Traditional,Traditional,Good,Good
moso-compounded-house-section-8-villamore-house-4-and-14-27,mosoholdings,1,C:\Users\lepha\Documents\Codex\Real Estate System\generated\images\live\mosoholdings\moso-compounded-house-section-8-villamore-house-4-and-14-27\image_1.jpg,Maseru,Section 8 Villamore House #4 and #14,train,2,3,Garden,Garden,Family,Family,Good,Good
moso-compounded-house-maseru-private-hospital-area-28,mosoholdings,1,C:\Users\lepha\Documents\Codex\Real Estate System\generated\images\live\mosoholdings\moso-compounded-house-maseru-private-hospital-area-28\image_1.jpg,Maseru,Maseru Private Hospital Area,train,2,3,Suburban,Suburban,Traditional,Traditional,Good,Good
moso-stand-alone-house-fairview-lower-thetsane-29,mosoholdings,1,C:\Users\lepha\Documents\Codex\Real Estate System\generated\images\live\mosoholdings\moso-stand-alone-house-fairview-lower-thetsane-29\image_1.jpg,Maseru,Fairview,train,1,1,Hillside,Hillside,Traditional,Traditional,Good,Good
moso-stand-alone-house-thetsane-west-30,mosoholdings,1,C:\Users\lepha\Documents\Codex\Real Estate System\generated\images\live\mosoholdings\moso-stand-alone-house-thetsane-west-30\image_1.jpg,Maseru,Thetsane West,train,4,3,Suburban,Suburban,Traditional,Traditional,Good,Good
moso-double-storey-stand-alone-house-katlehong-31,mosoholdings,1,C:\Users\lepha\Documents\Codex\Real Estate System\generated\images\live\mosoholdings\moso-double-storey-stand-alone-house-katlehong-31\image_1.jpg,Maseru,Katlehong,train,3,3,Suburban,Hillside,Traditional,Traditional,Good,Good
moso-stand-alone-house-thetsane-west-32,mosoholdings,1,C:\Users\lepha\Documents\Codex\Real Estate System\generated\images\live\mosoholdings\moso-stand-alone-house-thetsane-west-32\image_1.jpg,Maseru,Thetsane West,test,2,4,Suburban,Suburban,Traditional,Traditional,Good,Good
moso-stand-alone-house-masowe-3-33,mosoholdings,1,C:\Users\lepha\Documents\Codex\Real Estate System\generated\images\live\mosoholdings\moso-stand-alone-house-masowe-3-33\image_1.jpg,Maseru,Masowe 3,train,2,3,Suburban,Suburban,Traditional,Traditional,Good,Good
moso-stand-alone-house-thetsane-west-34,mosoholdings,1,C:\Users\lepha\Documents\Codex\Real Estate System\generated\images\live\mosoholdings\moso-stand-alone-house-thetsane-west-34\image_1.jpg,Maseru,Thetsane West,test,2,3,Suburban,Hillside,Traditional,Traditional,Good,Good
moso-double-storey-stand-alone-house-thetsane-west-35,mosoholdings,1,C:\Users\lepha\Documents\Codex\Real Estate System\generated\images\live\mosoholdings\moso-double-storey-stand-alone-house-thetsane-west-35\image_1.jpg,Maseru,Thetsane West,train,3,3,Suburban,Hillside,Traditional,Traditional,Good,Good
moso-stand-alone-house-maseru-west-36,mosoholdings,1,C:\Users\lepha\Documents\Codex\Real Estate System\generated\images\live\mosoholdings\moso-stand-alone-house-maseru-west-36\image_1.jpg,Maseru,Maseru West,train,3,3,Suburban,Suburban,Traditional,Traditional,Good,Good
moso-compunded-house-lower-thetsane-37,mosoholdings,1,C:\Users\lepha\Documents\Codex\Real Estate System\generated\images\live\mosoholdings\moso-compunded-house-lower-thetsane-37\image_1.jpg,Maseru,Lower Thetsane,train,2,3,Suburban,Hillside,Traditional,Traditional,Good,Good
moso-double-storey-stand-alone-house-masowe-3-38,mosoholdings,1,C:\Users\lepha\Documents\Codex\Real Estate System\generated\images\live\mosoholdings\moso-double-storey-stand-alone-house-masowe-3-38\image_1.jpg,Maseru,Masowe 3,train,3,3,Suburban,Hillside,Traditional,Traditional,Good,Good
moso-double-storey-house-masowe-4-39,mosoholdings,1,C:\Users\lepha\Documents\Codex\Real Estate System\generated\images\live\mosoholdings\moso-double-storey-house-masowe-4-39\image_1.jpg,Maseru,Masowe 4,train,3,3,Suburban,Hillside,Traditional,Traditional,Good,Good
moso-stand-alone-house-thetsane-maseru-private-hospital-area-40,mosoholdings,1,C:\Users\lepha\Documents\Codex\Real Estate System\generated\images\live\mosoholdings\moso-stand-alone-house-thetsane-maseru-private-hospital-area-40\image_1.jpg,Maseru,Thetsane,train,3,3,Suburban,Suburban,Traditional,Traditional,Good,Good
moso-double-storey-stand-alone-house-masowe-4-41,mosoholdings,1,C:\Users\lepha\Documents\Codex\Real Estate System\generated\images\live\mosoholdings\moso-double-storey-stand-alone-house-masowe-4-41\image_1.jpg,Maseru,Masowe 4,test,3,3,Suburban,Suburban,Traditional,Traditional,Good,Good
moso-stand-alone-house-maseru-west-42,mosoholdings,1,C:\Users\lepha\Documents\Codex\Real Estate System\generated\images\live\mosoholdings\moso-stand-alone-house-maseru-west-42\image_1.jpg,Maseru,Maseru West,test,3,3,Suburban,Suburban,Traditional,Traditional,Good,Good
moso-stand-alone-house-thetsane-lecoop-43,mosoholdings,1,C:\Users\lepha\Documents\Codex\Real Estate System\generated\images\live\mosoholdings\moso-stand-alone-house-thetsane-lecoop-43\image_1.jpg,Maseru,Thetsane,val,3,2,Garden,Garden,Family,Family,Good,Good
moso-stand-alone-house-mpilo-estates-45,mosoholdings,1,C:\Users\lepha\Documents\Codex\Real Estate System\generated\images\live\mosoholdings\moso-stand-alone-house-mpilo-estates-45\image_1.jpg,Maseru,Mpilo Estates,train,3,3,Suburban,Hillside,Traditional,Traditional,Good,Good
moso-stand-alone-house-mohalalitoe-46,mosoholdings,1,C:\Users\lepha\Documents\Codex\Real Estate System\generated\images\live\mosoholdings\moso-stand-alone-house-mohalalitoe-46\image_1.jpg,Maseru,Mohalalitoe,train,3,2,Suburban,Urban,Traditional,Family,Good,Good
moso-stand-alone-house-tsosane-48,mosoholdings,1,C:\Users\lepha\Documents\Codex\Real Estate System\generated\images\live\mosoholdings\moso-stand-alone-house-tsosane-48\image_1.jpg,Maseru,Tsosane,train,3,3,Suburban,Hillside,Traditional,Traditional,Good,Good
moso-double-storey-house-katlehong-49,mosoholdings,1,C:\Users\lepha\Documents\Codex\Real Estate System\generated\images\live\mosoholdings\moso-double-storey-house-katlehong-49\image_1.jpg,Maseru,Katlehong,train,3,1,Suburban,Hillside,Traditional,Traditional,Good,Good
moso-stand-alone-house-ha-hoohlo-50,mosoholdings,1,C:\Users\lepha\Documents\Codex\Real Estate System\generated\images\live\mosoholdings\moso-stand-alone-house-ha-hoohlo-50\image_1.jpg,Maseru,Ha Hoohlo,train,2,3,Suburban,Urban,Traditional,Family,Good,Good
moso-city-center-house-thetsane-west-51,mosoholdings,1,C:\Users\lepha\Documents\Codex\Real Estate System\generated\images\live\mosoholdings\moso-city-center-house-thetsane-west-51\image_1.jpg,Maseru,Thetsane West,train,3,3,Suburban,Suburban,Traditional,Traditional,Good,Good
moso-double-storey-house-lower-thetsane-52,mosoholdings,1,C:\Users\lepha\Documents\Codex\Real Estate System\generated\images\live\mosoholdings\moso-double-storey-house-lower-thetsane-52\image_1.jpg,Maseru,Lower Thetsane,test,5+,3,Suburban,Hillside,Traditional,Modern,Good,New
moso-triple-storey-house-katlehong-53,mosoholdings,1,C:\Users\lepha\Documents\Codex\Real Estate System\generated\images\live\mosoholdings\moso-triple-storey-house-katlehong-53\image_1.jpg,Maseru,Katlehong,train,4,4,Suburban,Suburban,Traditional,Traditional,Good,Good
moso-city-center-house-thetsane-west-54,mosoholdings,1,C:\Users\lepha\Documents\Codex\Real Estate System\generated\images\live\mosoholdings\moso-city-center-house-thetsane-west-54\image_1.jpg,Maseru,Thetsane West,test,3,2,Suburban,Suburban,Traditional,Traditional,Good,Good
moso-double-storey-house-thetsane-west-55,mosoholdings,1,C:\Users\lepha\Documents\Codex\Real Estate System\generated\images\live\mosoholdings\moso-double-storey-house-thetsane-west-55\image_1.jpg,Maseru,Thetsane West,train,5+,5+,Suburban,Suburban,Traditional,Traditional,Good,Good
moso-stand-alone-house-katlehong-56,mosoholdings,1,C:\Users\lepha\Documents\Codex\Real Estate System\generated\images\live\mosoholdings\moso-stand-alone-house-katlehong-56\image_1.jpg,Maseru,Katlehong,train,3,3,Suburban,Garden,Traditional,Family,Good,Good
moso-double-storey-house-masowe-2-57,mosoholdings,1,C:\Users\lepha\Documents\Codex\Real Estate System\generated\images\live\mosoholdings\moso-double-storey-house-masowe-2-57\image_1.jpg,Maseru,Masowe 2,train,3,2,Suburban,Garden,Traditional,Family,Good,Good
moso-stand-alone-house-thetsane-lesia-58,mosoholdings,1,C:\Users\lepha\Documents\Codex\Real Estate System\generated\images\live\mosoholdings\moso-stand-alone-house-thetsane-lesia-58\image_1.jpg,Maseru,Thetsane Lesia,train,4,4,Suburban,Suburban,Traditional,Traditional,Good,Good
moso-stand-alone-house-katlehong-59,mosoholdings,1,C:\Users\lepha\Documents\Codex\Real Estate System\generated\images\live\mosoholdings\moso-stand-alone-house-katlehong-59\image_1.jpg,Maseru,Katlehong,val,3,3,Suburban,Urban,Traditional,Family,Good,Good
moso-compounded-house-thetsane-lecoop-60,mosoholdings,1,C:\Users\lepha\Documents\Codex\Real Estate System\generated\images\live\mosoholdings\moso-compounded-house-thetsane-lecoop-60\image_1.jpg,Maseru,Thetsane Lecoop,test,2,3,Suburban,Urban,Traditional,Traditional,Good,New
moso-stand-alone-house-katlehong-61,mosoholdings,1,C:\Users\lepha\Documents\Codex\Real Estate System\generated\images\live\mosoholdings\moso-stand-alone-house-katlehong-61\image_1.jpg,Maseru,Katlehong,train,3,3,Garden,Garden,Family,Family,Good,New
moso-stand-alone-house-katlehong-race-course-62,mosoholdings,1,C:\Users\lepha\Documents\Codex\Real Estate System\generated\images\live\mosoholdings\moso-stand-alone-house-katlehong-race-course-62\image_1.jpg,Maseru,Katlehong,train,4,4,Suburban,Suburban,Traditional,Traditional,Good,Good
moso-compounded-house-thetsane-lecoop-63,mosoholdings,1,C:\Users\lepha\Documents\Codex\Real Estate System\generated\images\live\mosoholdings\moso-compounded-house-thetsane-lecoop-63\image_1.jpg,Maseru,Thetsane Lecoop,train,2,2,Suburban,Garden,Traditional,Family,Good,Good
