property_id,source,image_index,image_path,district_canonical,locality,split,actual_cnn_property_type,predicted_cnn_property_type
creative-stunning-home-to-let,creativeproperties,1,C:\Users\lepha\Documents\Codex\Real Estate System\generated\images\live\creativeproperties\creative-stunning-home-to-let\image_1.png,Maseru,Maseru,train,House,Apartment
creative-stunning-home-to-let,creativeproperties,2,C:\Users\lepha\Documents\Codex\Real Estate System\generated\images\live\creativeproperties\creative-stunning-home-to-let\image_2.jpeg,Maseru,Maseru,train,House,House
creative-stunning-home-to-let,creativeproperties,3,C:\Users\lepha\Documents\Codex\Real Estate System\generated\images\live\creativeproperties\creative-stunning-home-to-let\image_3.jpeg,Maseru,Maseru,train,House,House
creative-stunning-home-to-let,creativeproperties,4,C:\Users\lepha\Documents\Codex\Real Estate System\generated\images\live\creativeproperties\creative-stunning-home-to-let\image_4.jpeg,Maseru,Maseru,train,House,House
creative-stunning-home-to-let,creativeproperties,5,C:\Users\lepha\Documents\Codex\Real Estate System\generated\images\live\creativeproperties\creative-stunning-home-to-let\image_5.jpeg,Maseru,Maseru,train,House,Townhouse
creative-7275,creativeproperties,1,C:\Users\lepha\Documents\Codex\Real Estate System\generated\images\live\creativeproperties\creative-7275\image_1.png,Maseru,Maseru,train,House,Apartment
creative-7275,creativeproperties,2,C:\Users\lepha\Documents\Codex\Real Estate System\generated\images\live\creativeproperties\creative-7275\image_2.jpg,Maseru,Maseru,train,House,House
creative-7275,creativeproperties,3,C:\Users\lepha\Documents\Codex\Real Estate System\generated\images\live\creativeproperties\creative-7275\image_3.jpg,Maseru,Maseru,train,House,House
creative-7275,creativeproperties,4,C:\Users\lepha\Documents\Codex\Real Estate System\generated\images\live\creativeproperties\creative-7275\image_4.jpg,Maseru,Maseru,train,House,Apartment
creative-7275,creativeproperties,5,C:\Users\lepha\Documents\Codex\Real Estate System\generated\images\live\creativeproperties\creative-7275\image_5.jpg,Maseru,Maseru,train,House,House
creative-rental-home_lower-thetsane,creativeproperties,1,C:\Users\lepha\Documents\Codex\Real Estate System\generated\images\live\creativeproperties\creative-rental-home_lower-thetsane\image_1.png,Maseru,Maseru,train,House,Apartment
creative-rental-home_lower-thetsane,creativeproperties,2,C:\Users\lepha\Documents\Codex\Real Estate System\generated\images\live\creativeproperties\creative-rental-home_lower-thetsane\image_2.jpeg,Maseru,Maseru,train,House,House
creative-rental-home_lower-thetsane,creativeproperties,3,C:\Users\lepha\Documents\Codex\Real Estate System\generated\images\live\creativeproperties\creative-rental-home_lower-thetsane\image_3.jpg,Maseru,Maseru,train,House,House
creative-rental-home_lower-thetsane,creativeproperties,4,C:\Users\lepha\Documents\Codex\Real Estate System\generated\images\live\creativeproperties\creative-rental-home_lower-thetsane\image_4.jpg,Maseru,Maseru,train,House,House
creative-rental-home_lower-thetsane,creativeproperties,5,C:\Users\lepha\Documents\Codex\Real Estate System\generated\images\live\creativeproperties\creative-rental-home_lower-thetsane\image_5.jpg,Maseru,Maseru,train,House,House
creative-newly-renovated-town-house-to-let,creativeproperties,1,C:\Users\lepha\Documents\Codex\Real Estate System\generated\images\live\creativeproperties\creative-newly-renovated-town-house-to-let\image_1.png,Maseru,Maseru,train,House,Apartment
creative-newly-renovated-town-house-to-let,creativeproperties,2,C:\Users\lepha\Documents\Codex\Real Estate System\generated\images\live\creativeproperties\creative-newly-renovated-town-house-to-let\image_2.jpeg,Maseru,Maseru,train,House,House
creative-newly-renovated-town-house-to-let,creativeproperties,3,C:\Users\lepha\Documents\Codex\Real Estate System\generated\images\live\creativeproperties\creative-newly-renovated-town-house-to-let\image_3.jpeg,Maseru,Maseru,train,House,Apartment
creative-newly-renovated-town-house-to-let,creativeproperties,4,C:\Users\lepha\Documents\Codex\Real Estate System\generated\images\live\creativeproperties\creative-newly-renovated-town-house-to-let\image_4.jpeg,Maseru,Maseru,train,House,Apartment
creative-newly-renovated-town-house-to-let,creativeproperties,5,C:\Users\lepha\Documents\Codex\Real Estate System\generated\images\live\creativeproperties\creative-newly-renovated-town-house-to-let\image_5.jpeg,Maseru,Maseru,train,House,Apartment
creative-semi-furnished-apartment-to-let,creativeproperties,1,C:\Users\lepha\Documents\Codex\Real Estate System\generated\images\live\creativeproperties\creative-semi-furnished-apartment-to-let\image_1.png,Maseru,Maseru,train,Apartment,Apartment
creative-semi-furnished-apartment-to-let,creativeproperties,2,C:\Users\lepha\Documents\Codex\Real Estate System\generated\images\live\creativeproperties\creative-semi-furnished-apartment-to-let\image_2.jpeg,Maseru,Maseru,train,Apartment,Apartment
creative-semi-furnished-apartment-to-let,creativeproperties,3,C:\Users\lepha\Documents\Codex\Real Estate System\generated\images\live\creativeproperties\creative-semi-furnished-apartment-to-let\image_3.jpeg,Maseru,Maseru,train,Apartment,Apartment
creative-semi-furnished-apartment-to-let,creativeproperties,4,C:\Users\lepha\Documents\Codex\Real Estate System\generated\images\live\creativeproperties\creative-semi-furnished-apartment-to-let\image_4.jpeg,Maseru,Maseru,train,Apartment,Apartment
creative-semi-furnished-apartment-to-let,creativeproperties,5,C:\Users\lepha\Documents\Codex\Real Estate System\generated\images\live\creativeproperties\creative-semi-furnished-apartment-to-let\image_5.jpeg,Maseru,Maseru,train,Apartment,Apartment
creative-rental-property-upper-thamae,creativeproperties,1,C:\Users\lepha\Documents\Codex\Real Estate System\generated\images\live\creativeproperties\creative-rental-property-upper-thamae\image_1.png,Maseru,Maseru,train,House,Apartment
creative-rental-property-upper-thamae,creativeproperties,2,C:\Users\lepha\Documents\Codex\Real Estate System\generated\images\live\creativeproperties\creative-rental-property-upper-thamae\image_2.jpeg,Maseru,Maseru,train,House,House
creative-rental-property-upper-thamae,creativeproperties,3,C:\Users\lepha\Documents\Codex\Real Estate System\generated\images\live\creativeproperties\creative-rental-property-upper-thamae\image_3.jpeg,Maseru,Maseru,train,House,House
creative-rental-townhouse-in-arrival-centre,creativeproperties,1,C:\Users\lepha\Documents\Codex\Real Estate System\generated\images\live\creativeproperties\creative-rental-townhouse-in-arrival-centre\image_1.png,Maseru,Maseru,val,Townhouse,Apartment
creative-rental-townhouse-in-arrival-centre,creativeproperties,2,C:\Users\lepha\Documents\Codex\Real Estate System\generated\images\live\creativeproperties\creative-rental-townhouse-in-arrival-centre\image_2.jpeg,Maseru,Maseru,val,Townhouse,Townhouse
creative-rental-townhouse-in-arrival-centre,creativeproperties,3,C:\Users\lepha\Documents\Codex\Real Estate System\generated\images\live\creativeproperties\creative-rental-townhouse-in-arrival-centre\image_3.jpeg,Maseru,Maseru,val,Townhouse,Apartment
creative-rental-townhouse-in-arrival-centre,creativeproperties,4,C:\Users\lepha\Documents\Codex\Real Estate System\generated\images\live\creativeproperties\creative-rental-townhouse-in-arrival-centre\image_4.jpeg,Maseru,Maseru,val,Townhouse,Apartment
creative-rental-townhouse-in-arrival-centre,creativeproperties,5,C:\Users\lepha\Documents\Codex\Real Estate System\generated\images\live\creativeproperties\creative-rental-townhouse-in-arrival-centre\image_5.jpeg,Maseru,Maseru,val,Townhouse,House
creative-newly-renovated-home-for-rental,creativeproperties,1,C:\Users\lepha\Documents\Codex\Real Estate System\generated\images\live\creativeproperties\creative-newly-renovated-home-for-rental\image_1.png,Maseru,Hills View,train,House,Apartment
creative-newly-renovated-home-for-rental,creativeproperties,2,C:\Users\lepha\Documents\Codex\Real Estate System\generated\images\live\creativeproperties\creative-newly-renovated-home-for-rental\image_2.jpeg,Maseru,Hills View,train,House,House
creative-newly-renovated-home-for-rental,creativeproperties,3,C:\Users\lepha\Documents\Codex\Real Estate System\generated\images\live\creativeproperties\creative-newly-renovated-home-for-rental\image_3.jpeg,Maseru,Hills View,train,House,Apartment
creative-newly-renovated-home-for-rental,creativeproperties,4,C:\Users\lepha\Documents\Codex\Real Estate System\generated\images\live\creativeproperties\creative-newly-renovated-home-for-rental\image_4.jpeg,Maseru,Hills View,train,House,Apartment
creative-newly-renovated-home-for-rental,creativeproperties,5,C:\Users\lepha\Documents\Codex\Real Estate System\generated\images\live\creativeproperties\creative-newly-renovated-home-for-rental\image_5.jpeg,Maseru,Hills View,train,House,House
creative-new-housing-development-now-selling_under-construction,creativeproperties,1,C:\Users\lepha\Documents\Codex\Real Estate System\generated\images\live\creativeproperties\creative-new-housing-development-now-selling_under-construction\image_1.png,Maseru,Maseru,train,House,Apartment
creative-new-housing-development-now-selling_under-construction,creativeproperties,2,C:\Users\lepha\Documents\Codex\Real Estate System\generated\images\live\creativeproperties\creative-new-housing-development-now-selling_under-construction\image_2.jpeg,Maseru,Maseru,train,House,House
creative-new-housing-development-now-selling_under-construction,creativeproperties,3,C:\Users\lepha\Documents\Codex\Real Estate System\generated\images\live\creativeproperties\creative-new-housing-development-now-selling_under-construction\image_3.jpeg,Maseru,Maseru,train,House,House
creative-new-housing-development-now-selling_under-construction,creativeproperties,4,C:\Users\lepha\Documents\Codex\Real Estate System\generated\images\live\creativeproperties\creative-new-housing-development-now-selling_under-construction\image_4.jpeg,Maseru,Maseru,train,House,Townhouse
creative-new-housing-development-now-selling_under-construction,creativeproperties,5,C:\Users\lepha\Documents\Codex\Real Estate System\generated\images\live\creativeproperties\creative-new-housing-development-now-selling_under-construction\image_5.jpeg,Maseru,Maseru,train,House,Townhouse
creative-rental-home,creativeproperties,1,C:\Users\lepha\Documents\Codex\Real Estate System\generated\images\live\creativeproperties\creative-rental-home\image_1.png,Maseru,Maseru,train,House,Apartment
creative-rental-home,creativeproperties,2,C:\Users\lepha\Documents\Codex\Real Estate System\generated\images\live\creativeproperties\creative-rental-home\image_2.jpeg,Maseru,Maseru,train,House,House
creative-rental-home,creativeproperties,3,C:\Users\lepha\Documents\Codex\Real Estate System\generated\images\live\creativeproperties\creative-rental-home\image_3.jpeg,Maseru,Maseru,train,House,House
creative-rental-home,creativeproperties,4,C:\Users\lepha\Documents\Codex\Real Estate System\generated\images\live\creativeproperties\creative-rental-home\image_4.jpeg,Maseru,Maseru,train,House,House
creative-rental-home,creativeproperties,5,C:\Users\lepha\Documents\Codex\Real Estate System\generated\images\live\creativeproperties\creative-rental-home\image_5.jpeg,Maseru,Maseru,train,House,House
creative-7251,creativeproperties,1,C:\Users\lepha\Documents\Codex\Real Estate System\generated\images\live\creativeproperties\creative-7251\image_1.png,Maseru,Arrival Centre,train,House,Apartment
creative-7251,creativeproperties,2,C:\Users\lepha\Documents\Codex\Real Estate System\generated\images\live\creativeproperties\creative-7251\image_2.jpeg,Maseru,Arrival Centre,train,House,Apartment
creative-7251,creativeproperties,3,C:\Users\lepha\Documents\Codex\Real Estate System\generated\images\live\creativeproperties\creative-7251\image_3.jpeg,Maseru,Arrival Centre,train,House,Apartment
creative-7251,creativeproperties,4,C:\Users\lepha\Documents\Codex\Real Estate System\generated\images\live\creativeproperties\creative-7251\image_4.jpeg,Maseru,Arrival Centre,train,House,House
creative-7251,creativeproperties,5,C:\Users\lepha\Documents\Codex\Real Estate System\generated\images\live\creativeproperties\creative-7251\image_5.jpeg,Maseru,Arrival Centre,train,House,House
propmarket-55wgNg6vcMiZB1T01cRFN,propmarket,1,C:\Users\lepha\Documents\Codex\Real Estate System\generated\images\live\propmarket\propmarket-55wgNg6vcMiZB1T01cRFN\image_1.jpg,Maseru,Tsoapo Le Bolila,val,House,House
propmarket-55wgNg6vcMiZB1T01cRFN,propmarket,2,C:\Users\lepha\Documents\Codex\Real Estate System\generated\images\live\propmarket\propmarket-55wgNg6vcMiZB1T01cRFN\image_2.jpg,Maseru,Tsoapo Le Bolila,val,House,House
propmarket-55wgNg6vcMiZB1T01cRFN,propmarket,3,C:\Users\lepha\Documents\Codex\Real Estate System\generated\images\live\propmarket\propmarket-55wgNg6vcMiZB1T01cRFN\image_3.jpg,Maseru,Tsoapo Le Bolila,val,House,House
propmarket-55wgNg6vcMiZB1T01cRFN,propmarket,4,C:\Users\lepha\Documents\Codex\Real Estate System\generated\images\live\propmarket\propmarket-55wgNg6vcMiZB1T01cRFN\image_4.jpg,Maseru,Tsoapo Le Bolila,val,House,Apartment
propmarket--W_SCLUM4oeyqk-b1OnxZ,propmarket,1,C:\Users\lepha\Documents\Codex\Real Estate System\generated\images\live\propmarket\propmarket--W_SCLUM4oeyqk-b1OnxZ\image_1.jpg,Berea,Ha Foso,train,House,Townhouse
propmarket--W_SCLUM4oeyqk-b1OnxZ,propmarket,2,C:\Users\lepha\Documents\Codex\Real Estate System\generated\images\live\propmarket\propmarket--W_SCLUM4oeyqk-b1OnxZ\image_2.jpg,Berea,Ha Foso,train,House,House
propmarket--W_SCLUM4oeyqk-b1OnxZ,propmarket,3,C:\Users\lepha\Documents\Codex\Real Estate System\generated\images\live\propmarket\propmarket--W_SCLUM4oeyqk-b1OnxZ\image_3.jpg,Berea,Ha Foso,train,House,Townhouse
propmarket--W_SCLUM4oeyqk-b1OnxZ,propmarket,4,C:\Users\lepha\Documents\Codex\Real Estate System\generated\images\live\propmarket\propmarket--W_SCLUM4oeyqk-b1OnxZ\image_4.jpg,Berea,Ha Foso,train,House,Apartment
propmarket-kPrkKpn3vWkkCZuvJ84Uv,propmarket,1,C:\Users\lepha\Documents\Codex\Real Estate System\generated\images\live\propmarket\propmarket-kPrkKpn3vWkkCZuvJ84Uv\image_1.jpg,Maseru,Ha Matala,train,Townhouse,Townhouse
propmarket-kPrkKpn3vWkkCZuvJ84Uv,propmarket,2,C:\Users\lepha\Documents\Codex\Real Estate System\generated\images\live\propmarket\propmarket-kPrkKpn3vWkkCZuvJ84Uv\image_2.jpg,Maseru,Ha Matala,train,Townhouse,Townhouse
propmarket-kPrkKpn3vWkkCZuvJ84Uv,propmarket,3,C:\Users\lepha\Documents\Codex\Real Estate System\generated\images\live\propmarket\propmarket-kPrkKpn3vWkkCZuvJ84Uv\image_3.jpg,Maseru,Ha Matala,train,Townhouse,Townhouse
propmarket-kPrkKpn3vWkkCZuvJ84Uv,propmarket,4,C:\Users\lepha\Documents\Codex\Real Estate System\generated\images\live\propmarket\propmarket-kPrkKpn3vWkkCZuvJ84Uv\image_4.jpg,Maseru,Ha Matala,train,Townhouse,Townhouse
propmarket-j7OKpdwoVzgjB5YPW6h7t,propmarket,1,C:\Users\lepha\Documents\Codex\Real Estate System\generated\images\live\propmarket\propmarket-j7OKpdwoVzgjB5YPW6h7t\image_1.jpg,Maseru,Makhoakhoeng,test,House,House
propmarket-j7OKpdwoVzgjB5YPW6h7t,propmarket,2,C:\Users\lepha\Documents\Codex\Real Estate System\generated\images\live\propmarket\propmarket-j7OKpdwoVzgjB5YPW6h7t\image_2.jpg,Maseru,Makhoakhoeng,test,House,House
propmarket-j7OKpdwoVzgjB5YPW6h7t,propmarket,3,C:\Users\lepha\Documents\Codex\Real Estate System\generated\images\live\propmarket\propmarket-j7OKpdwoVzgjB5YPW6h7t\image_3.jpg,Maseru,Makhoakhoeng,test,House,House
propmarket-j7OKpdwoVzgjB5YPW6h7t,propmarket,4,C:\Users\lepha\Documents\Codex\Real Estate System\generated\images\live\propmarket\propmarket-j7OKpdwoVzgjB5YPW6h7t\image_4.jpg,Maseru,Makhoakhoeng,test,House,House
propmarket-F4nO0XrUILj-vFaZTz-k3,propmarket,1,C:\Users\lepha\Documents\Codex\Real Estate System\generated\images\live\propmarket\propmarket-F4nO0XrUILj-vFaZTz-k3\image_1.jpg,Maseru,Ha Lesia,train,House,House
propmarket-F4nO0XrUILj-vFaZTz-k3,propmarket,2,C:\Users\lepha\Documents\Codex\Real Estate System\generated\images\live\propmarket\propmarket-F4nO0XrUILj-vFaZTz-k3\image_2.jpg,Maseru,Ha Lesia,train,House,Townhouse
propmarket-F4nO0XrUILj-vFaZTz-k3,propmarket,3,C:\Users\lepha\Documents\Codex\Real Estate System\generated\images\live\propmarket\propmarket-F4nO0XrUILj-vFaZTz-k3\image_3.jpg,Maseru,Ha Lesia,train,House,House
propmarket-F4nO0XrUILj-vFaZTz-k3,propmarket,4,C:\Users\lepha\Documents\Codex\Real Estate System\generated\images\live\propmarket\propmarket-F4nO0XrUILj-vFaZTz-k3\image_4.jpg,Maseru,Ha Lesia,train,House,Apartment
propmarket-OIdYZElsdeDyv41F4x5il,propmarket,1,C:\Users\lepha\Documents\Codex\Real Estate System\generated\images\live\propmarket\propmarket-OIdYZElsdeDyv41F4x5il\image_1.jpg,Maseru,Thetsane West,train,House,House
propmarket-OIdYZElsdeDyv41F4x5il,propmarket,2,C:\Users\lepha\Documents\Codex\Real Estate System\generated\images\live\propmarket\propmarket-OIdYZElsdeDyv41F4x5il\image_2.jpg,Maseru,Thetsane West,train,House,House
propmarket-OIdYZElsdeDyv41F4x5il,propmarket,3,C:\Users\lepha\Documents\Codex\Real Estate System\generated\images\live\propmarket\propmarket-OIdYZElsdeDyv41F4x5il\image_3.jpg,Maseru,Thetsane West,train,House,House
propmarket-OIdYZElsdeDyv41F4x5il,propmarket,4,C:\Users\lepha\Documents\Codex\Real Estate System\generated\images\live\propmarket\propmarket-OIdYZElsdeDyv41F4x5il\image_4.jpg,Maseru,Thetsane West,train,House,House
propmarket-0QFUac0OuPntEvs1dcaLz,propmarket,1,C:\Users\lepha\Documents\Codex\Real Estate System\generated\images\live\propmarket\propmarket-0QFUac0OuPntEvs1dcaLz\image_1.jpg,Maseru,Ha Mohasoa,val,House,House
propmarket-R1EHwI39jo3u1vRoZT8zr,propmarket,1,C:\Users\lepha\Documents\Codex\Real Estate System\generated\images\live\propmarket\propmarket-R1EHwI39jo3u1vRoZT8zr\image_1.jpg,Maseru,Lower Thetsane,test,House,House
propmarket-R1EHwI39jo3u1vRoZT8zr,propmarket,2,C:\Users\lepha\Documents\Codex\Real Estate System\generated\images\live\propmarket\propmarket-R1EHwI39jo3u1vRoZT8zr\image_2.jpg,Maseru,Lower Thetsane,test,House,House
propmarket-R1EHwI39jo3u1vRoZT8zr,propmarket,3,C:\Users\lepha\Documents\Codex\Real Estate System\generated\images\live\propmarket\propmarket-R1EHwI39jo3u1vRoZT8zr\image_3.jpg,Maseru,Lower Thetsane,test,House,House
propmarket-R1EHwI39jo3u1vRoZT8zr,propmarket,4,C:\Users\lepha\Documents\Codex\Real Estate System\generated\images\live\propmarket\propmarket-R1EHwI39jo3u1vRoZT8zr\image_4.jpg,Maseru,Lower Thetsane,test,House,Apartment
propmarket-4Jzf7HXyRaHeAHAkf22QO,propmarket,1,C:\Users\lepha\Documents\Codex\Real Estate System\generated\images\live\propmarket\propmarket-4Jzf7HXyRaHeAHAkf22QO\image_1.jpg,Maseru,Lithabaneng,train,House,Townhouse
propmarket-N1X4WI2f98bpGHq_NFisR,propmarket,1,C:\Users\lepha\Documents\Codex\Real Estate System\generated\images\live\propmarket\propmarket-N1X4WI2f98bpGHq_NFisR\image_1.jpg,Maseru,Matebeleng (ha Penapena),train,House,House
propmarket-N1X4WI2f98bpGHq_NFisR,propmarket,2,C:\Users\lepha\Documents\Codex\Real Estate System\generated\images\live\propmarket\propmarket-N1X4WI2f98bpGHq_NFisR\image_2.jpg,Maseru,Matebeleng (ha Penapena),train,House,House
propmarket-N1X4WI2f98bpGHq_NFisR,propmarket,3,C:\Users\lepha\Documents\Codex\Real Estate System\generated\images\live\propmarket\propmarket-N1X4WI2f98bpGHq_NFisR\image_3.jpg,Maseru,Matebeleng (ha Penapena),train,House,House
propmarket-N1X4WI2f98bpGHq_NFisR,propmarket,4,C:\Users\lepha\Documents\Codex\Real Estate System\generated\images\live\propmarket\propmarket-N1X4WI2f98bpGHq_NFisR\image_4.jpg,Maseru,Matebeleng (ha Penapena),train,House,House
propmarket-XG8eL6O2ivKvbk3Mo9gPE,propmarket,1,C:\Users\lepha\Documents\Codex\Real Estate System\generated\images\live\propmarket\propmarket-XG8eL6O2ivKvbk3Mo9gPE\image_1.jpg,Maseru,Happy Villa,train,House,House
propmarket-cLapWASFVCs_QIY5vAVMY,propmarket,1,C:\Users\lepha\Documents\Codex\Real Estate System\generated\images\live\propmarket\propmarket-cLapWASFVCs_QIY5vAVMY\image_1.jpg,Leribe,Hlotse,train,House,Townhouse
propmarket-cLapWASFVCs_QIY5vAVMY,propmarket,2,C:\Users\lepha\Documents\Codex\Real Estate System\generated\images\live\propmarket\propmarket-cLapWASFVCs_QIY5vAVMY\image_2.jpg,Leribe,Hlotse,train,House,Apartment
propmarket-cLapWASFVCs_QIY5vAVMY,propmarket,3,C:\Users\lepha\Documents\Codex\Real Estate System\generated\images\live\propmarket\propmarket-cLapWASFVCs_QIY5vAVMY\image_3.jpg,Leribe,Hlotse,train,House,Apartment
propmarket-N_p5Bxk0pWrJ0ZwkMnuiG,propmarket,1,C:\Users\lepha\Documents\Codex\Real Estate System\generated\images\live\propmarket\propmarket-N_p5Bxk0pWrJ0ZwkMnuiG\image_1.jpg,Maseru,Masowe Iii,train,House,House
propmarket-N_p5Bxk0pWrJ0ZwkMnuiG,propmarket,2,C:\Users\lepha\Documents\Codex\Real Estate System\generated\images\live\propmarket\propmarket-N_p5Bxk0pWrJ0ZwkMnuiG\image_2.jpg,Maseru,Masowe Iii,train,House,House
propmarket-N_p5Bxk0pWrJ0ZwkMnuiG,propmarket,3,C:\Users\lepha\Documents\Codex\Real Estate System\generated\images\live\propmarket\propmarket-N_p5Bxk0pWrJ0ZwkMnuiG\image_3.jpg,Maseru,Masowe Iii,train,House,House
propmarket-N_p5Bxk0pWrJ0ZwkMnuiG,propmarket,4,C:\Users\lepha\Documents\Codex\Real Estate System\generated\images\live\propmarket\propmarket-N_p5Bxk0pWrJ0ZwkMnuiG\image_4.jpg,Maseru,Masowe Iii,train,House,Apartment
propmarket-cMZbiTkolMW4BED2Igjd2,propmarket,1,C:\Users\lepha\Documents\Codex\Real Estate System\generated\images\live\propmarket\propmarket-cMZbiTkolMW4BED2Igjd2\image_1.jpg,Maseru,Ha Matala,train,House,House
propmarket-cMZbiTkolMW4BED2Igjd2,propmarket,2,C:\Users\lepha\Documents\Codex\Real Estate System\generated\images\live\propmarket\propmarket-cMZbiTkolMW4BED2Igjd2\image_2.jpg,Maseru,Ha Matala,train,House,House
propmarket-cMZbiTkolMW4BED2Igjd2,propmarket,3,C:\Users\lepha\Documents\Codex\Real Estate System\generated\images\live\propmarket\propmarket-cMZbiTkolMW4BED2Igjd2\image_3.jpg,Maseru,Ha Matala,train,House,House
propmarket-cMZbiTkolMW4BED2Igjd2,propmarket,4,C:\Users\lepha\Documents\Codex\Real Estate System\generated\images\live\propmarket\propmarket-cMZbiTkolMW4BED2Igjd2\image_4.jpg,Maseru,Ha Matala,train,House,House
propmarket-tlOHVm7MK5jPwM8GrnZzU,propmarket,1,C:\Users\lepha\Documents\Codex\Real Estate System\generated\images\live\propmarket\propmarket-tlOHVm7MK5jPwM8GrnZzU\image_1.jpg,Maseru,Matebeleng (ha Penapena),train,House,House
propmarket-tlOHVm7MK5jPwM8GrnZzU,propmarket,2,C:\Users\lepha\Documents\Codex\Real Estate System\generated\images\live\propmarket\propmarket-tlOHVm7MK5jPwM8GrnZzU\image_2.jpg,Maseru,Matebeleng (ha Penapena),train,House,House
propmarket-tlOHVm7MK5jPwM8GrnZzU,propmarket,3,C:\Users\lepha\Documents\Codex\Real Estate System\generated\images\live\propmarket\propmarket-tlOHVm7MK5jPwM8GrnZzU\image_3.jpg,Maseru,Matebeleng (ha Penapena),train,House,House
propmarket-tlOHVm7MK5jPwM8GrnZzU,propmarket,4,C:\Users\lepha\Documents\Codex\Real Estate System\generated\images\live\propmarket\propmarket-tlOHVm7MK5jPwM8GrnZzU\image_4.jpg,Maseru,Matebeleng (ha Penapena),train,House,Apartment
propmarket-tlOHVm7MK5jPwM8GrnZzU,propmarket,5,C:\Users\lepha\Documents\Codex\Real Estate System\generated\images\live\propmarket\propmarket-tlOHVm7MK5jPwM8GrnZzU\image_5.jpg,Maseru,Matebeleng (ha Penapena),train,House,Apartment
propmarket-TAauZyw_XaAMTcDGOCVox,propmarket,1,C:\Users\lepha\Documents\Codex\Real Estate System\generated\images\live\propmarket\propmarket-TAauZyw_XaAMTcDGOCVox\image_1.jpg,Maseru,Matebeleng (ha Penapena),train,House,House
propmarket-TAauZyw_XaAMTcDGOCVox,propmarket,2,C:\Users\lepha\Documents\Codex\Real Estate System\generated\images\live\propmarket\propmarket-TAauZyw_XaAMTcDGOCVox\image_2.jpg,Maseru,Matebeleng (ha Penapena),train,House,House
propmarket-TAauZyw_XaAMTcDGOCVox,propmarket,3,C:\Users\lepha\Documents\Codex\Real Estate System\generated\images\live\propmarket\propmarket-TAauZyw_XaAMTcDGOCVox\image_3.jpg,Maseru,Matebeleng (ha Penapena),train,House,House
propmarket-TAauZyw_XaAMTcDGOCVox,propmarket,4,C:\Users\lepha\Documents\Codex\Real Estate System\generated\images\live\propmarket\propmarket-TAauZyw_XaAMTcDGOCVox\image_4.jpg,Maseru,Matebeleng (ha Penapena),train,House,House
propmarket-TAauZyw_XaAMTcDGOCVox,propmarket,5,C:\Users\lepha\Documents\Codex\Real Estate System\generated\images\live\propmarket\propmarket-TAauZyw_XaAMTcDGOCVox\image_5.jpg,Maseru,Matebeleng (ha Penapena),train,House,Apartment
propmarket-yDtmjWG-Q-xKbELGv4J8E,propmarket,1,C:\Users\lepha\Documents\Codex\Real Estate System\generated\images\live\propmarket\propmarket-yDtmjWG-Q-xKbELGv4J8E\image_1.jpg,Maseru,Ha Motloheloa,test,House,House
propmarket-yDtmjWG-Q-xKbELGv4J8E,propmarket,2,C:\Users\lepha\Documents\Codex\Real Estate System\generated\images\live\propmarket\propmarket-yDtmjWG-Q-xKbELGv4J8E\image_2.jpg,Maseru,Ha Motloheloa,test,House,House
propmarket-yDtmjWG-Q-xKbELGv4J8E,propmarket,3,C:\Users\lepha\Documents\Codex\Real Estate System\generated\images\live\propmarket\propmarket-yDtmjWG-Q-xKbELGv4J8E\image_3.jpg,Maseru,Ha Motloheloa,test,House,Townhouse
propmarket-yDtmjWG-Q-xKbELGv4J8E,propmarket,4,C:\Users\lepha\Documents\Codex\Real Estate System\generated\images\live\propmarket\propmarket-yDtmjWG-Q-xKbELGv4J8E\image_4.jpg,Maseru,Ha Motloheloa,test,House,House
propmarket-yDtmjWG-Q-xKbELGv4J8E,propmarket,5,C:\Users\lepha\Documents\Codex\Real Estate System\generated\images\live\propmarket\propmarket-yDtmjWG-Q-xKbELGv4J8E\image_5.jpg,Maseru,Ha Motloheloa,test,House,House
propmarket-24W37YfaY3ZCq1jfnZaik,propmarket,1,C:\Users\lepha\Documents\Codex\Real Estate System\generated\images\live\propmarket\propmarket-24W37YfaY3ZCq1jfnZaik\image_1.jpg,Maseru,Sea Point,val,House,House
propmarket-24W37YfaY3ZCq1jfnZaik,propmarket,2,C:\Users\lepha\Documents\Codex\Real Estate System\generated\images\live\propmarket\propmarket-24W37YfaY3ZCq1jfnZaik\image_2.jpg,Maseru,Sea Point,val,House,House
propmarket-24W37YfaY3ZCq1jfnZaik,propmarket,3,C:\Users\lepha\Documents\Codex\Real Estate System\generated\images\live\propmarket\propmarket-24W37YfaY3ZCq1jfnZaik\image_3.jpg,Maseru,Sea Point,val,House,House
propmarket-24W37YfaY3ZCq1jfnZaik,propmarket,4,C:\Users\lepha\Documents\Codex\Real Estate System\generated\images\live\propmarket\propmarket-24W37YfaY3ZCq1jfnZaik\image_4.jpg,Maseru,Sea Point,val,House,House
propmarket-24W37YfaY3ZCq1jfnZaik,propmarket,5,C:\Users\lepha\Documents\Codex\Real Estate System\generated\images\live\propmarket\propmarket-24W37YfaY3ZCq1jfnZaik\image_5.jpg,Maseru,Sea Point,val,House,House
propmarket-Tc6ZRjEuTnPYdBTEdSG6M,propmarket,1,C:\Users\lepha\Documents\Codex\Real Estate System\generated\images\live\propmarket\propmarket-Tc6ZRjEuTnPYdBTEdSG6M\image_1.jpg,Berea,Koalabata,train,House,House
propmarket-Tc6ZRjEuTnPYdBTEdSG6M,propmarket,2,C:\Users\lepha\Documents\Codex\Real Estate System\generated\images\live\propmarket\propmarket-Tc6ZRjEuTnPYdBTEdSG6M\image_2.jpg,Berea,Koalabata,train,House,House
propmarket-Tc6ZRjEuTnPYdBTEdSG6M,propmarket,3,C:\Users\lepha\Documents\Codex\Real Estate System\generated\images\live\propmarket\propmarket-Tc6ZRjEuTnPYdBTEdSG6M\image_3.jpg,Berea,Koalabata,train,House,House
propmarket-Tc6ZRjEuTnPYdBTEdSG6M,propmarket,4,C:\Users\lepha\Documents\Codex\Real Estate System\generated\images\live\propmarket\propmarket-Tc6ZRjEuTnPYdBTEdSG6M\image_4.jpg,Berea,Koalabata,train,House,House
propmarket-Tc6ZRjEuTnPYdBTEdSG6M,propmarket,5,C:\Users\lepha\Documents\Codex\Real Estate System\generated\images\live\propmarket\propmarket-Tc6ZRjEuTnPYdBTEdSG6M\image_5.jpg,Berea,Koalabata,train,House,House
propmarket-8uq5URIlKh88PsVzl_XGq,propmarket,1,C:\Users\lepha\Documents\Codex\Real Estate System\generated\images\live\propmarket\propmarket-8uq5URIlKh88PsVzl_XGq\image_1.jpg,Berea,Teyateyaneng,train,House,House
propmarket-8uq5URIlKh88PsVzl_XGq,propmarket,2,C:\Users\lepha\Documents\Codex\Real Estate System\generated\images\live\propmarket\propmarket-8uq5URIlKh88PsVzl_XGq\image_2.jpg,Berea,Teyateyaneng,train,House,House
propmarket-8uq5URIlKh88PsVzl_XGq,propmarket,3,C:\Users\lepha\Documents\Codex\Real Estate System\generated\images\live\propmarket\propmarket-8uq5URIlKh88PsVzl_XGq\image_3.jpg,Berea,Teyateyaneng,train,House,Apartment
propmarket-8uq5URIlKh88PsVzl_XGq,propmarket,4,C:\Users\lepha\Documents\Codex\Real Estate System\generated\images\live\propmarket\propmarket-8uq5URIlKh88PsVzl_XGq\image_4.jpg,Berea,Teyateyaneng,train,House,House
propmarket-Ri6CHRmQ6lKLwrAgtmMQM,propmarket,1,C:\Users\lepha\Documents\Codex\Real Estate System\generated\images\live\propmarket\propmarket-Ri6CHRmQ6lKLwrAgtmMQM\image_1.jpg,Maseru,Masowe Iii,test,House,House
propmarket-Ri6CHRmQ6lKLwrAgtmMQM,propmarket,2,C:\Users\lepha\Documents\Codex\Real Estate System\generated\images\live\propmarket\propmarket-Ri6CHRmQ6lKLwrAgtmMQM\image_2.jpg,Maseru,Masowe Iii,test,House,House
propmarket-Ri6CHRmQ6lKLwrAgtmMQM,propmarket,3,C:\Users\lepha\Documents\Codex\Real Estate System\generated\images\live\propmarket\propmarket-Ri6CHRmQ6lKLwrAgtmMQM\image_3.jpg,Maseru,Masowe Iii,test,House,House
propmarket-Ri6CHRmQ6lKLwrAgtmMQM,propmarket,4,C:\Users\lepha\Documents\Codex\Real Estate System\generated\images\live\propmarket\propmarket-Ri6CHRmQ6lKLwrAgtmMQM\image_4.jpg,Maseru,Masowe Iii,test,House,House
propmarket-Ri6CHRmQ6lKLwrAgtmMQM,propmarket,5,C:\Users\lepha\Documents\Codex\Real Estate System\generated\images\live\propmarket\propmarket-Ri6CHRmQ6lKLwrAgtmMQM\image_5.jpg,Maseru,Masowe Iii,test,House,Apartment
propmarket-xIf5GMbseSPtVlurr3EFE,propmarket,1,C:\Users\lepha\Documents\Codex\Real Estate System\generated\images\live\propmarket\propmarket-xIf5GMbseSPtVlurr3EFE\image_1.jpg,Maseru,Ha Tsolo,val,House,House
propmarket-xIf5GMbseSPtVlurr3EFE,propmarket,2,C:\Users\lepha\Documents\Codex\Real Estate System\generated\images\live\propmarket\propmarket-xIf5GMbseSPtVlurr3EFE\image_2.jpg,Maseru,Ha Tsolo,val,House,House
propmarket-xIf5GMbseSPtVlurr3EFE,propmarket,3,C:\Users\lepha\Documents\Codex\Real Estate System\generated\images\live\propmarket\propmarket-xIf5GMbseSPtVlurr3EFE\image_3.jpg,Maseru,Ha Tsolo,val,House,House
propmarket-xIf5GMbseSPtVlurr3EFE,propmarket,4,C:\Users\lepha\Documents\Codex\Real Estate System\generated\images\live\propmarket\propmarket-xIf5GMbseSPtVlurr3EFE\image_4.jpg,Maseru,Ha Tsolo,val,House,House
propmarket-xIf5GMbseSPtVlurr3EFE,propmarket,5,C:\Users\lepha\Documents\Codex\Real Estate System\generated\images\live\propmarket\propmarket-xIf5GMbseSPtVlurr3EFE\image_5.png,Maseru,Ha Tsolo,val,House,House
propmarket-YeJOdv1same7Be9Pfqx6y,propmarket,1,C:\Users\lepha\Documents\Codex\Real Estate System\generated\images\live\propmarket\propmarket-YeJOdv1same7Be9Pfqx6y\image_1.jpg,Berea,Khubetsoana,train,House,House
propmarket-YeJOdv1same7Be9Pfqx6y,propmarket,2,C:\Users\lepha\Documents\Codex\Real Estate System\generated\images\live\propmarket\propmarket-YeJOdv1same7Be9Pfqx6y\image_2.jpg,Berea,Khubetsoana,train,House,House
propmarket-YeJOdv1same7Be9Pfqx6y,propmarket,3,C:\Users\lepha\Documents\Codex\Real Estate System\generated\images\live\propmarket\propmarket-YeJOdv1same7Be9Pfqx6y\image_3.jpg,Berea,Khubetsoana,train,House,House
propmarket-YeJOdv1same7Be9Pfqx6y,propmarket,4,C:\Users\lepha\Documents\Codex\Real Estate System\generated\images\live\propmarket\propmarket-YeJOdv1same7Be9Pfqx6y\image_4.jpg,Berea,Khubetsoana,train,House,House
propmarket-YeJOdv1same7Be9Pfqx6y,propmarket,5,C:\Users\lepha\Documents\Codex\Real Estate System\generated\images\live\propmarket\propmarket-YeJOdv1same7Be9Pfqx6y\image_5.jpg,Berea,Khubetsoana,train,House,Apartment
propmarket-k8AX2jh1R695RF-5UBAIV,propmarket,1,C:\Users\lepha\Documents\Codex\Real Estate System\generated\images\live\propmarket\propmarket-k8AX2jh1R695RF-5UBAIV\image_1.jpg,Berea,Maqhaka,train,House,House
propmarket-k8AX2jh1R695RF-5UBAIV,propmarket,2,C:\Users\lepha\Documents\Codex\Real Estate System\generated\images\live\propmarket\propmarket-k8AX2jh1R695RF-5UBAIV\image_2.jpg,Berea,Maqhaka,train,House,House
propmarket-k8AX2jh1R695RF-5UBAIV,propmarket,3,C:\Users\lepha\Documents\Codex\Real Estate System\generated\images\live\propmarket\propmarket-k8AX2jh1R695RF-5UBAIV\image_3.jpg,Berea,Maqhaka,train,House,House
propmarket-k8AX2jh1R695RF-5UBAIV,propmarket,4,C:\Users\lepha\Documents\Codex\Real Estate System\generated\images\live\propmarket\propmarket-k8AX2jh1R695RF-5UBAIV\image_4.jpg,Berea,Maqhaka,train,House,House
propmarket-k8AX2jh1R695RF-5UBAIV,propmarket,5,C:\Users\lepha\Documents\Codex\Real Estate System\generated\images\live\propmarket\propmarket-k8AX2jh1R695RF-5UBAIV\image_5.png,Berea,Maqhaka,train,House,House
propmarket-_zELaVV-BDUsJNyZbtujP,propmarket,1,C:\Users\lepha\Documents\Codex\Real Estate System\generated\images\live\propmarket\propmarket-_zELaVV-BDUsJNyZbtujP\image_1.jpg,Maseru,Qoaling,train,House,House
propmarket-_zELaVV-BDUsJNyZbtujP,propmarket,2,C:\Users\lepha\Documents\Codex\Real Estate System\generated\images\live\propmarket\propmarket-_zELaVV-BDUsJNyZbtujP\image_2.jpg,Maseru,Qoaling,train,House,Townhouse
propmarket-_zELaVV-BDUsJNyZbtujP,propmarket,3,C:\Users\lepha\Documents\Codex\Real Estate System\generated\images\live\propmarket\propmarket-_zELaVV-BDUsJNyZbtujP\image_3.jpg,Maseru,Qoaling,train,House,House
propmarket-_zELaVV-BDUsJNyZbtujP,propmarket,4,C:\Users\lepha\Documents\Codex\Real Estate System\generated\images\live\propmarket\propmarket-_zELaVV-BDUsJNyZbtujP\image_4.jpg,Maseru,Qoaling,train,House,House
propmarket-_zELaVV-BDUsJNyZbtujP,propmarket,5,C:\Users\lepha\Documents\Codex\Real Estate System\generated\images\live\propmarket\propmarket-_zELaVV-BDUsJNyZbtujP\image_5.png,Maseru,Qoaling,train,House,House
propmarket-e2NFTtDz2NDVZ4h5U87Hr,propmarket,1,C:\Users\lepha\Documents\Codex\Real Estate System\generated\images\live\propmarket\propmarket-e2NFTtDz2NDVZ4h5U87Hr\image_1.jpg,Maseru,Pena Pena,train,House,House
propmarket-e2NFTtDz2NDVZ4h5U87Hr,propmarket,2,C:\Users\lepha\Documents\Codex\Real Estate System\generated\images\live\propmarket\propmarket-e2NFTtDz2NDVZ4h5U87Hr\image_2.jpg,Maseru,Pena Pena,train,House,House
propmarket-e2NFTtDz2NDVZ4h5U87Hr,propmarket,3,C:\Users\lepha\Documents\Codex\Real Estate System\generated\images\live\propmarket\propmarket-e2NFTtDz2NDVZ4h5U87Hr\image_3.jpg,Maseru,Pena Pena,train,House,House
propmarket-e2NFTtDz2NDVZ4h5U87Hr,propmarket,4,C:\Users\lepha\Documents\Codex\Real Estate System\generated\images\live\propmarket\propmarket-e2NFTtDz2NDVZ4h5U87Hr\image_4.jpg,Maseru,Pena Pena,train,House,House
propmarket-e2NFTtDz2NDVZ4h5U87Hr,propmarket,5,C:\Users\lepha\Documents\Codex\Real Estate System\generated\images\live\propmarket\propmarket-e2NFTtDz2NDVZ4h5U87Hr\image_5.jpg,Maseru,Pena Pena,train,House,House
propmarket-UuhECTjkxd0jY3uFasnSj,propmarket,1,C:\Users\lepha\Documents\Codex\Real Estate System\generated\images\live\propmarket\propmarket-UuhECTjkxd0jY3uFasnSj\image_1.jpg,Maseru,Ha Tsolo,train,House,House
propmarket-UuhECTjkxd0jY3uFasnSj,propmarket,2,C:\Users\lepha\Documents\Codex\Real Estate System\generated\images\live\propmarket\propmarket-UuhECTjkxd0jY3uFasnSj\image_2.jpg,Maseru,Ha Tsolo,train,House,House
propmarket-UuhECTjkxd0jY3uFasnSj,propmarket,3,C:\Users\lepha\Documents\Codex\Real Estate System\generated\images\live\propmarket\propmarket-UuhECTjkxd0jY3uFasnSj\image_3.jpg,Maseru,Ha Tsolo,train,House,House
propmarket-UuhECTjkxd0jY3uFasnSj,propmarket,4,C:\Users\lepha\Documents\Codex\Real Estate System\generated\images\live\propmarket\propmarket-UuhECTjkxd0jY3uFasnSj\image_4.jpg,Maseru,Ha Tsolo,train,House,Apartment
propmarket-UuhECTjkxd0jY3uFasnSj,propmarket,5,C:\Users\lepha\Documents\Codex\Real Estate System\generated\images\live\propmarket\propmarket-UuhECTjkxd0jY3uFasnSj\image_5.jpg,Maseru,Ha Tsolo,train,House,House
propmarket-C9lcWgLNZxWHPX7Wj8iGv,propmarket,1,C:\Users\lepha\Documents\Codex\Real Estate System\generated\images\live\propmarket\propmarket-C9lcWgLNZxWHPX7Wj8iGv\image_1.jpg,Berea,Koalabata,test,House,Townhouse
propmarket-C9lcWgLNZxWHPX7Wj8iGv,propmarket,2,C:\Users\lepha\Documents\Codex\Real Estate System\generated\images\live\propmarket\propmarket-C9lcWgLNZxWHPX7Wj8iGv\image_2.jpg,Berea,Koalabata,test,House,House
propmarket-C9lcWgLNZxWHPX7Wj8iGv,propmarket,3,C:\Users\lepha\Documents\Codex\Real Estate System\generated\images\live\propmarket\propmarket-C9lcWgLNZxWHPX7Wj8iGv\image_3.jpg,Berea,Koalabata,test,House,House
propmarket-C9lcWgLNZxWHPX7Wj8iGv,propmarket,4,C:\Users\lepha\Documents\Codex\Real Estate System\generated\images\live\propmarket\propmarket-C9lcWgLNZxWHPX7Wj8iGv\image_4.jpg,Berea,Koalabata,test,House,Apartment
propmarket-C9lcWgLNZxWHPX7Wj8iGv,propmarket,5,C:\Users\lepha\Documents\Codex\Real Estate System\generated\images\live\propmarket\propmarket-C9lcWgLNZxWHPX7Wj8iGv\image_5.jpg,Berea,Koalabata,test,House,House
propmarket-nc43EhrGALYvCzC6PP0Ay,propmarket,1,C:\Users\lepha\Documents\Codex\Real Estate System\generated\images\live\propmarket\propmarket-nc43EhrGALYvCzC6PP0Ay\image_1.jpg,Maseru,Mazenod,val,House,House
propmarket-nc43EhrGALYvCzC6PP0Ay,propmarket,2,C:\Users\lepha\Documents\Codex\Real Estate System\generated\images\live\propmarket\propmarket-nc43EhrGALYvCzC6PP0Ay\image_2.jpg,Maseru,Mazenod,val,House,House
propmarket-nc43EhrGALYvCzC6PP0Ay,propmarket,3,C:\Users\lepha\Documents\Codex\Real Estate System\generated\images\live\propmarket\propmarket-nc43EhrGALYvCzC6PP0Ay\image_3.jpg,Maseru,Mazenod,val,House,House
propmarket-nc43EhrGALYvCzC6PP0Ay,propmarket,4,C:\Users\lepha\Documents\Codex\Real Estate System\generated\images\live\propmarket\propmarket-nc43EhrGALYvCzC6PP0Ay\image_4.jpg,Maseru,Mazenod,val,House,House
propmarket-nc43EhrGALYvCzC6PP0Ay,propmarket,5,C:\Users\lepha\Documents\Codex\Real Estate System\generated\images\live\propmarket\propmarket-nc43EhrGALYvCzC6PP0Ay\image_5.jpg,Maseru,Mazenod,val,House,House
propmarket-5NttMN-sRvwuo2K4rDYMW,propmarket,1,C:\Users\lepha\Documents\Codex\Real Estate System\generated\images\live\propmarket\propmarket-5NttMN-sRvwuo2K4rDYMW\image_1.jpg,Berea,Naleli,train,House,House
propmarket-5NttMN-sRvwuo2K4rDYMW,propmarket,2,C:\Users\lepha\Documents\Codex\Real Estate System\generated\images\live\propmarket\propmarket-5NttMN-sRvwuo2K4rDYMW\image_2.jpg,Berea,Naleli,train,House,House
propmarket-5NttMN-sRvwuo2K4rDYMW,propmarket,3,C:\Users\lepha\Documents\Codex\Real Estate System\generated\images\live\propmarket\propmarket-5NttMN-sRvwuo2K4rDYMW\image_3.jpg,Berea,Naleli,train,House,Townhouse
propmarket-5NttMN-sRvwuo2K4rDYMW,propmarket,4,C:\Users\lepha\Documents\Codex\Real Estate System\generated\images\live\propmarket\propmarket-5NttMN-sRvwuo2K4rDYMW\image_4.jpg,Berea,Naleli,train,House,Townhouse
propmarket-5NttMN-sRvwuo2K4rDYMW,propmarket,5,C:\Users\lepha\Documents\Codex\Real Estate System\generated\images\live\propmarket\propmarket-5NttMN-sRvwuo2K4rDYMW\image_5.jpg,Berea,Naleli,train,House,House
propmarket-8GL2YSoWJfkJYfbOYKDl1,propmarket,1,C:\Users\lepha\Documents\Codex\Real Estate System\generated\images\live\propmarket\propmarket-8GL2YSoWJfkJYfbOYKDl1\image_1.jpg,Maseru,Ha Phaloane,train,House,House
propmarket-8GL2YSoWJfkJYfbOYKDl1,propmarket,2,C:\Users\lepha\Documents\Codex\Real Estate System\generated\images\live\propmarket\propmarket-8GL2YSoWJfkJYfbOYKDl1\image_2.jpg,Maseru,Ha Phaloane,train,House,Townhouse
propmarket-8GL2YSoWJfkJYfbOYKDl1,propmarket,3,C:\Users\lepha\Documents\Codex\Real Estate System\generated\images\live\propmarket\propmarket-8GL2YSoWJfkJYfbOYKDl1\image_3.jpg,Maseru,Ha Phaloane,train,House,Apartment
propmarket-8GL2YSoWJfkJYfbOYKDl1,propmarket,4,C:\Users\lepha\Documents\Codex\Real Estate System\generated\images\live\propmarket\propmarket-8GL2YSoWJfkJYfbOYKDl1\image_4.jpg,Maseru,Ha Phaloane,train,House,House
propmarket-T7DEuA--o2VWCXfCg3FE2,propmarket,1,C:\Users\lepha\Documents\Codex\Real Estate System\generated\images\live\propmarket\propmarket-T7DEuA--o2VWCXfCg3FE2\image_1.jpg,Berea,Koalabata,train,House,House
propmarket-T7DEuA--o2VWCXfCg3FE2,propmarket,2,C:\Users\lepha\Documents\Codex\Real Estate System\generated\images\live\propmarket\propmarket-T7DEuA--o2VWCXfCg3FE2\image_2.jpg,Berea,Koalabata,train,House,House
propmarket-T7DEuA--o2VWCXfCg3FE2,propmarket,3,C:\Users\lepha\Documents\Codex\Real Estate System\generated\images\live\propmarket\propmarket-T7DEuA--o2VWCXfCg3FE2\image_3.jpg,Berea,Koalabata,train,House,House
propmarket-T7DEuA--o2VWCXfCg3FE2,propmarket,4,C:\Users\lepha\Documents\Codex\Real Estate System\generated\images\live\propmarket\propmarket-T7DEuA--o2VWCXfCg3FE2\image_4.jpg,Berea,Koalabata,train,House,House
propmarket-iTxYHd19YkRxk68-z4Gg1,propmarket,1,C:\Users\lepha\Documents\Codex\Real Estate System\generated\images\live\propmarket\propmarket-iTxYHd19YkRxk68-z4Gg1\image_1.jpg,Maseru,Masowe Iii,train,House,House
propmarket-iTxYHd19YkRxk68-z4Gg1,propmarket,2,C:\Users\lepha\Documents\Codex\Real Estate System\generated\images\live\propmarket\propmarket-iTxYHd19YkRxk68-z4Gg1\image_2.jpg,Maseru,Masowe Iii,train,House,House
propmarket-iTxYHd19YkRxk68-z4Gg1,propmarket,3,C:\Users\lepha\Documents\Codex\Real Estate System\generated\images\live\propmarket\propmarket-iTxYHd19YkRxk68-z4Gg1\image_3.jpg,Maseru,Masowe Iii,train,House,House
propmarket-iTxYHd19YkRxk68-z4Gg1,propmarket,4,C:\Users\lepha\Documents\Codex\Real Estate System\generated\images\live\propmarket\propmarket-iTxYHd19YkRxk68-z4Gg1\image_4.jpg,Maseru,Masowe Iii,train,House,House
propmarket-bth9PHwYL2oRa7FORo96t,propmarket,1,C:\Users\lepha\Documents\Codex\Real Estate System\generated\images\live\propmarket\propmarket-bth9PHwYL2oRa7FORo96t\image_1.jpg,Maseru,Lower Thetsane,train,House,House
propmarket-bth9PHwYL2oRa7FORo96t,propmarket,2,C:\Users\lepha\Documents\Codex\Real Estate System\generated\images\live\propmarket\propmarket-bth9PHwYL2oRa7FORo96t\image_2.jpg,Maseru,Lower Thetsane,train,House,Apartment
propmarket-bth9PHwYL2oRa7FORo96t,propmarket,3,C:\Users\lepha\Documents\Codex\Real Estate System\generated\images\live\propmarket\propmarket-bth9PHwYL2oRa7FORo96t\image_3.jpg,Maseru,Lower Thetsane,train,House,House
propmarket-bth9PHwYL2oRa7FORo96t,propmarket,4,C:\Users\lepha\Documents\Codex\Real Estate System\generated\images\live\propmarket\propmarket-bth9PHwYL2oRa7FORo96t\image_4.jpg,Maseru,Lower Thetsane,train,House,Apartment
propmarket-bth9PHwYL2oRa7FORo96t,propmarket,5,C:\Users\lepha\Documents\Codex\Real Estate System\generated\images\live\propmarket\propmarket-bth9PHwYL2oRa7FORo96t\image_5.jpg,Maseru,Lower Thetsane,train,House,Apartment
propmarket-N8hWF5lZHzYQi0zfdtLMd,propmarket,1,C:\Users\lepha\Documents\Codex\Real Estate System\generated\images\live\propmarket\propmarket-N8hWF5lZHzYQi0zfdtLMd\image_1.jpg,Quthing,Ha Makhalanyane,train,House,Townhouse
propmarket-RAORp0t2ifmx-wUA_bz7j,propmarket,1,C:\Users\lepha\Documents\Codex\Real Estate System\generated\images\live\propmarket\propmarket-RAORp0t2ifmx-wUA_bz7j\image_1.jpg,Maseru,Masowe 1b Secondary School,test,House,Townhouse
propmarket-RAORp0t2ifmx-wUA_bz7j,propmarket,2,C:\Users\lepha\Documents\Codex\Real Estate System\generated\images\live\propmarket\propmarket-RAORp0t2ifmx-wUA_bz7j\image_2.jpg,Maseru,Masowe 1b Secondary School,test,House,House
propmarket-RAORp0t2ifmx-wUA_bz7j,propmarket,3,C:\Users\lepha\Documents\Codex\Real Estate System\generated\images\live\propmarket\propmarket-RAORp0t2ifmx-wUA_bz7j\image_3.jpg,Maseru,Masowe 1b Secondary School,test,House,Apartment
propmarket-RAORp0t2ifmx-wUA_bz7j,propmarket,4,C:\Users\lepha\Documents\Codex\Real Estate System\generated\images\live\propmarket\propmarket-RAORp0t2ifmx-wUA_bz7j\image_4.png,Maseru,Masowe 1b Secondary School,test,House,House
propmarket-OjeCEvzbGRz8FYBJXcoRc,propmarket,1,C:\Users\lepha\Documents\Codex\Real Estate System\generated\images\live\propmarket\propmarket-OjeCEvzbGRz8FYBJXcoRc\image_1.jpg,Maseru,Lower Thetsane,train,House,House
propmarket-OjeCEvzbGRz8FYBJXcoRc,propmarket,2,C:\Users\lepha\Documents\Codex\Real Estate System\generated\images\live\propmarket\propmarket-OjeCEvzbGRz8FYBJXcoRc\image_2.jpg,Maseru,Lower Thetsane,train,House,House
propmarket-OjeCEvzbGRz8FYBJXcoRc,propmarket,3,C:\Users\lepha\Documents\Codex\Real Estate System\generated\images\live\propmarket\propmarket-OjeCEvzbGRz8FYBJXcoRc\image_3.jpg,Maseru,Lower Thetsane,train,House,House
propmarket-OjeCEvzbGRz8FYBJXcoRc,propmarket,4,C:\Users\lepha\Documents\Codex\Real Estate System\generated\images\live\propmarket\propmarket-OjeCEvzbGRz8FYBJXcoRc\image_4.jpg,Maseru,Lower Thetsane,train,House,House
propmarket-WUMcplI44uaZO1iSoAQ4S,propmarket,1,C:\Users\lepha\Documents\Codex\Real Estate System\generated\images\live\propmarket\propmarket-WUMcplI44uaZO1iSoAQ4S\image_1.jpg,Maseru,Ha Leqele,train,House,House
propmarket-WUMcplI44uaZO1iSoAQ4S,propmarket,2,C:\Users\lepha\Documents\Codex\Real Estate System\generated\images\live\propmarket\propmarket-WUMcplI44uaZO1iSoAQ4S\image_2.jpg,Maseru,Ha Leqele,train,House,Apartment
propmarket-WUMcplI44uaZO1iSoAQ4S,propmarket,3,C:\Users\lepha\Documents\Codex\Real Estate System\generated\images\live\propmarket\propmarket-WUMcplI44uaZO1iSoAQ4S\image_3.png,Maseru,Ha Leqele,train,House,House
propmarket-TGGtwzXu1PaT221Z8WCKM,propmarket,1,C:\Users\lepha\Documents\Codex\Real Estate System\generated\images\live\propmarket\propmarket-TGGtwzXu1PaT221Z8WCKM\image_1.jpg,Maseru,Semphetenyane,train,House,House
propmarket-TGGtwzXu1PaT221Z8WCKM,propmarket,2,C:\Users\lepha\Documents\Codex\Real Estate System\generated\images\live\propmarket\propmarket-TGGtwzXu1PaT221Z8WCKM\image_2.jpg,Maseru,Semphetenyane,train,House,House
propmarket-TGGtwzXu1PaT221Z8WCKM,propmarket,3,C:\Users\lepha\Documents\Codex\Real Estate System\generated\images\live\propmarket\propmarket-TGGtwzXu1PaT221Z8WCKM\image_3.jpg,Maseru,Semphetenyane,train,House,Townhouse
propmarket-TGGtwzXu1PaT221Z8WCKM,propmarket,4,C:\Users\lepha\Documents\Codex\Real Estate System\generated\images\live\propmarket\propmarket-TGGtwzXu1PaT221Z8WCKM\image_4.jpg,Maseru,Semphetenyane,train,House,House
propmarket-op0asF1YrwW5Iphyt5FK6,propmarket,1,C:\Users\lepha\Documents\Codex\Real Estate System\generated\images\live\propmarket\propmarket-op0asF1YrwW5Iphyt5FK6\image_1.jpg,Maseru,Lower Thamae,val,House,Townhouse
propmarket-op0asF1YrwW5Iphyt5FK6,propmarket,2,C:\Users\lepha\Documents\Codex\Real Estate System\generated\images\live\propmarket\propmarket-op0asF1YrwW5Iphyt5FK6\image_2.jpg,Maseru,Lower Thamae,val,House,House
propmarket-op0asF1YrwW5Iphyt5FK6,propmarket,3,C:\Users\lepha\Documents\Codex\Real Estate System\generated\images\live\propmarket\propmarket-op0asF1YrwW5Iphyt5FK6\image_3.jpg,Maseru,Lower Thamae,val,House,House
propmarket-1gpWZhyNaDKwyXXVRS0MZ,propmarket,1,C:\Users\lepha\Documents\Codex\Real Estate System\generated\images\live\propmarket\propmarket-1gpWZhyNaDKwyXXVRS0MZ\image_1.jpg,Maseru,Motse Mocha Ts'enola,train,House,House
propmarket-1gpWZhyNaDKwyXXVRS0MZ,propmarket,2,C:\Users\lepha\Documents\Codex\Real Estate System\generated\images\live\propmarket\propmarket-1gpWZhyNaDKwyXXVRS0MZ\image_2.jpg,Maseru,Motse Mocha Ts'enola,train,House,House
propmarket-1gpWZhyNaDKwyXXVRS0MZ,propmarket,3,C:\Users\lepha\Documents\Codex\Real Estate System\generated\images\live\propmarket\propmarket-1gpWZhyNaDKwyXXVRS0MZ\image_3.jpg,Maseru,Motse Mocha Ts'enola,train,House,House
propmarket-1gpWZhyNaDKwyXXVRS0MZ,propmarket,4,C:\Users\lepha\Documents\Codex\Real Estate System\generated\images\live\propmarket\propmarket-1gpWZhyNaDKwyXXVRS0MZ\image_4.jpg,Maseru,Motse Mocha Ts'enola,train,House,House
propmarket-1gpWZhyNaDKwyXXVRS0MZ,propmarket,5,C:\Users\lepha\Documents\Codex\Real Estate System\generated\images\live\propmarket\propmarket-1gpWZhyNaDKwyXXVRS0MZ\image_5.jpg,Maseru,Motse Mocha Ts'enola,train,House,Apartment
propmarket-Gxks2QBu3POkSKy6LSrVn,propmarket,1,C:\Users\lepha\Documents\Codex\Real Estate System\generated\images\live\propmarket\propmarket-Gxks2QBu3POkSKy6LSrVn\image_1.jpg,Maseru,Mazenod,train,House,House
propmarket-Gxks2QBu3POkSKy6LSrVn,propmarket,2,C:\Users\lepha\Documents\Codex\Real Estate System\generated\images\live\propmarket\propmarket-Gxks2QBu3POkSKy6LSrVn\image_2.jpg,Maseru,Mazenod,train,House,House
propmarket-Gxks2QBu3POkSKy6LSrVn,propmarket,3,C:\Users\lepha\Documents\Codex\Real Estate System\generated\images\live\propmarket\propmarket-Gxks2QBu3POkSKy6LSrVn\image_3.jpg,Maseru,Mazenod,train,House,House
propmarket-Gxks2QBu3POkSKy6LSrVn,propmarket,4,C:\Users\lepha\Documents\Codex\Real Estate System\generated\images\live\propmarket\propmarket-Gxks2QBu3POkSKy6LSrVn\image_4.jpg,Maseru,Mazenod,train,House,House
propmarket-Gxks2QBu3POkSKy6LSrVn,propmarket,5,C:\Users\lepha\Documents\Codex\Real Estate System\generated\images\live\propmarket\propmarket-Gxks2QBu3POkSKy6LSrVn\image_5.png,Maseru,Mazenod,train,House,House
propmarket-862McOr-9ckYlIzwbWrUX,propmarket,1,C:\Users\lepha\Documents\Codex\Real Estate System\generated\images\live\propmarket\propmarket-862McOr-9ckYlIzwbWrUX\image_1.jpg,Maseru,Semphetenyane,train,House,House
propmarket-unyPQK3bFX8Fq3cwWcuI6,propmarket,1,C:\Users\lepha\Documents\Codex\Real Estate System\generated\images\live\propmarket\propmarket-unyPQK3bFX8Fq3cwWcuI6\image_1.jpg,Maseru,Ha Nelese,train,Townhouse,Townhouse
propmarket-unyPQK3bFX8Fq3cwWcuI6,propmarket,2,C:\Users\lepha\Documents\Codex\Real Estate System\generated\images\live\propmarket\propmarket-unyPQK3bFX8Fq3cwWcuI6\image_2.jpg,Maseru,Ha Nelese,train,Townhouse,Townhouse
propmarket-unyPQK3bFX8Fq3cwWcuI6,propmarket,3,C:\Users\lepha\Documents\Codex\Real Estate System\generated\images\live\propmarket\propmarket-unyPQK3bFX8Fq3cwWcuI6\image_3.jpg,Maseru,Ha Nelese,train,Townhouse,Townhouse
propmarket-unyPQK3bFX8Fq3cwWcuI6,propmarket,4,C:\Users\lepha\Documents\Codex\Real Estate System\generated\images\live\propmarket\propmarket-unyPQK3bFX8Fq3cwWcuI6\image_4.jpg,Maseru,Ha Nelese,train,Townhouse,Townhouse
propmarket-5zvnXL81fkjHImUjJGCx8,propmarket,1,C:\Users\lepha\Documents\Codex\Real Estate System\generated\images\live\propmarket\propmarket-5zvnXL81fkjHImUjJGCx8\image_1.jpg,Maseru,Ha Tsolo,train,House,House
propmarket-5zvnXL81fkjHImUjJGCx8,propmarket,2,C:\Users\lepha\Documents\Codex\Real Estate System\generated\images\live\propmarket\propmarket-5zvnXL81fkjHImUjJGCx8\image_2.jpg,Maseru,Ha Tsolo,train,House,House
propmarket-bH8pKVrhThHrUZ_5URuQ-,propmarket,1,C:\Users\lepha\Documents\Codex\Real Estate System\generated\images\live\propmarket\propmarket-bH8pKVrhThHrUZ_5URuQ-\image_1.jpg,Maseru,Sekoting Ts'enola,train,House,House
propmarket-bH8pKVrhThHrUZ_5URuQ-,propmarket,2,C:\Users\lepha\Documents\Codex\Real Estate System\generated\images\live\propmarket\propmarket-bH8pKVrhThHrUZ_5URuQ-\image_2.jpg,Maseru,Sekoting Ts'enola,train,House,House
propmarket-bH8pKVrhThHrUZ_5URuQ-,propmarket,3,C:\Users\lepha\Documents\Codex\Real Estate System\generated\images\live\propmarket\propmarket-bH8pKVrhThHrUZ_5URuQ-\image_3.jpg,Maseru,Sekoting Ts'enola,train,House,House
propmarket-bH8pKVrhThHrUZ_5URuQ-,propmarket,4,C:\Users\lepha\Documents\Codex\Real Estate System\generated\images\live\propmarket\propmarket-bH8pKVrhThHrUZ_5URuQ-\image_4.jpg,Maseru,Sekoting Ts'enola,train,House,House
propmarket-G4ZhE5jlCc4y-iw0Kl3d5,propmarket,1,C:\Users\lepha\Documents\Codex\Real Estate System\generated\images\live\propmarket\propmarket-G4ZhE5jlCc4y-iw0Kl3d5\image_1.jpg,Maseru,Ha Ts'osane,train,House,House
propmarket-G4ZhE5jlCc4y-iw0Kl3d5,propmarket,2,C:\Users\lepha\Documents\Codex\Real Estate System\generated\images\live\propmarket\propmarket-G4ZhE5jlCc4y-iw0Kl3d5\image_2.jpg,Maseru,Ha Ts'osane,train,House,House
propmarket-G4ZhE5jlCc4y-iw0Kl3d5,propmarket,3,C:\Users\lepha\Documents\Codex\Real Estate System\generated\images\live\propmarket\propmarket-G4ZhE5jlCc4y-iw0Kl3d5\image_3.jpg,Maseru,Ha Ts'osane,train,House,House
propmarket-G4ZhE5jlCc4y-iw0Kl3d5,propmarket,4,C:\Users\lepha\Documents\Codex\Real Estate System\generated\images\live\propmarket\propmarket-G4ZhE5jlCc4y-iw0Kl3d5\image_4.jpg,Maseru,Ha Ts'osane,train,House,House
propmarket-G4ZhE5jlCc4y-iw0Kl3d5,propmarket,5,C:\Users\lepha\Documents\Codex\Real Estate System\generated\images\live\propmarket\propmarket-G4ZhE5jlCc4y-iw0Kl3d5\image_5.jpg,Maseru,Ha Ts'osane,train,House,House
propmarket-tm9zmb1Cj-5VmgarS2eJA,propmarket,1,C:\Users\lepha\Documents\Codex\Real Estate System\generated\images\live\propmarket\propmarket-tm9zmb1Cj-5VmgarS2eJA\image_1.jpg,Maseru,Masowe Iii,val,House,House
propmarket-tm9zmb1Cj-5VmgarS2eJA,propmarket,2,C:\Users\lepha\Documents\Codex\Real Estate System\generated\images\live\propmarket\propmarket-tm9zmb1Cj-5VmgarS2eJA\image_2.jpg,Maseru,Masowe Iii,val,House,House
propmarket-tm9zmb1Cj-5VmgarS2eJA,propmarket,3,C:\Users\lepha\Documents\Codex\Real Estate System\generated\images\live\propmarket\propmarket-tm9zmb1Cj-5VmgarS2eJA\image_3.jpg,Maseru,Masowe Iii,val,House,House
propmarket-tm9zmb1Cj-5VmgarS2eJA,propmarket,4,C:\Users\lepha\Documents\Codex\Real Estate System\generated\images\live\propmarket\propmarket-tm9zmb1Cj-5VmgarS2eJA\image_4.jpg,Maseru,Masowe Iii,val,House,House
propmarket-tm9zmb1Cj-5VmgarS2eJA,propmarket,5,C:\Users\lepha\Documents\Codex\Real Estate System\generated\images\live\propmarket\propmarket-tm9zmb1Cj-5VmgarS2eJA\image_5.jpg,Maseru,Masowe Iii,val,House,Apartment
propmarket-s_hj4oYl975CEdifUzZCH,propmarket,1,C:\Users\lepha\Documents\Codex\Real Estate System\generated\images\live\propmarket\propmarket-s_hj4oYl975CEdifUzZCH\image_1.jpg,Maseru,Mathokoane,train,House,House
propmarket-s_hj4oYl975CEdifUzZCH,propmarket,2,C:\Users\lepha\Documents\Codex\Real Estate System\generated\images\live\propmarket\propmarket-s_hj4oYl975CEdifUzZCH\image_2.jpg,Maseru,Mathokoane,train,House,House
propmarket-s_hj4oYl975CEdifUzZCH,propmarket,3,C:\Users\lepha\Documents\Codex\Real Estate System\generated\images\live\propmarket\propmarket-s_hj4oYl975CEdifUzZCH\image_3.jpg,Maseru,Mathokoane,train,House,House
propmarket-s_hj4oYl975CEdifUzZCH,propmarket,4,C:\Users\lepha\Documents\Codex\Real Estate System\generated\images\live\propmarket\propmarket-s_hj4oYl975CEdifUzZCH\image_4.jpg,Maseru,Mathokoane,train,House,House
propmarket-s_hj4oYl975CEdifUzZCH,propmarket,5,C:\Users\lepha\Documents\Codex\Real Estate System\generated\images\live\propmarket\propmarket-s_hj4oYl975CEdifUzZCH\image_5.jpg,Maseru,Mathokoane,train,House,Apartment
propmarket-Bc9FR1yIShoqxKfCinFFv,propmarket,1,C:\Users\lepha\Documents\Codex\Real Estate System\generated\images\live\propmarket\propmarket-Bc9FR1yIShoqxKfCinFFv\image_1.jpg,Maseru,Semphetenyane,val,House,House
propmarket-Bc9FR1yIShoqxKfCinFFv,propmarket,2,C:\Users\lepha\Documents\Codex\Real Estate System\generated\images\live\propmarket\propmarket-Bc9FR1yIShoqxKfCinFFv\image_2.jpg,Maseru,Semphetenyane,val,House,Townhouse
propmarket-Bc9FR1yIShoqxKfCinFFv,propmarket,3,C:\Users\lepha\Documents\Codex\Real Estate System\generated\images\live\propmarket\propmarket-Bc9FR1yIShoqxKfCinFFv\image_3.jpg,Maseru,Semphetenyane,val,House,Townhouse
propmarket-Bc9FR1yIShoqxKfCinFFv,propmarket,4,C:\Users\lepha\Documents\Codex\Real Estate System\generated\images\live\propmarket\propmarket-Bc9FR1yIShoqxKfCinFFv\image_4.jpg,Maseru,Semphetenyane,val,House,Townhouse
propmarket-Bc9FR1yIShoqxKfCinFFv,propmarket,5,C:\Users\lepha\Documents\Codex\Real Estate System\generated\images\live\propmarket\propmarket-Bc9FR1yIShoqxKfCinFFv\image_5.jpg,Maseru,Semphetenyane,val,House,Apartment
propmarket-81l4_NDWdSkfdHzXFJwUq,propmarket,1,C:\Users\lepha\Documents\Codex\Real Estate System\generated\images\live\propmarket\propmarket-81l4_NDWdSkfdHzXFJwUq\image_1.jpg,Berea,Lekokoaneng,train,House,House
propmarket-u-14C-3d-sdq2TljmObYC,propmarket,1,C:\Users\lepha\Documents\Codex\Real Estate System\generated\images\live\propmarket\propmarket-u-14C-3d-sdq2TljmObYC\image_1.jpg,Berea,Berea District,test,Townhouse,House
propmarket-u-14C-3d-sdq2TljmObYC,propmarket,2,C:\Users\lepha\Documents\Codex\Real Estate System\generated\images\live\propmarket\propmarket-u-14C-3d-sdq2TljmObYC\image_2.jpg,Berea,Berea District,test,Townhouse,Townhouse
propmarket-u-14C-3d-sdq2TljmObYC,propmarket,3,C:\Users\lepha\Documents\Codex\Real Estate System\generated\images\live\propmarket\propmarket-u-14C-3d-sdq2TljmObYC\image_3.jpg,Berea,Berea District,test,Townhouse,House
propmarket-u-14C-3d-sdq2TljmObYC,propmarket,4,C:\Users\lepha\Documents\Codex\Real Estate System\generated\images\live\propmarket\propmarket-u-14C-3d-sdq2TljmObYC\image_4.jpg,Berea,Berea District,test,Townhouse,House
propmarket-hw6n6Mf06YMilWhDjAv98,propmarket,1,C:\Users\lepha\Documents\Codex\Real Estate System\generated\images\live\propmarket\propmarket-hw6n6Mf06YMilWhDjAv98\image_1.jpg,Maseru,Masowe 1b Secondary School,val,House,House
propmarket-hw6n6Mf06YMilWhDjAv98,propmarket,2,C:\Users\lepha\Documents\Codex\Real Estate System\generated\images\live\propmarket\propmarket-hw6n6Mf06YMilWhDjAv98\image_2.jpg,Maseru,Masowe 1b Secondary School,val,House,Townhouse
propmarket-hw6n6Mf06YMilWhDjAv98,propmarket,3,C:\Users\lepha\Documents\Codex\Real Estate System\generated\images\live\propmarket\propmarket-hw6n6Mf06YMilWhDjAv98\image_3.jpg,Maseru,Masowe 1b Secondary School,val,House,House
propmarket-hw6n6Mf06YMilWhDjAv98,propmarket,4,C:\Users\lepha\Documents\Codex\Real Estate System\generated\images\live\propmarket\propmarket-hw6n6Mf06YMilWhDjAv98\image_4.jpg,Maseru,Masowe 1b Secondary School,val,House,House
propmarket-vlDoZlvOdaM3fOelOmiv8,propmarket,1,C:\Users\lepha\Documents\Codex\Real Estate System\generated\images\live\propmarket\propmarket-vlDoZlvOdaM3fOelOmiv8\image_1.jpg,Maseru,Ha Mabote,val,Apartment,House
propmarket-vlDoZlvOdaM3fOelOmiv8,propmarket,2,C:\Users\lepha\Documents\Codex\Real Estate System\generated\images\live\propmarket\propmarket-vlDoZlvOdaM3fOelOmiv8\image_2.jpg,Maseru,Ha Mabote,val,Apartment,House
propmarket-vlDoZlvOdaM3fOelOmiv8,propmarket,3,C:\Users\lepha\Documents\Codex\Real Estate System\generated\images\live\propmarket\propmarket-vlDoZlvOdaM3fOelOmiv8\image_3.jpg,Maseru,Ha Mabote,val,Apartment,House
propmarket-vlDoZlvOdaM3fOelOmiv8,propmarket,4,C:\Users\lepha\Documents\Codex\Real Estate System\generated\images\live\propmarket\propmarket-vlDoZlvOdaM3fOelOmiv8\image_4.jpg,Maseru,Ha Mabote,val,Apartment,Apartment
propmarket-vlDoZlvOdaM3fOelOmiv8,propmarket,5,C:\Users\lepha\Documents\Codex\Real Estate System\generated\images\live\propmarket\propmarket-vlDoZlvOdaM3fOelOmiv8\image_5.png,Maseru,Ha Mabote,val,Apartment,House
propmarket-SiDHc0YvePC_fzWHiFisO,propmarket,1,C:\Users\lepha\Documents\Codex\Real Estate System\generated\images\live\propmarket\propmarket-SiDHc0YvePC_fzWHiFisO\image_1.jpg,Maseru,Mazenod,train,House,House
propmarket-SiDHc0YvePC_fzWHiFisO,propmarket,2,C:\Users\lepha\Documents\Codex\Real Estate System\generated\images\live\propmarket\propmarket-SiDHc0YvePC_fzWHiFisO\image_2.jpg,Maseru,Mazenod,train,House,House
propmarket-SiDHc0YvePC_fzWHiFisO,propmarket,3,C:\Users\lepha\Documents\Codex\Real Estate System\generated\images\live\propmarket\propmarket-SiDHc0YvePC_fzWHiFisO\image_3.jpg,Maseru,Mazenod,train,House,Apartment
propmarket-SiDHc0YvePC_fzWHiFisO,propmarket,4,C:\Users\lepha\Documents\Codex\Real Estate System\generated\images\live\propmarket\propmarket-SiDHc0YvePC_fzWHiFisO\image_4.jpg,Maseru,Mazenod,train,House,House
propmarket-a8l8pgWNjuxoe13ONlO9J,propmarket,1,C:\Users\lepha\Documents\Codex\Real Estate System\generated\images\live\propmarket\propmarket-a8l8pgWNjuxoe13ONlO9J\image_1.jpg,Maseru,Ha Abia,train,House,House
propmarket-a8l8pgWNjuxoe13ONlO9J,propmarket,2,C:\Users\lepha\Documents\Codex\Real Estate System\generated\images\live\propmarket\propmarket-a8l8pgWNjuxoe13ONlO9J\image_2.jpg,Maseru,Ha Abia,train,House,House
propmarket-a8l8pgWNjuxoe13ONlO9J,propmarket,3,C:\Users\lepha\Documents\Codex\Real Estate System\generated\images\live\propmarket\propmarket-a8l8pgWNjuxoe13ONlO9J\image_3.jpg,Maseru,Ha Abia,train,House,House
propmarket-a8l8pgWNjuxoe13ONlO9J,propmarket,4,C:\Users\lepha\Documents\Codex\Real Estate System\generated\images\live\propmarket\propmarket-a8l8pgWNjuxoe13ONlO9J\image_4.jpg,Maseru,Ha Abia,train,House,House
propmarket-a8l8pgWNjuxoe13ONlO9J,propmarket,5,C:\Users\lepha\Documents\Codex\Real Estate System\generated\images\live\propmarket\propmarket-a8l8pgWNjuxoe13ONlO9J\image_5.jpg,Maseru,Ha Abia,train,House,House
propmarket-8rZgyZbU6bmT9rIxBpxPt,propmarket,1,C:\Users\lepha\Documents\Codex\Real Estate System\generated\images\live\propmarket\propmarket-8rZgyZbU6bmT9rIxBpxPt\image_1.jpg,Maseru,Mohalalitoe,val,House,House
propmarket-8rZgyZbU6bmT9rIxBpxPt,propmarket,2,C:\Users\lepha\Documents\Codex\Real Estate System\generated\images\live\propmarket\propmarket-8rZgyZbU6bmT9rIxBpxPt\image_2.jpg,Maseru,Mohalalitoe,val,House,Townhouse
propmarket-8rZgyZbU6bmT9rIxBpxPt,propmarket,3,C:\Users\lepha\Documents\Codex\Real Estate System\generated\images\live\propmarket\propmarket-8rZgyZbU6bmT9rIxBpxPt\image_3.jpg,Maseru,Mohalalitoe,val,House,House
propmarket-8rZgyZbU6bmT9rIxBpxPt,propmarket,4,C:\Users\lepha\Documents\Codex\Real Estate System\generated\images\live\propmarket\propmarket-8rZgyZbU6bmT9rIxBpxPt\image_4.jpg,Maseru,Mohalalitoe,val,House,House
propmarket-8rZgyZbU6bmT9rIxBpxPt,propmarket,5,C:\Users\lepha\Documents\Codex\Real Estate System\generated\images\live\propmarket\propmarket-8rZgyZbU6bmT9rIxBpxPt\image_5.jpg,Maseru,Mohalalitoe,val,House,House
propmarket-QbeZ-VczfHeoc_RfAOdRx,propmarket,1,C:\Users\lepha\Documents\Codex\Real Estate System\generated\images\live\propmarket\propmarket-QbeZ-VczfHeoc_RfAOdRx\image_1.jpg,Maseru,Mazenod,train,Townhouse,Townhouse
propmarket-QbeZ-VczfHeoc_RfAOdRx,propmarket,2,C:\Users\lepha\Documents\Codex\Real Estate System\generated\images\live\propmarket\propmarket-QbeZ-VczfHeoc_RfAOdRx\image_2.jpg,Maseru,Mazenod,train,Townhouse,Townhouse
propmarket-QbeZ-VczfHeoc_RfAOdRx,propmarket,3,C:\Users\lepha\Documents\Codex\Real Estate System\generated\images\live\propmarket\propmarket-QbeZ-VczfHeoc_RfAOdRx\image_3.jpg,Maseru,Mazenod,train,Townhouse,Townhouse
propmarket-QbeZ-VczfHeoc_RfAOdRx,propmarket,4,C:\Users\lepha\Documents\Codex\Real Estate System\generated\images\live\propmarket\propmarket-QbeZ-VczfHeoc_RfAOdRx\image_4.jpg,Maseru,Mazenod,train,Townhouse,Townhouse
propmarket-Z4z-og29aKZ4wE7APAStn,propmarket,1,C:\Users\lepha\Documents\Codex\Real Estate System\generated\images\live\propmarket\propmarket-Z4z-og29aKZ4wE7APAStn\image_1.jpg,Berea,Sekamaneng,train,House,House
propmarket-Z4z-og29aKZ4wE7APAStn,propmarket,2,C:\Users\lepha\Documents\Codex\Real Estate System\generated\images\live\propmarket\propmarket-Z4z-og29aKZ4wE7APAStn\image_2.jpg,Berea,Sekamaneng,train,House,House
propmarket-Z4z-og29aKZ4wE7APAStn,propmarket,3,C:\Users\lepha\Documents\Codex\Real Estate System\generated\images\live\propmarket\propmarket-Z4z-og29aKZ4wE7APAStn\image_3.jpg,Berea,Sekamaneng,train,House,House
propmarket-Z4z-og29aKZ4wE7APAStn,propmarket,4,C:\Users\lepha\Documents\Codex\Real Estate System\generated\images\live\propmarket\propmarket-Z4z-og29aKZ4wE7APAStn\image_4.jpg,Berea,Sekamaneng,train,House,House
propmarket-Z4z-og29aKZ4wE7APAStn,propmarket,5,C:\Users\lepha\Documents\Codex\Real Estate System\generated\images\live\propmarket\propmarket-Z4z-og29aKZ4wE7APAStn\image_5.jpg,Berea,Sekamaneng,train,House,House
propmarket-cRZnCvUgMgClhFBk9JbKi,propmarket,1,C:\Users\lepha\Documents\Codex\Real Estate System\generated\images\live\propmarket\propmarket-cRZnCvUgMgClhFBk9JbKi\image_1.jpg,Quthing,Quthing District,train,House,Townhouse
propmarket-cRZnCvUgMgClhFBk9JbKi,propmarket,2,C:\Users\lepha\Documents\Codex\Real Estate System\generated\images\live\propmarket\propmarket-cRZnCvUgMgClhFBk9JbKi\image_2.jpg,Quthing,Quthing District,train,House,Townhouse
propmarket-cRZnCvUgMgClhFBk9JbKi,propmarket,3,C:\Users\lepha\Documents\Codex\Real Estate System\generated\images\live\propmarket\propmarket-cRZnCvUgMgClhFBk9JbKi\image_3.jpg,Quthing,Quthing District,train,House,Townhouse
propmarket-cRZnCvUgMgClhFBk9JbKi,propmarket,4,C:\Users\lepha\Documents\Codex\Real Estate System\generated\images\live\propmarket\propmarket-cRZnCvUgMgClhFBk9JbKi\image_4.jpg,Quthing,Quthing District,train,House,House
propmarket-cRZnCvUgMgClhFBk9JbKi,propmarket,5,C:\Users\lepha\Documents\Codex\Real Estate System\generated\images\live\propmarket\propmarket-cRZnCvUgMgClhFBk9JbKi\image_5.jpg,Quthing,Quthing District,train,House,House
propmarket-KhjqZ43BkP-Yiv-WUXeeH,propmarket,1,C:\Users\lepha\Documents\Codex\Real Estate System\generated\images\live\propmarket\propmarket-KhjqZ43BkP-Yiv-WUXeeH\image_1.jpg,Maseru,Thaba Bosiu,val,House,Townhouse
propmarket-KhjqZ43BkP-Yiv-WUXeeH,propmarket,2,C:\Users\lepha\Documents\Codex\Real Estate System\generated\images\live\propmarket\propmarket-KhjqZ43BkP-Yiv-WUXeeH\image_2.jpg,Maseru,Thaba Bosiu,val,House,Apartment
propmarket-KhjqZ43BkP-Yiv-WUXeeH,propmarket,3,C:\Users\lepha\Documents\Codex\Real Estate System\generated\images\live\propmarket\propmarket-KhjqZ43BkP-Yiv-WUXeeH\image_3.jpg,Maseru,Thaba Bosiu,val,House,Townhouse
propmarket-KhjqZ43BkP-Yiv-WUXeeH,propmarket,4,C:\Users\lepha\Documents\Codex\Real Estate System\generated\images\live\propmarket\propmarket-KhjqZ43BkP-Yiv-WUXeeH\image_4.jpg,Maseru,Thaba Bosiu,val,House,House
propmarket-zGSKI5MMls1YUGneoRJ_Y,propmarket,1,C:\Users\lepha\Documents\Codex\Real Estate System\generated\images\live\propmarket\propmarket-zGSKI5MMls1YUGneoRJ_Y\image_1.jpg,Mohale's Hoek,Mesitsaneng,train,House,House
propmarket-zGSKI5MMls1YUGneoRJ_Y,propmarket,2,C:\Users\lepha\Documents\Codex\Real Estate System\generated\images\live\propmarket\propmarket-zGSKI5MMls1YUGneoRJ_Y\image_2.jpg,Mohale's Hoek,Mesitsaneng,train,House,House
propmarket-zGSKI5MMls1YUGneoRJ_Y,propmarket,3,C:\Users\lepha\Documents\Codex\Real Estate System\generated\images\live\propmarket\propmarket-zGSKI5MMls1YUGneoRJ_Y\image_3.jpg,Mohale's Hoek,Mesitsaneng,train,House,House
propmarket-zGSKI5MMls1YUGneoRJ_Y,propmarket,4,C:\Users\lepha\Documents\Codex\Real Estate System\generated\images\live\propmarket\propmarket-zGSKI5MMls1YUGneoRJ_Y\image_4.jpg,Mohale's Hoek,Mesitsaneng,train,House,House
propmarket-zGSKI5MMls1YUGneoRJ_Y,propmarket,5,C:\Users\lepha\Documents\Codex\Real Estate System\generated\images\live\propmarket\propmarket-zGSKI5MMls1YUGneoRJ_Y\image_5.jpg,Mohale's Hoek,Mesitsaneng,train,House,House
propmarket-lhabbYFlMj9gF2mViiWtw,propmarket,1,C:\Users\lepha\Documents\Codex\Real Estate System\generated\images\live\propmarket\propmarket-lhabbYFlMj9gF2mViiWtw\image_1.jpg,Berea,Ha Mabote,val,House,House
propmarket-lhabbYFlMj9gF2mViiWtw,propmarket,2,C:\Users\lepha\Documents\Codex\Real Estate System\generated\images\live\propmarket\propmarket-lhabbYFlMj9gF2mViiWtw\image_2.jpg,Berea,Ha Mabote,val,House,House
propmarket-lhabbYFlMj9gF2mViiWtw,propmarket,3,C:\Users\lepha\Documents\Codex\Real Estate System\generated\images\live\propmarket\propmarket-lhabbYFlMj9gF2mViiWtw\image_3.jpg,Berea,Ha Mabote,val,House,House
propmarket-lhabbYFlMj9gF2mViiWtw,propmarket,4,C:\Users\lepha\Documents\Codex\Real Estate System\generated\images\live\propmarket\propmarket-lhabbYFlMj9gF2mViiWtw\image_4.jpg,Berea,Ha Mabote,val,House,Apartment
propmarket-ULpaoTct4UkIKVByFe5-m,propmarket,1,C:\Users\lepha\Documents\Codex\Real Estate System\generated\images\live\propmarket\propmarket-ULpaoTct4UkIKVByFe5-m\image_1.jpg,Maseru,Masowe Street,train,House,House
propmarket-ULpaoTct4UkIKVByFe5-m,propmarket,2,C:\Users\lepha\Documents\Codex\Real Estate System\generated\images\live\propmarket\propmarket-ULpaoTct4UkIKVByFe5-m\image_2.jpg,Maseru,Masowe Street,train,House,House
propmarket-ULpaoTct4UkIKVByFe5-m,propmarket,3,C:\Users\lepha\Documents\Codex\Real Estate System\generated\images\live\propmarket\propmarket-ULpaoTct4UkIKVByFe5-m\image_3.jpg,Maseru,Masowe Street,train,House,House
propmarket-ULpaoTct4UkIKVByFe5-m,propmarket,4,C:\Users\lepha\Documents\Codex\Real Estate System\generated\images\live\propmarket\propmarket-ULpaoTct4UkIKVByFe5-m\image_4.jpg,Maseru,Masowe Street,train,House,Apartment
propmarket-ULpaoTct4UkIKVByFe5-m,propmarket,5,C:\Users\lepha\Documents\Codex\Real Estate System\generated\images\live\propmarket\propmarket-ULpaoTct4UkIKVByFe5-m\image_5.png,Maseru,Masowe Street,train,House,House
propmarket-ezFcsmhLYIMyJm9JcqdbJ,propmarket,1,C:\Users\lepha\Documents\Codex\Real Estate System\generated\images\live\propmarket\propmarket-ezFcsmhLYIMyJm9JcqdbJ\image_1.jpg,Berea,Berea District,test,House,Apartment
propmarket-ezFcsmhLYIMyJm9JcqdbJ,propmarket,2,C:\Users\lepha\Documents\Codex\Real Estate System\generated\images\live\propmarket\propmarket-ezFcsmhLYIMyJm9JcqdbJ\image_2.jpg,Berea,Berea District,test,House,House
propmarket-ezFcsmhLYIMyJm9JcqdbJ,propmarket,3,C:\Users\lepha\Documents\Codex\Real Estate System\generated\images\live\propmarket\propmarket-ezFcsmhLYIMyJm9JcqdbJ\image_3.jpg,Berea,Berea District,test,House,House
propmarket-ezFcsmhLYIMyJm9JcqdbJ,propmarket,4,C:\Users\lepha\Documents\Codex\Real Estate System\generated\images\live\propmarket\propmarket-ezFcsmhLYIMyJm9JcqdbJ\image_4.png,Berea,Berea District,test,House,House
propmarket-jLsW5pAWor5DGdiQLz3Ks,propmarket,1,C:\Users\lepha\Documents\Codex\Real Estate System\generated\images\live\propmarket\propmarket-jLsW5pAWor5DGdiQLz3Ks\image_1.jpg,Maseru,Maseru District,val,House,Apartment
propmarket-jLsW5pAWor5DGdiQLz3Ks,propmarket,2,C:\Users\lepha\Documents\Codex\Real Estate System\generated\images\live\propmarket\propmarket-jLsW5pAWor5DGdiQLz3Ks\image_2.jpg,Maseru,Maseru District,val,House,House
propmarket-jLsW5pAWor5DGdiQLz3Ks,propmarket,3,C:\Users\lepha\Documents\Codex\Real Estate System\generated\images\live\propmarket\propmarket-jLsW5pAWor5DGdiQLz3Ks\image_3.jpg,Maseru,Maseru District,val,House,House
propmarket-jLsW5pAWor5DGdiQLz3Ks,propmarket,4,C:\Users\lepha\Documents\Codex\Real Estate System\generated\images\live\propmarket\propmarket-jLsW5pAWor5DGdiQLz3Ks\image_4.png,Maseru,Maseru District,val,House,House
propmarket-lOGKyLOJwiTcvUEBxfOd2,propmarket,1,C:\Users\lepha\Documents\Codex\Real Estate System\generated\images\live\propmarket\propmarket-lOGKyLOJwiTcvUEBxfOd2\image_1.jpg,Maseru,Masowe 1b Secondary School,test,House,House
propmarket-lOGKyLOJwiTcvUEBxfOd2,propmarket,2,C:\Users\lepha\Documents\Codex\Real Estate System\generated\images\live\propmarket\propmarket-lOGKyLOJwiTcvUEBxfOd2\image_2.jpg,Maseru,Masowe 1b Secondary School,test,House,House
propmarket-lOGKyLOJwiTcvUEBxfOd2,propmarket,3,C:\Users\lepha\Documents\Codex\Real Estate System\generated\images\live\propmarket\propmarket-lOGKyLOJwiTcvUEBxfOd2\image_3.jpg,Maseru,Masowe 1b Secondary School,test,House,House
propmarket-lOGKyLOJwiTcvUEBxfOd2,propmarket,4,C:\Users\lepha\Documents\Codex\Real Estate System\generated\images\live\propmarket\propmarket-lOGKyLOJwiTcvUEBxfOd2\image_4.jpg,Maseru,Masowe 1b Secondary School,test,House,House
propmarket-hnALgHUVxkGWG9QqHXv2y,propmarket,1,C:\Users\lepha\Documents\Codex\Real Estate System\generated\images\live\propmarket\propmarket-hnALgHUVxkGWG9QqHXv2y\image_1.jpg,Maseru,Ha Matala,train,House,House
propmarket-hnALgHUVxkGWG9QqHXv2y,propmarket,2,C:\Users\lepha\Documents\Codex\Real Estate System\generated\images\live\propmarket\propmarket-hnALgHUVxkGWG9QqHXv2y\image_2.jpg,Maseru,Ha Matala,train,House,House
propmarket-hnALgHUVxkGWG9QqHXv2y,propmarket,3,C:\Users\lepha\Documents\Codex\Real Estate System\generated\images\live\propmarket\propmarket-hnALgHUVxkGWG9QqHXv2y\image_3.jpg,Maseru,Ha Matala,train,House,House
propmarket-hnALgHUVxkGWG9QqHXv2y,propmarket,4,C:\Users\lepha\Documents\Codex\Real Estate System\generated\images\live\propmarket\propmarket-hnALgHUVxkGWG9QqHXv2y\image_4.jpg,Maseru,Ha Matala,train,House,House
propmarket-QVq2pNyEur75hseYq9XEs,propmarket,1,C:\Users\lepha\Documents\Codex\Real Estate System\generated\images\live\propmarket\propmarket-QVq2pNyEur75hseYq9XEs\image_1.jpg,Maseru,Ha Matala,train,House,House
propmarket-QVq2pNyEur75hseYq9XEs,propmarket,2,C:\Users\lepha\Documents\Codex\Real Estate System\generated\images\live\propmarket\propmarket-QVq2pNyEur75hseYq9XEs\image_2.jpg,Maseru,Ha Matala,train,House,House
propmarket-QVq2pNyEur75hseYq9XEs,propmarket,3,C:\Users\lepha\Documents\Codex\Real Estate System\generated\images\live\propmarket\propmarket-QVq2pNyEur75hseYq9XEs\image_3.jpg,Maseru,Ha Matala,train,House,House
propmarket-tPWv32Y-qCsM46i7tAUHy,propmarket,1,C:\Users\lepha\Documents\Codex\Real Estate System\generated\images\live\propmarket\propmarket-tPWv32Y-qCsM46i7tAUHy\image_1.jpg,Maseru,Thetsane,train,House,House
propmarket-tPWv32Y-qCsM46i7tAUHy,propmarket,2,C:\Users\lepha\Documents\Codex\Real Estate System\generated\images\live\propmarket\propmarket-tPWv32Y-qCsM46i7tAUHy\image_2.jpg,Maseru,Thetsane,train,House,House
propmarket-tPWv32Y-qCsM46i7tAUHy,propmarket,3,C:\Users\lepha\Documents\Codex\Real Estate System\generated\images\live\propmarket\propmarket-tPWv32Y-qCsM46i7tAUHy\image_3.jpg,Maseru,Thetsane,train,House,House
propmarket-tPWv32Y-qCsM46i7tAUHy,propmarket,4,C:\Users\lepha\Documents\Codex\Real Estate System\generated\images\live\propmarket\propmarket-tPWv32Y-qCsM46i7tAUHy\image_4.jpg,Maseru,Thetsane,train,House,Apartment
propmarket-tPWv32Y-qCsM46i7tAUHy,propmarket,5,C:\Users\lepha\Documents\Codex\Real Estate System\generated\images\live\propmarket\propmarket-tPWv32Y-qCsM46i7tAUHy\image_5.jpg,Maseru,Thetsane,train,House,Apartment
propmarket-_eshoYx6_Q5mssqQIF1L6,propmarket,1,C:\Users\lepha\Documents\Codex\Real Estate System\generated\images\live\propmarket\propmarket-_eshoYx6_Q5mssqQIF1L6\image_1.jpg,Maseru,Masowe 1b Secondary School,train,House,House
propmarket-_eshoYx6_Q5mssqQIF1L6,propmarket,2,C:\Users\lepha\Documents\Codex\Real Estate System\generated\images\live\propmarket\propmarket-_eshoYx6_Q5mssqQIF1L6\image_2.jpg,Maseru,Masowe 1b Secondary School,train,House,House
propmarket-XT3Hd_BRf6nZBclclWKgg,propmarket,1,C:\Users\lepha\Documents\Codex\Real Estate System\generated\images\live\propmarket\propmarket-XT3Hd_BRf6nZBclclWKgg\image_1.jpg,Maseru,Hillsview,train,House,Townhouse
propmarket-XT3Hd_BRf6nZBclclWKgg,propmarket,2,C:\Users\lepha\Documents\Codex\Real Estate System\generated\images\live\propmarket\propmarket-XT3Hd_BRf6nZBclclWKgg\image_2.jpg,Maseru,Hillsview,train,House,House
propmarket-XT3Hd_BRf6nZBclclWKgg,propmarket,3,C:\Users\lepha\Documents\Codex\Real Estate System\generated\images\live\propmarket\propmarket-XT3Hd_BRf6nZBclclWKgg\image_3.jpg,Maseru,Hillsview,train,House,Apartment
propmarket-XT3Hd_BRf6nZBclclWKgg,propmarket,4,C:\Users\lepha\Documents\Codex\Real Estate System\generated\images\live\propmarket\propmarket-XT3Hd_BRf6nZBclclWKgg\image_4.jpg,Maseru,Hillsview,train,House,House
propmarket-XT3Hd_BRf6nZBclclWKgg,propmarket,5,C:\Users\lepha\Documents\Codex\Real Estate System\generated\images\live\propmarket\propmarket-XT3Hd_BRf6nZBclclWKgg\image_5.jpg,Maseru,Hillsview,train,House,Apartment
propmarket-8CyrAl8AaWvJFTVj_bvpt,propmarket,1,C:\Users\lepha\Documents\Codex\Real Estate System\generated\images\live\propmarket\propmarket-8CyrAl8AaWvJFTVj_bvpt\image_1.jpg,Berea,Teyateyaneng,train,House,House
propmarket-8CyrAl8AaWvJFTVj_bvpt,propmarket,2,C:\Users\lepha\Documents\Codex\Real Estate System\generated\images\live\propmarket\propmarket-8CyrAl8AaWvJFTVj_bvpt\image_2.jpg,Berea,Teyateyaneng,train,House,House
propmarket-8CyrAl8AaWvJFTVj_bvpt,propmarket,3,C:\Users\lepha\Documents\Codex\Real Estate System\generated\images\live\propmarket\propmarket-8CyrAl8AaWvJFTVj_bvpt\image_3.jpg,Berea,Teyateyaneng,train,House,House
propmarket-wssVndlTI_WCuNbcTEZKg,propmarket,1,C:\Users\lepha\Documents\Codex\Real Estate System\generated\images\live\propmarket\propmarket-wssVndlTI_WCuNbcTEZKg\image_1.jpg,Leribe,Ha Maputsoe,test,House,Townhouse
propmarket-wssVndlTI_WCuNbcTEZKg,propmarket,2,C:\Users\lepha\Documents\Codex\Real Estate System\generated\images\live\propmarket\propmarket-wssVndlTI_WCuNbcTEZKg\image_2.jpg,Leribe,Ha Maputsoe,test,House,Townhouse
propmarket-wssVndlTI_WCuNbcTEZKg,propmarket,3,C:\Users\lepha\Documents\Codex\Real Estate System\generated\images\live\propmarket\propmarket-wssVndlTI_WCuNbcTEZKg\image_3.jpg,Leribe,Ha Maputsoe,test,House,House
propmarket-wssVndlTI_WCuNbcTEZKg,propmarket,4,C:\Users\lepha\Documents\Codex\Real Estate System\generated\images\live\propmarket\propmarket-wssVndlTI_WCuNbcTEZKg\image_4.jpg,Leribe,Ha Maputsoe,test,House,House
propmarket-jT41y7YNeO5qGQ0Dj8lR0,propmarket,1,C:\Users\lepha\Documents\Codex\Real Estate System\generated\images\live\propmarket\propmarket-jT41y7YNeO5qGQ0Dj8lR0\image_1.jpg,Maseru,Masowe 1b Secondary School,train,House,House
propmarket-jT41y7YNeO5qGQ0Dj8lR0,propmarket,2,C:\Users\lepha\Documents\Codex\Real Estate System\generated\images\live\propmarket\propmarket-jT41y7YNeO5qGQ0Dj8lR0\image_2.jpg,Maseru,Masowe 1b Secondary School,train,House,House
propmarket-jT41y7YNeO5qGQ0Dj8lR0,propmarket,3,C:\Users\lepha\Documents\Codex\Real Estate System\generated\images\live\propmarket\propmarket-jT41y7YNeO5qGQ0Dj8lR0\image_3.jpg,Maseru,Masowe 1b Secondary School,train,House,House
propmarket-jT41y7YNeO5qGQ0Dj8lR0,propmarket,4,C:\Users\lepha\Documents\Codex\Real Estate System\generated\images\live\propmarket\propmarket-jT41y7YNeO5qGQ0Dj8lR0\image_4.jpg,Maseru,Masowe 1b Secondary School,train,House,House
propmarket-1TGCSDZG8y-BouNt6g0B6,propmarket,1,C:\Users\lepha\Documents\Codex\Real Estate System\generated\images\live\propmarket\propmarket-1TGCSDZG8y-BouNt6g0B6\image_1.jpg,Leribe,Ha Maqele,train,House,House
propmarket-1TGCSDZG8y-BouNt6g0B6,propmarket,2,C:\Users\lepha\Documents\Codex\Real Estate System\generated\images\live\propmarket\propmarket-1TGCSDZG8y-BouNt6g0B6\image_2.jpg,Leribe,Ha Maqele,train,House,House
propmarket-1TGCSDZG8y-BouNt6g0B6,propmarket,3,C:\Users\lepha\Documents\Codex\Real Estate System\generated\images\live\propmarket\propmarket-1TGCSDZG8y-BouNt6g0B6\image_3.jpg,Leribe,Ha Maqele,train,House,Apartment
propmarket-1TGCSDZG8y-BouNt6g0B6,propmarket,4,C:\Users\lepha\Documents\Codex\Real Estate System\generated\images\live\propmarket\propmarket-1TGCSDZG8y-BouNt6g0B6\image_4.jpg,Leribe,Ha Maqele,train,House,Apartment
propmarket-mrNXjggdJORKMuy1xzCJR,propmarket,1,C:\Users\lepha\Documents\Codex\Real Estate System\generated\images\live\propmarket\propmarket-mrNXjggdJORKMuy1xzCJR\image_1.jpg,Maseru,Linakotseng,train,House,House
propmarket-mrNXjggdJORKMuy1xzCJR,propmarket,2,C:\Users\lepha\Documents\Codex\Real Estate System\generated\images\live\propmarket\propmarket-mrNXjggdJORKMuy1xzCJR\image_2.jpg,Maseru,Linakotseng,train,House,Townhouse
propmarket-xCJ9fuicyQRzWK5mXpAjJ,propmarket,1,C:\Users\lepha\Documents\Codex\Real Estate System\generated\images\live\propmarket\propmarket-xCJ9fuicyQRzWK5mXpAjJ\image_1.jpg,Berea,Sekamaneng,train,House,House
propmarket-xCJ9fuicyQRzWK5mXpAjJ,propmarket,2,C:\Users\lepha\Documents\Codex\Real Estate System\generated\images\live\propmarket\propmarket-xCJ9fuicyQRzWK5mXpAjJ\image_2.jpg,Berea,Sekamaneng,train,House,House
propmarket-xCJ9fuicyQRzWK5mXpAjJ,propmarket,3,C:\Users\lepha\Documents\Codex\Real Estate System\generated\images\live\propmarket\propmarket-xCJ9fuicyQRzWK5mXpAjJ\image_3.jpg,Berea,Sekamaneng,train,House,House
propmarket-xCJ9fuicyQRzWK5mXpAjJ,propmarket,4,C:\Users\lepha\Documents\Codex\Real Estate System\generated\images\live\propmarket\propmarket-xCJ9fuicyQRzWK5mXpAjJ\image_4.jpg,Berea,Sekamaneng,train,House,House
propmarket-O5odO8OaNdZ-DmbkJ0mjS,propmarket,1,C:\Users\lepha\Documents\Codex\Real Estate System\generated\images\live\propmarket\propmarket-O5odO8OaNdZ-DmbkJ0mjS\image_1.jpg,Maseru,Matebeleng (ha Penapena),val,House,Townhouse
propmarket-O5odO8OaNdZ-DmbkJ0mjS,propmarket,2,C:\Users\lepha\Documents\Codex\Real Estate System\generated\images\live\propmarket\propmarket-O5odO8OaNdZ-DmbkJ0mjS\image_2.jpg,Maseru,Matebeleng (ha Penapena),val,House,House
propmarket-O5odO8OaNdZ-DmbkJ0mjS,propmarket,3,C:\Users\lepha\Documents\Codex\Real Estate System\generated\images\live\propmarket\propmarket-O5odO8OaNdZ-DmbkJ0mjS\image_3.jpg,Maseru,Matebeleng (ha Penapena),val,House,House
propmarket-O5odO8OaNdZ-DmbkJ0mjS,propmarket,4,C:\Users\lepha\Documents\Codex\Real Estate System\generated\images\live\propmarket\propmarket-O5odO8OaNdZ-DmbkJ0mjS\image_4.jpg,Maseru,Matebeleng (ha Penapena),val,House,House
propmarket-O5odO8OaNdZ-DmbkJ0mjS,propmarket,5,C:\Users\lepha\Documents\Codex\Real Estate System\generated\images\live\propmarket\propmarket-O5odO8OaNdZ-DmbkJ0mjS\image_5.jpg,Maseru,Matebeleng (ha Penapena),val,House,Apartment
propmarket-9TVOR113vm0u2plg3fZDR,propmarket,1,C:\Users\lepha\Documents\Codex\Real Estate System\generated\images\live\propmarket\propmarket-9TVOR113vm0u2plg3fZDR\image_1.jpg,Leribe,Sebothoane,train,House,House
propmarket-9TVOR113vm0u2plg3fZDR,propmarket,2,C:\Users\lepha\Documents\Codex\Real Estate System\generated\images\live\propmarket\propmarket-9TVOR113vm0u2plg3fZDR\image_2.jpg,Leribe,Sebothoane,train,House,House
propmarket-9TVOR113vm0u2plg3fZDR,propmarket,3,C:\Users\lepha\Documents\Codex\Real Estate System\generated\images\live\propmarket\propmarket-9TVOR113vm0u2plg3fZDR\image_3.png,Leribe,Sebothoane,train,House,House
propmarket-SHzbMRolHH_oHOXcKZhBh,propmarket,1,C:\Users\lepha\Documents\Codex\Real Estate System\generated\images\live\propmarket\propmarket-SHzbMRolHH_oHOXcKZhBh\image_1.jpg,Maseru,Masowe 1b Secondary School,val,House,House
propmarket-SHzbMRolHH_oHOXcKZhBh,propmarket,2,C:\Users\lepha\Documents\Codex\Real Estate System\generated\images\live\propmarket\propmarket-SHzbMRolHH_oHOXcKZhBh\image_2.jpg,Maseru,Masowe 1b Secondary School,val,House,House
propmarket-SHzbMRolHH_oHOXcKZhBh,propmarket,3,C:\Users\lepha\Documents\Codex\Real Estate System\generated\images\live\propmarket\propmarket-SHzbMRolHH_oHOXcKZhBh\image_3.jpg,Maseru,Masowe 1b Secondary School,val,House,House
propmarket-SHzbMRolHH_oHOXcKZhBh,propmarket,4,C:\Users\lepha\Documents\Codex\Real Estate System\generated\images\live\propmarket\propmarket-SHzbMRolHH_oHOXcKZhBh\image_4.jpg,Maseru,Masowe 1b Secondary School,val,House,Apartment
propmarket-SHzbMRolHH_oHOXcKZhBh,propmarket,5,C:\Users\lepha\Documents\Codex\Real Estate System\generated\images\live\propmarket\propmarket-SHzbMRolHH_oHOXcKZhBh\image_5.png,Maseru,Masowe 1b Secondary School,val,House,House
propmarket-Ykwq3hSjs-KFTfo1fFmoq,propmarket,1,C:\Users\lepha\Documents\Codex\Real Estate System\generated\images\live\propmarket\propmarket-Ykwq3hSjs-KFTfo1fFmoq\image_1.jpg,Leribe,Pitseng,val,House,Townhouse
propmarket-Ykwq3hSjs-KFTfo1fFmoq,propmarket,2,C:\Users\lepha\Documents\Codex\Real Estate System\generated\images\live\propmarket\propmarket-Ykwq3hSjs-KFTfo1fFmoq\image_2.jpg,Leribe,Pitseng,val,House,House
propmarket-Ykwq3hSjs-KFTfo1fFmoq,propmarket,3,C:\Users\lepha\Documents\Codex\Real Estate System\generated\images\live\propmarket\propmarket-Ykwq3hSjs-KFTfo1fFmoq\image_3.png,Leribe,Pitseng,val,House,House
propmarket-OvKX0vFoL9BCXgddpDgW5,propmarket,1,C:\Users\lepha\Documents\Codex\Real Estate System\generated\images\live\propmarket\propmarket-OvKX0vFoL9BCXgddpDgW5\image_1.jpg,Maseru,Masowe 1b Secondary School,train,House,House
propmarket-OvKX0vFoL9BCXgddpDgW5,propmarket,2,C:\Users\lepha\Documents\Codex\Real Estate System\generated\images\live\propmarket\propmarket-OvKX0vFoL9BCXgddpDgW5\image_2.jpg,Maseru,Masowe 1b Secondary School,train,House,House
propmarket-OvKX0vFoL9BCXgddpDgW5,propmarket,3,C:\Users\lepha\Documents\Codex\Real Estate System\generated\images\live\propmarket\propmarket-OvKX0vFoL9BCXgddpDgW5\image_3.jpg,Maseru,Masowe 1b Secondary School,train,House,House
propmarket-OvKX0vFoL9BCXgddpDgW5,propmarket,4,C:\Users\lepha\Documents\Codex\Real Estate System\generated\images\live\propmarket\propmarket-OvKX0vFoL9BCXgddpDgW5\image_4.jpg,Maseru,Masowe 1b Secondary School,train,House,House
propmarket-OvKX0vFoL9BCXgddpDgW5,propmarket,5,C:\Users\lepha\Documents\Codex\Real Estate System\generated\images\live\propmarket\propmarket-OvKX0vFoL9BCXgddpDgW5\image_5.jpg,Maseru,Masowe 1b Secondary School,train,House,Apartment
propmarket-T80coq4ZCv5wilIHiNhAS,propmarket,1,C:\Users\lepha\Documents\Codex\Real Estate System\generated\images\live\propmarket\propmarket-T80coq4ZCv5wilIHiNhAS\image_1.jpg,Berea,Khubetsoana,train,House,House
propmarket-T80coq4ZCv5wilIHiNhAS,propmarket,2,C:\Users\lepha\Documents\Codex\Real Estate System\generated\images\live\propmarket\propmarket-T80coq4ZCv5wilIHiNhAS\image_2.jpg,Berea,Khubetsoana,train,House,House
propmarket-T80coq4ZCv5wilIHiNhAS,propmarket,3,C:\Users\lepha\Documents\Codex\Real Estate System\generated\images\live\propmarket\propmarket-T80coq4ZCv5wilIHiNhAS\image_3.jpg,Berea,Khubetsoana,train,House,House
propmarket-T80coq4ZCv5wilIHiNhAS,propmarket,4,C:\Users\lepha\Documents\Codex\Real Estate System\generated\images\live\propmarket\propmarket-T80coq4ZCv5wilIHiNhAS\image_4.jpg,Berea,Khubetsoana,train,House,House
propmarket-T80coq4ZCv5wilIHiNhAS,propmarket,5,C:\Users\lepha\Documents\Codex\Real Estate System\generated\images\live\propmarket\propmarket-T80coq4ZCv5wilIHiNhAS\image_5.jpg,Berea,Khubetsoana,train,House,Apartment
propmarket-4XjZvx02GUGgPxbTk5Jml,propmarket,1,C:\Users\lepha\Documents\Codex\Real Estate System\generated\images\live\propmarket\propmarket-4XjZvx02GUGgPxbTk5Jml\image_1.jpg,Maseru,Thetsane West,train,House,House
propmarket-4XjZvx02GUGgPxbTk5Jml,propmarket,2,C:\Users\lepha\Documents\Codex\Real Estate System\generated\images\live\propmarket\propmarket-4XjZvx02GUGgPxbTk5Jml\image_2.jpg,Maseru,Thetsane West,train,House,House
propmarket-4XjZvx02GUGgPxbTk5Jml,propmarket,3,C:\Users\lepha\Documents\Codex\Real Estate System\generated\images\live\propmarket\propmarket-4XjZvx02GUGgPxbTk5Jml\image_3.jpg,Maseru,Thetsane West,train,House,House
propmarket-4XjZvx02GUGgPxbTk5Jml,propmarket,4,C:\Users\lepha\Documents\Codex\Real Estate System\generated\images\live\propmarket\propmarket-4XjZvx02GUGgPxbTk5Jml\image_4.jpg,Maseru,Thetsane West,train,House,House
propmarket-4XjZvx02GUGgPxbTk5Jml,propmarket,5,C:\Users\lepha\Documents\Codex\Real Estate System\generated\images\live\propmarket\propmarket-4XjZvx02GUGgPxbTk5Jml\image_5.jpg,Maseru,Thetsane West,train,House,Apartment
propmarket-m9QjRcxQJVRg1g2MaiFdv,propmarket,1,C:\Users\lepha\Documents\Codex\Real Estate System\generated\images\live\propmarket\propmarket-m9QjRcxQJVRg1g2MaiFdv\image_1.jpg,Maseru,Masowe 1b Secondary School,train,House,House
propmarket-m9QjRcxQJVRg1g2MaiFdv,propmarket,2,C:\Users\lepha\Documents\Codex\Real Estate System\generated\images\live\propmarket\propmarket-m9QjRcxQJVRg1g2MaiFdv\image_2.jpg,Maseru,Masowe 1b Secondary School,train,House,House
propmarket-m9QjRcxQJVRg1g2MaiFdv,propmarket,3,C:\Users\lepha\Documents\Codex\Real Estate System\generated\images\live\propmarket\propmarket-m9QjRcxQJVRg1g2MaiFdv\image_3.jpg,Maseru,Masowe 1b Secondary School,train,House,House
propmarket-m9QjRcxQJVRg1g2MaiFdv,propmarket,4,C:\Users\lepha\Documents\Codex\Real Estate System\generated\images\live\propmarket\propmarket-m9QjRcxQJVRg1g2MaiFdv\image_4.jpg,Maseru,Masowe 1b Secondary School,train,House,House
propmarket-m9QjRcxQJVRg1g2MaiFdv,propmarket,5,C:\Users\lepha\Documents\Codex\Real Estate System\generated\images\live\propmarket\propmarket-m9QjRcxQJVRg1g2MaiFdv\image_5.jpg,Maseru,Masowe 1b Secondary School,train,House,Apartment
propmarket-3RnybDOD-2YqSMafIGIAh,propmarket,1,C:\Users\lepha\Documents\Codex\Real Estate System\generated\images\live\propmarket\propmarket-3RnybDOD-2YqSMafIGIAh\image_1.jpg,Maseru,Maseru West,train,House,House
propmarket-3RnybDOD-2YqSMafIGIAh,propmarket,2,C:\Users\lepha\Documents\Codex\Real Estate System\generated\images\live\propmarket\propmarket-3RnybDOD-2YqSMafIGIAh\image_2.jpg,Maseru,Maseru West,train,House,House
propmarket-3RnybDOD-2YqSMafIGIAh,propmarket,3,C:\Users\lepha\Documents\Codex\Real Estate System\generated\images\live\propmarket\propmarket-3RnybDOD-2YqSMafIGIAh\image_3.jpg,Maseru,Maseru West,train,House,House
propmarket-3RnybDOD-2YqSMafIGIAh,propmarket,4,C:\Users\lepha\Documents\Codex\Real Estate System\generated\images\live\propmarket\propmarket-3RnybDOD-2YqSMafIGIAh\image_4.jpg,Maseru,Maseru West,train,House,Apartment
propmarket-nls9QlmJwLy4dpocbUFiM,propmarket,1,C:\Users\lepha\Documents\Codex\Real Estate System\generated\images\live\propmarket\propmarket-nls9QlmJwLy4dpocbUFiM\image_1.jpg,Maseru,Masowe 1b Secondary School,test,House,House
propmarket-nls9QlmJwLy4dpocbUFiM,propmarket,2,C:\Users\lepha\Documents\Codex\Real Estate System\generated\images\live\propmarket\propmarket-nls9QlmJwLy4dpocbUFiM\image_2.jpg,Maseru,Masowe 1b Secondary School,test,House,House
propmarket-nls9QlmJwLy4dpocbUFiM,propmarket,3,C:\Users\lepha\Documents\Codex\Real Estate System\generated\images\live\propmarket\propmarket-nls9QlmJwLy4dpocbUFiM\image_3.jpg,Maseru,Masowe 1b Secondary School,test,House,House
propmarket-nls9QlmJwLy4dpocbUFiM,propmarket,4,C:\Users\lepha\Documents\Codex\Real Estate System\generated\images\live\propmarket\propmarket-nls9QlmJwLy4dpocbUFiM\image_4.jpg,Maseru,Masowe 1b Secondary School,test,House,Apartment
propmarket-nBh-J6zgL-wG9t3lBDTP1,propmarket,1,C:\Users\lepha\Documents\Codex\Real Estate System\generated\images\live\propmarket\propmarket-nBh-J6zgL-wG9t3lBDTP1\image_1.jpg,Maseru,Masowe 1b Secondary School,test,House,House
propmarket-nBh-J6zgL-wG9t3lBDTP1,propmarket,2,C:\Users\lepha\Documents\Codex\Real Estate System\generated\images\live\propmarket\propmarket-nBh-J6zgL-wG9t3lBDTP1\image_2.jpg,Maseru,Masowe 1b Secondary School,test,House,House
propmarket-nBh-J6zgL-wG9t3lBDTP1,propmarket,3,C:\Users\lepha\Documents\Codex\Real Estate System\generated\images\live\propmarket\propmarket-nBh-J6zgL-wG9t3lBDTP1\image_3.jpg,Maseru,Masowe 1b Secondary School,test,House,House
propmarket-nBh-J6zgL-wG9t3lBDTP1,propmarket,4,C:\Users\lepha\Documents\Codex\Real Estate System\generated\images\live\propmarket\propmarket-nBh-J6zgL-wG9t3lBDTP1\image_4.jpg,Maseru,Masowe 1b Secondary School,test,House,House
propmarket-l5AZS5MGZGzwtbKIzLZv0,propmarket,1,C:\Users\lepha\Documents\Codex\Real Estate System\generated\images\live\propmarket\propmarket-l5AZS5MGZGzwtbKIzLZv0\image_1.jpg,Maseru,Semphetenyane,train,House,House
propmarket-l5AZS5MGZGzwtbKIzLZv0,propmarket,2,C:\Users\lepha\Documents\Codex\Real Estate System\generated\images\live\propmarket\propmarket-l5AZS5MGZGzwtbKIzLZv0\image_2.jpg,Maseru,Semphetenyane,train,House,House
propmarket-l5AZS5MGZGzwtbKIzLZv0,propmarket,3,C:\Users\lepha\Documents\Codex\Real Estate System\generated\images\live\propmarket\propmarket-l5AZS5MGZGzwtbKIzLZv0\image_3.jpg,Maseru,Semphetenyane,train,House,Apartment
propmarket-l5AZS5MGZGzwtbKIzLZv0,propmarket,4,C:\Users\lepha\Documents\Codex\Real Estate System\generated\images\live\propmarket\propmarket-l5AZS5MGZGzwtbKIzLZv0\image_4.jpg,Maseru,Semphetenyane,train,House,House
propmarket-l5AZS5MGZGzwtbKIzLZv0,propmarket,5,C:\Users\lepha\Documents\Codex\Real Estate System\generated\images\live\propmarket\propmarket-l5AZS5MGZGzwtbKIzLZv0\image_5.jpg,Maseru,Semphetenyane,train,House,House
propmarket-ja9gqmVOVSWsiUiMvnC4D,propmarket,1,C:\Users\lepha\Documents\Codex\Real Estate System\generated\images\live\propmarket\propmarket-ja9gqmVOVSWsiUiMvnC4D\image_1.jpg,Berea,Berea District,test,House,House
propmarket-ja9gqmVOVSWsiUiMvnC4D,propmarket,2,C:\Users\lepha\Documents\Codex\Real Estate System\generated\images\live\propmarket\propmarket-ja9gqmVOVSWsiUiMvnC4D\image_2.jpg,Berea,Berea District,test,House,House
propmarket-ja9gqmVOVSWsiUiMvnC4D,propmarket,3,C:\Users\lepha\Documents\Codex\Real Estate System\generated\images\live\propmarket\propmarket-ja9gqmVOVSWsiUiMvnC4D\image_3.jpg,Berea,Berea District,test,House,House
propmarket-ja9gqmVOVSWsiUiMvnC4D,propmarket,4,C:\Users\lepha\Documents\Codex\Real Estate System\generated\images\live\propmarket\propmarket-ja9gqmVOVSWsiUiMvnC4D\image_4.jpg,Berea,Berea District,test,House,House
propmarket-koAjyqx2CBEE9cLC1YdK7,propmarket,1,C:\Users\lepha\Documents\Codex\Real Estate System\generated\images\live\propmarket\propmarket-koAjyqx2CBEE9cLC1YdK7\image_1.jpg,Leribe,Ha Maqele,val,House,House
propmarket-koAjyqx2CBEE9cLC1YdK7,propmarket,2,C:\Users\lepha\Documents\Codex\Real Estate System\generated\images\live\propmarket\propmarket-koAjyqx2CBEE9cLC1YdK7\image_2.jpg,Leribe,Ha Maqele,val,House,Apartment
propmarket-XvIngChWMiLyNmmUYOK-8,propmarket,1,C:\Users\lepha\Documents\Codex\Real Estate System\generated\images\live\propmarket\propmarket-XvIngChWMiLyNmmUYOK-8\image_1.jpg,Maseru,Upper Thamae,train,House,Apartment
propmarket-XvIngChWMiLyNmmUYOK-8,propmarket,2,C:\Users\lepha\Documents\Codex\Real Estate System\generated\images\live\propmarket\propmarket-XvIngChWMiLyNmmUYOK-8\image_2.jpg,Maseru,Upper Thamae,train,House,House
propmarket-XvIngChWMiLyNmmUYOK-8,propmarket,3,C:\Users\lepha\Documents\Codex\Real Estate System\generated\images\live\propmarket\propmarket-XvIngChWMiLyNmmUYOK-8\image_3.jpg,Maseru,Upper Thamae,train,House,House
propmarket-XvIngChWMiLyNmmUYOK-8,propmarket,4,C:\Users\lepha\Documents\Codex\Real Estate System\generated\images\live\propmarket\propmarket-XvIngChWMiLyNmmUYOK-8\image_4.jpg,Maseru,Upper Thamae,train,House,Apartment
propmarket-KMeb_ngqmeHEhth1Ue1eQ,propmarket,1,C:\Users\lepha\Documents\Codex\Real Estate System\generated\images\live\propmarket\propmarket-KMeb_ngqmeHEhth1Ue1eQ\image_1.jpg,Maseru,Ha Tsolo,train,House,House
propmarket-KMeb_ngqmeHEhth1Ue1eQ,propmarket,2,C:\Users\lepha\Documents\Codex\Real Estate System\generated\images\live\propmarket\propmarket-KMeb_ngqmeHEhth1Ue1eQ\image_2.jpg,Maseru,Ha Tsolo,train,House,House
propmarket-KMeb_ngqmeHEhth1Ue1eQ,propmarket,3,C:\Users\lepha\Documents\Codex\Real Estate System\generated\images\live\propmarket\propmarket-KMeb_ngqmeHEhth1Ue1eQ\image_3.jpg,Maseru,Ha Tsolo,train,House,House
propmarket-KMeb_ngqmeHEhth1Ue1eQ,propmarket,4,C:\Users\lepha\Documents\Codex\Real Estate System\generated\images\live\propmarket\propmarket-KMeb_ngqmeHEhth1Ue1eQ\image_4.jpg,Maseru,Ha Tsolo,train,House,House
propmarket-KMeb_ngqmeHEhth1Ue1eQ,propmarket,5,C:\Users\lepha\Documents\Codex\Real Estate System\generated\images\live\propmarket\propmarket-KMeb_ngqmeHEhth1Ue1eQ\image_5.jpg,Maseru,Ha Tsolo,train,House,House
propmarket-IYJW418V9raGndz6_Ict0,propmarket,1,C:\Users\lepha\Documents\Codex\Real Estate System\generated\images\live\propmarket\propmarket-IYJW418V9raGndz6_Ict0\image_1.jpg,Berea,Ha Foso Encroachment Boundary,train,House,House
propmarket-IYJW418V9raGndz6_Ict0,propmarket,2,C:\Users\lepha\Documents\Codex\Real Estate System\generated\images\live\propmarket\propmarket-IYJW418V9raGndz6_Ict0\image_2.jpg,Berea,Ha Foso Encroachment Boundary,train,House,House
propmarket-IYJW418V9raGndz6_Ict0,propmarket,3,C:\Users\lepha\Documents\Codex\Real Estate System\generated\images\live\propmarket\propmarket-IYJW418V9raGndz6_Ict0\image_3.jpg,Berea,Ha Foso Encroachment Boundary,train,House,House
propmarket-IYJW418V9raGndz6_Ict0,propmarket,4,C:\Users\lepha\Documents\Codex\Real Estate System\generated\images\live\propmarket\propmarket-IYJW418V9raGndz6_Ict0\image_4.jpg,Berea,Ha Foso Encroachment Boundary,train,House,House
propmarket-IYJW418V9raGndz6_Ict0,propmarket,5,C:\Users\lepha\Documents\Codex\Real Estate System\generated\images\live\propmarket\propmarket-IYJW418V9raGndz6_Ict0\image_5.jpg,Berea,Ha Foso Encroachment Boundary,train,House,Apartment
propmarket-Y05g7baITID25N3SEnYbU,propmarket,1,C:\Users\lepha\Documents\Codex\Real Estate System\generated\images\live\propmarket\propmarket-Y05g7baITID25N3SEnYbU\image_1.jpg,Berea,Ha Molemane (teyateyaneng),val,House,House
propmarket-Y05g7baITID25N3SEnYbU,propmarket,2,C:\Users\lepha\Documents\Codex\Real Estate System\generated\images\live\propmarket\propmarket-Y05g7baITID25N3SEnYbU\image_2.jpg,Berea,Ha Molemane (teyateyaneng),val,House,House
propmarket-Y05g7baITID25N3SEnYbU,propmarket,3,C:\Users\lepha\Documents\Codex\Real Estate System\generated\images\live\propmarket\propmarket-Y05g7baITID25N3SEnYbU\image_3.jpg,Berea,Ha Molemane (teyateyaneng),val,House,Apartment
propmarket-Y05g7baITID25N3SEnYbU,propmarket,4,C:\Users\lepha\Documents\Codex\Real Estate System\generated\images\live\propmarket\propmarket-Y05g7baITID25N3SEnYbU\image_4.jpg,Berea,Ha Molemane (teyateyaneng),val,House,Apartment
propmarket-Y05g7baITID25N3SEnYbU,propmarket,5,C:\Users\lepha\Documents\Codex\Real Estate System\generated\images\live\propmarket\propmarket-Y05g7baITID25N3SEnYbU\image_5.jpg,Berea,Ha Molemane (teyateyaneng),val,House,House
propmarket-a-9XGDaOdmtAmWzmx-Om7,propmarket,1,C:\Users\lepha\Documents\Codex\Real Estate System\generated\images\live\propmarket\propmarket-a-9XGDaOdmtAmWzmx-Om7\image_1.jpg,Maseru,Thetsane West,train,House,House
propmarket-a-9XGDaOdmtAmWzmx-Om7,propmarket,2,C:\Users\lepha\Documents\Codex\Real Estate System\generated\images\live\propmarket\propmarket-a-9XGDaOdmtAmWzmx-Om7\image_2.jpg,Maseru,Thetsane West,train,House,House
propmarket-a-9XGDaOdmtAmWzmx-Om7,propmarket,3,C:\Users\lepha\Documents\Codex\Real Estate System\generated\images\live\propmarket\propmarket-a-9XGDaOdmtAmWzmx-Om7\image_3.jpg,Maseru,Thetsane West,train,House,House
propmarket-a-9XGDaOdmtAmWzmx-Om7,propmarket,4,C:\Users\lepha\Documents\Codex\Real Estate System\generated\images\live\propmarket\propmarket-a-9XGDaOdmtAmWzmx-Om7\image_4.jpg,Maseru,Thetsane West,train,House,House
propmarket-a-9XGDaOdmtAmWzmx-Om7,propmarket,5,C:\Users\lepha\Documents\Codex\Real Estate System\generated\images\live\propmarket\propmarket-a-9XGDaOdmtAmWzmx-Om7\image_5.jpg,Maseru,Thetsane West,train,House,Apartment
propmarket-Wbem7ToH5hoGekMnXfujX,propmarket,1,C:\Users\lepha\Documents\Codex\Real Estate System\generated\images\live\propmarket\propmarket-Wbem7ToH5hoGekMnXfujX\image_1.jpg,Maseru,Thetsane,train,House,House
propmarket-Wbem7ToH5hoGekMnXfujX,propmarket,2,C:\Users\lepha\Documents\Codex\Real Estate System\generated\images\live\propmarket\propmarket-Wbem7ToH5hoGekMnXfujX\image_2.jpg,Maseru,Thetsane,train,House,Townhouse
propmarket-Wbem7ToH5hoGekMnXfujX,propmarket,3,C:\Users\lepha\Documents\Codex\Real Estate System\generated\images\live\propmarket\propmarket-Wbem7ToH5hoGekMnXfujX\image_3.jpg,Maseru,Thetsane,train,House,House
propmarket-Wbem7ToH5hoGekMnXfujX,propmarket,4,C:\Users\lepha\Documents\Codex\Real Estate System\generated\images\live\propmarket\propmarket-Wbem7ToH5hoGekMnXfujX\image_4.jpg,Maseru,Thetsane,train,House,Apartment
propmarket-Wbem7ToH5hoGekMnXfujX,propmarket,5,C:\Users\lepha\Documents\Codex\Real Estate System\generated\images\live\propmarket\propmarket-Wbem7ToH5hoGekMnXfujX\image_5.png,Maseru,Thetsane,train,House,House
propmarket-4YZkI1yISxnPgV90pw5YJ,propmarket,1,C:\Users\lepha\Documents\Codex\Real Estate System\generated\images\live\propmarket\propmarket-4YZkI1yISxnPgV90pw5YJ\image_1.jpg,Maseru,Qoaling,train,House,House
propmarket-4YZkI1yISxnPgV90pw5YJ,propmarket,2,C:\Users\lepha\Documents\Codex\Real Estate System\generated\images\live\propmarket\propmarket-4YZkI1yISxnPgV90pw5YJ\image_2.jpg,Maseru,Qoaling,train,House,House
propmarket-4YZkI1yISxnPgV90pw5YJ,propmarket,3,C:\Users\lepha\Documents\Codex\Real Estate System\generated\images\live\propmarket\propmarket-4YZkI1yISxnPgV90pw5YJ\image_3.jpg,Maseru,Qoaling,train,House,House
propmarket-ejZaTI8NyE8VAUyPV9DyB,propmarket,1,C:\Users\lepha\Documents\Codex\Real Estate System\generated\images\live\propmarket\propmarket-ejZaTI8NyE8VAUyPV9DyB\image_1.jpg,Berea,Naleli,train,House,House
propmarket-ejZaTI8NyE8VAUyPV9DyB,propmarket,2,C:\Users\lepha\Documents\Codex\Real Estate System\generated\images\live\propmarket\propmarket-ejZaTI8NyE8VAUyPV9DyB\image_2.jpg,Berea,Naleli,train,House,House
propmarket-ejZaTI8NyE8VAUyPV9DyB,propmarket,3,C:\Users\lepha\Documents\Codex\Real Estate System\generated\images\live\propmarket\propmarket-ejZaTI8NyE8VAUyPV9DyB\image_3.jpg,Berea,Naleli,train,House,House
propmarket-j3HHabaZk5jju5KGPI3hO,propmarket,1,C:\Users\lepha\Documents\Codex\Real Estate System\generated\images\live\propmarket\propmarket-j3HHabaZk5jju5KGPI3hO\image_1.jpg,Maseru,Ha Makhoathi,test,House,Townhouse
propmarket-j3HHabaZk5jju5KGPI3hO,propmarket,2,C:\Users\lepha\Documents\Codex\Real Estate System\generated\images\live\propmarket\propmarket-j3HHabaZk5jju5KGPI3hO\image_2.jpg,Maseru,Ha Makhoathi,test,House,Townhouse
propmarket--PU4IsWuHBzS_p3BbNzHc,propmarket,1,C:\Users\lepha\Documents\Codex\Real Estate System\generated\images\live\propmarket\propmarket--PU4IsWuHBzS_p3BbNzHc\image_1.jpg,Maseru,Thetsane,train,House,House
propmarket--PU4IsWuHBzS_p3BbNzHc,propmarket,2,C:\Users\lepha\Documents\Codex\Real Estate System\generated\images\live\propmarket\propmarket--PU4IsWuHBzS_p3BbNzHc\image_2.jpg,Maseru,Thetsane,train,House,Apartment
propmarket--PU4IsWuHBzS_p3BbNzHc,propmarket,3,C:\Users\lepha\Documents\Codex\Real Estate System\generated\images\live\propmarket\propmarket--PU4IsWuHBzS_p3BbNzHc\image_3.jpg,Maseru,Thetsane,train,House,House
propmarket--PU4IsWuHBzS_p3BbNzHc,propmarket,4,C:\Users\lepha\Documents\Codex\Real Estate System\generated\images\live\propmarket\propmarket--PU4IsWuHBzS_p3BbNzHc\image_4.jpg,Maseru,Thetsane,train,House,House
propmarket--PU4IsWuHBzS_p3BbNzHc,propmarket,5,C:\Users\lepha\Documents\Codex\Real Estate System\generated\images\live\propmarket\propmarket--PU4IsWuHBzS_p3BbNzHc\image_5.jpg,Maseru,Thetsane,train,House,Apartment
propmarket-mSDkRG2KzsLtG8Si11Z3M,propmarket,1,C:\Users\lepha\Documents\Codex\Real Estate System\generated\images\live\propmarket\propmarket-mSDkRG2KzsLtG8Si11Z3M\image_1.jpg,Berea,Khubetsoana,val,House,House
propmarket-mSDkRG2KzsLtG8Si11Z3M,propmarket,2,C:\Users\lepha\Documents\Codex\Real Estate System\generated\images\live\propmarket\propmarket-mSDkRG2KzsLtG8Si11Z3M\image_2.jpg,Berea,Khubetsoana,val,House,House
propmarket-mSDkRG2KzsLtG8Si11Z3M,propmarket,3,C:\Users\lepha\Documents\Codex\Real Estate System\generated\images\live\propmarket\propmarket-mSDkRG2KzsLtG8Si11Z3M\image_3.jpg,Berea,Khubetsoana,val,House,House
propmarket-mSDkRG2KzsLtG8Si11Z3M,propmarket,4,C:\Users\lepha\Documents\Codex\Real Estate System\generated\images\live\propmarket\propmarket-mSDkRG2KzsLtG8Si11Z3M\image_4.jpg,Berea,Khubetsoana,val,House,House
propmarket-mSDkRG2KzsLtG8Si11Z3M,propmarket,5,C:\Users\lepha\Documents\Codex\Real Estate System\generated\images\live\propmarket\propmarket-mSDkRG2KzsLtG8Si11Z3M\image_5.png,Berea,Khubetsoana,val,House,House
propmarket-0wVaAjYyMb9zvZ21h07Nv,propmarket,1,C:\Users\lepha\Documents\Codex\Real Estate System\generated\images\live\propmarket\propmarket-0wVaAjYyMb9zvZ21h07Nv\image_1.jpg,Maseru,Semphetenyane,train,House,Townhouse
propmarket-aM6ckUqUTQAeCrVffUgXP,propmarket,1,C:\Users\lepha\Documents\Codex\Real Estate System\generated\images\live\propmarket\propmarket-aM6ckUqUTQAeCrVffUgXP\image_1.jpg,Maseru,Masowe 1b Secondary School,train,House,House
propmarket-aM6ckUqUTQAeCrVffUgXP,propmarket,2,C:\Users\lepha\Documents\Codex\Real Estate System\generated\images\live\propmarket\propmarket-aM6ckUqUTQAeCrVffUgXP\image_2.jpg,Maseru,Masowe 1b Secondary School,train,House,House
propmarket-aM6ckUqUTQAeCrVffUgXP,propmarket,3,C:\Users\lepha\Documents\Codex\Real Estate System\generated\images\live\propmarket\propmarket-aM6ckUqUTQAeCrVffUgXP\image_3.jpg,Maseru,Masowe 1b Secondary School,train,House,House
propmarket-aM6ckUqUTQAeCrVffUgXP,propmarket,4,C:\Users\lepha\Documents\Codex\Real Estate System\generated\images\live\propmarket\propmarket-aM6ckUqUTQAeCrVffUgXP\image_4.jpg,Maseru,Masowe 1b Secondary School,train,House,Apartment
propmarket-aM6ckUqUTQAeCrVffUgXP,propmarket,5,C:\Users\lepha\Documents\Codex\Real Estate System\generated\images\live\propmarket\propmarket-aM6ckUqUTQAeCrVffUgXP\image_5.png,Maseru,Masowe 1b Secondary School,train,House,House
propmarket-Fsf_ZgsEiLWzn4BIhCdTf,propmarket,1,C:\Users\lepha\Documents\Codex\Real Estate System\generated\images\live\propmarket\propmarket-Fsf_ZgsEiLWzn4BIhCdTf\image_1.jpg,Berea,Sekamaneng,train,Apartment,Apartment
propmarket-Fsf_ZgsEiLWzn4BIhCdTf,propmarket,2,C:\Users\lepha\Documents\Codex\Real Estate System\generated\images\live\propmarket\propmarket-Fsf_ZgsEiLWzn4BIhCdTf\image_2.jpg,Berea,Sekamaneng,train,Apartment,Apartment
propmarket-Fsf_ZgsEiLWzn4BIhCdTf,propmarket,3,C:\Users\lepha\Documents\Codex\Real Estate System\generated\images\live\propmarket\propmarket-Fsf_ZgsEiLWzn4BIhCdTf\image_3.jpg,Berea,Sekamaneng,train,Apartment,Apartment
propmarket-Fsf_ZgsEiLWzn4BIhCdTf,propmarket,4,C:\Users\lepha\Documents\Codex\Real Estate System\generated\images\live\propmarket\propmarket-Fsf_ZgsEiLWzn4BIhCdTf\image_4.jpg,Berea,Sekamaneng,train,Apartment,Apartment
propmarket-2bF-CRw-e4qKdo-eLRCBo,propmarket,1,C:\Users\lepha\Documents\Codex\Real Estate System\generated\images\live\propmarket\propmarket-2bF-CRw-e4qKdo-eLRCBo\image_1.jpg,Maseru,Thaba Bosiu,train,House,House
propmarket-2bF-CRw-e4qKdo-eLRCBo,propmarket,2,C:\Users\lepha\Documents\Codex\Real Estate System\generated\images\live\propmarket\propmarket-2bF-CRw-e4qKdo-eLRCBo\image_2.jpg,Maseru,Thaba Bosiu,train,House,House
propmarket-DrJCrRkJw95EXBdhYcmvv,propmarket,1,C:\Users\lepha\Documents\Codex\Real Estate System\generated\images\live\propmarket\propmarket-DrJCrRkJw95EXBdhYcmvv\image_1.jpg,Maseru,Makhoakhoeng,test,House,House
propmarket-DrJCrRkJw95EXBdhYcmvv,propmarket,2,C:\Users\lepha\Documents\Codex\Real Estate System\generated\images\live\propmarket\propmarket-DrJCrRkJw95EXBdhYcmvv\image_2.jpg,Maseru,Makhoakhoeng,test,House,House
propmarket-DrJCrRkJw95EXBdhYcmvv,propmarket,3,C:\Users\lepha\Documents\Codex\Real Estate System\generated\images\live\propmarket\propmarket-DrJCrRkJw95EXBdhYcmvv\image_3.jpg,Maseru,Makhoakhoeng,test,House,House
propmarket-DrJCrRkJw95EXBdhYcmvv,propmarket,4,C:\Users\lepha\Documents\Codex\Real Estate System\generated\images\live\propmarket\propmarket-DrJCrRkJw95EXBdhYcmvv\image_4.jpg,Maseru,Makhoakhoeng,test,House,House
propmarket-DrJCrRkJw95EXBdhYcmvv,propmarket,5,C:\Users\lepha\Documents\Codex\Real Estate System\generated\images\live\propmarket\propmarket-DrJCrRkJw95EXBdhYcmvv\image_5.jpg,Maseru,Makhoakhoeng,test,House,Apartment
propmarket-eKtZPqpFnWagM96VvdNEm,propmarket,1,C:\Users\lepha\Documents\Codex\Real Estate System\generated\images\live\propmarket\propmarket-eKtZPqpFnWagM96VvdNEm\image_1.jpg,Berea,Khubetsoana,train,House,House
propmarket-eKtZPqpFnWagM96VvdNEm,propmarket,2,C:\Users\lepha\Documents\Codex\Real Estate System\generated\images\live\propmarket\propmarket-eKtZPqpFnWagM96VvdNEm\image_2.jpg,Berea,Khubetsoana,train,House,House
propmarket-eKtZPqpFnWagM96VvdNEm,propmarket,3,C:\Users\lepha\Documents\Codex\Real Estate System\generated\images\live\propmarket\propmarket-eKtZPqpFnWagM96VvdNEm\image_3.jpg,Berea,Khubetsoana,train,House,House
propmarket-eKtZPqpFnWagM96VvdNEm,propmarket,4,C:\Users\lepha\Documents\Codex\Real Estate System\generated\images\live\propmarket\propmarket-eKtZPqpFnWagM96VvdNEm\image_4.jpg,Berea,Khubetsoana,train,House,House
propmarket-eKtZPqpFnWagM96VvdNEm,propmarket,5,C:\Users\lepha\Documents\Codex\Real Estate System\generated\images\live\propmarket\propmarket-eKtZPqpFnWagM96VvdNEm\image_5.jpg,Berea,Khubetsoana,train,House,Apartment
propmarket-_7r_OHVPYyShfQ4a1C5iR,propmarket,1,C:\Users\lepha\Documents\Codex\Real Estate System\generated\images\live\propmarket\propmarket-_7r_OHVPYyShfQ4a1C5iR\image_1.jpg,Maseru,Matebeleng (ha Penapena),train,House,House
propmarket-_7r_OHVPYyShfQ4a1C5iR,propmarket,2,C:\Users\lepha\Documents\Codex\Real Estate System\generated\images\live\propmarket\propmarket-_7r_OHVPYyShfQ4a1C5iR\image_2.jpg,Maseru,Matebeleng (ha Penapena),train,House,House
propmarket-_7r_OHVPYyShfQ4a1C5iR,propmarket,3,C:\Users\lepha\Documents\Codex\Real Estate System\generated\images\live\propmarket\propmarket-_7r_OHVPYyShfQ4a1C5iR\image_3.jpg,Maseru,Matebeleng (ha Penapena),train,House,House
propmarket-_7r_OHVPYyShfQ4a1C5iR,propmarket,4,C:\Users\lepha\Documents\Codex\Real Estate System\generated\images\live\propmarket\propmarket-_7r_OHVPYyShfQ4a1C5iR\image_4.jpg,Maseru,Matebeleng (ha Penapena),train,House,House
propmarket-_7r_OHVPYyShfQ4a1C5iR,propmarket,5,C:\Users\lepha\Documents\Codex\Real Estate System\generated\images\live\propmarket\propmarket-_7r_OHVPYyShfQ4a1C5iR\image_5.jpg,Maseru,Matebeleng (ha Penapena),train,House,Apartment
propmarket-O7-7uG7XBPFqSDMvjAK-q,propmarket,1,C:\Users\lepha\Documents\Codex\Real Estate System\generated\images\live\propmarket\propmarket-O7-7uG7XBPFqSDMvjAK-q\image_1.jpg,Maseru,Mazenod,train,House,House
propmarket-O7-7uG7XBPFqSDMvjAK-q,propmarket,2,C:\Users\lepha\Documents\Codex\Real Estate System\generated\images\live\propmarket\propmarket-O7-7uG7XBPFqSDMvjAK-q\image_2.jpg,Maseru,Mazenod,train,House,House
propmarket-O7-7uG7XBPFqSDMvjAK-q,propmarket,3,C:\Users\lepha\Documents\Codex\Real Estate System\generated\images\live\propmarket\propmarket-O7-7uG7XBPFqSDMvjAK-q\image_3.jpg,Maseru,Mazenod,train,House,House
propmarket-O7-7uG7XBPFqSDMvjAK-q,propmarket,4,C:\Users\lepha\Documents\Codex\Real Estate System\generated\images\live\propmarket\propmarket-O7-7uG7XBPFqSDMvjAK-q\image_4.jpg,Maseru,Mazenod,train,House,Apartment
propmarket-O7-7uG7XBPFqSDMvjAK-q,propmarket,5,C:\Users\lepha\Documents\Codex\Real Estate System\generated\images\live\propmarket\propmarket-O7-7uG7XBPFqSDMvjAK-q\image_5.png,Maseru,Mazenod,train,House,House
propmarket-mL1cMvyeAV8Y4eLF-1eKx,propmarket,1,C:\Users\lepha\Documents\Codex\Real Estate System\generated\images\live\propmarket\propmarket-mL1cMvyeAV8Y4eLF-1eKx\image_1.jpg,Maseru,Thetsane,val,House,House
propmarket-mL1cMvyeAV8Y4eLF-1eKx,propmarket,2,C:\Users\lepha\Documents\Codex\Real Estate System\generated\images\live\propmarket\propmarket-mL1cMvyeAV8Y4eLF-1eKx\image_2.jpg,Maseru,Thetsane,val,House,House
propmarket-mL1cMvyeAV8Y4eLF-1eKx,propmarket,3,C:\Users\lepha\Documents\Codex\Real Estate System\generated\images\live\propmarket\propmarket-mL1cMvyeAV8Y4eLF-1eKx\image_3.jpg,Maseru,Thetsane,val,House,House
propmarket-mL1cMvyeAV8Y4eLF-1eKx,propmarket,4,C:\Users\lepha\Documents\Codex\Real Estate System\generated\images\live\propmarket\propmarket-mL1cMvyeAV8Y4eLF-1eKx\image_4.jpg,Maseru,Thetsane,val,House,House
propmarket-mL1cMvyeAV8Y4eLF-1eKx,propmarket,5,C:\Users\lepha\Documents\Codex\Real Estate System\generated\images\live\propmarket\propmarket-mL1cMvyeAV8Y4eLF-1eKx\image_5.jpg,Maseru,Thetsane,val,House,Apartment
propmarket-T35gU6I6C2_rb4DisUUSd,propmarket,1,C:\Users\lepha\Documents\Codex\Real Estate System\generated\images\live\propmarket\propmarket-T35gU6I6C2_rb4DisUUSd\image_1.jpg,Berea,Mapoteng,train,House,Townhouse
propmarket-T35gU6I6C2_rb4DisUUSd,propmarket,2,C:\Users\lepha\Documents\Codex\Real Estate System\generated\images\live\propmarket\propmarket-T35gU6I6C2_rb4DisUUSd\image_2.png,Berea,Mapoteng,train,House,House
propmarket-YC3XPozCJANd8OtWIG21M,propmarket,1,C:\Users\lepha\Documents\Codex\Real Estate System\generated\images\live\propmarket\propmarket-YC3XPozCJANd8OtWIG21M\image_1.jpg,Maseru,Masowe 2,train,House,House
propmarket-YC3XPozCJANd8OtWIG21M,propmarket,2,C:\Users\lepha\Documents\Codex\Real Estate System\generated\images\live\propmarket\propmarket-YC3XPozCJANd8OtWIG21M\image_2.jpg,Maseru,Masowe 2,train,House,House
propmarket-YC3XPozCJANd8OtWIG21M,propmarket,3,C:\Users\lepha\Documents\Codex\Real Estate System\generated\images\live\propmarket\propmarket-YC3XPozCJANd8OtWIG21M\image_3.jpg,Maseru,Masowe 2,train,House,Townhouse
propmarket-YC3XPozCJANd8OtWIG21M,propmarket,4,C:\Users\lepha\Documents\Codex\Real Estate System\generated\images\live\propmarket\propmarket-YC3XPozCJANd8OtWIG21M\image_4.jpg,Maseru,Masowe 2,train,House,House
propmarket-Ag2B3-jVbkea7aQOhCs0M,propmarket,1,C:\Users\lepha\Documents\Codex\Real Estate System\generated\images\live\propmarket\propmarket-Ag2B3-jVbkea7aQOhCs0M\image_1.jpg,Maseru,Lower Thetsane,train,House,House
propmarket-Ag2B3-jVbkea7aQOhCs0M,propmarket,2,C:\Users\lepha\Documents\Codex\Real Estate System\generated\images\live\propmarket\propmarket-Ag2B3-jVbkea7aQOhCs0M\image_2.jpg,Maseru,Lower Thetsane,train,House,Townhouse
propmarket-Ag2B3-jVbkea7aQOhCs0M,propmarket,3,C:\Users\lepha\Documents\Codex\Real Estate System\generated\images\live\propmarket\propmarket-Ag2B3-jVbkea7aQOhCs0M\image_3.jpg,Maseru,Lower Thetsane,train,House,House
propmarket-Ag2B3-jVbkea7aQOhCs0M,propmarket,4,C:\Users\lepha\Documents\Codex\Real Estate System\generated\images\live\propmarket\propmarket-Ag2B3-jVbkea7aQOhCs0M\image_4.jpg,Maseru,Lower Thetsane,train,House,House
propmarket-Ag2B3-jVbkea7aQOhCs0M,propmarket,5,C:\Users\lepha\Documents\Codex\Real Estate System\generated\images\live\propmarket\propmarket-Ag2B3-jVbkea7aQOhCs0M\image_5.jpg,Maseru,Lower Thetsane,train,House,Apartment
propmarket-QKGMw79wnUuLy3qo91gUp,propmarket,1,C:\Users\lepha\Documents\Codex\Real Estate System\generated\images\live\propmarket\propmarket-QKGMw79wnUuLy3qo91gUp\image_1.jpg,Mohale's Hoek,Mohale's Hoek District,test,House,House
propmarket-QKGMw79wnUuLy3qo91gUp,propmarket,2,C:\Users\lepha\Documents\Codex\Real Estate System\generated\images\live\propmarket\propmarket-QKGMw79wnUuLy3qo91gUp\image_2.jpg,Mohale's Hoek,Mohale's Hoek District,test,House,House
propmarket-QKGMw79wnUuLy3qo91gUp,propmarket,3,C:\Users\lepha\Documents\Codex\Real Estate System\generated\images\live\propmarket\propmarket-QKGMw79wnUuLy3qo91gUp\image_3.jpg,Mohale's Hoek,Mohale's Hoek District,test,House,House
propmarket-QKGMw79wnUuLy3qo91gUp,propmarket,4,C:\Users\lepha\Documents\Codex\Real Estate System\generated\images\live\propmarket\propmarket-QKGMw79wnUuLy3qo91gUp\image_4.jpg,Mohale's Hoek,Mohale's Hoek District,test,House,House
propmarket-QKGMw79wnUuLy3qo91gUp,propmarket,5,C:\Users\lepha\Documents\Codex\Real Estate System\generated\images\live\propmarket\propmarket-QKGMw79wnUuLy3qo91gUp\image_5.jpg,Mohale's Hoek,Mohale's Hoek District,test,House,Apartment
propmarket-K4RC6E05MYaUlpJjvzZrs,propmarket,1,C:\Users\lepha\Documents\Codex\Real Estate System\generated\images\live\propmarket\propmarket-K4RC6E05MYaUlpJjvzZrs\image_1.jpg,Maseru,Mazenod,test,House,House
propmarket-K4RC6E05MYaUlpJjvzZrs,propmarket,2,C:\Users\lepha\Documents\Codex\Real Estate System\generated\images\live\propmarket\propmarket-K4RC6E05MYaUlpJjvzZrs\image_2.jpg,Maseru,Mazenod,test,House,House
propmarket-K4RC6E05MYaUlpJjvzZrs,propmarket,3,C:\Users\lepha\Documents\Codex\Real Estate System\generated\images\live\propmarket\propmarket-K4RC6E05MYaUlpJjvzZrs\image_3.jpg,Maseru,Mazenod,test,House,Townhouse
propmarket-K4RC6E05MYaUlpJjvzZrs,propmarket,4,C:\Users\lepha\Documents\Codex\Real Estate System\generated\images\live\propmarket\propmarket-K4RC6E05MYaUlpJjvzZrs\image_4.jpg,Maseru,Mazenod,test,House,Apartment
propmarket-K4RC6E05MYaUlpJjvzZrs,propmarket,5,C:\Users\lepha\Documents\Codex\Real Estate System\generated\images\live\propmarket\propmarket-K4RC6E05MYaUlpJjvzZrs\image_5.png,Maseru,Mazenod,test,House,House
propmarket-IGB_u0NO-YdMcU2P4Y5gn,propmarket,1,C:\Users\lepha\Documents\Codex\Real Estate System\generated\images\live\propmarket\propmarket-IGB_u0NO-YdMcU2P4Y5gn\image_1.jpg,Maseru,Katlehong,train,House,House
propmarket-IGB_u0NO-YdMcU2P4Y5gn,propmarket,2,C:\Users\lepha\Documents\Codex\Real Estate System\generated\images\live\propmarket\propmarket-IGB_u0NO-YdMcU2P4Y5gn\image_2.jpg,Maseru,Katlehong,train,House,Apartment
propmarket-IGB_u0NO-YdMcU2P4Y5gn,propmarket,3,C:\Users\lepha\Documents\Codex\Real Estate System\generated\images\live\propmarket\propmarket-IGB_u0NO-YdMcU2P4Y5gn\image_3.jpg,Maseru,Katlehong,train,House,House
propmarket-IGB_u0NO-YdMcU2P4Y5gn,propmarket,4,C:\Users\lepha\Documents\Codex\Real Estate System\generated\images\live\propmarket\propmarket-IGB_u0NO-YdMcU2P4Y5gn\image_4.jpg,Maseru,Katlehong,train,House,House
propmarket-IGB_u0NO-YdMcU2P4Y5gn,propmarket,5,C:\Users\lepha\Documents\Codex\Real Estate System\generated\images\live\propmarket\propmarket-IGB_u0NO-YdMcU2P4Y5gn\image_5.jpg,Maseru,Katlehong,train,House,Apartment
propmarket-T54rOIcncaagQdinoCkYX,propmarket,1,C:\Users\lepha\Documents\Codex\Real Estate System\generated\images\live\propmarket\propmarket-T54rOIcncaagQdinoCkYX\image_1.jpg,Maseru,1 Unit,train,House,House
propmarket-T54rOIcncaagQdinoCkYX,propmarket,2,C:\Users\lepha\Documents\Codex\Real Estate System\generated\images\live\propmarket\propmarket-T54rOIcncaagQdinoCkYX\image_2.jpg,Maseru,1 Unit,train,House,House
propmarket-T54rOIcncaagQdinoCkYX,propmarket,3,C:\Users\lepha\Documents\Codex\Real Estate System\generated\images\live\propmarket\propmarket-T54rOIcncaagQdinoCkYX\image_3.jpg,Maseru,1 Unit,train,House,House
propmarket-T54rOIcncaagQdinoCkYX,propmarket,4,C:\Users\lepha\Documents\Codex\Real Estate System\generated\images\live\propmarket\propmarket-T54rOIcncaagQdinoCkYX\image_4.jpg,Maseru,1 Unit,train,House,House
propmarket-T54rOIcncaagQdinoCkYX,propmarket,5,C:\Users\lepha\Documents\Codex\Real Estate System\generated\images\live\propmarket\propmarket-T54rOIcncaagQdinoCkYX\image_5.jpg,Maseru,1 Unit,train,House,Apartment
propmarket-2CFUoaCIwCd1l-DFYy5P0,propmarket,1,C:\Users\lepha\Documents\Codex\Real Estate System\generated\images\live\propmarket\propmarket-2CFUoaCIwCd1l-DFYy5P0\image_1.jpg,Maseru,Thetsane West,test,House,House
propmarket-2CFUoaCIwCd1l-DFYy5P0,propmarket,2,C:\Users\lepha\Documents\Codex\Real Estate System\generated\images\live\propmarket\propmarket-2CFUoaCIwCd1l-DFYy5P0\image_2.jpg,Maseru,Thetsane West,test,House,House
propmarket-2CFUoaCIwCd1l-DFYy5P0,propmarket,3,C:\Users\lepha\Documents\Codex\Real Estate System\generated\images\live\propmarket\propmarket-2CFUoaCIwCd1l-DFYy5P0\image_3.jpg,Maseru,Thetsane West,test,House,House
propmarket-2CFUoaCIwCd1l-DFYy5P0,propmarket,4,C:\Users\lepha\Documents\Codex\Real Estate System\generated\images\live\propmarket\propmarket-2CFUoaCIwCd1l-DFYy5P0\image_4.jpg,Maseru,Thetsane West,test,House,House
propmarket-2CFUoaCIwCd1l-DFYy5P0,propmarket,5,C:\Users\lepha\Documents\Codex\Real Estate System\generated\images\live\propmarket\propmarket-2CFUoaCIwCd1l-DFYy5P0\image_5.jpg,Maseru,Thetsane West,test,House,Apartment
propmarket-BfaRxRjhHmxMEA2e2cHGG,propmarket,1,C:\Users\lepha\Documents\Codex\Real Estate System\generated\images\live\propmarket\propmarket-BfaRxRjhHmxMEA2e2cHGG\image_1.jpg,Maseru,Maseru South,train,House,House
propmarket-BfaRxRjhHmxMEA2e2cHGG,propmarket,2,C:\Users\lepha\Documents\Codex\Real Estate System\generated\images\live\propmarket\propmarket-BfaRxRjhHmxMEA2e2cHGG\image_2.jpg,Maseru,Maseru South,train,House,House
propmarket-BfaRxRjhHmxMEA2e2cHGG,propmarket,3,C:\Users\lepha\Documents\Codex\Real Estate System\generated\images\live\propmarket\propmarket-BfaRxRjhHmxMEA2e2cHGG\image_3.jpg,Maseru,Maseru South,train,House,House
propmarket-QSy-moFe5DmZahW2GUmmh,propmarket,1,C:\Users\lepha\Documents\Codex\Real Estate System\generated\images\live\propmarket\propmarket-QSy-moFe5DmZahW2GUmmh\image_1.jpg,Berea,Khubetsoana,train,House,House
propmarket-QSy-moFe5DmZahW2GUmmh,propmarket,2,C:\Users\lepha\Documents\Codex\Real Estate System\generated\images\live\propmarket\propmarket-QSy-moFe5DmZahW2GUmmh\image_2.jpg,Berea,Khubetsoana,train,House,House
propmarket-QSy-moFe5DmZahW2GUmmh,propmarket,3,C:\Users\lepha\Documents\Codex\Real Estate System\generated\images\live\propmarket\propmarket-QSy-moFe5DmZahW2GUmmh\image_3.jpg,Berea,Khubetsoana,train,House,Apartment
propmarket-QSy-moFe5DmZahW2GUmmh,propmarket,4,C:\Users\lepha\Documents\Codex\Real Estate System\generated\images\live\propmarket\propmarket-QSy-moFe5DmZahW2GUmmh\image_4.jpg,Berea,Khubetsoana,train,House,House
propmarket-QSy-moFe5DmZahW2GUmmh,propmarket,5,C:\Users\lepha\Documents\Codex\Real Estate System\generated\images\live\propmarket\propmarket-QSy-moFe5DmZahW2GUmmh\image_5.jpg,Berea,Khubetsoana,train,House,Apartment
propmarket-HiLl2ljY0Ml8irMmudk1B,propmarket,1,C:\Users\lepha\Documents\Codex\Real Estate System\generated\images\live\propmarket\propmarket-HiLl2ljY0Ml8irMmudk1B\image_1.jpg,Maseru,Thetsane,test,Townhouse,House
propmarket-HiLl2ljY0Ml8irMmudk1B,propmarket,2,C:\Users\lepha\Documents\Codex\Real Estate System\generated\images\live\propmarket\propmarket-HiLl2ljY0Ml8irMmudk1B\image_2.jpg,Maseru,Thetsane,test,Townhouse,House
propmarket-HiLl2ljY0Ml8irMmudk1B,propmarket,3,C:\Users\lepha\Documents\Codex\Real Estate System\generated\images\live\propmarket\propmarket-HiLl2ljY0Ml8irMmudk1B\image_3.jpg,Maseru,Thetsane,test,Townhouse,House
propmarket-HiLl2ljY0Ml8irMmudk1B,propmarket,4,C:\Users\lepha\Documents\Codex\Real Estate System\generated\images\live\propmarket\propmarket-HiLl2ljY0Ml8irMmudk1B\image_4.jpg,Maseru,Thetsane,test,Townhouse,House
propmarket-HiLl2ljY0Ml8irMmudk1B,propmarket,5,C:\Users\lepha\Documents\Codex\Real Estate System\generated\images\live\propmarket\propmarket-HiLl2ljY0Ml8irMmudk1B\image_5.jpg,Maseru,Thetsane,test,Townhouse,Apartment
propmarket-wb4n0Rbvz3Y9IuKoCfUnJ,propmarket,1,C:\Users\lepha\Documents\Codex\Real Estate System\generated\images\live\propmarket\propmarket-wb4n0Rbvz3Y9IuKoCfUnJ\image_1.jpg,Maseru,Ha Tsolo,test,House,House
propmarket-wb4n0Rbvz3Y9IuKoCfUnJ,propmarket,2,C:\Users\lepha\Documents\Codex\Real Estate System\generated\images\live\propmarket\propmarket-wb4n0Rbvz3Y9IuKoCfUnJ\image_2.jpg,Maseru,Ha Tsolo,test,House,Apartment
propmarket-wb4n0Rbvz3Y9IuKoCfUnJ,propmarket,3,C:\Users\lepha\Documents\Codex\Real Estate System\generated\images\live\propmarket\propmarket-wb4n0Rbvz3Y9IuKoCfUnJ\image_3.jpg,Maseru,Ha Tsolo,test,House,Apartment
propmarket-wb4n0Rbvz3Y9IuKoCfUnJ,propmarket,4,C:\Users\lepha\Documents\Codex\Real Estate System\generated\images\live\propmarket\propmarket-wb4n0Rbvz3Y9IuKoCfUnJ\image_4.jpg,Maseru,Ha Tsolo,test,House,Apartment
propmarket-wb4n0Rbvz3Y9IuKoCfUnJ,propmarket,5,C:\Users\lepha\Documents\Codex\Real Estate System\generated\images\live\propmarket\propmarket-wb4n0Rbvz3Y9IuKoCfUnJ\image_5.png,Maseru,Ha Tsolo,test,House,House
propmarket-SjwlnIr-wdhuZlpAriMhK,propmarket,1,C:\Users\lepha\Documents\Codex\Real Estate System\generated\images\live\propmarket\propmarket-SjwlnIr-wdhuZlpAriMhK\image_1.jpg,Maseru,Mazenod,val,House,House
propmarket-SjwlnIr-wdhuZlpAriMhK,propmarket,2,C:\Users\lepha\Documents\Codex\Real Estate System\generated\images\live\propmarket\propmarket-SjwlnIr-wdhuZlpAriMhK\image_2.jpg,Maseru,Mazenod,val,House,House
propmarket-SjwlnIr-wdhuZlpAriMhK,propmarket,3,C:\Users\lepha\Documents\Codex\Real Estate System\generated\images\live\propmarket\propmarket-SjwlnIr-wdhuZlpAriMhK\image_3.jpg,Maseru,Mazenod,val,House,House
propmarket-SjwlnIr-wdhuZlpAriMhK,propmarket,4,C:\Users\lepha\Documents\Codex\Real Estate System\generated\images\live\propmarket\propmarket-SjwlnIr-wdhuZlpAriMhK\image_4.jpg,Maseru,Mazenod,val,House,House
propmarket-SjwlnIr-wdhuZlpAriMhK,propmarket,5,C:\Users\lepha\Documents\Codex\Real Estate System\generated\images\live\propmarket\propmarket-SjwlnIr-wdhuZlpAriMhK\image_5.png,Maseru,Mazenod,val,House,House
propmarket-kxU3ushHtqM2uv073M83P,propmarket,1,C:\Users\lepha\Documents\Codex\Real Estate System\generated\images\live\propmarket\propmarket-kxU3ushHtqM2uv073M83P\image_1.jpg,Berea,Mabote,test,Townhouse,Apartment
propmarket-kxU3ushHtqM2uv073M83P,propmarket,2,C:\Users\lepha\Documents\Codex\Real Estate System\generated\images\live\propmarket\propmarket-kxU3ushHtqM2uv073M83P\image_2.jpg,Berea,Mabote,test,Townhouse,Apartment
propmarket-kxU3ushHtqM2uv073M83P,propmarket,3,C:\Users\lepha\Documents\Codex\Real Estate System\generated\images\live\propmarket\propmarket-kxU3ushHtqM2uv073M83P\image_3.jpg,Berea,Mabote,test,Townhouse,Apartment
propmarket-kxU3ushHtqM2uv073M83P,propmarket,4,C:\Users\lepha\Documents\Codex\Real Estate System\generated\images\live\propmarket\propmarket-kxU3ushHtqM2uv073M83P\image_4.jpg,Berea,Mabote,test,Townhouse,Apartment
propmarket-kxU3ushHtqM2uv073M83P,propmarket,5,C:\Users\lepha\Documents\Codex\Real Estate System\generated\images\live\propmarket\propmarket-kxU3ushHtqM2uv073M83P\image_5.jpg,Berea,Mabote,test,Townhouse,Apartment
propmarket-COK7x2IaR44RtYWMzf3u_,propmarket,1,C:\Users\lepha\Documents\Codex\Real Estate System\generated\images\live\propmarket\propmarket-COK7x2IaR44RtYWMzf3u_\image_1.jpg,Maseru,1 Unit,val,House,Townhouse
propmarket-COK7x2IaR44RtYWMzf3u_,propmarket,2,C:\Users\lepha\Documents\Codex\Real Estate System\generated\images\live\propmarket\propmarket-COK7x2IaR44RtYWMzf3u_\image_2.jpg,Maseru,1 Unit,val,House,Townhouse
propmarket-COK7x2IaR44RtYWMzf3u_,propmarket,3,C:\Users\lepha\Documents\Codex\Real Estate System\generated\images\live\propmarket\propmarket-COK7x2IaR44RtYWMzf3u_\image_3.jpg,Maseru,1 Unit,val,House,Apartment
propmarket-COK7x2IaR44RtYWMzf3u_,propmarket,4,C:\Users\lepha\Documents\Codex\Real Estate System\generated\images\live\propmarket\propmarket-COK7x2IaR44RtYWMzf3u_\image_4.jpg,Maseru,1 Unit,val,House,Apartment
propmarket-COK7x2IaR44RtYWMzf3u_,propmarket,5,C:\Users\lepha\Documents\Codex\Real Estate System\generated\images\live\propmarket\propmarket-COK7x2IaR44RtYWMzf3u_\image_5.jpg,Maseru,1 Unit,val,House,Apartment
propmarket-hqQlr-gSZWjnLncwKu3Ck,propmarket,1,C:\Users\lepha\Documents\Codex\Real Estate System\generated\images\live\propmarket\propmarket-hqQlr-gSZWjnLncwKu3Ck\image_1.jpg,Maseru,Sefate Sa Bophelo English Medium School,train,House,House
propmarket-hqQlr-gSZWjnLncwKu3Ck,propmarket,2,C:\Users\lepha\Documents\Codex\Real Estate System\generated\images\live\propmarket\propmarket-hqQlr-gSZWjnLncwKu3Ck\image_2.jpg,Maseru,Sefate Sa Bophelo English Medium School,train,House,House
propmarket-hqQlr-gSZWjnLncwKu3Ck,propmarket,3,C:\Users\lepha\Documents\Codex\Real Estate System\generated\images\live\propmarket\propmarket-hqQlr-gSZWjnLncwKu3Ck\image_3.jpg,Maseru,Sefate Sa Bophelo English Medium School,train,House,House
propmarket-hqQlr-gSZWjnLncwKu3Ck,propmarket,4,C:\Users\lepha\Documents\Codex\Real Estate System\generated\images\live\propmarket\propmarket-hqQlr-gSZWjnLncwKu3Ck\image_4.jpg,Maseru,Sefate Sa Bophelo English Medium School,train,House,House
propmarket-hqQlr-gSZWjnLncwKu3Ck,propmarket,5,C:\Users\lepha\Documents\Codex\Real Estate System\generated\images\live\propmarket\propmarket-hqQlr-gSZWjnLncwKu3Ck\image_5.jpg,Maseru,Sefate Sa Bophelo English Medium School,train,House,Apartment
propmarket-g13hYjNE8cCghYl6EmDUn,propmarket,1,C:\Users\lepha\Documents\Codex\Real Estate System\generated\images\live\propmarket\propmarket-g13hYjNE8cCghYl6EmDUn\image_1.jpg,Maseru,Ha Pita,val,Townhouse,House
propmarket-g13hYjNE8cCghYl6EmDUn,propmarket,2,C:\Users\lepha\Documents\Codex\Real Estate System\generated\images\live\propmarket\propmarket-g13hYjNE8cCghYl6EmDUn\image_2.jpg,Maseru,Ha Pita,val,Townhouse,House
propmarket-g13hYjNE8cCghYl6EmDUn,propmarket,3,C:\Users\lepha\Documents\Codex\Real Estate System\generated\images\live\propmarket\propmarket-g13hYjNE8cCghYl6EmDUn\image_3.jpg,Maseru,Ha Pita,val,Townhouse,House
propmarket-g13hYjNE8cCghYl6EmDUn,propmarket,4,C:\Users\lepha\Documents\Codex\Real Estate System\generated\images\live\propmarket\propmarket-g13hYjNE8cCghYl6EmDUn\image_4.jpg,Maseru,Ha Pita,val,Townhouse,Townhouse
propmarket-g13hYjNE8cCghYl6EmDUn,propmarket,5,C:\Users\lepha\Documents\Codex\Real Estate System\generated\images\live\propmarket\propmarket-g13hYjNE8cCghYl6EmDUn\image_5.jpg,Maseru,Ha Pita,val,Townhouse,Apartment
propmarket-miNavCueXULaOSmmBmsJi,propmarket,1,C:\Users\lepha\Documents\Codex\Real Estate System\generated\images\live\propmarket\propmarket-miNavCueXULaOSmmBmsJi\image_1.jpg,Berea,Khubetsoana,val,House,House
propmarket-miNavCueXULaOSmmBmsJi,propmarket,2,C:\Users\lepha\Documents\Codex\Real Estate System\generated\images\live\propmarket\propmarket-miNavCueXULaOSmmBmsJi\image_2.jpg,Berea,Khubetsoana,val,House,House
propmarket-miNavCueXULaOSmmBmsJi,propmarket,3,C:\Users\lepha\Documents\Codex\Real Estate System\generated\images\live\propmarket\propmarket-miNavCueXULaOSmmBmsJi\image_3.jpg,Berea,Khubetsoana,val,House,Apartment
propmarket-miNavCueXULaOSmmBmsJi,propmarket,4,C:\Users\lepha\Documents\Codex\Real Estate System\generated\images\live\propmarket\propmarket-miNavCueXULaOSmmBmsJi\image_4.jpg,Berea,Khubetsoana,val,House,Apartment
propmarket-miNavCueXULaOSmmBmsJi,propmarket,5,C:\Users\lepha\Documents\Codex\Real Estate System\generated\images\live\propmarket\propmarket-miNavCueXULaOSmmBmsJi\image_5.jpg,Berea,Khubetsoana,val,House,Apartment
propmarket-d5E1JoHNsFORHABGr89ho,propmarket,1,C:\Users\lepha\Documents\Codex\Real Estate System\generated\images\live\propmarket\propmarket-d5E1JoHNsFORHABGr89ho\image_1.jpg,Maseru,Thetsane,train,Apartment,Apartment
propmarket-d5E1JoHNsFORHABGr89ho,propmarket,2,C:\Users\lepha\Documents\Codex\Real Estate System\generated\images\live\propmarket\propmarket-d5E1JoHNsFORHABGr89ho\image_2.jpg,Maseru,Thetsane,train,Apartment,Apartment
propmarket-d5E1JoHNsFORHABGr89ho,propmarket,3,C:\Users\lepha\Documents\Codex\Real Estate System\generated\images\live\propmarket\propmarket-d5E1JoHNsFORHABGr89ho\image_3.jpg,Maseru,Thetsane,train,Apartment,Apartment
propmarket-d5E1JoHNsFORHABGr89ho,propmarket,4,C:\Users\lepha\Documents\Codex\Real Estate System\generated\images\live\propmarket\propmarket-d5E1JoHNsFORHABGr89ho\image_4.jpg,Maseru,Thetsane,train,Apartment,Apartment
propmarket-d5E1JoHNsFORHABGr89ho,propmarket,5,C:\Users\lepha\Documents\Codex\Real Estate System\generated\images\live\propmarket\propmarket-d5E1JoHNsFORHABGr89ho\image_5.jpg,Maseru,Thetsane,train,Apartment,Apartment
propmarket-JnOjQJ55dHiGtwfGWb4fr,propmarket,1,C:\Users\lepha\Documents\Codex\Real Estate System\generated\images\live\propmarket\propmarket-JnOjQJ55dHiGtwfGWb4fr\image_1.jpg,Berea,Koalabata,test,House,Townhouse
propmarket-JnOjQJ55dHiGtwfGWb4fr,propmarket,2,C:\Users\lepha\Documents\Codex\Real Estate System\generated\images\live\propmarket\propmarket-JnOjQJ55dHiGtwfGWb4fr\image_2.jpg,Berea,Koalabata,test,House,House
propmarket-JnOjQJ55dHiGtwfGWb4fr,propmarket,3,C:\Users\lepha\Documents\Codex\Real Estate System\generated\images\live\propmarket\propmarket-JnOjQJ55dHiGtwfGWb4fr\image_3.jpg,Berea,Koalabata,test,House,House
propmarket-JnOjQJ55dHiGtwfGWb4fr,propmarket,4,C:\Users\lepha\Documents\Codex\Real Estate System\generated\images\live\propmarket\propmarket-JnOjQJ55dHiGtwfGWb4fr\image_4.jpg,Berea,Koalabata,test,House,House
sotholand-7f497df10693,sotholand,1,C:\Users\lepha\Documents\Codex\Real Estate System\generated\images\live\sotholand\sotholand-7f497df10693\image_1.jpg,Maseru,Hillsview,train,House,House
sotholand-7f497df10693,sotholand,2,C:\Users\lepha\Documents\Codex\Real Estate System\generated\images\live\sotholand\sotholand-7f497df10693\image_2.jpg,Maseru,Hillsview,train,House,House
sotholand-7f497df10693,sotholand,3,C:\Users\lepha\Documents\Codex\Real Estate System\generated\images\live\sotholand\sotholand-7f497df10693\image_3.jpg,Maseru,Hillsview,train,House,House
sotholand-7f497df10693,sotholand,4,C:\Users\lepha\Documents\Codex\Real Estate System\generated\images\live\sotholand\sotholand-7f497df10693\image_4.jpg,Maseru,Hillsview,train,House,House
sotholand-19ac5378af01,sotholand,1,C:\Users\lepha\Documents\Codex\Real Estate System\generated\images\live\sotholand\sotholand-19ac5378af01\image_1.jpg,Maseru,Thetsane Lesia,train,House,House
sotholand-19ac5378af01,sotholand,2,C:\Users\lepha\Documents\Codex\Real Estate System\generated\images\live\sotholand\sotholand-19ac5378af01\image_2.jpg,Maseru,Thetsane Lesia,train,House,House
sotholand-19ac5378af01,sotholand,3,C:\Users\lepha\Documents\Codex\Real Estate System\generated\images\live\sotholand\sotholand-19ac5378af01\image_3.jpg,Maseru,Thetsane Lesia,train,House,House
sotholand-19ac5378af01,sotholand,4,C:\Users\lepha\Documents\Codex\Real Estate System\generated\images\live\sotholand\sotholand-19ac5378af01\image_4.jpg,Maseru,Thetsane Lesia,train,House,House
sotholand-89fded66c98b,sotholand,1,C:\Users\lepha\Documents\Codex\Real Estate System\generated\images\live\sotholand\sotholand-89fded66c98b\image_1.jpg,Maseru,serene Ha Pena-Pena neighborhood,train,House,House
sotholand-89fded66c98b,sotholand,2,C:\Users\lepha\Documents\Codex\Real Estate System\generated\images\live\sotholand\sotholand-89fded66c98b\image_2.jpg,Maseru,serene Ha Pena-Pena neighborhood,train,House,Apartment
sotholand-89fded66c98b,sotholand,3,C:\Users\lepha\Documents\Codex\Real Estate System\generated\images\live\sotholand\sotholand-89fded66c98b\image_3.jpg,Maseru,serene Ha Pena-Pena neighborhood,train,House,House
sotholand-89fded66c98b,sotholand,4,C:\Users\lepha\Documents\Codex\Real Estate System\generated\images\live\sotholand\sotholand-89fded66c98b\image_4.jpg,Maseru,serene Ha Pena-Pena neighborhood,train,House,House
sotholand-76298e9a4a9f,sotholand,1,C:\Users\lepha\Documents\Codex\Real Estate System\generated\images\live\sotholand\sotholand-76298e9a4a9f\image_1.jpg,Maseru,Naledi,train,House,House
sotholand-76298e9a4a9f,sotholand,2,C:\Users\lepha\Documents\Codex\Real Estate System\generated\images\live\sotholand\sotholand-76298e9a4a9f\image_2.jpg,Maseru,Naledi,train,House,House
sotholand-76298e9a4a9f,sotholand,3,C:\Users\lepha\Documents\Codex\Real Estate System\generated\images\live\sotholand\sotholand-76298e9a4a9f\image_3.jpg,Maseru,Naledi,train,House,House
sotholand-1aa9314b69,sotholand,1,C:\Users\lepha\Documents\Codex\Real Estate System\generated\images\live\sotholand\sotholand-1aa9314b69\image_1.jpg,Maseru,Arrival Center,train,House,House
sotholand-1aa9314b69,sotholand,2,C:\Users\lepha\Documents\Codex\Real Estate System\generated\images\live\sotholand\sotholand-1aa9314b69\image_2.jpg,Maseru,Arrival Center,train,House,House
sotholand-1aa9314b69,sotholand,3,C:\Users\lepha\Documents\Codex\Real Estate System\generated\images\live\sotholand\sotholand-1aa9314b69\image_3.jpg,Maseru,Arrival Center,train,House,House
sotholand-723bca40986,sotholand,1,C:\Users\lepha\Documents\Codex\Real Estate System\generated\images\live\sotholand\sotholand-723bca40986\image_1.jpg,Maseru,Hillsview,train,House,House
sotholand-723bca40986,sotholand,2,C:\Users\lepha\Documents\Codex\Real Estate System\generated\images\live\sotholand\sotholand-723bca40986\image_2.jpg,Maseru,Hillsview,train,House,House
sotholand-723bca40986,sotholand,3,C:\Users\lepha\Documents\Codex\Real Estate System\generated\images\live\sotholand\sotholand-723bca40986\image_3.jpg,Maseru,Hillsview,train,House,House
sotholand-723bca40986,sotholand,4,C:\Users\lepha\Documents\Codex\Real Estate System\generated\images\live\sotholand\sotholand-723bca40986\image_4.jpg,Maseru,Hillsview,train,House,House
sotholand-5bee4c67a368,sotholand,1,C:\Users\lepha\Documents\Codex\Real Estate System\generated\images\live\sotholand\sotholand-5bee4c67a368\image_1.jpg,Maseru,Lower Thetsane,train,House,Townhouse
sotholand-5bee4c67a368,sotholand,2,C:\Users\lepha\Documents\Codex\Real Estate System\generated\images\live\sotholand\sotholand-5bee4c67a368\image_2.jpg,Maseru,Lower Thetsane,train,House,House
sotholand-5bee4c67a368,sotholand,3,C:\Users\lepha\Documents\Codex\Real Estate System\generated\images\live\sotholand\sotholand-5bee4c67a368\image_3.jpg,Maseru,Lower Thetsane,train,House,House
sotholand-12a1456f5e67,sotholand,1,C:\Users\lepha\Documents\Codex\Real Estate System\generated\images\live\sotholand\sotholand-12a1456f5e67\image_1.jpg,Maseru,Lower Thetsane,test,House,House
sotholand-12a1456f5e67,sotholand,2,C:\Users\lepha\Documents\Codex\Real Estate System\generated\images\live\sotholand\sotholand-12a1456f5e67\image_2.jpg,Maseru,Lower Thetsane,test,House,House
sotholand-12a1456f5e67,sotholand,3,C:\Users\lepha\Documents\Codex\Real Estate System\generated\images\live\sotholand\sotholand-12a1456f5e67\image_3.jpg,Maseru,Lower Thetsane,test,House,House
sotholand-12a1456f5e67,sotholand,4,C:\Users\lepha\Documents\Codex\Real Estate System\generated\images\live\sotholand\sotholand-12a1456f5e67\image_4.jpg,Maseru,Lower Thetsane,test,House,House
sotholand-8f94312669ec,sotholand,1,C:\Users\lepha\Documents\Codex\Real Estate System\generated\images\live\sotholand\sotholand-8f94312669ec\image_1.jpg,Maseru,Khubelu,train,House,House
sotholand-8f94312669ec,sotholand,2,C:\Users\lepha\Documents\Codex\Real Estate System\generated\images\live\sotholand\sotholand-8f94312669ec\image_2.jpg,Maseru,Khubelu,train,House,House
sotholand-8f94312669ec,sotholand,3,C:\Users\lepha\Documents\Codex\Real Estate System\generated\images\live\sotholand\sotholand-8f94312669ec\image_3.jpg,Maseru,Khubelu,train,House,Townhouse
sotholand-8f94312669ec,sotholand,4,C:\Users\lepha\Documents\Codex\Real Estate System\generated\images\live\sotholand\sotholand-8f94312669ec\image_4.jpg,Maseru,Khubelu,train,House,House
moso-compounded-apartments-hillsview-1,mosoholdings,1,C:\Users\lepha\Documents\Codex\Real Estate System\generated\images\live\mosoholdings\moso-compounded-apartments-hillsview-1\image_1.jpg,Maseru,Hillsview,train,Apartment,Apartment
moso-bachelor-pad-maseru-west-2,mosoholdings,1,C:\Users\lepha\Documents\Codex\Real Estate System\generated\images\live\mosoholdings\moso-bachelor-pad-maseru-west-2\image_1.jpg,Maseru,Maseru West,train,Apartment,Apartment
moso-duplex-upper-thamae-3,mosoholdings,1,C:\Users\lepha\Documents\Codex\Real Estate System\generated\images\live\mosoholdings\moso-duplex-upper-thamae-3\image_1.jpg,Maseru,Upper Thamae,train,Townhouse,Townhouse
moso-bachelor-pad-lesia-thetsane-4,mosoholdings,1,C:\Users\lepha\Documents\Codex\Real Estate System\generated\images\live\mosoholdings\moso-bachelor-pad-lesia-thetsane-4\image_1.jpg,Maseru,Lesia,train,Apartment,Apartment
moso-duplex-moshoeshoe-2-5,mosoholdings,1,C:\Users\lepha\Documents\Codex\Real Estate System\generated\images\live\mosoholdings\moso-duplex-moshoeshoe-2-5\image_1.jpg,Maseru,Moshoeshoe 2,val,Townhouse,Apartment
moso-fitted-duplex-moshoeshoe-2-6,mosoholdings,1,C:\Users\lepha\Documents\Codex\Real Estate System\generated\images\live\mosoholdings\moso-fitted-duplex-moshoeshoe-2-6\image_1.jpg,Maseru,Moshoeshoe 2,train,Townhouse,Townhouse
moso-fitted-duplex-upper-thamae-7,mosoholdings,1,C:\Users\lepha\Documents\Codex\Real Estate System\generated\images\live\mosoholdings\moso-fitted-duplex-upper-thamae-7\image_1.jpg,Maseru,Upper Thamae,train,Townhouse,Townhouse
moso-bachelor-pad-leqele-8,mosoholdings,1,C:\Users\lepha\Documents\Codex\Real Estate System\generated\images\live\mosoholdings\moso-bachelor-pad-leqele-8\image_1.jpg,Maseru,Leqele,train,Apartment,Apartment
moso-double-storey-apartments-khubetsoana-9,mosoholdings,1,C:\Users\lepha\Documents\Codex\Real Estate System\generated\images\live\mosoholdings\moso-double-storey-apartments-khubetsoana-9\image_1.jpg,Maseru,Khubetsoana,val,Apartment,Townhouse
moso-compounded-apartments-high-court-10,mosoholdings,1,C:\Users\lepha\Documents\Codex\Real Estate System\generated\images\live\mosoholdings\moso-compounded-apartments-high-court-10\image_1.jpg,Maseru,High Court,test,Apartment,Townhouse
moso-bachelor-pad-moshoeshoe-2-11,mosoholdings,1,C:\Users\lepha\Documents\Codex\Real Estate System\generated\images\live\mosoholdings\moso-bachelor-pad-moshoeshoe-2-11\image_1.jpg,Maseru,Moshoeshoe 2,train,Apartment,Apartment
moso-bachelor-pad-lecoop-thetsane-12,mosoholdings,1,C:\Users\lepha\Documents\Codex\Real Estate System\generated\images\live\mosoholdings\moso-bachelor-pad-lecoop-thetsane-12\image_1.jpg,Maseru,Lecoop,val,Apartment,Townhouse
moso-double-storey-duplex-ha-thetsane-13,mosoholdings,1,C:\Users\lepha\Documents\Codex\Real Estate System\generated\images\live\mosoholdings\moso-double-storey-duplex-ha-thetsane-13\image_1.jpg,Maseru,Ha Thetsane,train,Townhouse,Townhouse
moso-fitted-duplex-leqele-police-region-14,mosoholdings,1,C:\Users\lepha\Documents\Codex\Real Estate System\generated\images\live\mosoholdings\moso-fitted-duplex-leqele-police-region-14\image_1.jpg,Maseru,Leqele Police Region,train,Townhouse,Townhouse
moso-fitted-duplex-thetsane-15,mosoholdings,1,C:\Users\lepha\Documents\Codex\Real Estate System\generated\images\live\mosoholdings\moso-fitted-duplex-thetsane-15\image_1.jpg,Maseru,Thetsane,train,Townhouse,Townhouse
moso-duplex-mabote-16,mosoholdings,1,C:\Users\lepha\Documents\Codex\Real Estate System\generated\images\live\mosoholdings\moso-duplex-mabote-16\image_1.jpg,Maseru,Mabote,test,Townhouse,House
moso-fitted-bachelor-flat-maseru-west-17,mosoholdings,1,C:\Users\lepha\Documents\Codex\Real Estate System\generated\images\live\mosoholdings\moso-fitted-bachelor-flat-maseru-west-17\image_1.jpg,Maseru,Maseru West,test,Apartment,Apartment
moso-fitted-duplex-sea-point-18,mosoholdings,1,C:\Users\lepha\Documents\Codex\Real Estate System\generated\images\live\mosoholdings\moso-fitted-duplex-sea-point-18\image_1.jpg,Maseru,Sea Point,test,Townhouse,Apartment
moso-bachelor-flat-maseru-west-19,mosoholdings,1,C:\Users\lepha\Documents\Codex\Real Estate System\generated\images\live\mosoholdings\moso-bachelor-flat-maseru-west-19\image_1.jpg,Maseru,Maseru West,val,Apartment,House
moso-family-compound-flats-maseru-private-hospital-area-20,mosoholdings,1,C:\Users\lepha\Documents\Codex\Real Estate System\generated\images\live\mosoholdings\moso-family-compound-flats-maseru-private-hospital-area-20\image_1.jpg,Maseru,Maseru Private Hospital Area,val,Apartment,House
moso-duplex-katlehong-21,mosoholdings,1,C:\Users\lepha\Documents\Codex\Real Estate System\generated\images\live\mosoholdings\moso-duplex-katlehong-21\image_1.jpg,Maseru,Katlehong,train,Townhouse,Townhouse
moso-duplex-thetsane-lecoop-22,mosoholdings,1,C:\Users\lepha\Documents\Codex\Real Estate System\generated\images\live\mosoholdings\moso-duplex-thetsane-lecoop-22\image_1.jpg,Maseru,Thetsane Lecoop,train,Townhouse,Townhouse
moso-duplex-ha-tsolo-halekhowa-23,mosoholdings,1,C:\Users\lepha\Documents\Codex\Real Estate System\generated\images\live\mosoholdings\moso-duplex-ha-tsolo-halekhowa-23\image_1.jpg,Maseru,Ha Tsolo,val,Townhouse,Townhouse
moso-duplex-sea-point-24,mosoholdings,1,C:\Users\lepha\Documents\Codex\Real Estate System\generated\images\live\mosoholdings\moso-duplex-sea-point-24\image_1.jpg,Maseru,Sea Point,val,Townhouse,Townhouse
moso-stand-alone-house-high-court-25,mosoholdings,1,C:\Users\lepha\Documents\Codex\Real Estate System\generated\images\live\mosoholdings\moso-stand-alone-house-high-court-25\image_1.jpg,Maseru,High Court,val,House,Townhouse
moso-compounded-house-maseru-west-26,mosoholdings,1,C:\Users\lepha\Documents\Codex\Real Estate System\generated\images\live\mosoholdings\moso-compounded-house-maseru-west-26\image_1.jpg,Maseru,Maseru West,val,House,Townhouse
moso-compounded-house-section-8-villamore-house-4-and-14-27,mosoholdings,1,C:\Users\lepha\Documents\Codex\Real Estate System\generated\images\live\mosoholdings\moso-compounded-house-section-8-villamore-house-4-and-14-27\image_1.jpg,Maseru,Section 8 Villamore House #4 and #14,train,House,Townhouse
moso-compounded-house-maseru-private-hospital-area-28,mosoholdings,1,C:\Users\lepha\Documents\Codex\Real Estate System\generated\images\live\mosoholdings\moso-compounded-house-maseru-private-hospital-area-28\image_1.jpg,Maseru,Maseru Private Hospital Area,train,House,Townhouse
moso-stand-alone-house-fairview-lower-thetsane-29,mosoholdings,1,C:\Users\lepha\Documents\Codex\Real Estate System\generated\images\live\mosoholdings\moso-stand-alone-house-fairview-lower-thetsane-29\image_1.jpg,Maseru,Fairview,train,House,Townhouse
moso-stand-alone-house-thetsane-west-30,mosoholdings,1,C:\Users\lepha\Documents\Codex\Real Estate System\generated\images\live\mosoholdings\moso-stand-alone-house-thetsane-west-30\image_1.jpg,Maseru,Thetsane West,train,House,Townhouse
moso-double-storey-stand-alone-house-katlehong-31,mosoholdings,1,C:\Users\lepha\Documents\Codex\Real Estate System\generated\images\live\mosoholdings\moso-double-storey-stand-alone-house-katlehong-31\image_1.jpg,Maseru,Katlehong,train,House,Townhouse
moso-stand-alone-house-thetsane-west-32,mosoholdings,1,C:\Users\lepha\Documents\Codex\Real Estate System\generated\images\live\mosoholdings\moso-stand-alone-house-thetsane-west-32\image_1.jpg,Maseru,Thetsane West,test,House,Townhouse
moso-stand-alone-house-masowe-3-33,mosoholdings,1,C:\Users\lepha\Documents\Codex\Real Estate System\generated\images\live\mosoholdings\moso-stand-alone-house-masowe-3-33\image_1.jpg,Maseru,Masowe 3,train,House,Townhouse
moso-stand-alone-house-thetsane-west-34,mosoholdings,1,C:\Users\lepha\Documents\Codex\Real Estate System\generated\images\live\mosoholdings\moso-stand-alone-house-thetsane-west-34\image_1.jpg,Maseru,Thetsane West,test,House,Townhouse
moso-double-storey-stand-alone-house-thetsane-west-35,mosoholdings,1,C:\Users\lepha\Documents\Codex\Real Estate System\generated\images\live\mosoholdings\moso-double-storey-stand-alone-house-thetsane-west-35\image_1.jpg,Maseru,Thetsane West,train,House,Townhouse
moso-stand-alone-house-maseru-west-36,mosoholdings,1,C:\Users\lepha\Documents\Codex\Real Estate System\generated\images\live\mosoholdings\moso-stand-alone-house-maseru-west-36\image_1.jpg,Maseru,Maseru West,train,House,Townhouse
moso-compunded-house-lower-thetsane-37,mosoholdings,1,C:\Users\lepha\Documents\Codex\Real Estate System\generated\images\live\mosoholdings\moso-compunded-house-lower-thetsane-37\image_1.jpg,Maseru,Lower Thetsane,train,House,House
moso-double-storey-stand-alone-house-masowe-3-38,mosoholdings,1,C:\Users\lepha\Documents\Codex\Real Estate System\generated\images\live\mosoholdings\moso-double-storey-stand-alone-house-masowe-3-38\image_1.jpg,Maseru,Masowe 3,train,House,Townhouse
moso-double-storey-house-masowe-4-39,mosoholdings,1,C:\Users\lepha\Documents\Codex\Real Estate System\generated\images\live\mosoholdings\moso-double-storey-house-masowe-4-39\image_1.jpg,Maseru,Masowe 4,train,House,Townhouse
moso-stand-alone-house-thetsane-maseru-private-hospital-area-40,mosoholdings,1,C:\Users\lepha\Documents\Codex\Real Estate System\generated\images\live\mosoholdings\moso-stand-alone-house-thetsane-maseru-private-hospital-area-40\image_1.jpg,Maseru,Thetsane,train,House,Townhouse
moso-double-storey-stand-alone-house-masowe-4-41,mosoholdings,1,C:\Users\lepha\Documents\Codex\Real Estate System\generated\images\live\mosoholdings\moso-double-storey-stand-alone-house-masowe-4-41\image_1.jpg,Maseru,Masowe 4,test,House,Townhouse
moso-stand-alone-house-maseru-west-42,mosoholdings,1,C:\Users\lepha\Documents\Codex\Real Estate System\generated\images\live\mosoholdings\moso-stand-alone-house-maseru-west-42\image_1.jpg,Maseru,Maseru West,test,House,Townhouse
moso-stand-alone-house-thetsane-lecoop-43,mosoholdings,1,C:\Users\lepha\Documents\Codex\Real Estate System\generated\images\live\mosoholdings\moso-stand-alone-house-thetsane-lecoop-43\image_1.jpg,Maseru,Thetsane,val,House,Townhouse
moso-stand-alone-house-mpilo-estates-45,mosoholdings,1,C:\Users\lepha\Documents\Codex\Real Estate System\generated\images\live\mosoholdings\moso-stand-alone-house-mpilo-estates-45\image_1.jpg,Maseru,Mpilo Estates,train,House,House
moso-stand-alone-house-mohalalitoe-46,mosoholdings,1,C:\Users\lepha\Documents\Codex\Real Estate System\generated\images\live\mosoholdings\moso-stand-alone-house-mohalalitoe-46\image_1.jpg,Maseru,Mohalalitoe,train,House,House
moso-stand-alone-house-tsosane-48,mosoholdings,1,C:\Users\lepha\Documents\Codex\Real Estate System\generated\images\live\mosoholdings\moso-stand-alone-house-tsosane-48\image_1.jpg,Maseru,Tsosane,train,House,House
moso-double-storey-house-katlehong-49,mosoholdings,1,C:\Users\lepha\Documents\Codex\Real Estate System\generated\images\live\mosoholdings\moso-double-storey-house-katlehong-49\image_1.jpg,Maseru,Katlehong,train,House,Townhouse
moso-stand-alone-house-ha-hoohlo-50,mosoholdings,1,C:\Users\lepha\Documents\Codex\Real Estate System\generated\images\live\mosoholdings\moso-stand-alone-house-ha-hoohlo-50\image_1.jpg,Maseru,Ha Hoohlo,train,House,House
moso-city-center-house-thetsane-west-51,mosoholdings,1,C:\Users\lepha\Documents\Codex\Real Estate System\generated\images\live\mosoholdings\moso-city-center-house-thetsane-west-51\image_1.jpg,Maseru,Thetsane West,train,House,Townhouse
moso-double-storey-house-lower-thetsane-52,mosoholdings,1,C:\Users\lepha\Documents\Codex\Real Estate System\generated\images\live\mosoholdings\moso-double-storey-house-lower-thetsane-52\image_1.jpg,Maseru,Lower Thetsane,test,House,House
moso-triple-storey-house-katlehong-53,mosoholdings,1,C:\Users\lepha\Documents\Codex\Real Estate System\generated\images\live\mosoholdings\moso-triple-storey-house-katlehong-53\image_1.jpg,Maseru,Katlehong,train,House,House
moso-city-center-house-thetsane-west-54,mosoholdings,1,C:\Users\lepha\Documents\Codex\Real Estate System\generated\images\live\mosoholdings\moso-city-center-house-thetsane-west-54\image_1.jpg,Maseru,Thetsane West,test,House,Townhouse
moso-double-storey-house-thetsane-west-55,mosoholdings,1,C:\Users\lepha\Documents\Codex\Real Estate System\generated\images\live\mosoholdings\moso-double-storey-house-thetsane-west-55\image_1.jpg,Maseru,Thetsane West,train,House,Townhouse
moso-stand-alone-house-katlehong-56,mosoholdings,1,C:\Users\lepha\Documents\Codex\Real Estate System\generated\images\live\mosoholdings\moso-stand-alone-house-katlehong-56\image_1.jpg,Maseru,Katlehong,train,House,House
moso-double-storey-house-masowe-2-57,mosoholdings,1,C:\Users\lepha\Documents\Codex\Real Estate System\generated\images\live\mosoholdings\moso-double-storey-house-masowe-2-57\image_1.jpg,Maseru,Masowe 2,train,House,House
moso-stand-alone-house-thetsane-lesia-58,mosoholdings,1,C:\Users\lepha\Documents\Codex\Real Estate System\generated\images\live\mosoholdings\moso-stand-alone-house-thetsane-lesia-58\image_1.jpg,Maseru,Thetsane Lesia,train,House,Townhouse
moso-stand-alone-house-katlehong-59,mosoholdings,1,C:\Users\lepha\Documents\Codex\Real Estate System\generated\images\live\mosoholdings\moso-stand-alone-house-katlehong-59\image_1.jpg,Maseru,Katlehong,val,House,House
moso-compounded-house-thetsane-lecoop-60,mosoholdings,1,C:\Users\lepha\Documents\Codex\Real Estate System\generated\images\live\mosoholdings\moso-compounded-house-thetsane-lecoop-60\image_1.jpg,Maseru,Thetsane Lecoop,test,House,House
moso-stand-alone-house-katlehong-61,mosoholdings,1,C:\Users\lepha\Documents\Codex\Real Estate System\generated\images\live\mosoholdings\moso-stand-alone-house-katlehong-61\image_1.jpg,Maseru,Katlehong,train,House,House
moso-stand-alone-house-katlehong-race-course-62,mosoholdings,1,C:\Users\lepha\Documents\Codex\Real Estate System\generated\images\live\mosoholdings\moso-stand-alone-house-katlehong-race-course-62\image_1.jpg,Maseru,Katlehong,train,House,Townhouse
moso-compounded-house-thetsane-lecoop-63,mosoholdings,1,C:\Users\lepha\Documents\Codex\Real Estate System\generated\images\live\mosoholdings\moso-compounded-house-thetsane-lecoop-63\image_1.jpg,Maseru,Thetsane Lecoop,train,House,Townhouse
