property_id,source,title,description_en,description_st,price,currency,district,location_text,property_type,bedrooms,bathrooms,image_paths,listing_url,condition,style,environment,amenities,listing_intent,image_count,country,district_canonical,district_resolution,locality,use_bucket,cnn_property_type,cnn_bedroom_class,split,cnn_exclusion_reasons,is_residential_curated,is_cnn_candidate
propmarket-Vvj9IHQrQiaAykI1bpxTi,propmarket,Site,"This beautiful site is at Thetsane West with 588 sqm, it has exellent neighbourhood,exellent view, has a lease at just 600k.","Thepa ena ya mofuta wa site e fumaneha Thetsane West, Maseru. E na le sebaka sena mme e fumaneha ka theko ya M 600,000. Tlotla ena e tshwanetse ho shejwa bakeng sa bareki ba batlang menyetla ya nnete Lesotho.",600000,LSL,Maseru,"Thetsane West, Maseru",Site,0,0,"[""C:\\Users\\lepha\\Documents\\Codex\\Real Estate System\\generated\\images\\live\\propmarket\\propmarket-Vvj9IHQrQiaAykI1bpxTi\\image_1.jpg"", ""C:\\Users\\lepha\\Documents\\Codex\\Real Estate System\\generated\\images\\live\\propmarket\\propmarket-Vvj9IHQrQiaAykI1bpxTi\\image_2.jpg"", ""C:\\Users\\lepha\\Documents\\Codex\\Real Estate System\\generated\\images\\live\\propmarket\\propmarket-Vvj9IHQrQiaAykI1bpxTi\\image_3.jpg"", ""C:\\Users\\lepha\\Documents\\Codex\\Real Estate System\\generated\\images\\live\\propmarket\\propmarket-Vvj9IHQrQiaAykI1bpxTi\\image_4.jpg""]",https://www.propmarket.co.ls/properties/Vvj9IHQrQiaAykI1bpxTi,Good,Traditional,Hillside,[],sale,4,Lesotho,Maseru,text_match,Thetsane West,site_land,,,train,not_residential:site_land,False,False
propmarket-cX6b5MXT_4s7reyZHBU0T,propmarket,Site,Sites available at Sehlabeng near Lancers Gap High School have o feta Masoleng. \n\nSize: 40x30\nPrice :R60k negotiable \nLease available\nCall69441833/58815922,"Thepa ena ya mofuta wa site e fumaneha Sehlabeng (ha Ts'oene Lipohong), Berea. E na le sebaka sena mme e fumaneha ka theko ya M 60,000. Tlotla ena e tshwanetse ho shejwa bakeng sa bareki ba batlang menyetla ya nnete Lesotho.",60000,LSL,Berea,"Sehlabeng (ha Ts'oene Lipohong), Berea",Site,0,0,"[""C:\\Users\\lepha\\Documents\\Codex\\Real Estate System\\generated\\images\\live\\propmarket\\propmarket-cX6b5MXT_4s7reyZHBU0T\\image_1.jpg"", ""C:\\Users\\lepha\\Documents\\Codex\\Real Estate System\\generated\\images\\live\\propmarket\\propmarket-cX6b5MXT_4s7reyZHBU0T\\image_2.jpg"", ""C:\\Users\\lepha\\Documents\\Codex\\Real Estate System\\generated\\images\\live\\propmarket\\propmarket-cX6b5MXT_4s7reyZHBU0T\\image_3.jpg""]",https://www.propmarket.co.ls/properties/cX6b5MXT_4s7reyZHBU0T,Good,Traditional,Urban,"[""near schools""]",sale,3,Lesotho,Berea,text_match,Sehlabeng (ha Ts'oene Lipohong),site_land,,,train,not_residential:site_land,False,False
propmarket-q-t0GNqjdnLA-94mzjoub,propmarket,Site,This beautiful site is at Matsheng near Ha Foso It is a 30 by 20 site with 162k.. it also has a lease.,"Thepa ena ya mofuta wa site e fumaneha Ha Foso, Berea. E na le sebaka sena mme e fumaneha ka theko ya M 162,000. Tlotla ena e tshwanetse ho shejwa bakeng sa bareki ba batlang menyetla ya nnete Lesotho.",162000,LSL,Berea,"Ha Foso, Berea",Site,0,0,"[""C:\\Users\\lepha\\Documents\\Codex\\Real Estate System\\generated\\images\\live\\propmarket\\propmarket-q-t0GNqjdnLA-94mzjoub\\image_1.jpg"", ""C:\\Users\\lepha\\Documents\\Codex\\Real Estate System\\generated\\images\\live\\propmarket\\propmarket-q-t0GNqjdnLA-94mzjoub\\image_2.jpg"", ""C:\\Users\\lepha\\Documents\\Codex\\Real Estate System\\generated\\images\\live\\propmarket\\propmarket-q-t0GNqjdnLA-94mzjoub\\image_3.jpg""]",https://www.propmarket.co.ls/properties/q-t0GNqjdnLA-94mzjoub,Good,Traditional,Suburban,[],sale,3,Lesotho,Berea,text_match,Ha Foso,site_land,,,train,not_residential:site_land,False,False
propmarket-dDPLER1KNyD4qwDzd4Ydd,propmarket,Site,"This site is very big, at Maputsoe Grossong e holima Seretse Khama.. it is a 30*25 site with electricity..it costs 120k.","Thepa ena ya mofuta wa site e fumaneha Maputsoe (ha Leaooa), Leribe. E na le sebaka sena mme e fumaneha ka theko ya M 120,000. Tlotla ena e tshwanetse ho shejwa bakeng sa bareki ba batlang menyetla ya nnete Lesotho.",120000,LSL,Leribe,"Maputsoe (ha Leaooa), Leribe",Site,0,0,"[""C:\\Users\\lepha\\Documents\\Codex\\Real Estate System\\generated\\images\\live\\propmarket\\propmarket-dDPLER1KNyD4qwDzd4Ydd\\image_1.jpg"", ""C:\\Users\\lepha\\Documents\\Codex\\Real Estate System\\generated\\images\\live\\propmarket\\propmarket-dDPLER1KNyD4qwDzd4Ydd\\image_2.jpg"", ""C:\\Users\\lepha\\Documents\\Codex\\Real Estate System\\generated\\images\\live\\propmarket\\propmarket-dDPLER1KNyD4qwDzd4Ydd\\image_3.jpg"", ""C:\\Users\\lepha\\Documents\\Codex\\Real Estate System\\generated\\images\\live\\propmarket\\propmarket-dDPLER1KNyD4qwDzd4Ydd\\image_4.jpg""]",https://www.propmarket.co.ls/properties/dDPLER1KNyD4qwDzd4Ydd,Good,Traditional,Urban,"[""electricity""]",sale,4,Lesotho,Leribe,text_match,Maputsoe (ha Leaooa),site_land,,,train,not_residential:site_land,False,False
propmarket-TtolD3XWIRLoyCVuHcihP,propmarket,Site,The site is at Qoatsaneng pela Mpilo Estates sena le form C..961.5 sqm,"Thepa ena ya mofuta wa site e fumaneha Qoatsaneng, Maseru. E na le sebaka sena mme e fumaneha ka theko ya M 850,000. Tlotla ena e tshwanetse ho shejwa bakeng sa bareki ba batlang menyetla ya nnete Lesotho.",850000,LSL,Maseru,"Qoatsaneng, Maseru",Site,0,0,"[""C:\\Users\\lepha\\Documents\\Codex\\Real Estate System\\generated\\images\\live\\propmarket\\propmarket-TtolD3XWIRLoyCVuHcihP\\image_1.jpg"", ""C:\\Users\\lepha\\Documents\\Codex\\Real Estate System\\generated\\images\\live\\propmarket\\propmarket-TtolD3XWIRLoyCVuHcihP\\image_2.jpg""]",https://www.propmarket.co.ls/properties/TtolD3XWIRLoyCVuHcihP,Good,Traditional,Suburban,[],sale,2,Lesotho,Maseru,text_match,Qoatsaneng,site_land,,,test,not_residential:site_land,False,False
propmarket-P5wCSRy0hN0gSnRWVGpie,propmarket,Site,"This site is at Motimposo at 150k ha re seha, ha se feletse ke 300k..It has a lease.","Thepa ena ya mofuta wa site e fumaneha Motimposo, Maseru. E na le sebaka sena mme e fumaneha ka theko ya M 150,000. Tlotla ena e tshwanetse ho shejwa bakeng sa bareki ba batlang menyetla ya nnete Lesotho.",150000,LSL,Maseru,"Motimposo, Maseru",Site,0,0,"[""C:\\Users\\lepha\\Documents\\Codex\\Real Estate System\\generated\\images\\live\\propmarket\\propmarket-P5wCSRy0hN0gSnRWVGpie\\image_1.jpg"", ""C:\\Users\\lepha\\Documents\\Codex\\Real Estate System\\generated\\images\\live\\propmarket\\propmarket-P5wCSRy0hN0gSnRWVGpie\\image_2.jpg"", ""C:\\Users\\lepha\\Documents\\Codex\\Real Estate System\\generated\\images\\live\\propmarket\\propmarket-P5wCSRy0hN0gSnRWVGpie\\image_3.jpg""]",https://www.propmarket.co.ls/properties/P5wCSRy0hN0gSnRWVGpie,Good,Traditional,Suburban,[],sale,3,Lesotho,Maseru,text_match,Motimposo,site_land,,,train,not_residential:site_land,False,False
propmarket-iuFHBDeub5jDil8NgqcPI,propmarket,School,This is a non-running school in T.Y..It is a big site of approximately 34000sqm ...selling price 1.5m,"Thepa ena ya mofuta wa site e fumaneha Teyateyaneng, Berea. E na le sebaka sena mme e fumaneha ka theko ya M 1,500,000. Tlotla ena e tshwanetse ho shejwa bakeng sa bareki ba batlang menyetla ya nnete Lesotho.",1500000,LSL,Berea,"Teyateyaneng, Berea",Site,0,0,"[""C:\\Users\\lepha\\Documents\\Codex\\Real Estate System\\generated\\images\\live\\propmarket\\propmarket-iuFHBDeub5jDil8NgqcPI\\image_1.jpg"", ""C:\\Users\\lepha\\Documents\\Codex\\Real Estate System\\generated\\images\\live\\propmarket\\propmarket-iuFHBDeub5jDil8NgqcPI\\image_2.jpg"", ""C:\\Users\\lepha\\Documents\\Codex\\Real Estate System\\generated\\images\\live\\propmarket\\propmarket-iuFHBDeub5jDil8NgqcPI\\image_3.jpg"", ""C:\\Users\\lepha\\Documents\\Codex\\Real Estate System\\generated\\images\\live\\propmarket\\propmarket-iuFHBDeub5jDil8NgqcPI\\image_4.jpg""]",https://www.propmarket.co.ls/properties/iuFHBDeub5jDil8NgqcPI,Good,Traditional,Urban,"[""near schools""]",sale,4,Lesotho,Berea,text_match,Teyateyaneng,site_land,,,train,not_residential:site_land,False,False
propmarket-iIpAxXYSFy6r0duzALZ7K,propmarket,Public Bar,"A public bar/Mahlokoaneng at Naleli opposite Maria 'Mabasotho...Has a public bar, Butchery/Chesanyama, Food outlet ..It's a 900sqm site and still operational with good customer base....It costs 1.5m but you can pay 400k and settle the remaining balance in 12months.","Thepa ena ya mofuta wa site e fumaneha Naleli, Berea. E na le sebaka sena mme e fumaneha ka theko ya M 1,500,000. Tlotla ena e tshwanetse ho shejwa bakeng sa bareki ba batlang menyetla ya nnete Lesotho.",1500000,LSL,Berea,"Naleli, Berea",Site,0,0,"[""C:\\Users\\lepha\\Documents\\Codex\\Real Estate System\\generated\\images\\live\\propmarket\\propmarket-iIpAxXYSFy6r0duzALZ7K\\image_1.jpg"", ""C:\\Users\\lepha\\Documents\\Codex\\Real Estate System\\generated\\images\\live\\propmarket\\propmarket-iIpAxXYSFy6r0duzALZ7K\\image_2.jpg"", ""C:\\Users\\lepha\\Documents\\Codex\\Real Estate System\\generated\\images\\live\\propmarket\\propmarket-iIpAxXYSFy6r0duzALZ7K\\image_3.jpg"", ""C:\\Users\\lepha\\Documents\\Codex\\Real Estate System\\generated\\images\\live\\propmarket\\propmarket-iIpAxXYSFy6r0duzALZ7K\\image_4.jpg""]",https://www.propmarket.co.ls/properties/iIpAxXYSFy6r0duzALZ7K,Good,Traditional,Suburban,[],sale,4,Lesotho,Berea,text_match,Naleli,site_land,,,train,not_residential:site_land,False,False
propmarket-XRScC5K9_jkwCS0jizNOv,propmarket,Site,"We have this big land Investment in Thaba-Bosiu Maseru pela Central Bank site e boholo ba 8 acres at atleast 550k. The price is slightly negotiable, metsi a teng le motlakase.. U ka seha litsha kapa ua etsa likhoebo..","Thepa ena ya mofuta wa site e fumaneha Thaba Bosiu, Maseru. E na le sebaka sena mme e fumaneha ka theko ya M 550,000. Tlotla ena e tshwanetse ho shejwa bakeng sa bareki ba batlang menyetla ya nnete Lesotho.",550000,LSL,Maseru,"Thaba Bosiu, Maseru",Site,0,0,"[""C:\\Users\\lepha\\Documents\\Codex\\Real Estate System\\generated\\images\\live\\propmarket\\propmarket-XRScC5K9_jkwCS0jizNOv\\image_1.jpg"", ""C:\\Users\\lepha\\Documents\\Codex\\Real Estate System\\generated\\images\\live\\propmarket\\propmarket-XRScC5K9_jkwCS0jizNOv\\image_2.jpg"", ""C:\\Users\\lepha\\Documents\\Codex\\Real Estate System\\generated\\images\\live\\propmarket\\propmarket-XRScC5K9_jkwCS0jizNOv\\image_3.jpg"", ""C:\\Users\\lepha\\Documents\\Codex\\Real Estate System\\generated\\images\\live\\propmarket\\propmarket-XRScC5K9_jkwCS0jizNOv\\image_4.jpg""]",https://www.propmarket.co.ls/properties/XRScC5K9_jkwCS0jizNOv,Good,Traditional,Urban,[],sale,4,Lesotho,Maseru,text_match,Thaba Bosiu,site_land,,,val,not_residential:site_land,False,False
propmarket-1sNerhHis5nYLKoZsIRM-,propmarket,Site,Hillside 734sqm Lekhalong,"Thepa ena ya mofuta wa site e fumaneha Thetsane, Maseru. E na le sebaka sena mme e fumaneha ka theko ya M 110,000. Tlotla ena e tshwanetse ho shejwa bakeng sa bareki ba batlang menyetla ya nnete Lesotho.",110000,LSL,Maseru,"Thetsane, Maseru",Site,0,0,"[""C:\\Users\\lepha\\Documents\\Codex\\Real Estate System\\generated\\images\\live\\propmarket\\propmarket-1sNerhHis5nYLKoZsIRM-\\image_1.jpg"", ""C:\\Users\\lepha\\Documents\\Codex\\Real Estate System\\generated\\images\\live\\propmarket\\propmarket-1sNerhHis5nYLKoZsIRM-\\image_2.jpg"", ""C:\\Users\\lepha\\Documents\\Codex\\Real Estate System\\generated\\images\\live\\propmarket\\propmarket-1sNerhHis5nYLKoZsIRM-\\image_3.jpg"", ""C:\\Users\\lepha\\Documents\\Codex\\Real Estate System\\generated\\images\\live\\propmarket\\propmarket-1sNerhHis5nYLKoZsIRM-\\image_4.jpg"", ""C:\\Users\\lepha\\Documents\\Codex\\Real Estate System\\generated\\images\\live\\propmarket\\propmarket-1sNerhHis5nYLKoZsIRM-\\image_5.png""]",https://www.propmarket.co.ls/properties/1sNerhHis5nYLKoZsIRM-,Good,Traditional,Hillside,"[""road access""]",sale,5,Lesotho,Maseru,text_match,Thetsane,site_land,,,train,not_residential:site_land,False,False
propmarket-h6TS1Gk63_zZvuZl9UZb-,propmarket,Site,This site is at Upper Thamae pela Ha-Qhomane just 2 minutes from the main road..se pela metsi le motlakase at just 80k,"Thepa ena ya mofuta wa site e fumaneha Upper Thamae, Maseru. E na le sebaka sena mme e fumaneha ka theko ya M 85,000. Tlotla ena e tshwanetse ho shejwa bakeng sa bareki ba batlang menyetla ya nnete Lesotho.",85000,LSL,Maseru,"Upper Thamae, Maseru",Site,0,0,"[""C:\\Users\\lepha\\Documents\\Codex\\Real Estate System\\generated\\images\\live\\propmarket\\propmarket-h6TS1Gk63_zZvuZl9UZb-\\image_1.jpg"", ""C:\\Users\\lepha\\Documents\\Codex\\Real Estate System\\generated\\images\\live\\propmarket\\propmarket-h6TS1Gk63_zZvuZl9UZb-\\image_2.jpg""]",https://www.propmarket.co.ls/properties/h6TS1Gk63_zZvuZl9UZb-,Good,Traditional,Suburban,"[""road access""]",sale,2,Lesotho,Maseru,text_match,Upper Thamae,site_land,,,test,not_residential:site_land,False,False
propmarket-5zACiX0rDl2j0hsFvx5_6,propmarket,Site,Site Ha- Leburu pela Peka Health Center,"Thepa ena ya mofuta wa site e fumaneha Peka, Leribe. E na le sebaka sena mme e fumaneha ka theko ya M 25,000. Tlotla ena e tshwanetse ho shejwa bakeng sa bareki ba batlang menyetla ya nnete Lesotho.",25000,LSL,Leribe,"Peka, Leribe",Site,0,0,"[""C:\\Users\\lepha\\Documents\\Codex\\Real Estate System\\generated\\images\\live\\propmarket\\propmarket-5zACiX0rDl2j0hsFvx5_6\\image_1.jpg"", ""C:\\Users\\lepha\\Documents\\Codex\\Real Estate System\\generated\\images\\live\\propmarket\\propmarket-5zACiX0rDl2j0hsFvx5_6\\image_2.jpg"", ""C:\\Users\\lepha\\Documents\\Codex\\Real Estate System\\generated\\images\\live\\propmarket\\propmarket-5zACiX0rDl2j0hsFvx5_6\\image_3.jpg"", ""C:\\Users\\lepha\\Documents\\Codex\\Real Estate System\\generated\\images\\live\\propmarket\\propmarket-5zACiX0rDl2j0hsFvx5_6\\image_4.jpg"", ""C:\\Users\\lepha\\Documents\\Codex\\Real Estate System\\generated\\images\\live\\propmarket\\propmarket-5zACiX0rDl2j0hsFvx5_6\\image_5.jpg""]",https://www.propmarket.co.ls/properties/5zACiX0rDl2j0hsFvx5_6,Good,Traditional,Suburban,[],sale,5,Lesotho,Leribe,text_match,Peka,site_land,,,train,not_residential:site_land,False,False
propmarket-Hzm_mf988kJzAKRheNqab,propmarket,Site,30 by 30 site in Maqhaka\nNo lease empa ke Form C \n5M= minutes to the main road\nsingle room ka jareteng,"Thepa ena ya mofuta wa site e fumaneha Maqhaka, Berea. E na le sebaka sena mme e fumaneha ka theko ya M 110,000. Tlotla ena e tshwanetse ho shejwa bakeng sa bareki ba batlang menyetla ya nnete Lesotho.",110000,LSL,Berea,"Maqhaka, Berea",Site,0,0,"[""C:\\Users\\lepha\\Documents\\Codex\\Real Estate System\\generated\\images\\live\\propmarket\\propmarket-Hzm_mf988kJzAKRheNqab\\image_1.jpg"", ""C:\\Users\\lepha\\Documents\\Codex\\Real Estate System\\generated\\images\\live\\propmarket\\propmarket-Hzm_mf988kJzAKRheNqab\\image_2.jpg""]",https://www.propmarket.co.ls/properties/Hzm_mf988kJzAKRheNqab,Good,Traditional,Suburban,"[""road access""]",sale,2,Lesotho,Berea,text_match,Maqhaka,site_land,,,test,not_residential:site_land,False,False
propmarket-YXVKHMOFsUcM8ViZ0MQVa,propmarket,Site,"10 sites from size of 332.2sqm to 1262sqm prices from M28000 to M60000, Mabuthile Thota Moli about 30 minutes ho ea lifemeng tse ncha","Thepa ena ya mofuta wa site e fumaneha Butha Buthe District, Lesotho. E na le sebaka sena mme e fumaneha ka theko ya M 28,000. Tlotla ena e tshwanetse ho shejwa bakeng sa bareki ba batlang menyetla ya nnete Lesotho.",28000,LSL,Lesotho,"Butha Buthe District, Lesotho",Site,0,0,"[""C:\\Users\\lepha\\Documents\\Codex\\Real Estate System\\generated\\images\\live\\propmarket\\propmarket-YXVKHMOFsUcM8ViZ0MQVa\\image_1.jpg"", ""C:\\Users\\lepha\\Documents\\Codex\\Real Estate System\\generated\\images\\live\\propmarket\\propmarket-YXVKHMOFsUcM8ViZ0MQVa\\image_2.jpg"", ""C:\\Users\\lepha\\Documents\\Codex\\Real Estate System\\generated\\images\\live\\propmarket\\propmarket-YXVKHMOFsUcM8ViZ0MQVa\\image_3.jpg"", ""C:\\Users\\lepha\\Documents\\Codex\\Real Estate System\\generated\\images\\live\\propmarket\\propmarket-YXVKHMOFsUcM8ViZ0MQVa\\image_4.jpg"", ""C:\\Users\\lepha\\Documents\\Codex\\Real Estate System\\generated\\images\\live\\propmarket\\propmarket-YXVKHMOFsUcM8ViZ0MQVa\\image_5.jpg""]",https://www.propmarket.co.ls/properties/YXVKHMOFsUcM8ViZ0MQVa,Good,Traditional,Suburban,[],sale,5,Lesotho,Butha-Buthe,text_match,Butha Buthe District,site_land,,,train,not_residential:site_land,False,False
propmarket-m88CryXG8k0xW5dSWWbeP,propmarket,Site,"Site e pela lebala la bolo la Matukeng about 10 minutes to the clinic, about5 minutesto main road","Thepa ena ya mofuta wa site e fumaneha Matukeng, Maseru. E na le sebaka sena mme e fumaneha ka theko ya M 55,000. Tlotla ena e tshwanetse ho shejwa bakeng sa bareki ba batlang menyetla ya nnete Lesotho.",55000,LSL,Maseru,"Matukeng, Maseru",Site,0,0,"[""C:\\Users\\lepha\\Documents\\Codex\\Real Estate System\\generated\\images\\live\\propmarket\\propmarket-m88CryXG8k0xW5dSWWbeP\\image_1.jpg"", ""C:\\Users\\lepha\\Documents\\Codex\\Real Estate System\\generated\\images\\live\\propmarket\\propmarket-m88CryXG8k0xW5dSWWbeP\\image_2.jpg"", ""C:\\Users\\lepha\\Documents\\Codex\\Real Estate System\\generated\\images\\live\\propmarket\\propmarket-m88CryXG8k0xW5dSWWbeP\\image_3.jpg"", ""C:\\Users\\lepha\\Documents\\Codex\\Real Estate System\\generated\\images\\live\\propmarket\\propmarket-m88CryXG8k0xW5dSWWbeP\\image_4.jpg"", ""C:\\Users\\lepha\\Documents\\Codex\\Real Estate System\\generated\\images\\live\\propmarket\\propmarket-m88CryXG8k0xW5dSWWbeP\\image_5.jpg""]",https://www.propmarket.co.ls/properties/m88CryXG8k0xW5dSWWbeP,Good,Traditional,Suburban,"[""road access""]",sale,5,Lesotho,Maseru,text_match,Matukeng,site_land,,,val,not_residential:site_land,False,False
propmarket-PwDOUZbr8JLv22JJ4DtXu,propmarket,Site,"The site is at Ha-Teko Matebeleng, se pela metsi le motlakase and it is 638sqm at just 45k","Thepa ena ya mofuta wa site e fumaneha Teko, Maseru. E na le sebaka sena mme e fumaneha ka theko ya M 45,000. Tlotla ena e tshwanetse ho shejwa bakeng sa bareki ba batlang menyetla ya nnete Lesotho.",45000,LSL,Maseru,"Teko, Maseru",Site,0,0,"[""C:\\Users\\lepha\\Documents\\Codex\\Real Estate System\\generated\\images\\live\\propmarket\\propmarket-PwDOUZbr8JLv22JJ4DtXu\\image_1.jpg"", ""C:\\Users\\lepha\\Documents\\Codex\\Real Estate System\\generated\\images\\live\\propmarket\\propmarket-PwDOUZbr8JLv22JJ4DtXu\\image_2.jpg"", ""C:\\Users\\lepha\\Documents\\Codex\\Real Estate System\\generated\\images\\live\\propmarket\\propmarket-PwDOUZbr8JLv22JJ4DtXu\\image_3.jpg"", ""C:\\Users\\lepha\\Documents\\Codex\\Real Estate System\\generated\\images\\live\\propmarket\\propmarket-PwDOUZbr8JLv22JJ4DtXu\\image_4.jpg""]",https://www.propmarket.co.ls/properties/PwDOUZbr8JLv22JJ4DtXu,Good,Traditional,Suburban,[],sale,4,Lesotho,Maseru,text_match,Teko,site_land,,,train,not_residential:site_land,False,False
propmarket-G3UCeX817Q6FWj27vP106,propmarket,Site,"The site is 513sqm with a 2 roomed house, it is located near The Mart tlasa ha ntate Kamoli but ka sideng ea The Mart","Thepa ena ya mofuta wa house e fumaneha Ha Matala, Maseru. E na le dikamore tse 2 le dibate tse 1 mme e fumaneha ka theko ya M 190,000. Tlotla ena e tshwanetse ho shejwa bakeng sa bareki ba batlang menyetla ya nnete Lesotho.",190000,LSL,Maseru,"Ha Matala, Maseru",House,2,1,"[""C:\\Users\\lepha\\Documents\\Codex\\Real Estate System\\generated\\images\\live\\propmarket\\propmarket-G3UCeX817Q6FWj27vP106\\image_1.jpg"", ""C:\\Users\\lepha\\Documents\\Codex\\Real Estate System\\generated\\images\\live\\propmarket\\propmarket-G3UCeX817Q6FWj27vP106\\image_2.jpg"", ""C:\\Users\\lepha\\Documents\\Codex\\Real Estate System\\generated\\images\\live\\propmarket\\propmarket-G3UCeX817Q6FWj27vP106\\image_3.jpg""]",https://www.propmarket.co.ls/properties/G3UCeX817Q6FWj27vP106,Good,Traditional,Suburban,[],sale,3,Lesotho,Maseru,text_match,Ha Matala,site_land,,2,train,not_residential:site_land,False,False
propmarket-HxWkDZLJ0BgaJ2C-W4q11,propmarket,Site,"648 Square meters in Masowe 3, Water and Electricity li teng haufi haholo. \n\nLooking for a site that you can build your dream home? Do not hesitate to contact me today for a viewing.\nLease is available \n\n","Thepa ena ya mofuta wa house e fumaneha Masowe 1b Secondary School, Maseru. E na le dikamore tse 2 le dibate tse 1 mme e fumaneha ka theko ya M 250,000. Tlotla ena e tshwanetse ho shejwa bakeng sa bareki ba batlang menyetla ya nnete Lesotho.",250000,LSL,Maseru,"Masowe 1b Secondary School, Maseru",House,2,1,"[""C:\\Users\\lepha\\Documents\\Codex\\Real Estate System\\generated\\images\\live\\propmarket\\propmarket-HxWkDZLJ0BgaJ2C-W4q11\\image_1.jpg"", ""C:\\Users\\lepha\\Documents\\Codex\\Real Estate System\\generated\\images\\live\\propmarket\\propmarket-HxWkDZLJ0BgaJ2C-W4q11\\image_2.jpg"", ""C:\\Users\\lepha\\Documents\\Codex\\Real Estate System\\generated\\images\\live\\propmarket\\propmarket-HxWkDZLJ0BgaJ2C-W4q11\\image_3.jpg"", ""C:\\Users\\lepha\\Documents\\Codex\\Real Estate System\\generated\\images\\live\\propmarket\\propmarket-HxWkDZLJ0BgaJ2C-W4q11\\image_4.jpg""]",https://www.propmarket.co.ls/properties/HxWkDZLJ0BgaJ2C-W4q11,Good,Traditional,Hillside,"[""water connection"", ""electricity"", ""near schools"", ""road access""]",sale,4,Lesotho,Maseru,text_match,Masowe 1b Secondary School,site_land,,2,train,not_residential:site_land,False,False
propmarket-ql_iSXC4Uy4KYLWVTr0QL,propmarket,"6 Units, 1 Bedroom, Malaene","6 doubles\nLeased site, 1468sqm","Thepa ena ya mofuta wa site e fumaneha Qoaling, Maseru. E na le dikamore tse 1 mme e fumaneha ka theko ya M 600,000. Tlotla ena e tshwanetse ho shejwa bakeng sa bareki ba batlang menyetla ya nnete Lesotho.",600000,LSL,Maseru,"Qoaling, Maseru",Site,1,0,"[""C:\\Users\\lepha\\Documents\\Codex\\Real Estate System\\generated\\images\\live\\propmarket\\propmarket-ql_iSXC4Uy4KYLWVTr0QL\\image_1.jpg"", ""C:\\Users\\lepha\\Documents\\Codex\\Real Estate System\\generated\\images\\live\\propmarket\\propmarket-ql_iSXC4Uy4KYLWVTr0QL\\image_2.jpg"", ""C:\\Users\\lepha\\Documents\\Codex\\Real Estate System\\generated\\images\\live\\propmarket\\propmarket-ql_iSXC4Uy4KYLWVTr0QL\\image_3.jpg"", ""C:\\Users\\lepha\\Documents\\Codex\\Real Estate System\\generated\\images\\live\\propmarket\\propmarket-ql_iSXC4Uy4KYLWVTr0QL\\image_4.png""]",https://www.propmarket.co.ls/properties/ql_iSXC4Uy4KYLWVTr0QL,Good,Traditional,Suburban,[],sale,4,Lesotho,Maseru,text_match,Qoaling,site_land,,1,train,not_residential:site_land,False,False
propmarket-sdrhzPv_vZxCa8OS0OkZN,propmarket,Site,Fumana litsha Maqhaka Makola\n📌Tlasa Kereke\n✅️R42k - 32.9m by 17.9m\n✅️20m by 20m - R47k\n✅️22m by 20m - R52k\n\n📌Pela High Veld\n✅️ R36k - 22m by 20m\n✅️ R41k - 24m by 19m\n✅️ R51k - 26m by 21m\n\nC/W 5945 5829 for more details and site visits,"Thepa ena ya mofuta wa site e fumaneha Maqhaka, Berea. E na le sebaka sena mme e fumaneha ka theko ya M 36,000. Tlotla ena e tshwanetse ho shejwa bakeng sa bareki ba batlang menyetla ya nnete Lesotho.",36000,LSL,Berea,"Maqhaka, Berea",Site,0,0,"[""C:\\Users\\lepha\\Documents\\Codex\\Real Estate System\\generated\\images\\live\\propmarket\\propmarket-sdrhzPv_vZxCa8OS0OkZN\\image_1.jpg"", ""C:\\Users\\lepha\\Documents\\Codex\\Real Estate System\\generated\\images\\live\\propmarket\\propmarket-sdrhzPv_vZxCa8OS0OkZN\\image_2.jpg"", ""C:\\Users\\lepha\\Documents\\Codex\\Real Estate System\\generated\\images\\live\\propmarket\\propmarket-sdrhzPv_vZxCa8OS0OkZN\\image_3.jpg""]",https://www.propmarket.co.ls/properties/sdrhzPv_vZxCa8OS0OkZN,Good,Traditional,Suburban,[],sale,3,Lesotho,Berea,text_match,Maqhaka,site_land,,,train,not_residential:site_land,False,False
propmarket-HMzCy_iEx4DdEDNa5LpqW,propmarket,Site,Litša li teng for sale Motheo 3 moo motse o fellang\nmotlakase o haufi \n12 - 15/20 mins from main road\n20m by 20m - R50k\n22m by 20m - R52k\n23m by 20m - R53k\n23m by 21m - R55k\n25m by 22m - R57k\n26m by 22m - R65k\n26m by 25m - R70k\n\nC/W 5945 5829 for more details and site visits.,"Thepa ena ya mofuta wa site e fumaneha Maseru, Maseru. E na le sebaka sena mme e fumaneha ka theko ya M 50,000. Tlotla ena e tshwanetse ho shejwa bakeng sa bareki ba batlang menyetla ya nnete Lesotho.",50000,LSL,Maseru,"Maseru, Maseru",Site,0,0,"[""C:\\Users\\lepha\\Documents\\Codex\\Real Estate System\\generated\\images\\live\\propmarket\\propmarket-HMzCy_iEx4DdEDNa5LpqW\\image_1.jpg"", ""C:\\Users\\lepha\\Documents\\Codex\\Real Estate System\\generated\\images\\live\\propmarket\\propmarket-HMzCy_iEx4DdEDNa5LpqW\\image_2.jpg"", ""C:\\Users\\lepha\\Documents\\Codex\\Real Estate System\\generated\\images\\live\\propmarket\\propmarket-HMzCy_iEx4DdEDNa5LpqW\\image_3.jpg""]",https://www.propmarket.co.ls/properties/HMzCy_iEx4DdEDNa5LpqW,Good,Traditional,Suburban,"[""road access""]",sale,3,Lesotho,Maseru,text_match,Maseru,site_land,,,train,not_residential:site_land,False,False
propmarket-Yx4W-xVoCZDc4FQpmmPuG,propmarket,Site,"Fumana litsha tse rekisoang Ha Mosalla Sekantshing,\n20m by 20m - R17k\n21m by 20m - R18k\n22m by 20m - R19k\n23m by 20m - R20k\n30m by 16m - R21k\n40m by 17m - R23k\n\n25m by 20m - R19k\n29m by 22m - R23k \n30m by 22m - R24k\n26m by 20m - R25k\n\n24m by 20m - R28.5k\n24m by 23m - R33.5k\n\n22mby 20m - R30k (special)\n27m by 2m - R35k\n\nRena le tse ling hape Ha Makhwathi thoteng from R40k to R50k\n22m by 22m - R40k, one left\n23m by 24m - R50k, five left.\nWater closer\n10 mins from main road\n","Thepa ena ya mofuta wa site e fumaneha Ha Mosalla, Maseru. E na le sebaka sena mme e fumaneha ka theko ya M 17,000. Tlotla ena e tshwanetse ho shejwa bakeng sa bareki ba batlang menyetla ya nnete Lesotho.",17000,LSL,Maseru,"Ha Mosalla, Maseru",Site,0,0,"[""C:\\Users\\lepha\\Documents\\Codex\\Real Estate System\\generated\\images\\live\\propmarket\\propmarket-Yx4W-xVoCZDc4FQpmmPuG\\image_1.jpg"", ""C:\\Users\\lepha\\Documents\\Codex\\Real Estate System\\generated\\images\\live\\propmarket\\propmarket-Yx4W-xVoCZDc4FQpmmPuG\\image_2.jpg"", ""C:\\Users\\lepha\\Documents\\Codex\\Real Estate System\\generated\\images\\live\\propmarket\\propmarket-Yx4W-xVoCZDc4FQpmmPuG\\image_3.jpg"", ""C:\\Users\\lepha\\Documents\\Codex\\Real Estate System\\generated\\images\\live\\propmarket\\propmarket-Yx4W-xVoCZDc4FQpmmPuG\\image_4.jpg""]",https://www.propmarket.co.ls/properties/Yx4W-xVoCZDc4FQpmmPuG,Good,Traditional,Suburban,"[""water connection"", ""road access""]",sale,4,Lesotho,Maseru,text_match,Ha Mosalla,site_land,,,test,not_residential:site_land,False,False
propmarket-Jo4jKD37BIIyWohyU3Ubu,propmarket,Site,Baruting\n21m by 20m - R21k\n36m by 21m - R31k\n\nHa Ralimo (moo ho hlahelletseng le Ha Makhoathi 15-20mins drive from main road\n20m by 20m - R14k\n24m by 21m - R15k\n40m by 18m - R16k\n\nHa Ralimo \n5 - 8 mins from main road\n32m by 18m - R28k\n35m by 18m - 32k\n39m by 18m - R36k\n\n23m by 18m - R21k\n22m by 20m - R26k\n41m by 20m - R36k\n\nSehlabeng Mosenekeng\n3 - 5 mins from main road\n23m by 22m - R16k\n23m by 23m - R19k\n24m by 22m - R21k\n24m by 23m - R22k\n27m by 22m - R24k\n27m by 23m - R26k\n\nC/W 5945 5829 for more details and site visits. \n23m,"Thepa ena ya mofuta wa site e fumaneha Sehlabeng (ha Ts'oene Lipohong), Berea. E na le sebaka sena mme e fumaneha ka theko ya M 15,000. Tlotla ena e tshwanetse ho shejwa bakeng sa bareki ba batlang menyetla ya nnete Lesotho.",15000,LSL,Berea,"Sehlabeng (ha Ts'oene Lipohong), Berea",Site,0,0,"[""C:\\Users\\lepha\\Documents\\Codex\\Real Estate System\\generated\\images\\live\\propmarket\\propmarket-Jo4jKD37BIIyWohyU3Ubu\\image_1.jpg""]",https://www.propmarket.co.ls/properties/Jo4jKD37BIIyWohyU3Ubu,Good,Traditional,Suburban,"[""road access""]",sale,1,Lesotho,Berea,text_match,Sehlabeng (ha Ts'oene Lipohong),site_land,,,train,not_residential:site_land,False,False
propmarket-5qrCqzjLXFXLgrZJHKTns,propmarket,Site,We have this big site at Tshenola Motse-Mocha ..3 double rooms,"Thepa ena ya mofuta wa site e fumaneha Motse Mocha (ts'enola), Maseru. E na le sebaka sena mme e fumaneha ka theko ya M 230,000. Tlotla ena e tshwanetse ho shejwa bakeng sa bareki ba batlang menyetla ya nnete Lesotho.",230000,LSL,Maseru,"Motse Mocha (ts'enola), Maseru",Site,0,0,"[""C:\\Users\\lepha\\Documents\\Codex\\Real Estate System\\generated\\images\\live\\propmarket\\propmarket-5qrCqzjLXFXLgrZJHKTns\\image_1.jpg"", ""C:\\Users\\lepha\\Documents\\Codex\\Real Estate System\\generated\\images\\live\\propmarket\\propmarket-5qrCqzjLXFXLgrZJHKTns\\image_2.jpg"", ""C:\\Users\\lepha\\Documents\\Codex\\Real Estate System\\generated\\images\\live\\propmarket\\propmarket-5qrCqzjLXFXLgrZJHKTns\\image_3.jpg"", ""C:\\Users\\lepha\\Documents\\Codex\\Real Estate System\\generated\\images\\live\\propmarket\\propmarket-5qrCqzjLXFXLgrZJHKTns\\image_4.jpg""]",https://www.propmarket.co.ls/properties/5qrCqzjLXFXLgrZJHKTns,Good,Traditional,Suburban,[],sale,4,Lesotho,Maseru,text_match,Motse Mocha (ts'enola),site_land,,,train,not_residential:site_land,False,False
propmarket-0rTOdjf-bhLSeg5GJV8dm,propmarket,"5 Units, Malaene","We have these 5 unfinished double rooms at Lesia, Ha-Thetsane, tlasa Lesia High School, the site is 600 sqm with a lease.. at just 250k le toilet e teng..","Thepa ena ya mofuta wa site e fumaneha Ha Lesia, Maseru. E na le sebaka sena mme e fumaneha ka theko ya M 250,000. Tlotla ena e tshwanetse ho shejwa bakeng sa bareki ba batlang menyetla ya nnete Lesotho.",250000,LSL,Maseru,"Ha Lesia, Maseru",Site,0,0,"[""C:\\Users\\lepha\\Documents\\Codex\\Real Estate System\\generated\\images\\live\\propmarket\\propmarket-0rTOdjf-bhLSeg5GJV8dm\\image_1.jpg"", ""C:\\Users\\lepha\\Documents\\Codex\\Real Estate System\\generated\\images\\live\\propmarket\\propmarket-0rTOdjf-bhLSeg5GJV8dm\\image_2.jpg"", ""C:\\Users\\lepha\\Documents\\Codex\\Real Estate System\\generated\\images\\live\\propmarket\\propmarket-0rTOdjf-bhLSeg5GJV8dm\\image_3.jpg"", ""C:\\Users\\lepha\\Documents\\Codex\\Real Estate System\\generated\\images\\live\\propmarket\\propmarket-0rTOdjf-bhLSeg5GJV8dm\\image_4.jpg""]",https://www.propmarket.co.ls/properties/0rTOdjf-bhLSeg5GJV8dm,Renovation Needed,Traditional,Urban,"[""near schools""]",sale,4,Lesotho,Maseru,text_match,Ha Lesia,site_land,,,train,not_residential:site_land,False,False
propmarket-0188LutnrlZW-s-GzAeoH,propmarket,Site,The site is near Maseru Private Hospital,"Thepa ena ya mofuta wa site e fumaneha Ha Tsolo, Maseru. E na le sebaka sena mme e fumaneha ka theko ya M 1,500,000. Tlotla ena e tshwanetse ho shejwa bakeng sa bareki ba batlang menyetla ya nnete Lesotho.",1500000,LSL,Maseru,"Ha Tsolo, Maseru",Site,0,0,"[""C:\\Users\\lepha\\Documents\\Codex\\Real Estate System\\generated\\images\\live\\propmarket\\propmarket-0188LutnrlZW-s-GzAeoH\\image_1.jpg"", ""C:\\Users\\lepha\\Documents\\Codex\\Real Estate System\\generated\\images\\live\\propmarket\\propmarket-0188LutnrlZW-s-GzAeoH\\image_2.jpg"", ""C:\\Users\\lepha\\Documents\\Codex\\Real Estate System\\generated\\images\\live\\propmarket\\propmarket-0188LutnrlZW-s-GzAeoH\\image_3.jpg"", ""C:\\Users\\lepha\\Documents\\Codex\\Real Estate System\\generated\\images\\live\\propmarket\\propmarket-0188LutnrlZW-s-GzAeoH\\image_4.jpg"", ""C:\\Users\\lepha\\Documents\\Codex\\Real Estate System\\generated\\images\\live\\propmarket\\propmarket-0188LutnrlZW-s-GzAeoH\\image_5.jpg""]",https://www.propmarket.co.ls/properties/0188LutnrlZW-s-GzAeoH,Good,Traditional,Suburban,[],sale,5,Lesotho,Maseru,text_match,Ha Tsolo,site_land,,,train,not_residential:site_land,False,False
propmarket-6ChSfY21cy2p-5spQ204I,propmarket,Site,Site opposite Maseru Private Academy near Southline,"Thepa ena ya mofuta wa site e fumaneha Ha Tsolo, Maseru. E na le sebaka sena mme e fumaneha ka theko ya M 2,000,000. Tlotla ena e tshwanetse ho shejwa bakeng sa bareki ba batlang menyetla ya nnete Lesotho.",2000000,LSL,Maseru,"Ha Tsolo, Maseru",Site,0,0,"[""C:\\Users\\lepha\\Documents\\Codex\\Real Estate System\\generated\\images\\live\\propmarket\\propmarket-6ChSfY21cy2p-5spQ204I\\image_1.jpg"", ""C:\\Users\\lepha\\Documents\\Codex\\Real Estate System\\generated\\images\\live\\propmarket\\propmarket-6ChSfY21cy2p-5spQ204I\\image_2.jpg"", ""C:\\Users\\lepha\\Documents\\Codex\\Real Estate System\\generated\\images\\live\\propmarket\\propmarket-6ChSfY21cy2p-5spQ204I\\image_3.jpg"", ""C:\\Users\\lepha\\Documents\\Codex\\Real Estate System\\generated\\images\\live\\propmarket\\propmarket-6ChSfY21cy2p-5spQ204I\\image_4.jpg"", ""C:\\Users\\lepha\\Documents\\Codex\\Real Estate System\\generated\\images\\live\\propmarket\\propmarket-6ChSfY21cy2p-5spQ204I\\image_5.jpg""]",https://www.propmarket.co.ls/properties/6ChSfY21cy2p-5spQ204I,Good,Traditional,Suburban,[],sale,5,Lesotho,Maseru,text_match,Ha Tsolo,site_land,,,train,not_residential:site_land,False,False
propmarket-qnZ6-VLOzgo6LrvuzSSGn,propmarket,Site,"Site Linakotseng near Lesotho Housing Project, there is an option of paying in three months with the price of M45000","Thepa ena ya mofuta wa site e fumaneha Ha Tsolo, Maseru. E na le sebaka sena mme e fumaneha ka theko ya M 35,000. Tlotla ena e tshwanetse ho shejwa bakeng sa bareki ba batlang menyetla ya nnete Lesotho.",35000,LSL,Maseru,"Ha Tsolo, Maseru",Site,0,0,"[""C:\\Users\\lepha\\Documents\\Codex\\Real Estate System\\generated\\images\\live\\propmarket\\propmarket-qnZ6-VLOzgo6LrvuzSSGn\\image_1.jpg"", ""C:\\Users\\lepha\\Documents\\Codex\\Real Estate System\\generated\\images\\live\\propmarket\\propmarket-qnZ6-VLOzgo6LrvuzSSGn\\image_2.jpg"", ""C:\\Users\\lepha\\Documents\\Codex\\Real Estate System\\generated\\images\\live\\propmarket\\propmarket-qnZ6-VLOzgo6LrvuzSSGn\\image_3.jpg"", ""C:\\Users\\lepha\\Documents\\Codex\\Real Estate System\\generated\\images\\live\\propmarket\\propmarket-qnZ6-VLOzgo6LrvuzSSGn\\image_4.jpg"", ""C:\\Users\\lepha\\Documents\\Codex\\Real Estate System\\generated\\images\\live\\propmarket\\propmarket-qnZ6-VLOzgo6LrvuzSSGn\\image_5.png""]",https://www.propmarket.co.ls/properties/qnZ6-VLOzgo6LrvuzSSGn,Good,Traditional,Suburban,[],sale,5,Lesotho,Maseru,text_match,Ha Tsolo,site_land,,,val,not_residential:site_land,False,False
propmarket-c18KGg9RbJAL1pydd6pBr,propmarket,Site,"We have this site at Ha-Pita Ntshirele pela Phatlalla.. The site is 560sqm pela metsi le motlakase at just 60k, it has a good neighborhood.","Thepa ena ya mofuta wa site e fumaneha Ha Pita, Maseru. E na le sebaka sena mme e fumaneha ka theko ya M 60,000. Tlotla ena e tshwanetse ho shejwa bakeng sa bareki ba batlang menyetla ya nnete Lesotho.",60000,LSL,Maseru,"Ha Pita, Maseru",Site,0,0,"[""C:\\Users\\lepha\\Documents\\Codex\\Real Estate System\\generated\\images\\live\\propmarket\\propmarket-c18KGg9RbJAL1pydd6pBr\\image_1.jpg"", ""C:\\Users\\lepha\\Documents\\Codex\\Real Estate System\\generated\\images\\live\\propmarket\\propmarket-c18KGg9RbJAL1pydd6pBr\\image_2.jpg"", ""C:\\Users\\lepha\\Documents\\Codex\\Real Estate System\\generated\\images\\live\\propmarket\\propmarket-c18KGg9RbJAL1pydd6pBr\\image_3.jpg"", ""C:\\Users\\lepha\\Documents\\Codex\\Real Estate System\\generated\\images\\live\\propmarket\\propmarket-c18KGg9RbJAL1pydd6pBr\\image_4.jpg""]",https://www.propmarket.co.ls/properties/c18KGg9RbJAL1pydd6pBr,Good,Traditional,Suburban,[],sale,4,Lesotho,Maseru,text_match,Ha Pita,site_land,,,val,not_residential:site_land,False,False
propmarket-eyupxMjDNRIcyflLvTFNd,propmarket,Site,<p>Site Ha Tshiame pakeng tsa Masowe 2 le Masowe 3</p>,"Thepa ena ya mofuta wa site e fumaneha Ha Tikoe, Maseru. E na le sebaka sena mme e fumaneha ka theko ya M 80,000. Tlotla ena e tshwanetse ho shejwa bakeng sa bareki ba batlang menyetla ya nnete Lesotho.",80000,LSL,Maseru,"Ha Tikoe, Maseru",Site,0,0,"[""C:\\Users\\lepha\\Documents\\Codex\\Real Estate System\\generated\\images\\live\\propmarket\\propmarket-eyupxMjDNRIcyflLvTFNd\\image_1.jpg"", ""C:\\Users\\lepha\\Documents\\Codex\\Real Estate System\\generated\\images\\live\\propmarket\\propmarket-eyupxMjDNRIcyflLvTFNd\\image_2.jpg"", ""C:\\Users\\lepha\\Documents\\Codex\\Real Estate System\\generated\\images\\live\\propmarket\\propmarket-eyupxMjDNRIcyflLvTFNd\\image_3.jpg"", ""C:\\Users\\lepha\\Documents\\Codex\\Real Estate System\\generated\\images\\live\\propmarket\\propmarket-eyupxMjDNRIcyflLvTFNd\\image_4.jpg"", ""C:\\Users\\lepha\\Documents\\Codex\\Real Estate System\\generated\\images\\live\\propmarket\\propmarket-eyupxMjDNRIcyflLvTFNd\\image_5.jpg""]",https://www.propmarket.co.ls/properties/eyupxMjDNRIcyflLvTFNd,Good,Traditional,Suburban,[],sale,5,Lesotho,Maseru,text_match,Ha Tikoe,site_land,,,test,not_residential:site_land,False,False
propmarket-8UbkD91JM_6VVQgnpULnx,propmarket,Site,<p>Ts'imo ena e Mokhethoaneng Libuping</p>,"Thepa ena ya mofuta wa site e fumaneha Ha Majara, Maseru. E na le sebaka sena mme e fumaneha ka theko ya M 120,000. Tlotla ena e tshwanetse ho shejwa bakeng sa bareki ba batlang menyetla ya nnete Lesotho.",120000,LSL,Maseru,"Ha Majara, Maseru",Site,0,0,"[""C:\\Users\\lepha\\Documents\\Codex\\Real Estate System\\generated\\images\\live\\propmarket\\propmarket-8UbkD91JM_6VVQgnpULnx\\image_1.jpg"", ""C:\\Users\\lepha\\Documents\\Codex\\Real Estate System\\generated\\images\\live\\propmarket\\propmarket-8UbkD91JM_6VVQgnpULnx\\image_2.jpg"", ""C:\\Users\\lepha\\Documents\\Codex\\Real Estate System\\generated\\images\\live\\propmarket\\propmarket-8UbkD91JM_6VVQgnpULnx\\image_3.jpg"", ""C:\\Users\\lepha\\Documents\\Codex\\Real Estate System\\generated\\images\\live\\propmarket\\propmarket-8UbkD91JM_6VVQgnpULnx\\image_4.jpg"", ""C:\\Users\\lepha\\Documents\\Codex\\Real Estate System\\generated\\images\\live\\propmarket\\propmarket-8UbkD91JM_6VVQgnpULnx\\image_5.png""]",https://www.propmarket.co.ls/properties/8UbkD91JM_6VVQgnpULnx,Good,Traditional,Suburban,[],sale,5,Lesotho,Maseru,text_match,Ha Majara,site_land,,,train,not_residential:site_land,False,False
propmarket-E4N0towfYF4KFHPNuqXQB,propmarket,Site,<p>We have this very big site in Linakotseng Maseru..it is a 5800 sqm.</p>,"Thepa ena ya mofuta wa site e fumaneha Linakotseng, Maseru. E na le sebaka sena mme e fumaneha ka theko ya M 280,000. Tlotla ena e tshwanetse ho shejwa bakeng sa bareki ba batlang menyetla ya nnete Lesotho.",280000,LSL,Maseru,"Linakotseng, Maseru",Site,0,0,"[""C:\\Users\\lepha\\Documents\\Codex\\Real Estate System\\generated\\images\\live\\propmarket\\propmarket-E4N0towfYF4KFHPNuqXQB\\image_1.jpg"", ""C:\\Users\\lepha\\Documents\\Codex\\Real Estate System\\generated\\images\\live\\propmarket\\propmarket-E4N0towfYF4KFHPNuqXQB\\image_2.jpg"", ""C:\\Users\\lepha\\Documents\\Codex\\Real Estate System\\generated\\images\\live\\propmarket\\propmarket-E4N0towfYF4KFHPNuqXQB\\image_3.jpg"", ""C:\\Users\\lepha\\Documents\\Codex\\Real Estate System\\generated\\images\\live\\propmarket\\propmarket-E4N0towfYF4KFHPNuqXQB\\image_4.jpg""]",https://www.propmarket.co.ls/properties/E4N0towfYF4KFHPNuqXQB,Good,Traditional,Suburban,[],sale,4,Lesotho,Maseru,text_match,Linakotseng,site_land,,,train,not_residential:site_land,False,False
propmarket-hCPDxP403-hDVKphWcEOa,propmarket,Site,"<p>We have this beautiful site at Ha-Matala pela Lekhotleng at 350k, 640 sqm in size..The lease is available.. </p>","Thepa ena ya mofuta wa site e fumaneha Ha Matala, Maseru. E na le sebaka sena mme e fumaneha ka theko ya M 350,000. Tlotla ena e tshwanetse ho shejwa bakeng sa bareki ba batlang menyetla ya nnete Lesotho.",350000,LSL,Maseru,"Ha Matala, Maseru",Site,0,0,"[""C:\\Users\\lepha\\Documents\\Codex\\Real Estate System\\generated\\images\\live\\propmarket\\propmarket-hCPDxP403-hDVKphWcEOa\\image_1.jpg"", ""C:\\Users\\lepha\\Documents\\Codex\\Real Estate System\\generated\\images\\live\\propmarket\\propmarket-hCPDxP403-hDVKphWcEOa\\image_2.jpg"", ""C:\\Users\\lepha\\Documents\\Codex\\Real Estate System\\generated\\images\\live\\propmarket\\propmarket-hCPDxP403-hDVKphWcEOa\\image_3.jpg"", ""C:\\Users\\lepha\\Documents\\Codex\\Real Estate System\\generated\\images\\live\\propmarket\\propmarket-hCPDxP403-hDVKphWcEOa\\image_4.jpg""]",https://www.propmarket.co.ls/properties/hCPDxP403-hDVKphWcEOa,Good,Traditional,Suburban,[],sale,4,Lesotho,Maseru,text_match,Ha Matala,site_land,,,train,not_residential:site_land,False,False
propmarket-V-eQx510BlSdIgyH-L0Yq,propmarket,Site,<p>Site ena e tlasa NHTC ena le ntlo ea 2 room ea lejoe le lerako ka setene </p>,"Thepa ena ya mofuta wa site e fumaneha Mosikong / Lepereng (ts'enola), Maseru. E na le sebaka sena mme e fumaneha ka theko ya M 70,000. Tlotla ena e tshwanetse ho shejwa bakeng sa bareki ba batlang menyetla ya nnete Lesotho.",70000,LSL,Maseru,"Mosikong / Lepereng (ts'enola), Maseru",Site,0,0,"[""C:\\Users\\lepha\\Documents\\Codex\\Real Estate System\\generated\\images\\live\\propmarket\\propmarket-V-eQx510BlSdIgyH-L0Yq\\image_1.jpg"", ""C:\\Users\\lepha\\Documents\\Codex\\Real Estate System\\generated\\images\\live\\propmarket\\propmarket-V-eQx510BlSdIgyH-L0Yq\\image_2.jpg"", ""C:\\Users\\lepha\\Documents\\Codex\\Real Estate System\\generated\\images\\live\\propmarket\\propmarket-V-eQx510BlSdIgyH-L0Yq\\image_3.jpg"", ""C:\\Users\\lepha\\Documents\\Codex\\Real Estate System\\generated\\images\\live\\propmarket\\propmarket-V-eQx510BlSdIgyH-L0Yq\\image_4.jpg"", ""C:\\Users\\lepha\\Documents\\Codex\\Real Estate System\\generated\\images\\live\\propmarket\\propmarket-V-eQx510BlSdIgyH-L0Yq\\image_5.jpg""]",https://www.propmarket.co.ls/properties/V-eQx510BlSdIgyH-L0Yq,Good,Traditional,Suburban,[],sale,5,Lesotho,Maseru,text_match,Mosikong / Lepereng (ts'enola),site_land,,,train,not_residential:site_land,False,False
propmarket-GhWFPgYytJEJAsrpaxrR9,propmarket,Site,"<p>We have this site at Lipelaneng Botha-Bothe, it is a 24*20 sqm site at just 30k.. It is a sub-divided site..the origional site has a form C2.</p>","Thepa ena ya mofuta wa site e fumaneha Lipelaneng, Butha Buthe. E na le sebaka sena mme e fumaneha ka theko ya M 35,000. Tlotla ena e tshwanetse ho shejwa bakeng sa bareki ba batlang menyetla ya nnete Lesotho.",35000,LSL,Butha Buthe,"Lipelaneng, Butha Buthe",Site,0,0,"[""C:\\Users\\lepha\\Documents\\Codex\\Real Estate System\\generated\\images\\live\\propmarket\\propmarket-GhWFPgYytJEJAsrpaxrR9\\image_1.jpg"", ""C:\\Users\\lepha\\Documents\\Codex\\Real Estate System\\generated\\images\\live\\propmarket\\propmarket-GhWFPgYytJEJAsrpaxrR9\\image_2.png""]",https://www.propmarket.co.ls/properties/GhWFPgYytJEJAsrpaxrR9,Good,Traditional,Suburban,[],sale,2,Lesotho,Butha-Buthe,text_match,Lipelaneng,site_land,,,train,not_residential:site_land,False,False
propmarket-N4Ts_AJ1GcMR0tlxlBUt4,propmarket,Site,<p>We have this site at Sea-Point Maseru at just 900k..It ia a 1000sqm site.</p>,"Thepa ena ya mofuta wa site e fumaneha Sea Point, Maseru. E na le sebaka sena mme e fumaneha ka theko ya M 950,000. Tlotla ena e tshwanetse ho shejwa bakeng sa bareki ba batlang menyetla ya nnete Lesotho.",950000,LSL,Maseru,"Sea Point, Maseru",Site,0,0,"[""C:\\Users\\lepha\\Documents\\Codex\\Real Estate System\\generated\\images\\live\\propmarket\\propmarket-N4Ts_AJ1GcMR0tlxlBUt4\\image_1.jpg"", ""C:\\Users\\lepha\\Documents\\Codex\\Real Estate System\\generated\\images\\live\\propmarket\\propmarket-N4Ts_AJ1GcMR0tlxlBUt4\\image_2.jpg""]",https://www.propmarket.co.ls/properties/N4Ts_AJ1GcMR0tlxlBUt4,Good,Traditional,Suburban,[],sale,2,Lesotho,Maseru,text_match,Sea Point,site_land,,,train,not_residential:site_land,False,False
propmarket-wmw4pWtyUFyxDl1649sUh,propmarket,Site,<p>🏳SITE FOR SALE KOLONYAMA </p><p>📍Pela Emanuel English Medium </p><p>●2minutes to tar road </p><p>●Electricity and Water Available </p><p>●900 sqm</p><p>●Developed (lerako la 3 room)</p><p>●Form C</p><p>💰90k </p><p></p>,"Thepa ena ya mofuta wa site e fumaneha Kolonyama, Leribe. E na le sebaka sena mme e fumaneha ka theko ya M 90,000. Tlotla ena e tshwanetse ho shejwa bakeng sa bareki ba batlang menyetla ya nnete Lesotho.",90000,LSL,Leribe,"Kolonyama, Leribe",Site,0,0,"[""C:\\Users\\lepha\\Documents\\Codex\\Real Estate System\\generated\\images\\live\\propmarket\\propmarket-wmw4pWtyUFyxDl1649sUh\\image_1.jpg"", ""C:\\Users\\lepha\\Documents\\Codex\\Real Estate System\\generated\\images\\live\\propmarket\\propmarket-wmw4pWtyUFyxDl1649sUh\\image_2.jpg"", ""C:\\Users\\lepha\\Documents\\Codex\\Real Estate System\\generated\\images\\live\\propmarket\\propmarket-wmw4pWtyUFyxDl1649sUh\\image_3.png""]",https://www.propmarket.co.ls/properties/wmw4pWtyUFyxDl1649sUh,Good,Traditional,Urban,"[""water connection"", ""electricity"", ""road access"", ""tar road""]",sale,3,Lesotho,Leribe,text_match,Kolonyama,site_land,,,train,not_residential:site_land,False,False
propmarket-cwPCp7ogNzR_vRmgUunOc,propmarket,Site,"<p>A good Site Available for sale , situated in Ha Mabote , Near Mabote Police station. From site to the road. It is 800sqm amounting to 350k. For further inquiries and viewing please contact me here please +266 59107030</p>","Thepa ena ya mofuta wa site e fumaneha Mabote, Berea. E na le sebaka sena mme e fumaneha ka theko ya M 350,000. Tlotla ena e tshwanetse ho shejwa bakeng sa bareki ba batlang menyetla ya nnete Lesotho.",350000,LSL,Berea,"Mabote, Berea",Site,0,0,"[""C:\\Users\\lepha\\Documents\\Codex\\Real Estate System\\generated\\images\\live\\propmarket\\propmarket-cwPCp7ogNzR_vRmgUunOc\\image_1.jpg"", ""C:\\Users\\lepha\\Documents\\Codex\\Real Estate System\\generated\\images\\live\\propmarket\\propmarket-cwPCp7ogNzR_vRmgUunOc\\image_2.jpg"", ""C:\\Users\\lepha\\Documents\\Codex\\Real Estate System\\generated\\images\\live\\propmarket\\propmarket-cwPCp7ogNzR_vRmgUunOc\\image_3.png""]",https://www.propmarket.co.ls/properties/cwPCp7ogNzR_vRmgUunOc,Good,Traditional,Hillside,"[""road access""]",sale,3,Lesotho,Berea,text_match,Mabote,site_land,,,train,not_residential:site_land,False,False
propmarket-iLxt6RazP-ERv25YCuPtc,propmarket,Site,<p>Ts'imo ena e Ha Makhomo ha u qeta ho feta khorong tseleng e eang Metolong</p>,"Thepa ena ya mofuta wa site e fumaneha Metolong Ha Makotoko, Maseru. E na le sebaka sena mme e fumaneha ka theko ya M 100,000. Tlotla ena e tshwanetse ho shejwa bakeng sa bareki ba batlang menyetla ya nnete Lesotho.",100000,LSL,Maseru,"Metolong Ha Makotoko, Maseru",Site,0,0,"[""C:\\Users\\lepha\\Documents\\Codex\\Real Estate System\\generated\\images\\live\\propmarket\\propmarket-iLxt6RazP-ERv25YCuPtc\\image_1.jpg"", ""C:\\Users\\lepha\\Documents\\Codex\\Real Estate System\\generated\\images\\live\\propmarket\\propmarket-iLxt6RazP-ERv25YCuPtc\\image_2.jpg"", ""C:\\Users\\lepha\\Documents\\Codex\\Real Estate System\\generated\\images\\live\\propmarket\\propmarket-iLxt6RazP-ERv25YCuPtc\\image_3.png""]",https://www.propmarket.co.ls/properties/iLxt6RazP-ERv25YCuPtc,Good,Traditional,Suburban,[],sale,3,Lesotho,Maseru,text_match,Metolong Ha Makotoko,site_land,,,train,not_residential:site_land,False,False
propmarket-N7iOScs5tKKdgvqG0rt5O,propmarket,Site,"<p>Site e ntle haholo Berea tlasa Boipabolo Junior School,pela Fun City</p><p>Good neighborhood ho pela tsela</p>","Thepa ena ya mofuta wa site e fumaneha Ha Foso, Berea. E na le sebaka sena mme e fumaneha ka theko ya M 150,000. Tlotla ena e tshwanetse ho shejwa bakeng sa bareki ba batlang menyetla ya nnete Lesotho.",150000,LSL,Berea,"Ha Foso, Berea",Site,0,0,"[""C:\\Users\\lepha\\Documents\\Codex\\Real Estate System\\generated\\images\\live\\propmarket\\propmarket-N7iOScs5tKKdgvqG0rt5O\\image_1.jpg"", ""C:\\Users\\lepha\\Documents\\Codex\\Real Estate System\\generated\\images\\live\\propmarket\\propmarket-N7iOScs5tKKdgvqG0rt5O\\image_2.jpg"", ""C:\\Users\\lepha\\Documents\\Codex\\Real Estate System\\generated\\images\\live\\propmarket\\propmarket-N7iOScs5tKKdgvqG0rt5O\\image_3.jpg"", ""C:\\Users\\lepha\\Documents\\Codex\\Real Estate System\\generated\\images\\live\\propmarket\\propmarket-N7iOScs5tKKdgvqG0rt5O\\image_4.jpg"", ""C:\\Users\\lepha\\Documents\\Codex\\Real Estate System\\generated\\images\\live\\propmarket\\propmarket-N7iOScs5tKKdgvqG0rt5O\\image_5.jpg""]",https://www.propmarket.co.ls/properties/N7iOScs5tKKdgvqG0rt5O,Good,Traditional,Urban,"[""near schools""]",sale,5,Lesotho,Berea,text_match,Ha Foso,site_land,,,val,not_residential:site_land,False,False
propmarket-xkCHh2gN6TfQL3222_qPm,propmarket,Site,"<p>We have a site at Sekamaneng - Ha Phesha, o kena le Ikhetheleng</p><p>It is 30m by 15m. It has a sub-lease</p><p></p>","Thepa ena ya mofuta wa site e fumaneha Sekamaneng, Berea. E na le sebaka sena mme e fumaneha ka theko ya M 64,000. Tlotla ena e tshwanetse ho shejwa bakeng sa bareki ba batlang menyetla ya nnete Lesotho.",64000,LSL,Berea,"Sekamaneng, Berea",Site,0,0,"[""C:\\Users\\lepha\\Documents\\Codex\\Real Estate System\\generated\\images\\live\\propmarket\\propmarket-xkCHh2gN6TfQL3222_qPm\\image_1.jpg"", ""C:\\Users\\lepha\\Documents\\Codex\\Real Estate System\\generated\\images\\live\\propmarket\\propmarket-xkCHh2gN6TfQL3222_qPm\\image_2.png""]",https://www.propmarket.co.ls/properties/xkCHh2gN6TfQL3222_qPm,Good,Traditional,Suburban,[],sale,2,Lesotho,Berea,text_match,Sekamaneng,site_land,,,test,not_residential:site_land,False,False
propmarket-LIpWGyByIhDXWojf-h2Bx,propmarket,Site,<p>Ts'imo ena e motseng oa Sehlabeng Ha Rammoroane</p><p>Ke ts'imo e ntle haholo bakeng sa temo ho bile hona le borehole sebakeng sa metsi</p>,"Thepa ena ya mofuta wa site e fumaneha Sehlabeng (ha Ts'oene Lipohong), Berea. E na le sebaka sena mme e fumaneha ka theko ya M 400,000. Tlotla ena e tshwanetse ho shejwa bakeng sa bareki ba batlang menyetla ya nnete Lesotho.",400000,LSL,Berea,"Sehlabeng (ha Ts'oene Lipohong), Berea",Site,0,0,"[""C:\\Users\\lepha\\Documents\\Codex\\Real Estate System\\generated\\images\\live\\propmarket\\propmarket-LIpWGyByIhDXWojf-h2Bx\\image_1.jpg"", ""C:\\Users\\lepha\\Documents\\Codex\\Real Estate System\\generated\\images\\live\\propmarket\\propmarket-LIpWGyByIhDXWojf-h2Bx\\image_2.jpg"", ""C:\\Users\\lepha\\Documents\\Codex\\Real Estate System\\generated\\images\\live\\propmarket\\propmarket-LIpWGyByIhDXWojf-h2Bx\\image_3.jpg"", ""C:\\Users\\lepha\\Documents\\Codex\\Real Estate System\\generated\\images\\live\\propmarket\\propmarket-LIpWGyByIhDXWojf-h2Bx\\image_4.jpg"", ""C:\\Users\\lepha\\Documents\\Codex\\Real Estate System\\generated\\images\\live\\propmarket\\propmarket-LIpWGyByIhDXWojf-h2Bx\\image_5.jpg""]",https://www.propmarket.co.ls/properties/LIpWGyByIhDXWojf-h2Bx,Good,Traditional,Suburban,[],sale,5,Lesotho,Berea,text_match,Sehlabeng (ha Ts'oene Lipohong),site_land,,,train,not_residential:site_land,False,False
propmarket-P3O_3OB5htpSPSp-KYln4,propmarket,Site,"<p>This site is at Makola Sekiring, just 5 minutes from the road.. It is a 1400 sqm site.. Ena le mocucu hosontso na le motlakase, le double storey foundation.. 170k fela</p>","Thepa ena ya mofuta wa site e fumaneha Makola. E na le sebaka sena mme e fumaneha ka theko ya M 170,000. Tlotla ena e tshwanetse ho shejwa bakeng sa bareki ba batlang menyetla ya nnete Lesotho.",170000,LSL,Makola,Makola,Site,0,0,"[""C:\\Users\\lepha\\Documents\\Codex\\Real Estate System\\generated\\images\\live\\propmarket\\propmarket-P3O_3OB5htpSPSp-KYln4\\image_1.jpg"", ""C:\\Users\\lepha\\Documents\\Codex\\Real Estate System\\generated\\images\\live\\propmarket\\propmarket-P3O_3OB5htpSPSp-KYln4\\image_2.jpg"", ""C:\\Users\\lepha\\Documents\\Codex\\Real Estate System\\generated\\images\\live\\propmarket\\propmarket-P3O_3OB5htpSPSp-KYln4\\image_3.jpg"", ""C:\\Users\\lepha\\Documents\\Codex\\Real Estate System\\generated\\images\\live\\propmarket\\propmarket-P3O_3OB5htpSPSp-KYln4\\image_4.jpg""]",https://www.propmarket.co.ls/properties/P3O_3OB5htpSPSp-KYln4,Good,Traditional,Suburban,"[""road access""]",sale,4,Lesotho,Unknown,unresolved,Makola,site_land,,,val,not_residential:site_land|unknown_district,False,False
propmarket-N9qhwmjm2f8zgFpbbPvwF,propmarket,Site,"<p>Leased site available Lower Thetsane Maseru Lesotho, 980sqm, ena le malaene a li single kahare, 1.3million </p>","Thepa ena ya mofuta wa site e fumaneha Lower Thetsane, Maseru. E na le sebaka sena mme e fumaneha ka theko ya M 1,300,000. Tlotla ena e tshwanetse ho shejwa bakeng sa bareki ba batlang menyetla ya nnete Lesotho.",1300000,LSL,Maseru,"Lower Thetsane, Maseru",Site,0,0,"[""C:\\Users\\lepha\\Documents\\Codex\\Real Estate System\\generated\\images\\live\\propmarket\\propmarket-N9qhwmjm2f8zgFpbbPvwF\\image_1.jpg"", ""C:\\Users\\lepha\\Documents\\Codex\\Real Estate System\\generated\\images\\live\\propmarket\\propmarket-N9qhwmjm2f8zgFpbbPvwF\\image_2.jpg"", ""C:\\Users\\lepha\\Documents\\Codex\\Real Estate System\\generated\\images\\live\\propmarket\\propmarket-N9qhwmjm2f8zgFpbbPvwF\\image_3.jpg"", ""C:\\Users\\lepha\\Documents\\Codex\\Real Estate System\\generated\\images\\live\\propmarket\\propmarket-N9qhwmjm2f8zgFpbbPvwF\\image_4.png""]",https://www.propmarket.co.ls/properties/N9qhwmjm2f8zgFpbbPvwF,Good,Traditional,Suburban,[],sale,4,Lesotho,Maseru,text_match,Lower Thetsane,site_land,,,train,not_residential:site_land,False,False
propmarket-KJ9uk3zckqCNH6KnxW2x4,propmarket,Site,"<p>We have this site at Ha Motloheloa, ena le ntlo, hau kena ka double door u tla fumana 4 rooms, all rooms li kentsoe ceiling and burglars. Ho boetse hona le 2 rooms aside and pit lartine toilet..hona le lifate tsa perekisi..Le mocucu oa likhoho le shadenet e nyane ho lemela meroho, ho jaretetsoe ka devil's fork..Metsi le motlakase li teng.</p>","Thepa ena ya mofuta wa site e fumaneha Ha Motloheloa, Maseru. E na le sebaka sena mme e fumaneha ka theko ya M 1,200,000. Tlotla ena e tshwanetse ho shejwa bakeng sa bareki ba batlang menyetla ya nnete Lesotho.",1200000,LSL,Maseru,"Ha Motloheloa, Maseru",Site,0,0,"[""C:\\Users\\lepha\\Documents\\Codex\\Real Estate System\\generated\\images\\live\\propmarket\\propmarket-KJ9uk3zckqCNH6KnxW2x4\\image_1.jpg"", ""C:\\Users\\lepha\\Documents\\Codex\\Real Estate System\\generated\\images\\live\\propmarket\\propmarket-KJ9uk3zckqCNH6KnxW2x4\\image_2.jpg"", ""C:\\Users\\lepha\\Documents\\Codex\\Real Estate System\\generated\\images\\live\\propmarket\\propmarket-KJ9uk3zckqCNH6KnxW2x4\\image_3.jpg"", ""C:\\Users\\lepha\\Documents\\Codex\\Real Estate System\\generated\\images\\live\\propmarket\\propmarket-KJ9uk3zckqCNH6KnxW2x4\\image_4.jpg""]",https://www.propmarket.co.ls/properties/KJ9uk3zckqCNH6KnxW2x4,Good,Traditional,Suburban,[],sale,4,Lesotho,Maseru,text_match,Ha Motloheloa,site_land,,,test,not_residential:site_land,False,False
propmarket-YRm5xyU8UJ0lw8vKz3LSx,propmarket,Site,<p>We have this beautiful 800 sqm site at Sehlabeng Ha Thuntsane</p>,"Thepa ena ya mofuta wa site e fumaneha Sehlabeng Ha Thuntsane. E na le sebaka sena mme e fumaneha ka theko ya M 60,000. Tlotla ena e tshwanetse ho shejwa bakeng sa bareki ba batlang menyetla ya nnete Lesotho.",60000,LSL,Sehlabeng Ha Thuntsane,Sehlabeng Ha Thuntsane,Site,0,0,"[""C:\\Users\\lepha\\Documents\\Codex\\Real Estate System\\generated\\images\\live\\propmarket\\propmarket-YRm5xyU8UJ0lw8vKz3LSx\\image_1.jpg"", ""C:\\Users\\lepha\\Documents\\Codex\\Real Estate System\\generated\\images\\live\\propmarket\\propmarket-YRm5xyU8UJ0lw8vKz3LSx\\image_2.jpg"", ""C:\\Users\\lepha\\Documents\\Codex\\Real Estate System\\generated\\images\\live\\propmarket\\propmarket-YRm5xyU8UJ0lw8vKz3LSx\\image_3.jpg""]",https://www.propmarket.co.ls/properties/YRm5xyU8UJ0lw8vKz3LSx,Good,Traditional,Suburban,[],sale,3,Lesotho,Unknown,unresolved,Sehlabeng Ha Thuntsane,site_land,,,val,not_residential:site_land|unknown_district,False,False
propmarket-Nvyl2umKTbWZ79Ii9X9aS,propmarket,Site,Site Available for sale \n📍Masowe 3\n2minutes to tar \nSize: 663sqm\n💰350k \n,"Thepa ena ya mofuta wa site e fumaneha Masowe 2. E na le sebaka sena mme e fumaneha ka theko ya M 350,000. Tlotla ena e tshwanetse ho shejwa bakeng sa bareki ba batlang menyetla ya nnete Lesotho.",350000,LSL,Masowe 2,Masowe 2,Site,0,0,"[""C:\\Users\\lepha\\Documents\\Codex\\Real Estate System\\generated\\images\\live\\propmarket\\propmarket-Nvyl2umKTbWZ79Ii9X9aS\\image_1.jpg"", ""C:\\Users\\lepha\\Documents\\Codex\\Real Estate System\\generated\\images\\live\\propmarket\\propmarket-Nvyl2umKTbWZ79Ii9X9aS\\image_2.jpg"", ""C:\\Users\\lepha\\Documents\\Codex\\Real Estate System\\generated\\images\\live\\propmarket\\propmarket-Nvyl2umKTbWZ79Ii9X9aS\\image_3.jpg"", ""C:\\Users\\lepha\\Documents\\Codex\\Real Estate System\\generated\\images\\live\\propmarket\\propmarket-Nvyl2umKTbWZ79Ii9X9aS\\image_4.png""]",https://www.propmarket.co.ls/properties/Nvyl2umKTbWZ79Ii9X9aS,Good,Traditional,Suburban,"[""tar road""]",sale,4,Lesotho,Maseru,locality_match,Masowe 2,site_land,,,train,not_residential:site_land,False,False
propmarket-FIhsOH0h3eeTeixTqU7tC,propmarket,Site,Site for sale at Thaba Khupa - Ha Makhalanyane. It is size - 20m by 30m and it has Form C. Two minutes walk from tar road. Electricity is available. Water is available,"Thepa ena ya mofuta wa site e fumaneha Thaba-khupa, Maseru. E na le sebaka sena mme e fumaneha ka theko ya M 75,000. Tlotla ena e tshwanetse ho shejwa bakeng sa bareki ba batlang menyetla ya nnete Lesotho.",75000,LSL,Maseru,"Thaba-khupa, Maseru",Site,0,0,"[""C:\\Users\\lepha\\Documents\\Codex\\Real Estate System\\generated\\images\\live\\propmarket\\propmarket-FIhsOH0h3eeTeixTqU7tC\\image_1.jpg"", ""C:\\Users\\lepha\\Documents\\Codex\\Real Estate System\\generated\\images\\live\\propmarket\\propmarket-FIhsOH0h3eeTeixTqU7tC\\image_2.png""]",https://www.propmarket.co.ls/properties/FIhsOH0h3eeTeixTqU7tC,Good,Traditional,Urban,"[""water connection"", ""electricity"", ""road access"", ""tar road""]",sale,2,Lesotho,Maseru,text_match,Thaba-khupa,site_land,,,test,not_residential:site_land,False,False
lhldc-friebel-estate,lesothohousing,Friebel Estate,The estate is located in Maseru city center on Hilton hill near the new Parliament. It was developed in 1978.It offers a high-income housing. The estate comprises of 50 x 3 bed roomed town houses.,"Thepa ena ya mofuta wa site e fumaneha Maseru city center on Hilton hill near the new Parliament, Maseru State/county: Lesotho, Maseru. E na le sebaka sena mme e fumaneha ka theko ya M 1,978. Tlotla ena e tshwanetse ho shejwa bakeng sa bareki ba batlang menyetla ya nnete Lesotho.",1978,LSL,Maseru,"Maseru city center on Hilton hill near the new Parliament, Maseru State/county: Lesotho, Maseru",Site,0,0,"[""C:\\Users\\lepha\\Documents\\Codex\\Real Estate System\\generated\\images\\live\\lesothohousing\\lhldc-friebel-estate\\image_1.jpg""]",https://lesothohousing.org.ls/property/friebel-estate/,New,Traditional,Hillside,[],other,1,Lesotho,Maseru,text_match,Maseru city center on Hilton hill near the new Parliament,site_land,,,train,not_residential:site_land|unsupported_listing_intent,False,False
lhldc-qoqolosing-estate,lesothohousing,Qoqolosing Estate,"The estate is located in Maseru West, opposite WASCO Headquarters. It was developed in 1976.It offers a mixture of middle and high-income housing. The estate comprises of 6 x 2 bed roomed units, 6 x 3 bed roomed, a total of 12 units.","Thepa ena ya mofuta wa site e fumaneha Maseru West, opposite WASCO Headquarters, Maseru State/county: Lesotho, Maseru West, Maseru. E na le sebaka sena mme e fumaneha ka theko ya M 1,976. Tlotla ena e tshwanetse ho shejwa bakeng sa bareki ba batlang menyetla ya nnete Lesotho.",1976,LSL,Maseru,"Maseru West, opposite WASCO Headquarters, Maseru State/county: Lesotho, Maseru West, Maseru",Site,0,0,"[""C:\\Users\\lepha\\Documents\\Codex\\Real Estate System\\generated\\images\\live\\lesothohousing\\lhldc-qoqolosing-estate\\image_1.jpg""]",https://lesothohousing.org.ls/property/qoqolosing-estate/,Good,Traditional,Suburban,[],other,1,Lesotho,Maseru,text_match,Maseru West,site_land,,,train,not_residential:site_land|unsupported_listing_intent,False,False
lhldc-kuena-letsie-estates,lesothohousing,Kuena-Letsie Estates,"The estates are located in Maseru city, along Constitution road next to Victoria Hotel. It was developed in 1979.It offers a mixture of middle and high-income housing. The estates comprise of 27 x 1 bed room units, 42 x 2 bed roomed units and 10 x single bed sitters, a total of 79 units.","Thepa ena ya mofuta wa site e fumaneha Maseru city, along Constitution road next to Victoria Hotel, Maseru State/county: Lesotho, Maseru City, Maseru. E na le sebaka sena mme e fumaneha ka theko ya M 1,979. Tlotla ena e tshwanetse ho shejwa bakeng sa bareki ba batlang menyetla ya nnete Lesotho.",1979,LSL,Maseru,"Maseru city, along Constitution road next to Victoria Hotel, Maseru State/county: Lesotho, Maseru City, Maseru",Site,0,0,"[""C:\\Users\\lepha\\Documents\\Codex\\Real Estate System\\generated\\images\\live\\lesothohousing\\lhldc-kuena-letsie-estates\\image_1.jpg""]",https://lesothohousing.org.ls/property/kuena-letsie-estates/,Good,Traditional,Urban,"[""road access""]",other,1,Lesotho,Maseru,text_match,Maseru city,site_land,,,train,not_residential:site_land|unsupported_listing_intent,False,False
lhldc-leseli-estate,lesothohousing,Leseli Estate,"The estate is located at Hillsview, in Maseru city. It was developed in 1989.It offers a mixture of middle and high-income housing. The estate comprises of 26 x 3 bed roomed town houses.","Thepa ena ya mofuta wa site e fumaneha Hillsview Maseru, Maseru State/county: Lesotho, Hillsview Maseru, Maseru. E na le sebaka sena mme e fumaneha ka theko ya M 1,989. Tlotla ena e tshwanetse ho shejwa bakeng sa bareki ba batlang menyetla ya nnete Lesotho.",1989,LSL,Maseru,"Hillsview Maseru, Maseru State/county: Lesotho, Hillsview Maseru, Maseru",Site,0,0,"[""C:\\Users\\lepha\\Documents\\Codex\\Real Estate System\\generated\\images\\live\\lesothohousing\\lhldc-leseli-estate\\image_1.jpg""]",https://lesothohousing.org.ls/property/leseli-estate/,Good,Traditional,Hillside,[],other,1,Lesotho,Maseru,text_match,Hillsview Maseru,site_land,,,test,not_residential:site_land|unsupported_listing_intent,False,False
lhldc-ramokhele-lehcorp,lesothohousing,Ramokhele: LEHCORP,"The project is located at ha Ramokhele, in Mafeteng town on the main road to Thabana Morena. It was developed in 1987.It offers low-income housing. The project comprises of 125 houses. Services available are gravel roads","Thepa ena ya mofuta wa site e fumaneha Ha Ramokhele, in Mafeteng town on the main road to Thabana Morena, Mafeteng State/county: Lesotho, Ramokhele: LEHCORP, Mafeteng. E na le sebaka sena mme e fumaneha ka theko ya M 1,987. Tlotla ena e tshwanetse ho shejwa bakeng sa bareki ba batlang menyetla ya nnete Lesotho.",1987,LSL,Mafeteng,"Ha Ramokhele, in Mafeteng town on the main road to Thabana Morena, Mafeteng State/county: Lesotho, Ramokhele: LEHCORP, Mafeteng",Site,0,0,"[""C:\\Users\\lepha\\Documents\\Codex\\Real Estate System\\generated\\images\\live\\lesothohousing\\lhldc-ramokhele-lehcorp\\image_1.jpg""]",https://lesothohousing.org.ls/property/ramokhele-lehcorp/,Good,Traditional,Urban,"[""road access""]",other,1,Lesotho,Mafeteng,text_match,Ha Ramokhele,site_land,,,test,not_residential:site_land|unsupported_listing_intent,False,False
lhldc-maputsoe-lehcorp,lesothohousing,Maputsoe: LEHCORP,"The project is located at Khubetsoana, Ha Nyenye. It was developed in 1981.It offers low-income housing. The project comprises of 396 houses. Services available are water and gravel roads.","Thepa ena ya mofuta wa site e fumaneha Khubetsoana, Ha Nyenye, Maputsoe State/county: Leribe, Maputsoe: LEHCORP, Maputsoe. E na le sebaka sena mme e fumaneha ka theko ya M 1,981. Tlotla ena e tshwanetse ho shejwa bakeng sa bareki ba batlang menyetla ya nnete Lesotho.",1981,LSL,Leribe,"Khubetsoana, Ha Nyenye, Maputsoe State/county: Leribe, Maputsoe: LEHCORP, Maputsoe",Site,0,0,"[""C:\\Users\\lepha\\Documents\\Codex\\Real Estate System\\generated\\images\\live\\lesothohousing\\lhldc-maputsoe-lehcorp\\image_1.jpg""]",https://lesothohousing.org.ls/property/maputsoe-lehcorp/,Good,Traditional,Suburban,"[""water connection"", ""road access""]",other,1,Lesotho,Leribe,text_match,Khubetsoana,site_land,,,train,not_residential:site_land|unsupported_listing_intent,False,False
lhldc-phomolong,lesothohousing,Phomolong,The project is located in Thaba Tseka town near Pitso house. It was developed in 2018. It offers a mixture of low and middle-income sites averaging between 600 sqm – 1000 sqm. The project comprises of 412 sites. The sites are surveyed.,"Thepa ena ya mofuta wa site e fumaneha Thaba Tseka town near Pitso house, Thaba- Tseka State/county: Thaba-Tseka, Phomolong, Thaba- Tseka. E na le sebaka sena mme e fumaneha ka theko ya M 2,018. Tlotla ena e tshwanetse ho shejwa bakeng sa bareki ba batlang menyetla ya nnete Lesotho.",2018,LSL,Thaba-Tseka,"Thaba Tseka town near Pitso house, Thaba- Tseka State/county: Thaba-Tseka, Phomolong, Thaba- Tseka",Site,0,0,"[""C:\\Users\\lepha\\Documents\\Codex\\Real Estate System\\generated\\images\\live\\lesothohousing\\lhldc-phomolong\\image_1.jpg""]",https://lesothohousing.org.ls/property/phomolong/,Good,Traditional,Urban,[],other,1,Lesotho,Thaba-Tseka,text_match,Thaba Tseka town near Pitso house,site_land,,,train,not_residential:site_land|unsupported_listing_intent,False,False
lhldc-race-course,lesothohousing,Race-course,"The project is located at Ha Molibeli, Hlotse.It was developed in 1992.It offers a mixture of middle- and high-income sites averaging between 600 sqm and 700 sqm. The project comprises of 116 sites. The sites are surveyed and serviced with water reticulation.","Thepa ena ya mofuta wa site e fumaneha Ha Molibeli, Hlotse, Leribe State/county: Lesotho, Race-Course, Leribe. E na le sebaka sena mme e fumaneha ka theko ya M 1,992. Tlotla ena e tshwanetse ho shejwa bakeng sa bareki ba batlang menyetla ya nnete Lesotho.",1992,LSL,Leribe,"Ha Molibeli, Hlotse, Leribe State/county: Lesotho, Race-Course, Leribe",Site,0,0,"[""C:\\Users\\lepha\\Documents\\Codex\\Real Estate System\\generated\\images\\live\\lesothohousing\\lhldc-race-course\\image_1.jpg""]",https://lesothohousing.org.ls/property/race-course/,Good,Traditional,Suburban,"[""water connection""]",other,1,Lesotho,Leribe,text_match,Ha Molibeli,site_land,,,train,not_residential:site_land|unsupported_listing_intent,False,False
lhldc-ha-ntho,lesothohousing,Ha Ntho,The project is located at Ha Ntho on the main road to Mount Moorosi. It was developed in 1998.It offers low income sites averaging 375 sqm. The project comprises of 293 sites. The sites are surveyed and serviced with water reticulation.,"Thepa ena ya mofuta wa site e fumaneha Ha Ntho on the main road to Mount Moorosi, Quthing State/county: Quthing, Ha Ntho, Quthing. E na le sebaka sena mme e fumaneha ka theko ya M 1,998. Tlotla ena e tshwanetse ho shejwa bakeng sa bareki ba batlang menyetla ya nnete Lesotho.",1998,LSL,Quthing,"Ha Ntho on the main road to Mount Moorosi, Quthing State/county: Quthing, Ha Ntho, Quthing",Site,0,0,"[""C:\\Users\\lepha\\Documents\\Codex\\Real Estate System\\generated\\images\\live\\lesothohousing\\lhldc-ha-ntho\\image_1.jpg""]",https://lesothohousing.org.ls/property/ha-ntho/,Good,Traditional,Suburban,"[""water connection"", ""road access""]",other,1,Lesotho,Quthing,text_match,Ha Ntho on the main road to Mount Moorosi,site_land,,,val,not_residential:site_land|unsupported_listing_intent,False,False
lhldc-sebothoane,lesothohousing,Sebothoane,"The project is located at Sebothoane, on the highway to Pitseng. It was developed in 2006.It offers a mixture of middle- and high-income sites averaging 700 sqm and 800 sqm. The project comprises of 792 sites. The sites are surveyed and serviced with water reticulation","Thepa ena ya mofuta wa site e fumaneha Sebothoane, on the highway to Pitseng, Leribe State/county: Lesotho, Sebothoane, Leribe. E na le sebaka sena mme e fumaneha ka theko ya M 2,006. Tlotla ena e tshwanetse ho shejwa bakeng sa bareki ba batlang menyetla ya nnete Lesotho.",2006,LSL,Leribe,"Sebothoane, on the highway to Pitseng, Leribe State/county: Lesotho, Sebothoane, Leribe",Site,0,0,"[""C:\\Users\\lepha\\Documents\\Codex\\Real Estate System\\generated\\images\\live\\lesothohousing\\lhldc-sebothoane\\image_1.jpg""]",https://lesothohousing.org.ls/property/sebothoane/,Good,Traditional,Suburban,"[""water connection""]",other,1,Lesotho,Leribe,text_match,Sebothoane,site_land,,,train,not_residential:site_land|unsupported_listing_intent,False,False
lhldc-ramokhele,lesothohousing,Ramokhele,The project is located at Ha Ramokhele in Mafeteng town on the main road to Thabana Morena. It was developed in 1988.It offers low income sites averaging 375 sqm. The project comprises of 111 sites. The sites are surveyed and serviced with water reticulation.,"Thepa ena ya mofuta wa site e fumaneha Ha Ramokhele in Mafeteng town on the main road to Thabana Morena, Mafeteng State/county: Lesotho, Ramokhele, Mafeteng. E na le sebaka sena mme e fumaneha ka theko ya M 1,988. Tlotla ena e tshwanetse ho shejwa bakeng sa bareki ba batlang menyetla ya nnete Lesotho.",1988,LSL,Mafeteng,"Ha Ramokhele in Mafeteng town on the main road to Thabana Morena, Mafeteng State/county: Lesotho, Ramokhele, Mafeteng",Site,0,0,"[""C:\\Users\\lepha\\Documents\\Codex\\Real Estate System\\generated\\images\\live\\lesothohousing\\lhldc-ramokhele\\image_1.jpg""]",https://lesothohousing.org.ls/property/ramokhele/,Good,Traditional,Urban,"[""water connection"", ""road access""]",other,1,Lesotho,Mafeteng,text_match,Ha Ramokhele in Mafeteng town on the main road to Thabana Morena,site_land,,,val,not_residential:site_land|unsupported_listing_intent,False,False
lhldc-hospital-area,lesothohousing,Hospital Area,The project is located at in Mafeteng town next to Mafeteng government hospital. It was developed in 1988.It offers a mixture of middle- and high-income sites averaging between 400 sqm and 600 sqm. The project comprises of 232 sites. The sites are surveyed and serviced with water reticulation.,"Thepa ena ya mofuta wa site e fumaneha Mafeteng town next to Mafeteng government hospital., Mafeteng State/county: Lesotho, Hospital Area, Mafeteng. E na le sebaka sena mme e fumaneha ka theko ya M 1,988. Tlotla ena e tshwanetse ho shejwa bakeng sa bareki ba batlang menyetla ya nnete Lesotho.",1988,LSL,Mafeteng,"Mafeteng town next to Mafeteng government hospital., Mafeteng State/county: Lesotho, Hospital Area, Mafeteng",Site,0,0,"[""C:\\Users\\lepha\\Documents\\Codex\\Real Estate System\\generated\\images\\live\\lesothohousing\\lhldc-hospital-area\\image_1.jpg""]",https://lesothohousing.org.ls/property/hospital-area/,Good,Traditional,Urban,"[""water connection""]",sale,1,Lesotho,Mafeteng,text_match,Mafeteng town next to Mafeteng government hospital.,site_land,,,train,not_residential:site_land,False,False
lhldc-motse-mocha,lesothohousing,Motse – Mocha,The project is located at Motse-Mocha in the periphery of Mafeteng town on the main road to Thabana Morena. It was developed in 1988.It offers low income sites averaging 400 sqm. The project comprises of 80 sites. The sites are surveyed and serviced with roads and water reticulation.,"Thepa ena ya mofuta wa site e fumaneha Motse-Mocha in the periphery of Mafeteng town on the main road to Thabana Morena, Mafeteng State/county: Lesotho, Motse - Mocha, Mafeteng. E na le sebaka sena mme e fumaneha ka theko ya M 1,988. Tlotla ena e tshwanetse ho shejwa bakeng sa bareki ba batlang menyetla ya nnete Lesotho.",1988,LSL,Mafeteng,"Motse-Mocha in the periphery of Mafeteng town on the main road to Thabana Morena, Mafeteng State/county: Lesotho, Motse - Mocha, Mafeteng",Site,0,0,"[""C:\\Users\\lepha\\Documents\\Codex\\Real Estate System\\generated\\images\\live\\lesothohousing\\lhldc-motse-mocha\\image_1.jpg""]",https://lesothohousing.org.ls/property/motse-mocha/,Good,Traditional,Urban,"[""water connection"", ""road access""]",other,1,Lesotho,Mafeteng,text_match,Motse-Mocha in the periphery of Mafeteng town on the main road to Thabana Morena,site_land,,,train,not_residential:site_land|unsupported_listing_intent,False,False
lhldc-tsalitlama,lesothohousing,Ts’alitlama,"The project is located on the right along Vanrooyen road to the border post, next to the new stadium. It was developed in 2004.It offers a mixture of low, middle- and high-income sites averaging 375 sqm and 600 sqm. The project comprises of 692 sites. The sites are surveyed and serviced with partial gravel roads and water reticulation.","Thepa ena ya mofuta wa site e fumaneha On the right along Vanrooyen road to the border post, Mafeteng State/county: Lesotho, Ts`alitlama, Mafeteng. E na le sebaka sena mme e fumaneha ka theko ya M 2,004. Tlotla ena e tshwanetse ho shejwa bakeng sa bareki ba batlang menyetla ya nnete Lesotho.",2004,LSL,Mafeteng,"On the right along Vanrooyen road to the border post, Mafeteng State/county: Lesotho, Ts`alitlama, Mafeteng",Site,0,0,"[""C:\\Users\\lepha\\Documents\\Codex\\Real Estate System\\generated\\images\\live\\lesothohousing\\lhldc-tsalitlama\\image_1.jpg""]",https://lesothohousing.org.ls/property/tsalitlama/,New,Traditional,Suburban,"[""water connection"", ""road access""]",sale,1,Lesotho,Mafeteng,text_match,On the right along Vanrooyen road to the border post,site_land,,,train,not_residential:site_land,False,False
lhldc-thabaneng,lesothohousing,Thabaneng,"The project is located at Thabaneng, left of A1 road to Mafeteng town. It was developed in 2015.It offers middle income housing. The project comprises of 10 houses. Services available are water and partial gravel road.","Thepa ena ya mofuta wa site e fumaneha Thabaneng, left of A1 road to Mafeteng town, Mafeteng State/county: Lesotho, Thabaneng, Mafeteng. E na le sebaka sena mme e fumaneha ka theko ya M 1. Tlotla ena e tshwanetse ho shejwa bakeng sa bareki ba batlang menyetla ya nnete Lesotho.",1,LSL,Mafeteng,"Thabaneng, left of A1 road to Mafeteng town, Mafeteng State/county: Lesotho, Thabaneng, Mafeteng",Site,0,0,"[""C:\\Users\\lepha\\Documents\\Codex\\Real Estate System\\generated\\images\\live\\lesothohousing\\lhldc-thabaneng\\image_1.jpg""]",https://lesothohousing.org.ls/property/thabaneng/,Good,Traditional,Urban,"[""water connection"", ""road access""]",sale,1,Lesotho,Mafeteng,text_match,Thabaneng,site_land,,,val,not_residential:site_land,False,False
lhldc-ha-tanka,lesothohousing,Ha Tanka,The project is located at Ha Tanka behind the industrial estate. It was developed in 2005.It offers a mixture of middle- and high-income sites averaging 450 sqm and 600 sqm. The project comprises of 620 sites. The sites are surveyed and serviced with partial gravel roads and water reticulation.,"Thepa ena ya mofuta wa site e fumaneha Ha Tanka behind the industrial estate, Mohale's Hoek State/county: Mohale's Hoek, Ha Tanka, Mohale's Hoek. E na le sebaka sena mme e fumaneha ka theko ya M 2,005. Tlotla ena e tshwanetse ho shejwa bakeng sa bareki ba batlang menyetla ya nnete Lesotho.",2005,LSL,Mohale's Hoek,"Ha Tanka behind the industrial estate, Mohale's Hoek State/county: Mohale's Hoek, Ha Tanka, Mohale's Hoek",Site,0,0,"[""C:\\Users\\lepha\\Documents\\Codex\\Real Estate System\\generated\\images\\live\\lesothohousing\\lhldc-ha-tanka\\image_1.jpg""]",https://lesothohousing.org.ls/property/ha-tanka/,Good,Traditional,Suburban,"[""water connection"", ""road access""]",other,1,Lesotho,Mohale's Hoek,text_match,Ha Tanka behind the industrial estate,site_land,,,val,not_residential:site_land|unsupported_listing_intent,False,False
lhldc-matholeng,lesothohousing,Matholeng,"The project is located on the left along Vanrooyen road to the border post, next to the Maluti Mountain Brewery depot. It was developed in 2019. It offers a mixture of low, middle- and high-income sites averaging between 358 sqm – 1100 sqm. The project comprises of 177 sites. The sites are surveyed and serviced with partial gravel roads and water reticulation. It was disposed 2020.","Thepa ena ya mofuta wa site e fumaneha On the left along Vanrooyen road to the border post, next to the Maluti Mountain Brewery depot, Mafeteng State/county: Mafetengqq, Matholeng, Mafeteng. E na le sebaka sena mme e fumaneha ka theko ya M 2,019. Tlotla ena e tshwanetse ho shejwa bakeng sa bareki ba batlang menyetla ya nnete Lesotho.",2019,LSL,Mafeteng,"On the left along Vanrooyen road to the border post, next to the Maluti Mountain Brewery depot, Mafeteng State/county: Mafetengqq, Matholeng, Mafeteng",Site,0,0,"[""C:\\Users\\lepha\\Documents\\Codex\\Real Estate System\\generated\\images\\live\\lesothohousing\\lhldc-matholeng\\image_1.jpg""]",https://lesothohousing.org.ls/property/matholeng/,Good,Traditional,Hillside,"[""water connection"", ""road access""]",other,1,Lesotho,Mafeteng,text_match,On the left along Vanrooyen road to the border post,site_land,,,val,not_residential:site_land|unsupported_listing_intent,False,False
lhldc-manobo,lesothohousing,Maseru North Bound (MANOBO),"The project is located at Mokhethoaneng, along the main north 1 road, near old Agric`s Feedlot project. It was developed in 2019.It offers a mixture of low, middle- and high-income sites averaging between 450 sqm and 1000 sqm. The project comprises of 177 sites. The sites are surveyed and serviced with partial gravel roads and partial water reticulation.","Thepa ena ya mofuta wa site e fumaneha Berea Mokhethoaneng along Maseru main north 1 road, Berea, MASERU NORTH BOUND, Berea. E na le sebaka sena mme e fumaneha ka theko ya M 1. Tlotla ena e tshwanetse ho shejwa bakeng sa bareki ba batlang menyetla ya nnete Lesotho.",1,LSL,Maseru,"Berea Mokhethoaneng along Maseru main north 1 road, Berea, MASERU NORTH BOUND, Berea",Site,0,0,"[""C:\\Users\\lepha\\Documents\\Codex\\Real Estate System\\generated\\images\\live\\lesothohousing\\lhldc-manobo\\image_2.png"", ""C:\\Users\\lepha\\Documents\\Codex\\Real Estate System\\generated\\images\\live\\lesothohousing\\lhldc-manobo\\image_3.png"", ""C:\\Users\\lepha\\Documents\\Codex\\Real Estate System\\generated\\images\\live\\lesothohousing\\lhldc-manobo\\image_4.png"", ""C:\\Users\\lepha\\Documents\\Codex\\Real Estate System\\generated\\images\\live\\lesothohousing\\lhldc-manobo\\image_5.png""]",https://lesothohousing.org.ls/property/manobo/,Good,Traditional,Suburban,"[""water connection"", ""road access""]",sale,4,Lesotho,Maseru,text_match,Berea Mokhethoaneng along Maseru main north 1 road,site_land,,,val,not_residential:site_land,False,False
lhldc-police-post-qs-nek,lesothohousing,Police Post (Q’s nek),"The project is located in town, near Qacha`s neck police headquarters. It was developed in 2019.It offers a mixture of low- and middle-income housing. The project comprises of 3 houses and 17 undeveloped sites averaging between 600 sqm and 1000 sqm. The sites are surveyed.","Thepa ena ya mofuta wa site e fumaneha In town, near Qacha`s neck police headquarters, Qacha's Nek State/county: Lesotho, Police Post, Qacha's Nek. E na le sebaka sena mme e fumaneha ka theko ya M 2,019. Tlotla ena e tshwanetse ho shejwa bakeng sa bareki ba batlang menyetla ya nnete Lesotho.",2019,LSL,Qacha'S Nek,"In town, near Qacha`s neck police headquarters, Qacha's Nek State/county: Lesotho, Police Post, Qacha's Nek",Site,0,0,"[""C:\\Users\\lepha\\Documents\\Codex\\Real Estate System\\generated\\images\\live\\lesothohousing\\lhldc-police-post-qs-nek\\image_1.jpg""]",https://lesothohousing.org.ls/property/police-post-qs-nek/,Good,Traditional,Urban,[],other,1,Lesotho,Qacha's Nek,text_match,In town,site_land,,,test,not_residential:site_land|unsupported_listing_intent,False,False
lhldc-thaba-tsoeu-qs-nek,lesothohousing,Thaba Tsoeu (Q’s Nek),The project is located at Thaba Ts’oeu next the army base. It was developed in 2019.It offers a mixture of low- and middle-income housing. The project comprises of 10 houses and 49 undeveloped sites averaging between 500 sqm and 800 sqm. The sites are surveyed.,"Thepa ena ya mofuta wa site e fumaneha Thaba Ts’oeu next the army base, Qacha's Nek State/county: Lesotho, Thaba Tsoeu, Qacha's Nek. E na le sebaka sena mme e fumaneha ka theko ya M 2,019. Tlotla ena e tshwanetse ho shejwa bakeng sa bareki ba batlang menyetla ya nnete Lesotho.",2019,LSL,Qacha'S Nek,"Thaba Ts’oeu next the army base, Qacha's Nek State/county: Lesotho, Thaba Tsoeu, Qacha's Nek",Site,0,0,"[""C:\\Users\\lepha\\Documents\\Codex\\Real Estate System\\generated\\images\\live\\lesothohousing\\lhldc-thaba-tsoeu-qs-nek\\image_1.jpg"", ""C:\\Users\\lepha\\Documents\\Codex\\Real Estate System\\generated\\images\\live\\lesothohousing\\lhldc-thaba-tsoeu-qs-nek\\image_2.jpg""]",https://lesothohousing.org.ls/property/thaba-tsoeu-qs-nek/,Good,Traditional,Suburban,[],sale,2,Lesotho,Qacha's Nek,text_match,Thaba Ts’oeu next the army base,site_land,,,train,not_residential:site_land,False,False
lhldc-ty-lehcorp-st-agnes,lesothohousing,TY LeHCorp (St. Agnes),"The project is located at main north 1 road, near ST Agnes High school. It was developed in 1988.It offers low income housing. The project comprises of 225 houses. Services available are water and gravel road.","Thepa ena ya mofuta wa site e fumaneha Main north 1 road, near ST Agnes High school, Berea State/county: Lesotho, TY LeHCorp, Berea. E na le sebaka sena mme e fumaneha ka theko ya M 1. Tlotla ena e tshwanetse ho shejwa bakeng sa bareki ba batlang menyetla ya nnete Lesotho.",1,LSL,Berea,"Main north 1 road, near ST Agnes High school, Berea State/county: Lesotho, TY LeHCorp, Berea",Site,0,0,"[""C:\\Users\\lepha\\Documents\\Codex\\Real Estate System\\generated\\images\\live\\lesothohousing\\lhldc-ty-lehcorp-st-agnes\\image_1.jpg""]",https://lesothohousing.org.ls/property/ty-lehcorp-st-agnes/,Good,Traditional,Urban,"[""water connection"", ""near schools"", ""road access""]",other,1,Lesotho,Berea,text_match,Main north 1 road,site_land,,,test,not_residential:site_land|unsupported_listing_intent,False,False
lhldc-arrival-center-housing,lesothohousing,Arrival Center (Housing),"The project is located along main road to honeymoon park, opposite Bambatha Ts’ita Sports Arena. It was developed in 1992.It offers a mixture of middle to high-income housing. The project comprises of 25 houses. Services available are water, sewer lines, electricity and tarred roads.","Thepa ena ya mofuta wa site e fumaneha Along main road to honeymoon park, opposite Bambatha Ts’ita Sports Arena, Maseru State/county: Lesotho, Arrival Center, Maseru. E na le sebaka sena mme e fumaneha ka theko ya M 1,992. Tlotla ena e tshwanetse ho shejwa bakeng sa bareki ba batlang menyetla ya nnete Lesotho.",1992,LSL,Maseru,"Along main road to honeymoon park, opposite Bambatha Ts’ita Sports Arena, Maseru State/county: Lesotho, Arrival Center, Maseru",Site,0,0,"[""C:\\Users\\lepha\\Documents\\Codex\\Real Estate System\\generated\\images\\live\\lesothohousing\\lhldc-arrival-center-housing\\image_1.jpg""]",https://lesothohousing.org.ls/property/arrival-center-housing/,Good,Traditional,Urban,"[""water connection"", ""electricity"", ""road access"", ""tar road""]",other,1,Lesotho,Maseru,text_match,Along main road to honeymoon park,site_land,,,val,not_residential:site_land|unsupported_listing_intent,False,False
lhldc-katlehong-lehcorp,lesothohousing,Katlehong LeHCorp,"The project is located west of Maseru city, neat police training college. It was developed in 1984.It offers low-income housing. The project comprises of 315 houses. Services available are water, street lights and gravel roads.","Thepa ena ya mofuta wa site e fumaneha West of Maseru city, neat police training college, Maseru State/county: Lesotho, Katlehong LEHCORP, Maseru. E na le sebaka sena mme e fumaneha ka theko ya M 1,984. Tlotla ena e tshwanetse ho shejwa bakeng sa bareki ba batlang menyetla ya nnete Lesotho.",1984,LSL,Maseru,"West of Maseru city, neat police training college, Maseru State/county: Lesotho, Katlehong LEHCORP, Maseru",Site,0,0,"[""C:\\Users\\lepha\\Documents\\Codex\\Real Estate System\\generated\\images\\live\\lesothohousing\\lhldc-katlehong-lehcorp\\image_1.jpg""]",https://lesothohousing.org.ls/property/katlehong-lehcorp/,Good,Traditional,Urban,"[""water connection"", ""road access""]",other,1,Lesotho,Maseru,text_match,West of Maseru city,site_land,,,test,not_residential:site_land|unsupported_listing_intent,False,False
lhldc-khubetsoana-lehcorp,lesothohousing,Khubetsoana LeHCorp,The project is located on the main north 1 road to Teyateyaneng. It was developed in 1981.It offers low-income housing. The project comprises of 860 houses. Services available are water and gravel roads.,"Thepa ena ya mofuta wa site e fumaneha Main north 1 road to Teyateyaneng, Maseru State/county: Lesotho, khubetsoana: LEHCORP, Maseru. E na le sebaka sena mme e fumaneha ka theko ya M 1. Tlotla ena e tshwanetse ho shejwa bakeng sa bareki ba batlang menyetla ya nnete Lesotho.",1,LSL,Maseru,"Main north 1 road to Teyateyaneng, Maseru State/county: Lesotho, khubetsoana: LEHCORP, Maseru",Site,0,0,"[""C:\\Users\\lepha\\Documents\\Codex\\Real Estate System\\generated\\images\\live\\lesothohousing\\lhldc-khubetsoana-lehcorp\\image_1.jpg""]",https://lesothohousing.org.ls/property/khubetsoana-lehcorp/,Good,Traditional,Suburban,"[""water connection"", ""road access""]",other,1,Lesotho,Maseru,text_match,Main north 1 road to Teyateyaneng,site_land,,,train,not_residential:site_land|unsupported_listing_intent,False,False
lhldc-mohalalitoe-lehcorp,lesothohousing,Mohalalitoe LeHCorp,Mohalalitoe LeHCorp in Maseru,"Thepa ena ya mofuta wa site e fumaneha Mohalalitoe LeHCorp, Maseru State/county: Lesotho, Mohalalitoe LeHCorp, Maseru. E na le sebaka sena mme e fumaneha ka theko e sa hlaloswang. Tlotla ena e tshwanetse ho shejwa bakeng sa bareki ba batlang menyetla ya nnete Lesotho.",120000,LSL,Maseru,"Mohalalitoe LeHCorp, Maseru State/county: Lesotho, Mohalalitoe LeHCorp, Maseru",Site,0,0,"[""C:\\Users\\lepha\\Documents\\Codex\\Real Estate System\\generated\\images\\live\\lesothohousing\\lhldc-mohalalitoe-lehcorp\\image_1.jpg""]",https://lesothohousing.org.ls/property/mohalalitoe-lehcorp/,Good,Traditional,Suburban,[],other,1,Lesotho,Maseru,text_match,Mohalalitoe LeHCorp,site_land,,,train,not_residential:site_land|unsupported_listing_intent,False,False
lhldc-ntjabane-project,lesothohousing,Ntjabane project,The project is located along main north 1 road to Kolonyama.It was developed in 2000.It offers a mixture of low- and middle-income sites averaging between 375 sqm and 600 sqm. The project comprises of 1122 sites. The sites are surveyed and serviced with water reticulation.,"Thepa ena ya mofuta wa site e fumaneha Along main north 1 road to Kolonyama, Berea, Ntjabane, Berea. E na le sebaka sena mme e fumaneha ka theko ya M 1. Tlotla ena e tshwanetse ho shejwa bakeng sa bareki ba batlang menyetla ya nnete Lesotho.",1,LSL,Berea,"Along main north 1 road to Kolonyama, Berea, Ntjabane, Berea",Site,0,0,"[""C:\\Users\\lepha\\Documents\\Codex\\Real Estate System\\generated\\images\\live\\lesothohousing\\lhldc-ntjabane-project\\image_1.jpg""]",https://lesothohousing.org.ls/property/ntjabane-project/,Good,Traditional,Suburban,"[""water connection"", ""road access""]",other,1,Lesotho,Berea,text_match,Along main north 1 road to Kolonyama,site_land,,,train,not_residential:site_land|unsupported_listing_intent,False,False
lhldc-thetsane-west-high-income,lesothohousing,Thetsane West (High-income),"The project is located at south-west of Maseru City. It was developed in 1988.It offers high income sites averaging 600sqm.The project comprises of 805 sites. The sites are surveyed, serviced with roads, water reticulation, sewer lines and electricity lines.","Thepa ena ya mofuta wa site e fumaneha Maseru South-West, Maseru State/county: Lesotho, Thetsane West, Maseru. E na le sebaka sena mme e fumaneha ka theko ya M 1,988. Tlotla ena e tshwanetse ho shejwa bakeng sa bareki ba batlang menyetla ya nnete Lesotho.",1988,LSL,Maseru,"Maseru South-West, Maseru State/county: Lesotho, Thetsane West, Maseru",Site,0,0,"[""C:\\Users\\lepha\\Documents\\Codex\\Real Estate System\\generated\\images\\live\\lesothohousing\\lhldc-thetsane-west-high-income\\image_1.png"", ""C:\\Users\\lepha\\Documents\\Codex\\Real Estate System\\generated\\images\\live\\lesothohousing\\lhldc-thetsane-west-high-income\\image_2.jpg""]",https://lesothohousing.org.ls/property/thetsane-west-high-income/,Good,Traditional,Urban,"[""water connection"", ""electricity"", ""road access""]",sale,2,Lesotho,Maseru,text_match,Maseru South-West,site_land,,,val,not_residential:site_land,False,False
lhldc-thetsane-west-middle-income-and-low-income,lesothohousing,Thetsane West (Middle-income and Low-income),"The project is located at south-west of Maseru City. It was developed in 1988.It offers a mixture of middle- and low-income sites averaging between 275 sqm and 400 sqm. The project comprises of 995 sites. The sites are surveyed, serviced with roads and water reticulation.","Thepa ena ya mofuta wa site e fumaneha Maseru South-West, Maseru State/county: Lesotho, Thetsane West, Maseru. E na le sebaka sena mme e fumaneha ka theko ya M 1,988. Tlotla ena e tshwanetse ho shejwa bakeng sa bareki ba batlang menyetla ya nnete Lesotho.",1988,LSL,Maseru,"Maseru South-West, Maseru State/county: Lesotho, Thetsane West, Maseru",Site,0,0,"[""C:\\Users\\lepha\\Documents\\Codex\\Real Estate System\\generated\\images\\live\\lesothohousing\\lhldc-thetsane-west-middle-income-and-low-income\\image_1.png"", ""C:\\Users\\lepha\\Documents\\Codex\\Real Estate System\\generated\\images\\live\\lesothohousing\\lhldc-thetsane-west-middle-income-and-low-income\\image_2.jpg""]",https://lesothohousing.org.ls/property/thetsane-west-middle-income-and-low-income/,Good,Traditional,Urban,"[""water connection"", ""road access""]",other,2,Lesotho,Maseru,text_match,Maseru South-West,site_land,,,test,not_residential:site_land|unsupported_listing_intent,False,False
lhldc-matala,lesothohousing,Matala,"The project is located at east of Maseru City along main south 1 road. It was developed in 1989.It offers a mixture of low, middle- and high-income sites averaging between 275 sqm and 600 sqm. The project comprises of 900 sites. The sites are surveyed and serviced with water reticulation.","Thepa ena ya mofuta wa site e fumaneha Maseru East Along Main South Road, Maseru State/county: Lesotho, Matala, Maseru. E na le sebaka sena mme e fumaneha ka theko ya M 1. Tlotla ena e tshwanetse ho shejwa bakeng sa bareki ba batlang menyetla ya nnete Lesotho.",1,LSL,Maseru,"Maseru East Along Main South Road, Maseru State/county: Lesotho, Matala, Maseru",Site,0,0,"[""C:\\Users\\lepha\\Documents\\Codex\\Real Estate System\\generated\\images\\live\\lesothohousing\\lhldc-matala\\image_1.png"", ""C:\\Users\\lepha\\Documents\\Codex\\Real Estate System\\generated\\images\\live\\lesothohousing\\lhldc-matala\\image_2.jpg""]",https://lesothohousing.org.ls/property/matala/,Good,Traditional,Urban,"[""water connection"", ""road access""]",sale,2,Lesotho,Maseru,text_match,Maseru East Along Main South Road,site_land,,,val,not_residential:site_land,False,False
lhldc-maseru-south-west-i-masowe-i,lesothohousing,Maseru South West I (MASOWE I),The project is located along Kofi Annan (by-pass) opposite Tikoe industrial estate. It was developed in 2002.It offers low income sites averaging 375 sqm. The project comprises of 817 sites. The sites are surveyed and serviced with water reticulation.,"Thepa ena ya mofuta wa site e fumaneha Kofi Annan road (by-pass) opposite MASOWE IV, Maseru State/county: Lesotho, Mosowe I, Maseru. E na le sebaka sena mme e fumaneha ka theko ya M 2,002. Tlotla ena e tshwanetse ho shejwa bakeng sa bareki ba batlang menyetla ya nnete Lesotho.",2002,LSL,Maseru,"Kofi Annan road (by-pass) opposite MASOWE IV, Maseru State/county: Lesotho, Mosowe I, Maseru",Site,0,0,"[""C:\\Users\\lepha\\Documents\\Codex\\Real Estate System\\generated\\images\\live\\lesothohousing\\lhldc-maseru-south-west-i-masowe-i\\image_1.png""]",https://lesothohousing.org.ls/property/maseru-south-west-i-masowe-i/,Good,Traditional,Suburban,"[""water connection"", ""road access""]",sale,1,Lesotho,Maseru,text_match,Kofi Annan road (by-pass) opposite MASOWE IV,site_land,,,val,not_residential:site_land,False,False
lhldc-maseru-south-west-ii-masowe-ii,lesothohousing,Maseru South West II (MASOWE II),"The project is located along MASOWE I A road to Likotsi, on the right, opposite MASOWE IV. It was developed in 2003.It offers a mixture of middle- and high-income sites averaging 400 sqm and 600 sqm. The project comprises of 791 sites. The sites are surveyed and serviced with partial gravel roads and water reticulation.","Thepa ena ya mofuta wa site e fumaneha MASOWE I A road to Likotsi, Maseru State/county: Lesotho, MASOWE II, Maseru. E na le sebaka sena mme e fumaneha ka theko ya M 2,003. Tlotla ena e tshwanetse ho shejwa bakeng sa bareki ba batlang menyetla ya nnete Lesotho.",2003,LSL,Maseru,"MASOWE I A road to Likotsi, Maseru State/county: Lesotho, MASOWE II, Maseru",Site,0,0,"[""C:\\Users\\lepha\\Documents\\Codex\\Real Estate System\\generated\\images\\live\\lesothohousing\\lhldc-maseru-south-west-ii-masowe-ii\\image_1.png"", ""C:\\Users\\lepha\\Documents\\Codex\\Real Estate System\\generated\\images\\live\\lesothohousing\\lhldc-maseru-south-west-ii-masowe-ii\\image_2.jpg""]",https://lesothohousing.org.ls/property/maseru-south-west-ii-masowe-ii/,Good,Traditional,Suburban,"[""water connection"", ""road access""]",other,2,Lesotho,Maseru,text_match,MASOWE I A road to Likotsi,site_land,,,test,not_residential:site_land|unsupported_listing_intent,False,False
lhldc-maseru-south-west-i-ext-masowe-i-ext,lesothohousing,Maseru South West I Ext (MASOWE I Ext),The project is located along Kofi Annan road (by-pass) opposite MASOWE IV. It was developed in 2006.It offers low income sites averaging 375 sqm. The project comprises of 189 sites. The sites are surveyed and serviced with water reticulation.,"Thepa ena ya mofuta wa site e fumaneha Kofi Annan road (by-pass) opposite MASOWE IV, Maseru State/county: Lesotho, Maseru South West, Maseru. E na le sebaka sena mme e fumaneha ka theko ya M 2,006. Tlotla ena e tshwanetse ho shejwa bakeng sa bareki ba batlang menyetla ya nnete Lesotho.",2006,LSL,Maseru,"Kofi Annan road (by-pass) opposite MASOWE IV, Maseru State/county: Lesotho, Maseru South West, Maseru",Site,0,0,"[""C:\\Users\\lepha\\Documents\\Codex\\Real Estate System\\generated\\images\\live\\lesothohousing\\lhldc-maseru-south-west-i-ext-masowe-i-ext\\image_1.png"", ""C:\\Users\\lepha\\Documents\\Codex\\Real Estate System\\generated\\images\\live\\lesothohousing\\lhldc-maseru-south-west-i-ext-masowe-i-ext\\image_2.jpg""]",https://lesothohousing.org.ls/property/maseru-south-west-i-ext-masowe-i-ext/,Good,Traditional,Suburban,"[""water connection"", ""road access""]",other,2,Lesotho,Maseru,text_match,Kofi Annan road (by-pass) opposite MASOWE IV,site_land,,,train,not_residential:site_land|unsupported_listing_intent,False,False
lhldc-maseru-south-west-iii-masowe-iii,lesothohousing,Maseru South West III (MASOWE III),The project is located at ha Tsiame along MASOWE I A road to Likotsi. It was developed in 2005.It offers a mixture of middle- and high-income sites averaging 450 sqm and 600 sqm. The project comprises of 600 sites. The sites are surveyed and serviced with partial gravel roads and water reticulation.,"Thepa ena ya mofuta wa site e fumaneha Ha Tsiame along MASOWE I A road to Likotsi, Maseru State/county: Lesotho, MASOWE III, Maseru. E na le sebaka sena mme e fumaneha ka theko ya M 2,005. Tlotla ena e tshwanetse ho shejwa bakeng sa bareki ba batlang menyetla ya nnete Lesotho.",2005,LSL,Maseru,"Ha Tsiame along MASOWE I A road to Likotsi, Maseru State/county: Lesotho, MASOWE III, Maseru",Site,0,0,"[""C:\\Users\\lepha\\Documents\\Codex\\Real Estate System\\generated\\images\\live\\lesothohousing\\lhldc-maseru-south-west-iii-masowe-iii\\image_1.png"", ""C:\\Users\\lepha\\Documents\\Codex\\Real Estate System\\generated\\images\\live\\lesothohousing\\lhldc-maseru-south-west-iii-masowe-iii\\image_2.jpg""]",https://lesothohousing.org.ls/property/maseru-south-west-iii-masowe-iii/,Good,Traditional,Suburban,"[""water connection"", ""road access""]",other,2,Lesotho,Maseru,text_match,Ha Tsiame along MASOWE I A road to Likotsi,site_land,,,test,not_residential:site_land|unsupported_listing_intent,False,False
lhldc-maseru-south-west-iv-masowe-iv,lesothohousing,Maseru South West IV (MASOWE IV),"The project is located along MASOWE I A road to Likotsi, on the left, opposite MASOWE II. It was developed in 2006.It offers high income sites averaging 700 sqm and 800 sqm. The project comprises of 164 sites. The sites are surveyed, serviced with roads, water reticulation, sewer lines and electricity lines.","Thepa ena ya mofuta wa site e fumaneha MASOWE I A road to Likotsi, on the left, opposite MASOWE II, Maseru State/county: Lesotho, MASOWE IV, Maseru. E na le sebaka sena mme e fumaneha ka theko ya M 2,006. Tlotla ena e tshwanetse ho shejwa bakeng sa bareki ba batlang menyetla ya nnete Lesotho.",2006,LSL,Maseru,"MASOWE I A road to Likotsi, on the left, opposite MASOWE II, Maseru State/county: Lesotho, MASOWE IV, Maseru",Site,0,0,"[""C:\\Users\\lepha\\Documents\\Codex\\Real Estate System\\generated\\images\\live\\lesothohousing\\lhldc-maseru-south-west-iv-masowe-iv\\image_1.png"", ""C:\\Users\\lepha\\Documents\\Codex\\Real Estate System\\generated\\images\\live\\lesothohousing\\lhldc-maseru-south-west-iv-masowe-iv\\image_2.jpg""]",https://lesothohousing.org.ls/property/maseru-south-west-iv-masowe-iv/,Good,Traditional,Urban,"[""water connection"", ""electricity"", ""road access""]",other,2,Lesotho,Maseru,text_match,MASOWE I A road to Likotsi,site_land,,,train,not_residential:site_land|unsupported_listing_intent,False,False
lhldc-ntjabane-project-2,lesothohousing,Ntjabane project,The project is located along main north 1 road to Kolonyama.It was developed in 2000.It offers a mixture of low- and middle-income sites averaging between 375 sqm and 600 sqm. The project comprises of 1122 sites. The sites are surveyed and serviced with water reticulation.,"Thepa ena ya mofuta wa site e fumaneha Along main north 1 road to Kolonyama, Maseru State/county: Lesotho, Ntjabane, Maseru. E na le sebaka sena mme e fumaneha ka theko ya M 1. Tlotla ena e tshwanetse ho shejwa bakeng sa bareki ba batlang menyetla ya nnete Lesotho.",1,LSL,Maseru,"Along main north 1 road to Kolonyama, Maseru State/county: Lesotho, Ntjabane, Maseru",Site,0,0,"[""C:\\Users\\lepha\\Documents\\Codex\\Real Estate System\\generated\\images\\live\\lesothohousing\\lhldc-ntjabane-project-2\\image_1.jpg""]",https://lesothohousing.org.ls/property/ntjabane-project-2/,Good,Traditional,Suburban,"[""water connection"", ""road access""]",other,1,Lesotho,Maseru,text_match,Along main north 1 road to Kolonyama,site_land,,,test,not_residential:site_land|unsupported_listing_intent,False,False
moso-3-600-m-mohales-hoek-64,mosoholdings,"3,600 m²","3,600 m² M200,000 Mohales Hoek Land Alongside Makhaleng Bridge Road","Thepa ena ya mofuta wa site e fumaneha Mohales Hoek. E na le sebaka sena mme e fumaneha ka theko ya M 200,000. Tlotla ena e tshwanetse ho shejwa bakeng sa bareki ba batlang menyetla ya nnete Lesotho.",200000,LSL,Mohale's Hoek,Mohales Hoek,Site,0,0,"[""C:\\Users\\lepha\\Documents\\Codex\\Real Estate System\\generated\\images\\live\\mosoholdings\\moso-3-600-m-mohales-hoek-64\\image_1.jpg""]",https://mosoholdings.co.ls/listings-search/,Good,Traditional,Suburban,"[""road access""]",sale,1,Lesotho,Mohale's Hoek,text_match,Mohales Hoek,site_land,,,train,not_residential:site_land,False,False
moso-1-600-m-sehlabeng-sa-thuathe-news-65,mosoholdings,"1,600 m²","1,600 m² M160,000 Sehlabeng sa Thuathe news Land Opposite Aloe’s Guest House","Thepa ena ya mofuta wa house e fumaneha Sehlabeng sa Thuathe news. E na le sebaka sena mme e fumaneha ka theko ya M 160,000. Tlotla ena e tshwanetse ho shejwa bakeng sa bareki ba batlang menyetla ya nnete Lesotho.",160000,LSL,Sehlabeng Sa Thuathe News,Sehlabeng sa Thuathe news,House,0,0,"[""C:\\Users\\lepha\\Documents\\Codex\\Real Estate System\\generated\\images\\live\\mosoholdings\\moso-1-600-m-sehlabeng-sa-thuathe-news-65\\image_1.jpg""]",https://mosoholdings.co.ls/listings-search/,Good,Traditional,Suburban,[],sale,1,Lesotho,Maseru,source_default,Sehlabeng sa Thuathe news,site_land,,,train,not_residential:site_land,False,False
moso-700m-thetsane-east-66,mosoholdings,700m²,"700m² M230,000 Thetsane East Land Lease Available / Comes with Single Room / Water and Electricity already applied","Thepa ena ya mofuta wa site e fumaneha Thetsane East. E na le sebaka sena mme e fumaneha ka theko ya M 230,000. Tlotla ena e tshwanetse ho shejwa bakeng sa bareki ba batlang menyetla ya nnete Lesotho.",230000,LSL,Thetsane East,Thetsane East,Site,0,0,"[""C:\\Users\\lepha\\Documents\\Codex\\Real Estate System\\generated\\images\\live\\mosoholdings\\moso-700m-thetsane-east-66\\image_1.jpg""]",https://mosoholdings.co.ls/listings-search/,Good,Traditional,Urban,"[""water connection"", ""electricity""]",sale,1,Lesotho,Maseru,locality_match,Thetsane East,site_land,,,train,not_residential:site_land,False,False
