property_id,source,title,district_canonical,locality,listing_intent,price,bedrooms,bathrooms,image_count,sample_image_1,sample_image_2,sample_image_3,listing_url,current_cnn_property_type,current_cnn_bedroom_class,current_style,current_environment,current_condition,suggested_bedrooms_from_text,suggested_cnn_bedroom_class,suggested_style,suggested_environment,suggested_condition,review_flags,review_priority,approved_for_training,review_status,reviewed_bedrooms,reviewed_cnn_bedroom_class,reviewed_style,reviewed_environment,reviewed_condition,reviewer_notes,reviewed_price,reviewed_listing_intent
creative-stunning-home-to-let,creativeproperties,Stunning Home To Let,Maseru,Maseru,rent,48000,4,3,5,C:\Users\lepha\Documents\Codex\Real Estate System\generated\images\live\creativeproperties\creative-stunning-home-to-let\image_1.png,C:\Users\lepha\Documents\Codex\Real Estate System\generated\images\live\creativeproperties\creative-stunning-home-to-let\image_2.jpeg,C:\Users\lepha\Documents\Codex\Real Estate System\generated\images\live\creativeproperties\creative-stunning-home-to-let\image_3.jpeg,https://creativeproperties.co.ls/properties/stunning-home-to-let/,House,4,Traditional,Suburban,Good,,,,Suburban,,,low,yes,pending,,,,,,,,
creative-7275,creativeproperties,"Beautiful, Highly Finished House for Sale_Serious Potential Buyers ONLY",Maseru,Maseru,sale,120000,4,3,5,C:\Users\lepha\Documents\Codex\Real Estate System\generated\images\live\creativeproperties\creative-7275\image_1.png,C:\Users\lepha\Documents\Codex\Real Estate System\generated\images\live\creativeproperties\creative-7275\image_2.jpg,C:\Users\lepha\Documents\Codex\Real Estate System\generated\images\live\creativeproperties\creative-7275\image_3.jpg,https://creativeproperties.co.ls/properties/7275/,House,4,Modern,Suburban,New,,,Modern,Suburban,New,price_low_for_sale,high,yes,reviewed,,,,,,"nan Checked manually: keep for CNN training. Price is likely imputed or missing from source, so use cautiously in recommendation work.",,
creative-rental-home_lower-thetsane,creativeproperties,Rental Home_Lower Thetsane,Maseru,Maseru,rent,24000,4,3,5,C:\Users\lepha\Documents\Codex\Real Estate System\generated\images\live\creativeproperties\creative-rental-home_lower-thetsane\image_1.png,C:\Users\lepha\Documents\Codex\Real Estate System\generated\images\live\creativeproperties\creative-rental-home_lower-thetsane\image_2.jpeg,C:\Users\lepha\Documents\Codex\Real Estate System\generated\images\live\creativeproperties\creative-rental-home_lower-thetsane\image_3.jpg,https://creativeproperties.co.ls/properties/rental-home_lower-thetsane/,House,4,Traditional,Suburban,Good,4.0,4,,Suburban,,,low,yes,pending,,,,,,,,
creative-newly-renovated-town-house-to-let,creativeproperties,Newly Renovated Town House To let,Maseru,Maseru,rent,15000,3,2,5,C:\Users\lepha\Documents\Codex\Real Estate System\generated\images\live\creativeproperties\creative-newly-renovated-town-house-to-let\image_1.png,C:\Users\lepha\Documents\Codex\Real Estate System\generated\images\live\creativeproperties\creative-newly-renovated-town-house-to-let\image_2.jpeg,C:\Users\lepha\Documents\Codex\Real Estate System\generated\images\live\creativeproperties\creative-newly-renovated-town-house-to-let\image_3.jpeg,https://creativeproperties.co.ls/properties/newly-renovated-town-house-to-let/,House,3,Traditional,Suburban,New,,,,Urban,New,environment_mismatch:Suburban->Urban,medium,yes,pending,,,,,,,,
creative-rental-property-upper-thamae,creativeproperties,Rental Property Upper Thamae,Maseru,Maseru,rent,8000,3,2,3,C:\Users\lepha\Documents\Codex\Real Estate System\generated\images\live\creativeproperties\creative-rental-property-upper-thamae\image_1.png,C:\Users\lepha\Documents\Codex\Real Estate System\generated\images\live\creativeproperties\creative-rental-property-upper-thamae\image_2.jpeg,C:\Users\lepha\Documents\Codex\Real Estate System\generated\images\live\creativeproperties\creative-rental-property-upper-thamae\image_3.jpeg,https://creativeproperties.co.ls/properties/rental-property-upper-thamae/,House,3,Traditional,Suburban,Good,,,,,,,low,yes,pending,,,,,,,,
creative-newly-renovated-home-for-rental,creativeproperties,Newly Renovated Home for Rental,Maseru,Hills View,rent,27000,3,2,5,C:\Users\lepha\Documents\Codex\Real Estate System\generated\images\live\creativeproperties\creative-newly-renovated-home-for-rental\image_1.png,C:\Users\lepha\Documents\Codex\Real Estate System\generated\images\live\creativeproperties\creative-newly-renovated-home-for-rental\image_2.jpeg,C:\Users\lepha\Documents\Codex\Real Estate System\generated\images\live\creativeproperties\creative-newly-renovated-home-for-rental\image_3.jpeg,https://creativeproperties.co.ls/properties/newly-renovated-home-for-rental/,House,3,Traditional,Hillside,New,,,,Hillside,New,,low,yes,pending,,,,,,,,
creative-new-housing-development-now-selling_under-construction,creativeproperties,New Housing Development Now Selling_Under Construction,Maseru,Maseru,sale,1700000,3,2,5,C:\Users\lepha\Documents\Codex\Real Estate System\generated\images\live\creativeproperties\creative-new-housing-development-now-selling_under-construction\image_1.png,C:\Users\lepha\Documents\Codex\Real Estate System\generated\images\live\creativeproperties\creative-new-housing-development-now-selling_under-construction\image_2.jpeg,C:\Users\lepha\Documents\Codex\Real Estate System\generated\images\live\creativeproperties\creative-new-housing-development-now-selling_under-construction\image_3.jpeg,https://creativeproperties.co.ls/properties/new-housing-development-now-selling_under-construction/,House,3,Modern,Suburban,New,,,Modern,,New,possible_development,high,no,exclude,,,,,,"Auto-excluded in first-pass review because the row looks multi-unit, development stock, or mixed commercial inventory. Auto-excluded in first-pass review because the row looks multi-unit, development stock, or mixed commercial inventory.",,
creative-rental-home,creativeproperties,Rental Home,Maseru,Maseru,rent,15000,5,4,5,C:\Users\lepha\Documents\Codex\Real Estate System\generated\images\live\creativeproperties\creative-rental-home\image_1.png,C:\Users\lepha\Documents\Codex\Real Estate System\generated\images\live\creativeproperties\creative-rental-home\image_2.jpeg,C:\Users\lepha\Documents\Codex\Real Estate System\generated\images\live\creativeproperties\creative-rental-home\image_3.jpeg,https://creativeproperties.co.ls/properties/rental-home/,House,5+,Traditional,Suburban,Good,,,,,,,low,yes,pending,,,,,,,,
creative-7251,creativeproperties,Rental Unit Arrival Centre,Maseru,Arrival Centre,rent,120000,2,1,5,C:\Users\lepha\Documents\Codex\Real Estate System\generated\images\live\creativeproperties\creative-7251\image_1.png,C:\Users\lepha\Documents\Codex\Real Estate System\generated\images\live\creativeproperties\creative-7251\image_2.jpeg,C:\Users\lepha\Documents\Codex\Real Estate System\generated\images\live\creativeproperties\creative-7251\image_3.jpeg,https://creativeproperties.co.ls/properties/7251/,House,2,Traditional,Suburban,Good,,,,Urban,,environment_mismatch:Suburban->Urban|price_high_for_rent,high,yes,reviewed,,,,Urban,,nan Checked manually: keep for CNN training. Arrival Centre context suggests Urban environment. Rental price still needs later verification for recommendation use.,,
propmarket-55wgNg6vcMiZB1T01cRFN,propmarket,"2 Bedrooms, House",Maseru,Tsoapo Le Bolila,sale,600000,2,1,4,C:\Users\lepha\Documents\Codex\Real Estate System\generated\images\live\propmarket\propmarket-55wgNg6vcMiZB1T01cRFN\image_1.jpg,C:\Users\lepha\Documents\Codex\Real Estate System\generated\images\live\propmarket\propmarket-55wgNg6vcMiZB1T01cRFN\image_2.jpg,C:\Users\lepha\Documents\Codex\Real Estate System\generated\images\live\propmarket\propmarket-55wgNg6vcMiZB1T01cRFN\image_3.jpg,https://www.propmarket.co.ls/properties/55wgNg6vcMiZB1T01cRFN,House,2,Traditional,Urban,Good,2.0,2,,,,,low,yes,pending,,,,,,,,
propmarket--W_SCLUM4oeyqk-b1OnxZ,propmarket,"3 Bedrooms, House",Berea,Ha Foso,sale,850000,3,2,4,C:\Users\lepha\Documents\Codex\Real Estate System\generated\images\live\propmarket\propmarket--W_SCLUM4oeyqk-b1OnxZ\image_1.jpg,C:\Users\lepha\Documents\Codex\Real Estate System\generated\images\live\propmarket\propmarket--W_SCLUM4oeyqk-b1OnxZ\image_2.jpg,C:\Users\lepha\Documents\Codex\Real Estate System\generated\images\live\propmarket\propmarket--W_SCLUM4oeyqk-b1OnxZ\image_3.jpg,https://www.propmarket.co.ls/properties/-W_SCLUM4oeyqk-b1OnxZ,House,3,Traditional,Suburban,Good,3.0,3,,,,,low,yes,pending,,,,,,,,
propmarket-j7OKpdwoVzgjB5YPW6h7t,propmarket,"4 Bedrooms, House",Maseru,Makhoakhoeng,sale,2000000,4,2,4,C:\Users\lepha\Documents\Codex\Real Estate System\generated\images\live\propmarket\propmarket-j7OKpdwoVzgjB5YPW6h7t\image_1.jpg,C:\Users\lepha\Documents\Codex\Real Estate System\generated\images\live\propmarket\propmarket-j7OKpdwoVzgjB5YPW6h7t\image_2.jpg,C:\Users\lepha\Documents\Codex\Real Estate System\generated\images\live\propmarket\propmarket-j7OKpdwoVzgjB5YPW6h7t\image_3.jpg,https://www.propmarket.co.ls/properties/j7OKpdwoVzgjB5YPW6h7t,House,4,Traditional,Suburban,Good,4.0,4,,,,,low,yes,pending,,,,,,,,
propmarket-F4nO0XrUILj-vFaZTz-k3,propmarket,"3 Bedrooms, House",Maseru,Ha Lesia,sale,1700000,3,2,4,C:\Users\lepha\Documents\Codex\Real Estate System\generated\images\live\propmarket\propmarket-F4nO0XrUILj-vFaZTz-k3\image_1.jpg,C:\Users\lepha\Documents\Codex\Real Estate System\generated\images\live\propmarket\propmarket-F4nO0XrUILj-vFaZTz-k3\image_2.jpg,C:\Users\lepha\Documents\Codex\Real Estate System\generated\images\live\propmarket\propmarket-F4nO0XrUILj-vFaZTz-k3\image_3.jpg,https://www.propmarket.co.ls/properties/F4nO0XrUILj-vFaZTz-k3,House,3,Traditional,Suburban,Good,3.0,3,,,,,low,yes,pending,,,,,,,,
propmarket-OIdYZElsdeDyv41F4x5il,propmarket,"3 Bedrooms, House",Maseru,Thetsane West,rent,25000,3,3,4,C:\Users\lepha\Documents\Codex\Real Estate System\generated\images\live\propmarket\propmarket-OIdYZElsdeDyv41F4x5il\image_1.jpg,C:\Users\lepha\Documents\Codex\Real Estate System\generated\images\live\propmarket\propmarket-OIdYZElsdeDyv41F4x5il\image_2.jpg,C:\Users\lepha\Documents\Codex\Real Estate System\generated\images\live\propmarket\propmarket-OIdYZElsdeDyv41F4x5il\image_3.jpg,https://www.propmarket.co.ls/properties/OIdYZElsdeDyv41F4x5il,House,3,Traditional,Suburban,Good,3.0,3,,Suburban,,,low,yes,pending,,,,,,,,
propmarket-0QFUac0OuPntEvs1dcaLz,propmarket,"2 Bedrooms, House",Maseru,Ha Mohasoa,sale,250000,2,1,1,C:\Users\lepha\Documents\Codex\Real Estate System\generated\images\live\propmarket\propmarket-0QFUac0OuPntEvs1dcaLz\image_1.jpg,,,https://www.propmarket.co.ls/properties/0QFUac0OuPntEvs1dcaLz,House,2,Traditional,Suburban,Good,2.0,2,,,,low_image_count,medium,yes,pending,,,,,,,,
propmarket-R1EHwI39jo3u1vRoZT8zr,propmarket,"4 Bedrooms, House",Maseru,Lower Thetsane,sale,3400000,4,1,4,C:\Users\lepha\Documents\Codex\Real Estate System\generated\images\live\propmarket\propmarket-R1EHwI39jo3u1vRoZT8zr\image_1.jpg,C:\Users\lepha\Documents\Codex\Real Estate System\generated\images\live\propmarket\propmarket-R1EHwI39jo3u1vRoZT8zr\image_2.jpg,C:\Users\lepha\Documents\Codex\Real Estate System\generated\images\live\propmarket\propmarket-R1EHwI39jo3u1vRoZT8zr\image_3.jpg,https://www.propmarket.co.ls/properties/R1EHwI39jo3u1vRoZT8zr,House,4,Contemporary,Suburban,Good,4.0,4,,Suburban,,possible_commercial_mix,high,no,exclude,,,,,,"Auto-excluded in first-pass review because the row looks multi-unit, development stock, or mixed commercial inventory. Auto-excluded in first-pass review because the row looks multi-unit, development stock, or mixed commercial inventory.",,
propmarket-4Jzf7HXyRaHeAHAkf22QO,propmarket,"3 Bedrooms, House",Maseru,Lithabaneng,sale,1200000,3,2,1,C:\Users\lepha\Documents\Codex\Real Estate System\generated\images\live\propmarket\propmarket-4Jzf7HXyRaHeAHAkf22QO\image_1.jpg,,,https://www.propmarket.co.ls/properties/4Jzf7HXyRaHeAHAkf22QO,House,3,Traditional,Suburban,Good,3.0,3,,,,low_image_count,medium,yes,pending,,,,,,,,
propmarket-N1X4WI2f98bpGHq_NFisR,propmarket,"3 Bedrooms, House",Maseru,Matebeleng (ha Penapena),sale,2000000,3,2,4,C:\Users\lepha\Documents\Codex\Real Estate System\generated\images\live\propmarket\propmarket-N1X4WI2f98bpGHq_NFisR\image_1.jpg,C:\Users\lepha\Documents\Codex\Real Estate System\generated\images\live\propmarket\propmarket-N1X4WI2f98bpGHq_NFisR\image_2.jpg,C:\Users\lepha\Documents\Codex\Real Estate System\generated\images\live\propmarket\propmarket-N1X4WI2f98bpGHq_NFisR\image_3.jpg,https://www.propmarket.co.ls/properties/N1X4WI2f98bpGHq_NFisR,House,3,Traditional,Urban,Good,3.0,3,,Urban,,,low,yes,pending,,,,,,,,
propmarket-XG8eL6O2ivKvbk3Mo9gPE,propmarket,"4 Bedrooms, House",Maseru,Happy Villa,sale,6350000,4,4,1,C:\Users\lepha\Documents\Codex\Real Estate System\generated\images\live\propmarket\propmarket-XG8eL6O2ivKvbk3Mo9gPE\image_1.jpg,,,https://www.propmarket.co.ls/properties/XG8eL6O2ivKvbk3Mo9gPE,House,4,Contemporary,Suburban,Good,4.0,4,,,,possible_commercial_mix|low_image_count,high,no,exclude,,,,,,"Auto-excluded in first-pass review because the row looks multi-unit, development stock, or mixed commercial inventory. Auto-excluded in first-pass review because the row looks multi-unit, development stock, or mixed commercial inventory.",,
propmarket-cLapWASFVCs_QIY5vAVMY,propmarket,"3 Bedrooms, House",Leribe,Hlotse,sale,950000,3,2,3,C:\Users\lepha\Documents\Codex\Real Estate System\generated\images\live\propmarket\propmarket-cLapWASFVCs_QIY5vAVMY\image_1.jpg,C:\Users\lepha\Documents\Codex\Real Estate System\generated\images\live\propmarket\propmarket-cLapWASFVCs_QIY5vAVMY\image_2.jpg,C:\Users\lepha\Documents\Codex\Real Estate System\generated\images\live\propmarket\propmarket-cLapWASFVCs_QIY5vAVMY\image_3.jpg,https://www.propmarket.co.ls/properties/cLapWASFVCs_QIY5vAVMY,House,3,Traditional,Urban,Good,3.0,3,,,,,low,yes,pending,,,,,,,,
propmarket-N_p5Bxk0pWrJ0ZwkMnuiG,propmarket,"3 Bedrooms, House",Maseru,Masowe Iii,sale,3500000,3,1,4,C:\Users\lepha\Documents\Codex\Real Estate System\generated\images\live\propmarket\propmarket-N_p5Bxk0pWrJ0ZwkMnuiG\image_1.jpg,C:\Users\lepha\Documents\Codex\Real Estate System\generated\images\live\propmarket\propmarket-N_p5Bxk0pWrJ0ZwkMnuiG\image_2.jpg,C:\Users\lepha\Documents\Codex\Real Estate System\generated\images\live\propmarket\propmarket-N_p5Bxk0pWrJ0ZwkMnuiG\image_3.jpg,https://www.propmarket.co.ls/properties/N_p5Bxk0pWrJ0ZwkMnuiG,House,3,Traditional,Suburban,New,3.0,3,,,New,,low,yes,pending,,,,,,,,
propmarket-cMZbiTkolMW4BED2Igjd2,propmarket,"3 Bedrooms, House",Maseru,Ha Matala,sale,2500000,3,2,4,C:\Users\lepha\Documents\Codex\Real Estate System\generated\images\live\propmarket\propmarket-cMZbiTkolMW4BED2Igjd2\image_1.jpg,C:\Users\lepha\Documents\Codex\Real Estate System\generated\images\live\propmarket\propmarket-cMZbiTkolMW4BED2Igjd2\image_2.jpg,C:\Users\lepha\Documents\Codex\Real Estate System\generated\images\live\propmarket\propmarket-cMZbiTkolMW4BED2Igjd2\image_3.jpg,https://www.propmarket.co.ls/properties/cMZbiTkolMW4BED2Igjd2,House,3,Family,Garden,Good,3.0,3,Family,Garden,,,low,yes,pending,,,,,,,,
propmarket-tlOHVm7MK5jPwM8GrnZzU,propmarket,"2 Bedrooms, House",Maseru,Matebeleng (ha Penapena),sale,1250000,2,2,5,C:\Users\lepha\Documents\Codex\Real Estate System\generated\images\live\propmarket\propmarket-tlOHVm7MK5jPwM8GrnZzU\image_1.jpg,C:\Users\lepha\Documents\Codex\Real Estate System\generated\images\live\propmarket\propmarket-tlOHVm7MK5jPwM8GrnZzU\image_2.jpg,C:\Users\lepha\Documents\Codex\Real Estate System\generated\images\live\propmarket\propmarket-tlOHVm7MK5jPwM8GrnZzU\image_3.jpg,https://www.propmarket.co.ls/properties/tlOHVm7MK5jPwM8GrnZzU,House,2,Traditional,Urban,Good,2.0,2,,Urban,,,low,yes,pending,,,,,,,,
propmarket-TAauZyw_XaAMTcDGOCVox,propmarket,"3 Bedrooms, House",Maseru,Matebeleng (ha Penapena),sale,2200000,3,2,5,C:\Users\lepha\Documents\Codex\Real Estate System\generated\images\live\propmarket\propmarket-TAauZyw_XaAMTcDGOCVox\image_1.jpg,C:\Users\lepha\Documents\Codex\Real Estate System\generated\images\live\propmarket\propmarket-TAauZyw_XaAMTcDGOCVox\image_2.jpg,C:\Users\lepha\Documents\Codex\Real Estate System\generated\images\live\propmarket\propmarket-TAauZyw_XaAMTcDGOCVox\image_3.jpg,https://www.propmarket.co.ls/properties/TAauZyw_XaAMTcDGOCVox,House,3,Traditional,Urban,Good,3.0,3,,Urban,,,low,yes,pending,,,,,,,,
propmarket-yDtmjWG-Q-xKbELGv4J8E,propmarket,"3 Bedrooms, House",Maseru,Ha Motloheloa,sale,1330000,3,2,5,C:\Users\lepha\Documents\Codex\Real Estate System\generated\images\live\propmarket\propmarket-yDtmjWG-Q-xKbELGv4J8E\image_1.jpg,C:\Users\lepha\Documents\Codex\Real Estate System\generated\images\live\propmarket\propmarket-yDtmjWG-Q-xKbELGv4J8E\image_2.jpg,C:\Users\lepha\Documents\Codex\Real Estate System\generated\images\live\propmarket\propmarket-yDtmjWG-Q-xKbELGv4J8E\image_3.jpg,https://www.propmarket.co.ls/properties/yDtmjWG-Q-xKbELGv4J8E,House,3,Traditional,Suburban,Good,3.0,3,,,,,low,yes,pending,,,,,,,,
propmarket-24W37YfaY3ZCq1jfnZaik,propmarket,"4 Bedrooms, House",Maseru,Sea Point,sale,2300000,4,3,5,C:\Users\lepha\Documents\Codex\Real Estate System\generated\images\live\propmarket\propmarket-24W37YfaY3ZCq1jfnZaik\image_1.jpg,C:\Users\lepha\Documents\Codex\Real Estate System\generated\images\live\propmarket\propmarket-24W37YfaY3ZCq1jfnZaik\image_2.jpg,C:\Users\lepha\Documents\Codex\Real Estate System\generated\images\live\propmarket\propmarket-24W37YfaY3ZCq1jfnZaik\image_3.jpg,https://www.propmarket.co.ls/properties/24W37YfaY3ZCq1jfnZaik,House,4,Family,Suburban,New,4.0,4,Family,Suburban,New,possible_commercial_mix,high,no,exclude,,,,,,"Auto-excluded in first-pass review because the row looks multi-unit, development stock, or mixed commercial inventory. Auto-excluded in first-pass review because the row looks multi-unit, development stock, or mixed commercial inventory.",,
propmarket-Tc6ZRjEuTnPYdBTEdSG6M,propmarket,"2 Bedrooms, House",Berea,Koalabata,sale,400000,2,1,5,C:\Users\lepha\Documents\Codex\Real Estate System\generated\images\live\propmarket\propmarket-Tc6ZRjEuTnPYdBTEdSG6M\image_1.jpg,C:\Users\lepha\Documents\Codex\Real Estate System\generated\images\live\propmarket\propmarket-Tc6ZRjEuTnPYdBTEdSG6M\image_2.jpg,C:\Users\lepha\Documents\Codex\Real Estate System\generated\images\live\propmarket\propmarket-Tc6ZRjEuTnPYdBTEdSG6M\image_3.jpg,https://www.propmarket.co.ls/properties/Tc6ZRjEuTnPYdBTEdSG6M,House,2,Traditional,Suburban,Good,2.0,2,,,Good,,low,yes,pending,,,,,,,,
propmarket-8uq5URIlKh88PsVzl_XGq,propmarket,"8 Units, Malaene",Berea,Teyateyaneng,sale,350000,2,1,4,C:\Users\lepha\Documents\Codex\Real Estate System\generated\images\live\propmarket\propmarket-8uq5URIlKh88PsVzl_XGq\image_1.jpg,C:\Users\lepha\Documents\Codex\Real Estate System\generated\images\live\propmarket\propmarket-8uq5URIlKh88PsVzl_XGq\image_2.jpg,C:\Users\lepha\Documents\Codex\Real Estate System\generated\images\live\propmarket\propmarket-8uq5URIlKh88PsVzl_XGq\image_3.jpg,https://www.propmarket.co.ls/properties/8uq5URIlKh88PsVzl_XGq,House,2,Traditional,Urban,Good,,,,Urban,,possible_multi_unit,high,no,exclude,,,,,,"Auto-excluded in first-pass review because the row looks multi-unit, development stock, or mixed commercial inventory. Auto-excluded in first-pass review because the row looks multi-unit, development stock, or mixed commercial inventory.",,
propmarket-Ri6CHRmQ6lKLwrAgtmMQM,propmarket,"3 Bedrooms, House",Maseru,Masowe Iii,sale,1800000,3,3,5,C:\Users\lepha\Documents\Codex\Real Estate System\generated\images\live\propmarket\propmarket-Ri6CHRmQ6lKLwrAgtmMQM\image_1.jpg,C:\Users\lepha\Documents\Codex\Real Estate System\generated\images\live\propmarket\propmarket-Ri6CHRmQ6lKLwrAgtmMQM\image_2.jpg,C:\Users\lepha\Documents\Codex\Real Estate System\generated\images\live\propmarket\propmarket-Ri6CHRmQ6lKLwrAgtmMQM\image_3.jpg,https://www.propmarket.co.ls/properties/Ri6CHRmQ6lKLwrAgtmMQM,House,3,Traditional,Suburban,Good,3.0,3,,,,,low,yes,pending,,,,,,,,
propmarket-xIf5GMbseSPtVlurr3EFE,propmarket,"3 Bedrooms, House",Maseru,Ha Tsolo,sale,900000,3,1,5,C:\Users\lepha\Documents\Codex\Real Estate System\generated\images\live\propmarket\propmarket-xIf5GMbseSPtVlurr3EFE\image_1.jpg,C:\Users\lepha\Documents\Codex\Real Estate System\generated\images\live\propmarket\propmarket-xIf5GMbseSPtVlurr3EFE\image_2.jpg,C:\Users\lepha\Documents\Codex\Real Estate System\generated\images\live\propmarket\propmarket-xIf5GMbseSPtVlurr3EFE\image_3.jpg,https://www.propmarket.co.ls/properties/xIf5GMbseSPtVlurr3EFE,House,3,Traditional,Suburban,Good,3.0,3,,,,,low,yes,pending,,,,,,,,
propmarket-YeJOdv1same7Be9Pfqx6y,propmarket,"2 Bedrooms, House",Berea,Khubetsoana,sale,600000,2,1,5,C:\Users\lepha\Documents\Codex\Real Estate System\generated\images\live\propmarket\propmarket-YeJOdv1same7Be9Pfqx6y\image_1.jpg,C:\Users\lepha\Documents\Codex\Real Estate System\generated\images\live\propmarket\propmarket-YeJOdv1same7Be9Pfqx6y\image_2.jpg,C:\Users\lepha\Documents\Codex\Real Estate System\generated\images\live\propmarket\propmarket-YeJOdv1same7Be9Pfqx6y\image_3.jpg,https://www.propmarket.co.ls/properties/YeJOdv1same7Be9Pfqx6y,House,2,Traditional,Suburban,Good,2.0,2,,,,,low,yes,pending,,,,,,,,
propmarket-k8AX2jh1R695RF-5UBAIV,propmarket,"2 Bedrooms, House",Berea,Maqhaka,sale,220000,2,1,5,C:\Users\lepha\Documents\Codex\Real Estate System\generated\images\live\propmarket\propmarket-k8AX2jh1R695RF-5UBAIV\image_1.jpg,C:\Users\lepha\Documents\Codex\Real Estate System\generated\images\live\propmarket\propmarket-k8AX2jh1R695RF-5UBAIV\image_2.jpg,C:\Users\lepha\Documents\Codex\Real Estate System\generated\images\live\propmarket\propmarket-k8AX2jh1R695RF-5UBAIV\image_3.jpg,https://www.propmarket.co.ls/properties/k8AX2jh1R695RF-5UBAIV,House,2,Traditional,Suburban,Good,2.0,2,,,,,low,yes,pending,,,,,,,,
propmarket-_zELaVV-BDUsJNyZbtujP,propmarket,"6 Units, Malaene",Maseru,Qoaling,sale,600000,2,1,5,C:\Users\lepha\Documents\Codex\Real Estate System\generated\images\live\propmarket\propmarket-_zELaVV-BDUsJNyZbtujP\image_1.jpg,C:\Users\lepha\Documents\Codex\Real Estate System\generated\images\live\propmarket\propmarket-_zELaVV-BDUsJNyZbtujP\image_2.jpg,C:\Users\lepha\Documents\Codex\Real Estate System\generated\images\live\propmarket\propmarket-_zELaVV-BDUsJNyZbtujP\image_3.jpg,https://www.propmarket.co.ls/properties/_zELaVV-BDUsJNyZbtujP,House,2,Traditional,Suburban,Good,,,,,,possible_multi_unit,high,no,exclude,,,,,,"Auto-excluded in first-pass review because the row looks multi-unit, development stock, or mixed commercial inventory. Auto-excluded in first-pass review because the row looks multi-unit, development stock, or mixed commercial inventory.",,
propmarket-e2NFTtDz2NDVZ4h5U87Hr,propmarket,"3 Bedrooms, House",Maseru,Pena Pena,sale,1400000,3,2,5,C:\Users\lepha\Documents\Codex\Real Estate System\generated\images\live\propmarket\propmarket-e2NFTtDz2NDVZ4h5U87Hr\image_1.jpg,C:\Users\lepha\Documents\Codex\Real Estate System\generated\images\live\propmarket\propmarket-e2NFTtDz2NDVZ4h5U87Hr\image_2.jpg,C:\Users\lepha\Documents\Codex\Real Estate System\generated\images\live\propmarket\propmarket-e2NFTtDz2NDVZ4h5U87Hr\image_3.jpg,https://www.propmarket.co.ls/properties/e2NFTtDz2NDVZ4h5U87Hr,House,3,Traditional,Suburban,New,3.0,3,Modern,,New,style_mismatch:Traditional->Modern,medium,yes,pending,,,,,,,,
propmarket-UuhECTjkxd0jY3uFasnSj,propmarket,"2 Bedrooms, House",Maseru,Ha Tsolo,sale,400000,2,1,5,C:\Users\lepha\Documents\Codex\Real Estate System\generated\images\live\propmarket\propmarket-UuhECTjkxd0jY3uFasnSj\image_1.jpg,C:\Users\lepha\Documents\Codex\Real Estate System\generated\images\live\propmarket\propmarket-UuhECTjkxd0jY3uFasnSj\image_2.jpg,C:\Users\lepha\Documents\Codex\Real Estate System\generated\images\live\propmarket\propmarket-UuhECTjkxd0jY3uFasnSj\image_3.jpg,https://www.propmarket.co.ls/properties/UuhECTjkxd0jY3uFasnSj,House,2,Traditional,Suburban,Good,2.0,2,,,,,low,yes,pending,,,,,,,,
propmarket-C9lcWgLNZxWHPX7Wj8iGv,propmarket,"2 Bedrooms, House",Berea,Koalabata,sale,550000,2,1,5,C:\Users\lepha\Documents\Codex\Real Estate System\generated\images\live\propmarket\propmarket-C9lcWgLNZxWHPX7Wj8iGv\image_1.jpg,C:\Users\lepha\Documents\Codex\Real Estate System\generated\images\live\propmarket\propmarket-C9lcWgLNZxWHPX7Wj8iGv\image_2.jpg,C:\Users\lepha\Documents\Codex\Real Estate System\generated\images\live\propmarket\propmarket-C9lcWgLNZxWHPX7Wj8iGv\image_3.jpg,https://www.propmarket.co.ls/properties/C9lcWgLNZxWHPX7Wj8iGv,House,2,Traditional,Suburban,Good,2.0,2,,,,,low,yes,pending,,,,,,,,
propmarket-nc43EhrGALYvCzC6PP0Ay,propmarket,"3 Bedrooms, House",Maseru,Mazenod,sale,650000,3,1,5,C:\Users\lepha\Documents\Codex\Real Estate System\generated\images\live\propmarket\propmarket-nc43EhrGALYvCzC6PP0Ay\image_1.jpg,C:\Users\lepha\Documents\Codex\Real Estate System\generated\images\live\propmarket\propmarket-nc43EhrGALYvCzC6PP0Ay\image_2.jpg,C:\Users\lepha\Documents\Codex\Real Estate System\generated\images\live\propmarket\propmarket-nc43EhrGALYvCzC6PP0Ay\image_3.jpg,https://www.propmarket.co.ls/properties/nc43EhrGALYvCzC6PP0Ay,House,3,Traditional,Suburban,Good,3.0,3,,,,,low,yes,pending,,,,,,,,
propmarket-5NttMN-sRvwuo2K4rDYMW,propmarket,"3 Bedrooms, House",Berea,Naleli,sale,650000,3,1,5,C:\Users\lepha\Documents\Codex\Real Estate System\generated\images\live\propmarket\propmarket-5NttMN-sRvwuo2K4rDYMW\image_1.jpg,C:\Users\lepha\Documents\Codex\Real Estate System\generated\images\live\propmarket\propmarket-5NttMN-sRvwuo2K4rDYMW\image_2.jpg,C:\Users\lepha\Documents\Codex\Real Estate System\generated\images\live\propmarket\propmarket-5NttMN-sRvwuo2K4rDYMW\image_3.jpg,https://www.propmarket.co.ls/properties/5NttMN-sRvwuo2K4rDYMW,House,3,Traditional,Suburban,Good,3.0,3,,,,,low,yes,pending,,,,,,,,
propmarket-8GL2YSoWJfkJYfbOYKDl1,propmarket,"2 Bedrooms, House",Maseru,Ha Phaloane,sale,200000,2,1,4,C:\Users\lepha\Documents\Codex\Real Estate System\generated\images\live\propmarket\propmarket-8GL2YSoWJfkJYfbOYKDl1\image_1.jpg,C:\Users\lepha\Documents\Codex\Real Estate System\generated\images\live\propmarket\propmarket-8GL2YSoWJfkJYfbOYKDl1\image_2.jpg,C:\Users\lepha\Documents\Codex\Real Estate System\generated\images\live\propmarket\propmarket-8GL2YSoWJfkJYfbOYKDl1\image_3.jpg,https://www.propmarket.co.ls/properties/8GL2YSoWJfkJYfbOYKDl1,House,2,Traditional,Suburban,Good,2.0,2,,,,,low,yes,pending,,,,,,,,
propmarket-T7DEuA--o2VWCXfCg3FE2,propmarket,"1 Bedroom, House",Berea,Koalabata,sale,150000,1,1,4,C:\Users\lepha\Documents\Codex\Real Estate System\generated\images\live\propmarket\propmarket-T7DEuA--o2VWCXfCg3FE2\image_1.jpg,C:\Users\lepha\Documents\Codex\Real Estate System\generated\images\live\propmarket\propmarket-T7DEuA--o2VWCXfCg3FE2\image_2.jpg,C:\Users\lepha\Documents\Codex\Real Estate System\generated\images\live\propmarket\propmarket-T7DEuA--o2VWCXfCg3FE2\image_3.jpg,https://www.propmarket.co.ls/properties/T7DEuA--o2VWCXfCg3FE2,House,1,Traditional,Suburban,Good,1.0,1,,,,,low,yes,pending,,,,,,,,
propmarket-iTxYHd19YkRxk68-z4Gg1,propmarket,"5 Bedrooms, House",Maseru,Masowe Iii,sale,2500000,5,3,4,C:\Users\lepha\Documents\Codex\Real Estate System\generated\images\live\propmarket\propmarket-iTxYHd19YkRxk68-z4Gg1\image_1.jpg,C:\Users\lepha\Documents\Codex\Real Estate System\generated\images\live\propmarket\propmarket-iTxYHd19YkRxk68-z4Gg1\image_2.jpg,C:\Users\lepha\Documents\Codex\Real Estate System\generated\images\live\propmarket\propmarket-iTxYHd19YkRxk68-z4Gg1\image_3.jpg,https://www.propmarket.co.ls/properties/iTxYHd19YkRxk68-z4Gg1,House,5+,Traditional,Suburban,Good,5.0,5+,,,,,low,yes,pending,,,,,,,,
propmarket-bth9PHwYL2oRa7FORo96t,propmarket,"4 Bedrooms, House",Maseru,Lower Thetsane,sale,7500000,4,4,5,C:\Users\lepha\Documents\Codex\Real Estate System\generated\images\live\propmarket\propmarket-bth9PHwYL2oRa7FORo96t\image_1.jpg,C:\Users\lepha\Documents\Codex\Real Estate System\generated\images\live\propmarket\propmarket-bth9PHwYL2oRa7FORo96t\image_2.jpg,C:\Users\lepha\Documents\Codex\Real Estate System\generated\images\live\propmarket\propmarket-bth9PHwYL2oRa7FORo96t\image_3.jpg,https://www.propmarket.co.ls/properties/bth9PHwYL2oRa7FORo96t,House,4,Family,Urban,Good,4.0,4,Family,Urban,,,low,yes,pending,,,,,,,,
propmarket-N8hWF5lZHzYQi0zfdtLMd,propmarket,"4 Bedrooms, House",Quthing,Ha Makhalanyane,sale,300000,4,1,1,C:\Users\lepha\Documents\Codex\Real Estate System\generated\images\live\propmarket\propmarket-N8hWF5lZHzYQi0zfdtLMd\image_1.jpg,,,https://www.propmarket.co.ls/properties/N8hWF5lZHzYQi0zfdtLMd,House,4,Traditional,Urban,Good,4.0,4,,,,low_image_count,medium,yes,pending,,,,,,,,
propmarket-RAORp0t2ifmx-wUA_bz7j,propmarket,"4 Bedrooms, House",Maseru,Masowe 1b Secondary School,rent,10000,4,3,4,C:\Users\lepha\Documents\Codex\Real Estate System\generated\images\live\propmarket\propmarket-RAORp0t2ifmx-wUA_bz7j\image_1.jpg,C:\Users\lepha\Documents\Codex\Real Estate System\generated\images\live\propmarket\propmarket-RAORp0t2ifmx-wUA_bz7j\image_2.jpg,C:\Users\lepha\Documents\Codex\Real Estate System\generated\images\live\propmarket\propmarket-RAORp0t2ifmx-wUA_bz7j\image_3.jpg,https://www.propmarket.co.ls/properties/RAORp0t2ifmx-wUA_bz7j,House,4,Traditional,Urban,Good,4.0,4,,,,,low,yes,pending,,,,,,,,
propmarket-OjeCEvzbGRz8FYBJXcoRc,propmarket,"3 Bedrooms, House",Maseru,Lower Thetsane,sale,1150000,3,2,4,C:\Users\lepha\Documents\Codex\Real Estate System\generated\images\live\propmarket\propmarket-OjeCEvzbGRz8FYBJXcoRc\image_1.jpg,C:\Users\lepha\Documents\Codex\Real Estate System\generated\images\live\propmarket\propmarket-OjeCEvzbGRz8FYBJXcoRc\image_2.jpg,C:\Users\lepha\Documents\Codex\Real Estate System\generated\images\live\propmarket\propmarket-OjeCEvzbGRz8FYBJXcoRc\image_3.jpg,https://www.propmarket.co.ls/properties/OjeCEvzbGRz8FYBJXcoRc,House,3,Traditional,Suburban,Good,3.0,3,,Suburban,,,low,yes,pending,,,,,,,,
propmarket-WUMcplI44uaZO1iSoAQ4S,propmarket,"1 Bedroom, House",Maseru,Ha Leqele,sale,380000,1,1,3,C:\Users\lepha\Documents\Codex\Real Estate System\generated\images\live\propmarket\propmarket-WUMcplI44uaZO1iSoAQ4S\image_1.jpg,C:\Users\lepha\Documents\Codex\Real Estate System\generated\images\live\propmarket\propmarket-WUMcplI44uaZO1iSoAQ4S\image_2.jpg,C:\Users\lepha\Documents\Codex\Real Estate System\generated\images\live\propmarket\propmarket-WUMcplI44uaZO1iSoAQ4S\image_3.png,https://www.propmarket.co.ls/properties/WUMcplI44uaZO1iSoAQ4S,House,1,Traditional,Suburban,Good,1.0,1,,,,,low,yes,pending,,,,,,,,
propmarket-TGGtwzXu1PaT221Z8WCKM,propmarket,"4 Bedrooms, House",Maseru,Semphetenyane,sale,1500000,4,3,4,C:\Users\lepha\Documents\Codex\Real Estate System\generated\images\live\propmarket\propmarket-TGGtwzXu1PaT221Z8WCKM\image_1.jpg,C:\Users\lepha\Documents\Codex\Real Estate System\generated\images\live\propmarket\propmarket-TGGtwzXu1PaT221Z8WCKM\image_2.jpg,C:\Users\lepha\Documents\Codex\Real Estate System\generated\images\live\propmarket\propmarket-TGGtwzXu1PaT221Z8WCKM\image_3.jpg,https://www.propmarket.co.ls/properties/TGGtwzXu1PaT221Z8WCKM,House,4,Traditional,Suburban,Good,4.0,4,,,,,low,yes,pending,,,,,,,,
propmarket-op0asF1YrwW5Iphyt5FK6,propmarket,"3 Bedrooms, House",Maseru,Lower Thamae,sale,844000,3,1,3,C:\Users\lepha\Documents\Codex\Real Estate System\generated\images\live\propmarket\propmarket-op0asF1YrwW5Iphyt5FK6\image_1.jpg,C:\Users\lepha\Documents\Codex\Real Estate System\generated\images\live\propmarket\propmarket-op0asF1YrwW5Iphyt5FK6\image_2.jpg,C:\Users\lepha\Documents\Codex\Real Estate System\generated\images\live\propmarket\propmarket-op0asF1YrwW5Iphyt5FK6\image_3.jpg,https://www.propmarket.co.ls/properties/op0asF1YrwW5Iphyt5FK6,House,3,Traditional,Suburban,Good,3.0,3,,,,,low,yes,pending,,,,,,,,
propmarket-1gpWZhyNaDKwyXXVRS0MZ,propmarket,"3 Bedrooms, House",Maseru,Motse Mocha Ts'enola,sale,1000000,3,1,5,C:\Users\lepha\Documents\Codex\Real Estate System\generated\images\live\propmarket\propmarket-1gpWZhyNaDKwyXXVRS0MZ\image_1.jpg,C:\Users\lepha\Documents\Codex\Real Estate System\generated\images\live\propmarket\propmarket-1gpWZhyNaDKwyXXVRS0MZ\image_2.jpg,C:\Users\lepha\Documents\Codex\Real Estate System\generated\images\live\propmarket\propmarket-1gpWZhyNaDKwyXXVRS0MZ\image_3.jpg,https://www.propmarket.co.ls/properties/1gpWZhyNaDKwyXXVRS0MZ,House,3,Traditional,Suburban,Good,3.0,3,,,,,low,yes,pending,,,,,,,,
propmarket-Gxks2QBu3POkSKy6LSrVn,propmarket,"2 Bedrooms, House",Maseru,Mazenod,sale,790000,2,1,5,C:\Users\lepha\Documents\Codex\Real Estate System\generated\images\live\propmarket\propmarket-Gxks2QBu3POkSKy6LSrVn\image_1.jpg,C:\Users\lepha\Documents\Codex\Real Estate System\generated\images\live\propmarket\propmarket-Gxks2QBu3POkSKy6LSrVn\image_2.jpg,C:\Users\lepha\Documents\Codex\Real Estate System\generated\images\live\propmarket\propmarket-Gxks2QBu3POkSKy6LSrVn\image_3.jpg,https://www.propmarket.co.ls/properties/Gxks2QBu3POkSKy6LSrVn,House,2,Traditional,Suburban,Good,2.0,2,,,,,low,yes,pending,,,,,,,,
propmarket-862McOr-9ckYlIzwbWrUX,propmarket,"6 Units, Malaene",Maseru,Semphetenyane,sale,250000,2,1,1,C:\Users\lepha\Documents\Codex\Real Estate System\generated\images\live\propmarket\propmarket-862McOr-9ckYlIzwbWrUX\image_1.jpg,,,https://www.propmarket.co.ls/properties/862McOr-9ckYlIzwbWrUX,House,2,Traditional,Suburban,Good,,,,,,possible_multi_unit|low_image_count,high,no,exclude,,,,,,"Auto-excluded in first-pass review because the row looks multi-unit, development stock, or mixed commercial inventory. Auto-excluded in first-pass review because the row looks multi-unit, development stock, or mixed commercial inventory.",,
propmarket-5zvnXL81fkjHImUjJGCx8,propmarket,"13 Units, Cottages",Maseru,Ha Tsolo,sale,700000,2,1,2,C:\Users\lepha\Documents\Codex\Real Estate System\generated\images\live\propmarket\propmarket-5zvnXL81fkjHImUjJGCx8\image_1.jpg,C:\Users\lepha\Documents\Codex\Real Estate System\generated\images\live\propmarket\propmarket-5zvnXL81fkjHImUjJGCx8\image_2.jpg,,https://www.propmarket.co.ls/properties/5zvnXL81fkjHImUjJGCx8,House,2,Traditional,Suburban,Good,,,,,,possible_multi_unit|low_image_count,high,no,exclude,,,,,,"Auto-excluded in first-pass review because the row looks multi-unit, development stock, or mixed commercial inventory. Auto-excluded in first-pass review because the row looks multi-unit, development stock, or mixed commercial inventory.",,
propmarket-bH8pKVrhThHrUZ_5URuQ-,propmarket,"3 Bedrooms, House",Maseru,Sekoting Ts'enola,sale,400000,3,1,4,C:\Users\lepha\Documents\Codex\Real Estate System\generated\images\live\propmarket\propmarket-bH8pKVrhThHrUZ_5URuQ-\image_1.jpg,C:\Users\lepha\Documents\Codex\Real Estate System\generated\images\live\propmarket\propmarket-bH8pKVrhThHrUZ_5URuQ-\image_2.jpg,C:\Users\lepha\Documents\Codex\Real Estate System\generated\images\live\propmarket\propmarket-bH8pKVrhThHrUZ_5URuQ-\image_3.jpg,https://www.propmarket.co.ls/properties/bH8pKVrhThHrUZ_5URuQ-,House,3,Traditional,Suburban,Good,3.0,3,,,,,low,yes,pending,,,,,,,,
propmarket-G4ZhE5jlCc4y-iw0Kl3d5,propmarket,House,Maseru,Ha Ts'osane,sale,160000,2,1,5,C:\Users\lepha\Documents\Codex\Real Estate System\generated\images\live\propmarket\propmarket-G4ZhE5jlCc4y-iw0Kl3d5\image_1.jpg,C:\Users\lepha\Documents\Codex\Real Estate System\generated\images\live\propmarket\propmarket-G4ZhE5jlCc4y-iw0Kl3d5\image_2.jpg,C:\Users\lepha\Documents\Codex\Real Estate System\generated\images\live\propmarket\propmarket-G4ZhE5jlCc4y-iw0Kl3d5\image_3.jpg,https://www.propmarket.co.ls/properties/G4ZhE5jlCc4y-iw0Kl3d5,House,2,Traditional,Suburban,Good,,,,,,,low,yes,pending,,,,,,,,
propmarket-tm9zmb1Cj-5VmgarS2eJA,propmarket,"3 Bedrooms, House",Maseru,Masowe Iii,rent,12000,3,1,5,C:\Users\lepha\Documents\Codex\Real Estate System\generated\images\live\propmarket\propmarket-tm9zmb1Cj-5VmgarS2eJA\image_1.jpg,C:\Users\lepha\Documents\Codex\Real Estate System\generated\images\live\propmarket\propmarket-tm9zmb1Cj-5VmgarS2eJA\image_2.jpg,C:\Users\lepha\Documents\Codex\Real Estate System\generated\images\live\propmarket\propmarket-tm9zmb1Cj-5VmgarS2eJA\image_3.jpg,https://www.propmarket.co.ls/properties/tm9zmb1Cj-5VmgarS2eJA,House,3,Modern,Urban,New,3.0,3,Modern,,,,low,yes,pending,,,,,,,,
propmarket-s_hj4oYl975CEdifUzZCH,propmarket,House,Maseru,Mathokoane,sale,1700000,2,1,5,C:\Users\lepha\Documents\Codex\Real Estate System\generated\images\live\propmarket\propmarket-s_hj4oYl975CEdifUzZCH\image_1.jpg,C:\Users\lepha\Documents\Codex\Real Estate System\generated\images\live\propmarket\propmarket-s_hj4oYl975CEdifUzZCH\image_2.jpg,C:\Users\lepha\Documents\Codex\Real Estate System\generated\images\live\propmarket\propmarket-s_hj4oYl975CEdifUzZCH\image_3.jpg,https://www.propmarket.co.ls/properties/s_hj4oYl975CEdifUzZCH,House,2,Traditional,Suburban,Good,,,,,,,low,yes,pending,,,,,,,,
propmarket-Bc9FR1yIShoqxKfCinFFv,propmarket,"3 Bedrooms, House",Maseru,Semphetenyane,sale,1300000,3,1,5,C:\Users\lepha\Documents\Codex\Real Estate System\generated\images\live\propmarket\propmarket-Bc9FR1yIShoqxKfCinFFv\image_1.jpg,C:\Users\lepha\Documents\Codex\Real Estate System\generated\images\live\propmarket\propmarket-Bc9FR1yIShoqxKfCinFFv\image_2.jpg,C:\Users\lepha\Documents\Codex\Real Estate System\generated\images\live\propmarket\propmarket-Bc9FR1yIShoqxKfCinFFv\image_3.jpg,https://www.propmarket.co.ls/properties/Bc9FR1yIShoqxKfCinFFv,House,3,Traditional,Hillside,New,3.0,3,Modern,,New,style_mismatch:Traditional->Modern,medium,yes,pending,,,,,,,,
propmarket-81l4_NDWdSkfdHzXFJwUq,propmarket,"2 Bedrooms, House",Berea,Lekokoaneng,sale,110000,2,1,1,C:\Users\lepha\Documents\Codex\Real Estate System\generated\images\live\propmarket\propmarket-81l4_NDWdSkfdHzXFJwUq\image_1.jpg,,,https://www.propmarket.co.ls/properties/81l4_NDWdSkfdHzXFJwUq,House,2,Traditional,Urban,Good,2.0,2,,Urban,,price_low_for_sale|low_image_count,high,yes,reviewed,,,,,,nan Checked manually: keep. Low sale price is plausible because the listing text mentions no water and electricity.,,
propmarket-hw6n6Mf06YMilWhDjAv98,propmarket,"3 Bedrooms, House",Maseru,Masowe 1b Secondary School,sale,1500000,3,1,4,C:\Users\lepha\Documents\Codex\Real Estate System\generated\images\live\propmarket\propmarket-hw6n6Mf06YMilWhDjAv98\image_1.jpg,C:\Users\lepha\Documents\Codex\Real Estate System\generated\images\live\propmarket\propmarket-hw6n6Mf06YMilWhDjAv98\image_2.jpg,C:\Users\lepha\Documents\Codex\Real Estate System\generated\images\live\propmarket\propmarket-hw6n6Mf06YMilWhDjAv98\image_3.jpg,https://www.propmarket.co.ls/properties/hw6n6Mf06YMilWhDjAv98,House,3,Family,Urban,New,3.0,3,Modern,,New,style_mismatch:Family->Modern,medium,yes,pending,,,,,,,,
propmarket-SiDHc0YvePC_fzWHiFisO,propmarket,"3 Bedrooms, House",Maseru,Mazenod,sale,814000,3,1,4,C:\Users\lepha\Documents\Codex\Real Estate System\generated\images\live\propmarket\propmarket-SiDHc0YvePC_fzWHiFisO\image_1.jpg,C:\Users\lepha\Documents\Codex\Real Estate System\generated\images\live\propmarket\propmarket-SiDHc0YvePC_fzWHiFisO\image_2.jpg,C:\Users\lepha\Documents\Codex\Real Estate System\generated\images\live\propmarket\propmarket-SiDHc0YvePC_fzWHiFisO\image_3.jpg,https://www.propmarket.co.ls/properties/SiDHc0YvePC_fzWHiFisO,House,3,Traditional,Suburban,Good,3.0,3,,,,,low,yes,pending,,,,,,,,
propmarket-a8l8pgWNjuxoe13ONlO9J,propmarket,"1 Bedroom, House",Maseru,Ha Abia,sale,280000,1,1,5,C:\Users\lepha\Documents\Codex\Real Estate System\generated\images\live\propmarket\propmarket-a8l8pgWNjuxoe13ONlO9J\image_1.jpg,C:\Users\lepha\Documents\Codex\Real Estate System\generated\images\live\propmarket\propmarket-a8l8pgWNjuxoe13ONlO9J\image_2.jpg,C:\Users\lepha\Documents\Codex\Real Estate System\generated\images\live\propmarket\propmarket-a8l8pgWNjuxoe13ONlO9J\image_3.jpg,https://www.propmarket.co.ls/properties/a8l8pgWNjuxoe13ONlO9J,House,1,Traditional,Suburban,Good,1.0,1,,,,,low,yes,pending,,,,,,,,
propmarket-8rZgyZbU6bmT9rIxBpxPt,propmarket,"2 Bedrooms, House",Maseru,Mohalalitoe,sale,650000,2,1,5,C:\Users\lepha\Documents\Codex\Real Estate System\generated\images\live\propmarket\propmarket-8rZgyZbU6bmT9rIxBpxPt\image_1.jpg,C:\Users\lepha\Documents\Codex\Real Estate System\generated\images\live\propmarket\propmarket-8rZgyZbU6bmT9rIxBpxPt\image_2.jpg,C:\Users\lepha\Documents\Codex\Real Estate System\generated\images\live\propmarket\propmarket-8rZgyZbU6bmT9rIxBpxPt\image_3.jpg,https://www.propmarket.co.ls/properties/8rZgyZbU6bmT9rIxBpxPt,House,2,Traditional,Suburban,Good,2.0,2,,,,,low,yes,pending,,,,,,,,
propmarket-Z4z-og29aKZ4wE7APAStn,propmarket,"2 Bedrooms, House",Berea,Sekamaneng,sale,270000,2,1,5,C:\Users\lepha\Documents\Codex\Real Estate System\generated\images\live\propmarket\propmarket-Z4z-og29aKZ4wE7APAStn\image_1.jpg,C:\Users\lepha\Documents\Codex\Real Estate System\generated\images\live\propmarket\propmarket-Z4z-og29aKZ4wE7APAStn\image_2.jpg,C:\Users\lepha\Documents\Codex\Real Estate System\generated\images\live\propmarket\propmarket-Z4z-og29aKZ4wE7APAStn\image_3.jpg,https://www.propmarket.co.ls/properties/Z4z-og29aKZ4wE7APAStn,House,2,Traditional,Suburban,Good,2.0,2,,,,,low,yes,pending,,,,,,,,
propmarket-cRZnCvUgMgClhFBk9JbKi,propmarket,House,Quthing,Quthing District,sale,650000,2,1,5,C:\Users\lepha\Documents\Codex\Real Estate System\generated\images\live\propmarket\propmarket-cRZnCvUgMgClhFBk9JbKi\image_1.jpg,C:\Users\lepha\Documents\Codex\Real Estate System\generated\images\live\propmarket\propmarket-cRZnCvUgMgClhFBk9JbKi\image_2.jpg,C:\Users\lepha\Documents\Codex\Real Estate System\generated\images\live\propmarket\propmarket-cRZnCvUgMgClhFBk9JbKi\image_3.jpg,https://www.propmarket.co.ls/properties/cRZnCvUgMgClhFBk9JbKi,House,2,Traditional,Suburban,Good,,,,,,,low,yes,pending,,,,,,,,
propmarket-KhjqZ43BkP-Yiv-WUXeeH,propmarket,"2 Bedrooms, House",Maseru,Thaba Bosiu,sale,350000,2,0,4,C:\Users\lepha\Documents\Codex\Real Estate System\generated\images\live\propmarket\propmarket-KhjqZ43BkP-Yiv-WUXeeH\image_1.jpg,C:\Users\lepha\Documents\Codex\Real Estate System\generated\images\live\propmarket\propmarket-KhjqZ43BkP-Yiv-WUXeeH\image_2.jpg,C:\Users\lepha\Documents\Codex\Real Estate System\generated\images\live\propmarket\propmarket-KhjqZ43BkP-Yiv-WUXeeH\image_3.jpg,https://www.propmarket.co.ls/properties/KhjqZ43BkP-Yiv-WUXeeH,House,2,Traditional,Suburban,Good,2.0,2,,,,,low,yes,pending,,,,,,,,
propmarket-zGSKI5MMls1YUGneoRJ_Y,propmarket,"3 Bedrooms, House",Mohale's Hoek,Mesitsaneng,sale,350000,3,1,5,C:\Users\lepha\Documents\Codex\Real Estate System\generated\images\live\propmarket\propmarket-zGSKI5MMls1YUGneoRJ_Y\image_1.jpg,C:\Users\lepha\Documents\Codex\Real Estate System\generated\images\live\propmarket\propmarket-zGSKI5MMls1YUGneoRJ_Y\image_2.jpg,C:\Users\lepha\Documents\Codex\Real Estate System\generated\images\live\propmarket\propmarket-zGSKI5MMls1YUGneoRJ_Y\image_3.jpg,https://www.propmarket.co.ls/properties/zGSKI5MMls1YUGneoRJ_Y,House,3,Traditional,Urban,Good,3.0,3,,Urban,,,low,yes,pending,,,,,,,,
propmarket-lhabbYFlMj9gF2mViiWtw,propmarket,"2 Units, 3 Bedrooms, House",Berea,Ha Mabote,sale,3200000,3,3,4,C:\Users\lepha\Documents\Codex\Real Estate System\generated\images\live\propmarket\propmarket-lhabbYFlMj9gF2mViiWtw\image_1.jpg,C:\Users\lepha\Documents\Codex\Real Estate System\generated\images\live\propmarket\propmarket-lhabbYFlMj9gF2mViiWtw\image_2.jpg,C:\Users\lepha\Documents\Codex\Real Estate System\generated\images\live\propmarket\propmarket-lhabbYFlMj9gF2mViiWtw\image_3.jpg,https://www.propmarket.co.ls/properties/lhabbYFlMj9gF2mViiWtw,House,3,Family,Garden,Good,3.0,3,Family,Garden,,possible_multi_unit,high,no,exclude,,,,,,"Auto-excluded in first-pass review because the row looks multi-unit, development stock, or mixed commercial inventory. Auto-excluded in first-pass review because the row looks multi-unit, development stock, or mixed commercial inventory.",,
propmarket-ULpaoTct4UkIKVByFe5-m,propmarket,"3 Bedrooms, House",Maseru,Masowe Street,sale,2500000,3,3,5,C:\Users\lepha\Documents\Codex\Real Estate System\generated\images\live\propmarket\propmarket-ULpaoTct4UkIKVByFe5-m\image_1.jpg,C:\Users\lepha\Documents\Codex\Real Estate System\generated\images\live\propmarket\propmarket-ULpaoTct4UkIKVByFe5-m\image_2.jpg,C:\Users\lepha\Documents\Codex\Real Estate System\generated\images\live\propmarket\propmarket-ULpaoTct4UkIKVByFe5-m\image_3.jpg,https://www.propmarket.co.ls/properties/ULpaoTct4UkIKVByFe5-m,House,3,Traditional,Suburban,Good,3.0,3,,,,,low,yes,pending,,,,,,,,
propmarket-ezFcsmhLYIMyJm9JcqdbJ,propmarket,"6 Units, 1 Bedroom, Malaene",Berea,Berea District,sale,190000,1,1,4,C:\Users\lepha\Documents\Codex\Real Estate System\generated\images\live\propmarket\propmarket-ezFcsmhLYIMyJm9JcqdbJ\image_1.jpg,C:\Users\lepha\Documents\Codex\Real Estate System\generated\images\live\propmarket\propmarket-ezFcsmhLYIMyJm9JcqdbJ\image_2.jpg,C:\Users\lepha\Documents\Codex\Real Estate System\generated\images\live\propmarket\propmarket-ezFcsmhLYIMyJm9JcqdbJ\image_3.jpg,https://www.propmarket.co.ls/properties/ezFcsmhLYIMyJm9JcqdbJ,House,1,Traditional,Suburban,Renovation Needed,1.0,1,,,Renovation Needed,possible_multi_unit,high,no,exclude,,,,,,"Auto-excluded in first-pass review because the row looks multi-unit, development stock, or mixed commercial inventory. Auto-excluded in first-pass review because the row looks multi-unit, development stock, or mixed commercial inventory.",,
propmarket-jLsW5pAWor5DGdiQLz3Ks,propmarket,"1 Unit, House",Maseru,Maseru District,sale,150000,2,1,4,C:\Users\lepha\Documents\Codex\Real Estate System\generated\images\live\propmarket\propmarket-jLsW5pAWor5DGdiQLz3Ks\image_1.jpg,C:\Users\lepha\Documents\Codex\Real Estate System\generated\images\live\propmarket\propmarket-jLsW5pAWor5DGdiQLz3Ks\image_2.jpg,C:\Users\lepha\Documents\Codex\Real Estate System\generated\images\live\propmarket\propmarket-jLsW5pAWor5DGdiQLz3Ks\image_3.jpg,https://www.propmarket.co.ls/properties/jLsW5pAWor5DGdiQLz3Ks,House,2,Traditional,Suburban,Good,,,,,,,low,yes,pending,,,,,,,,
propmarket-lOGKyLOJwiTcvUEBxfOd2,propmarket,House,Maseru,Masowe 1b Secondary School,sale,1300000,2,1,4,C:\Users\lepha\Documents\Codex\Real Estate System\generated\images\live\propmarket\propmarket-lOGKyLOJwiTcvUEBxfOd2\image_1.jpg,C:\Users\lepha\Documents\Codex\Real Estate System\generated\images\live\propmarket\propmarket-lOGKyLOJwiTcvUEBxfOd2\image_2.jpg,C:\Users\lepha\Documents\Codex\Real Estate System\generated\images\live\propmarket\propmarket-lOGKyLOJwiTcvUEBxfOd2\image_3.jpg,https://www.propmarket.co.ls/properties/lOGKyLOJwiTcvUEBxfOd2,House,2,Traditional,Urban,Good,,,,,,,low,yes,pending,,,,,,,,
propmarket-hnALgHUVxkGWG9QqHXv2y,propmarket,"2 Bedrooms, House",Maseru,Ha Matala,sale,1000000,2,1,4,C:\Users\lepha\Documents\Codex\Real Estate System\generated\images\live\propmarket\propmarket-hnALgHUVxkGWG9QqHXv2y\image_1.jpg,C:\Users\lepha\Documents\Codex\Real Estate System\generated\images\live\propmarket\propmarket-hnALgHUVxkGWG9QqHXv2y\image_2.jpg,C:\Users\lepha\Documents\Codex\Real Estate System\generated\images\live\propmarket\propmarket-hnALgHUVxkGWG9QqHXv2y\image_3.jpg,https://www.propmarket.co.ls/properties/hnALgHUVxkGWG9QqHXv2y,House,2,Traditional,Suburban,Good,2.0,2,,,,,low,yes,pending,,,,,,,,
propmarket-QVq2pNyEur75hseYq9XEs,propmarket,"2 Units, 2 Bedrooms, House",Maseru,Ha Matala,sale,370000,2,1,3,C:\Users\lepha\Documents\Codex\Real Estate System\generated\images\live\propmarket\propmarket-QVq2pNyEur75hseYq9XEs\image_1.jpg,C:\Users\lepha\Documents\Codex\Real Estate System\generated\images\live\propmarket\propmarket-QVq2pNyEur75hseYq9XEs\image_2.jpg,C:\Users\lepha\Documents\Codex\Real Estate System\generated\images\live\propmarket\propmarket-QVq2pNyEur75hseYq9XEs\image_3.jpg,https://www.propmarket.co.ls/properties/QVq2pNyEur75hseYq9XEs,House,2,Traditional,Hillside,Good,2.0,2,,Urban,,environment_mismatch:Hillside->Urban|possible_multi_unit,high,no,exclude,,,,,,"Auto-excluded in first-pass review because the row looks multi-unit, development stock, or mixed commercial inventory. Auto-excluded in first-pass review because the row looks multi-unit, development stock, or mixed commercial inventory.",,
propmarket-tPWv32Y-qCsM46i7tAUHy,propmarket,"1 Unit, 4 Bedrooms, House",Maseru,Thetsane,rent,14000,4,2,5,C:\Users\lepha\Documents\Codex\Real Estate System\generated\images\live\propmarket\propmarket-tPWv32Y-qCsM46i7tAUHy\image_1.jpg,C:\Users\lepha\Documents\Codex\Real Estate System\generated\images\live\propmarket\propmarket-tPWv32Y-qCsM46i7tAUHy\image_2.jpg,C:\Users\lepha\Documents\Codex\Real Estate System\generated\images\live\propmarket\propmarket-tPWv32Y-qCsM46i7tAUHy\image_3.jpg,https://www.propmarket.co.ls/properties/tPWv32Y-qCsM46i7tAUHy,House,4,Traditional,Suburban,Good,4.0,4,,Suburban,,,low,yes,pending,,,,,,,,
propmarket-_eshoYx6_Q5mssqQIF1L6,propmarket,House,Maseru,Masowe 1b Secondary School,sale,2000000,2,1,2,C:\Users\lepha\Documents\Codex\Real Estate System\generated\images\live\propmarket\propmarket-_eshoYx6_Q5mssqQIF1L6\image_1.jpg,C:\Users\lepha\Documents\Codex\Real Estate System\generated\images\live\propmarket\propmarket-_eshoYx6_Q5mssqQIF1L6\image_2.jpg,,https://www.propmarket.co.ls/properties/_eshoYx6_Q5mssqQIF1L6,House,2,Traditional,Urban,New,2.0,2,Modern,,New,style_mismatch:Traditional->Modern|low_image_count,medium,yes,pending,,,,,,,,
propmarket-XT3Hd_BRf6nZBclclWKgg,propmarket,"1 Unit, 2 Bedrooms, House",Maseru,Hillsview,rent,7000,2,2,5,C:\Users\lepha\Documents\Codex\Real Estate System\generated\images\live\propmarket\propmarket-XT3Hd_BRf6nZBclclWKgg\image_1.jpg,C:\Users\lepha\Documents\Codex\Real Estate System\generated\images\live\propmarket\propmarket-XT3Hd_BRf6nZBclclWKgg\image_2.jpg,C:\Users\lepha\Documents\Codex\Real Estate System\generated\images\live\propmarket\propmarket-XT3Hd_BRf6nZBclclWKgg\image_3.jpg,https://www.propmarket.co.ls/properties/XT3Hd_BRf6nZBclclWKgg,House,2,Family,Garden,Good,2.0,2,Family,Garden,Good,possible_commercial_mix,high,no,exclude,,,,,,"Auto-excluded in first-pass review because the row looks multi-unit, development stock, or mixed commercial inventory. Auto-excluded in first-pass review because the row looks multi-unit, development stock, or mixed commercial inventory.",,
propmarket-8CyrAl8AaWvJFTVj_bvpt,propmarket,Malaene,Berea,Teyateyaneng,sale,430000,2,1,3,C:\Users\lepha\Documents\Codex\Real Estate System\generated\images\live\propmarket\propmarket-8CyrAl8AaWvJFTVj_bvpt\image_1.jpg,C:\Users\lepha\Documents\Codex\Real Estate System\generated\images\live\propmarket\propmarket-8CyrAl8AaWvJFTVj_bvpt\image_2.jpg,C:\Users\lepha\Documents\Codex\Real Estate System\generated\images\live\propmarket\propmarket-8CyrAl8AaWvJFTVj_bvpt\image_3.jpg,https://www.propmarket.co.ls/properties/8CyrAl8AaWvJFTVj_bvpt,House,2,Traditional,Suburban,Good,,,,,,,low,yes,pending,,,,,,,,
propmarket-wssVndlTI_WCuNbcTEZKg,propmarket,"2 Units, House",Leribe,Ha Maputsoe,sale,750000,2,1,4,C:\Users\lepha\Documents\Codex\Real Estate System\generated\images\live\propmarket\propmarket-wssVndlTI_WCuNbcTEZKg\image_1.jpg,C:\Users\lepha\Documents\Codex\Real Estate System\generated\images\live\propmarket\propmarket-wssVndlTI_WCuNbcTEZKg\image_2.jpg,C:\Users\lepha\Documents\Codex\Real Estate System\generated\images\live\propmarket\propmarket-wssVndlTI_WCuNbcTEZKg\image_3.jpg,https://www.propmarket.co.ls/properties/wssVndlTI_WCuNbcTEZKg,House,2,Contemporary,Urban,Good,,,,Urban,,possible_multi_unit,high,no,exclude,,,,,,"Auto-excluded in first-pass review because the row looks multi-unit, development stock, or mixed commercial inventory. Auto-excluded in first-pass review because the row looks multi-unit, development stock, or mixed commercial inventory.",,
propmarket-jT41y7YNeO5qGQ0Dj8lR0,propmarket,Ts'imo,Maseru,Masowe 1b Secondary School,sale,3500000,2,1,4,C:\Users\lepha\Documents\Codex\Real Estate System\generated\images\live\propmarket\propmarket-jT41y7YNeO5qGQ0Dj8lR0\image_1.jpg,C:\Users\lepha\Documents\Codex\Real Estate System\generated\images\live\propmarket\propmarket-jT41y7YNeO5qGQ0Dj8lR0\image_2.jpg,C:\Users\lepha\Documents\Codex\Real Estate System\generated\images\live\propmarket\propmarket-jT41y7YNeO5qGQ0Dj8lR0\image_3.jpg,https://www.propmarket.co.ls/properties/jT41y7YNeO5qGQ0Dj8lR0,House,2,Traditional,Urban,Good,,,,,,,low,yes,pending,,,,,,,,
propmarket-1TGCSDZG8y-BouNt6g0B6,propmarket,"3 Units, Malaene",Leribe,Ha Maqele,sale,280000,2,1,4,C:\Users\lepha\Documents\Codex\Real Estate System\generated\images\live\propmarket\propmarket-1TGCSDZG8y-BouNt6g0B6\image_1.jpg,C:\Users\lepha\Documents\Codex\Real Estate System\generated\images\live\propmarket\propmarket-1TGCSDZG8y-BouNt6g0B6\image_2.jpg,C:\Users\lepha\Documents\Codex\Real Estate System\generated\images\live\propmarket\propmarket-1TGCSDZG8y-BouNt6g0B6\image_3.jpg,https://www.propmarket.co.ls/properties/1TGCSDZG8y-BouNt6g0B6,House,2,Traditional,Suburban,Good,,,,,,possible_multi_unit,high,no,exclude,,,,,,"Auto-excluded in first-pass review because the row looks multi-unit, development stock, or mixed commercial inventory. Auto-excluded in first-pass review because the row looks multi-unit, development stock, or mixed commercial inventory.",,
propmarket-mrNXjggdJORKMuy1xzCJR,propmarket,House,Maseru,Linakotseng,sale,900000,2,1,2,C:\Users\lepha\Documents\Codex\Real Estate System\generated\images\live\propmarket\propmarket-mrNXjggdJORKMuy1xzCJR\image_1.jpg,C:\Users\lepha\Documents\Codex\Real Estate System\generated\images\live\propmarket\propmarket-mrNXjggdJORKMuy1xzCJR\image_2.jpg,,https://www.propmarket.co.ls/properties/mrNXjggdJORKMuy1xzCJR,House,2,Traditional,Suburban,Good,,,,Suburban,,low_image_count,medium,yes,pending,,,,,,,,
propmarket-xCJ9fuicyQRzWK5mXpAjJ,propmarket,"2 Bedrooms, House",Berea,Sekamaneng,sale,385000,2,1,4,C:\Users\lepha\Documents\Codex\Real Estate System\generated\images\live\propmarket\propmarket-xCJ9fuicyQRzWK5mXpAjJ\image_1.jpg,C:\Users\lepha\Documents\Codex\Real Estate System\generated\images\live\propmarket\propmarket-xCJ9fuicyQRzWK5mXpAjJ\image_2.jpg,C:\Users\lepha\Documents\Codex\Real Estate System\generated\images\live\propmarket\propmarket-xCJ9fuicyQRzWK5mXpAjJ\image_3.jpg,https://www.propmarket.co.ls/properties/xCJ9fuicyQRzWK5mXpAjJ,House,2,Traditional,Suburban,Good,2.0,2,,,,,low,yes,pending,,,,,,,,
propmarket-O5odO8OaNdZ-DmbkJ0mjS,propmarket,"1 Unit, 4 Bedrooms, House",Maseru,Matebeleng (ha Penapena),sale,8000000,4,3,5,C:\Users\lepha\Documents\Codex\Real Estate System\generated\images\live\propmarket\propmarket-O5odO8OaNdZ-DmbkJ0mjS\image_1.jpg,C:\Users\lepha\Documents\Codex\Real Estate System\generated\images\live\propmarket\propmarket-O5odO8OaNdZ-DmbkJ0mjS\image_2.jpg,C:\Users\lepha\Documents\Codex\Real Estate System\generated\images\live\propmarket\propmarket-O5odO8OaNdZ-DmbkJ0mjS\image_3.jpg,https://www.propmarket.co.ls/properties/O5odO8OaNdZ-DmbkJ0mjS,House,4,Family,Garden,Good,4.0,4,Family,Garden,,,low,yes,pending,,,,,,,,
propmarket-9TVOR113vm0u2plg3fZDR,propmarket,"6 Units, Malaene",Leribe,Sebothoane,sale,550000,2,1,3,C:\Users\lepha\Documents\Codex\Real Estate System\generated\images\live\propmarket\propmarket-9TVOR113vm0u2plg3fZDR\image_1.jpg,C:\Users\lepha\Documents\Codex\Real Estate System\generated\images\live\propmarket\propmarket-9TVOR113vm0u2plg3fZDR\image_2.jpg,C:\Users\lepha\Documents\Codex\Real Estate System\generated\images\live\propmarket\propmarket-9TVOR113vm0u2plg3fZDR\image_3.png,https://www.propmarket.co.ls/properties/9TVOR113vm0u2plg3fZDR,House,2,Traditional,Urban,Good,,,,Urban,,possible_multi_unit,high,no,exclude,,,,,,"Auto-excluded in first-pass review because the row looks multi-unit, development stock, or mixed commercial inventory. Auto-excluded in first-pass review because the row looks multi-unit, development stock, or mixed commercial inventory.",,
propmarket-SHzbMRolHH_oHOXcKZhBh,propmarket,"1 Unit, 1 Bedroom, House",Maseru,Masowe 1b Secondary School,sale,450000,1,1,5,C:\Users\lepha\Documents\Codex\Real Estate System\generated\images\live\propmarket\propmarket-SHzbMRolHH_oHOXcKZhBh\image_1.jpg,C:\Users\lepha\Documents\Codex\Real Estate System\generated\images\live\propmarket\propmarket-SHzbMRolHH_oHOXcKZhBh\image_2.jpg,C:\Users\lepha\Documents\Codex\Real Estate System\generated\images\live\propmarket\propmarket-SHzbMRolHH_oHOXcKZhBh\image_3.jpg,https://www.propmarket.co.ls/properties/SHzbMRolHH_oHOXcKZhBh,House,1,Traditional,Urban,Good,1.0,1,,,,,low,yes,pending,,,,,,,,
propmarket-Ykwq3hSjs-KFTfo1fFmoq,propmarket,"3 Units, Malaene",Leribe,Pitseng,sale,132000,2,1,3,C:\Users\lepha\Documents\Codex\Real Estate System\generated\images\live\propmarket\propmarket-Ykwq3hSjs-KFTfo1fFmoq\image_1.jpg,C:\Users\lepha\Documents\Codex\Real Estate System\generated\images\live\propmarket\propmarket-Ykwq3hSjs-KFTfo1fFmoq\image_2.jpg,C:\Users\lepha\Documents\Codex\Real Estate System\generated\images\live\propmarket\propmarket-Ykwq3hSjs-KFTfo1fFmoq\image_3.png,https://www.propmarket.co.ls/properties/Ykwq3hSjs-KFTfo1fFmoq,House,2,Traditional,Suburban,Good,,,,,,price_low_for_sale|possible_multi_unit,high,no,exclude,,,,,,"Auto-excluded in first-pass review because the row looks multi-unit, development stock, or mixed commercial inventory. Auto-excluded in first-pass review because the row looks multi-unit, development stock, or mixed commercial inventory.",,
propmarket-OvKX0vFoL9BCXgddpDgW5,propmarket,"1 Unit, 3 Bedrooms, House",Maseru,Masowe 1b Secondary School,sale,1500000,3,2,5,C:\Users\lepha\Documents\Codex\Real Estate System\generated\images\live\propmarket\propmarket-OvKX0vFoL9BCXgddpDgW5\image_1.jpg,C:\Users\lepha\Documents\Codex\Real Estate System\generated\images\live\propmarket\propmarket-OvKX0vFoL9BCXgddpDgW5\image_2.jpg,C:\Users\lepha\Documents\Codex\Real Estate System\generated\images\live\propmarket\propmarket-OvKX0vFoL9BCXgddpDgW5\image_3.jpg,https://www.propmarket.co.ls/properties/OvKX0vFoL9BCXgddpDgW5,House,3,Traditional,Urban,New,3.0,3,Modern,,New,style_mismatch:Traditional->Modern,medium,yes,pending,,,,,,,,
propmarket-T80coq4ZCv5wilIHiNhAS,propmarket,"1 Unit, 3 Bedrooms, House",Berea,Khubetsoana,sale,880000,3,1,5,C:\Users\lepha\Documents\Codex\Real Estate System\generated\images\live\propmarket\propmarket-T80coq4ZCv5wilIHiNhAS\image_1.jpg,C:\Users\lepha\Documents\Codex\Real Estate System\generated\images\live\propmarket\propmarket-T80coq4ZCv5wilIHiNhAS\image_2.jpg,C:\Users\lepha\Documents\Codex\Real Estate System\generated\images\live\propmarket\propmarket-T80coq4ZCv5wilIHiNhAS\image_3.jpg,https://www.propmarket.co.ls/properties/T80coq4ZCv5wilIHiNhAS,House,3,Traditional,Suburban,Good,3.0,3,,,,,low,yes,pending,,,,,,,,
propmarket-4XjZvx02GUGgPxbTk5Jml,propmarket,"1 Unit, 4 Bedrooms, House",Maseru,Thetsane West,sale,8800000,4,3,5,C:\Users\lepha\Documents\Codex\Real Estate System\generated\images\live\propmarket\propmarket-4XjZvx02GUGgPxbTk5Jml\image_1.jpg,C:\Users\lepha\Documents\Codex\Real Estate System\generated\images\live\propmarket\propmarket-4XjZvx02GUGgPxbTk5Jml\image_2.jpg,C:\Users\lepha\Documents\Codex\Real Estate System\generated\images\live\propmarket\propmarket-4XjZvx02GUGgPxbTk5Jml\image_3.jpg,https://www.propmarket.co.ls/properties/4XjZvx02GUGgPxbTk5Jml,House,4,Family,Garden,Good,4.0,4,Family,Garden,,possible_commercial_mix,high,no,exclude,,,,,,"Auto-excluded in first-pass review because the row looks multi-unit, development stock, or mixed commercial inventory. Auto-excluded in first-pass review because the row looks multi-unit, development stock, or mixed commercial inventory.",,
propmarket-m9QjRcxQJVRg1g2MaiFdv,propmarket,"1 Unit, 3 Bedrooms, House",Maseru,Masowe 1b Secondary School,sale,1380000,3,2,5,C:\Users\lepha\Documents\Codex\Real Estate System\generated\images\live\propmarket\propmarket-m9QjRcxQJVRg1g2MaiFdv\image_1.jpg,C:\Users\lepha\Documents\Codex\Real Estate System\generated\images\live\propmarket\propmarket-m9QjRcxQJVRg1g2MaiFdv\image_2.jpg,C:\Users\lepha\Documents\Codex\Real Estate System\generated\images\live\propmarket\propmarket-m9QjRcxQJVRg1g2MaiFdv\image_3.jpg,https://www.propmarket.co.ls/properties/m9QjRcxQJVRg1g2MaiFdv,House,3,Family,Garden,Good,3.0,3,Family,Garden,,,low,yes,pending,,,,,,,,
propmarket-3RnybDOD-2YqSMafIGIAh,propmarket,"2 Bedrooms, House",Maseru,Maseru West,rent,7500,2,1,4,C:\Users\lepha\Documents\Codex\Real Estate System\generated\images\live\propmarket\propmarket-3RnybDOD-2YqSMafIGIAh\image_1.jpg,C:\Users\lepha\Documents\Codex\Real Estate System\generated\images\live\propmarket\propmarket-3RnybDOD-2YqSMafIGIAh\image_2.jpg,C:\Users\lepha\Documents\Codex\Real Estate System\generated\images\live\propmarket\propmarket-3RnybDOD-2YqSMafIGIAh\image_3.jpg,https://www.propmarket.co.ls/properties/3RnybDOD-2YqSMafIGIAh,House,2,Family,Garden,Good,2.0,2,Family,Garden,,,low,yes,pending,,,,,,,,
propmarket-nls9QlmJwLy4dpocbUFiM,propmarket,"2 Bedrooms, House",Maseru,Masowe 1b Secondary School,sale,900000,2,1,4,C:\Users\lepha\Documents\Codex\Real Estate System\generated\images\live\propmarket\propmarket-nls9QlmJwLy4dpocbUFiM\image_1.jpg,C:\Users\lepha\Documents\Codex\Real Estate System\generated\images\live\propmarket\propmarket-nls9QlmJwLy4dpocbUFiM\image_2.jpg,C:\Users\lepha\Documents\Codex\Real Estate System\generated\images\live\propmarket\propmarket-nls9QlmJwLy4dpocbUFiM\image_3.jpg,https://www.propmarket.co.ls/properties/nls9QlmJwLy4dpocbUFiM,House,2,Family,Garden,Good,2.0,2,Family,Garden,,,low,yes,pending,,,,,,,,
propmarket-nBh-J6zgL-wG9t3lBDTP1,propmarket,House,Maseru,Masowe 1b Secondary School,sale,1500000,2,1,4,C:\Users\lepha\Documents\Codex\Real Estate System\generated\images\live\propmarket\propmarket-nBh-J6zgL-wG9t3lBDTP1\image_1.jpg,C:\Users\lepha\Documents\Codex\Real Estate System\generated\images\live\propmarket\propmarket-nBh-J6zgL-wG9t3lBDTP1\image_2.jpg,C:\Users\lepha\Documents\Codex\Real Estate System\generated\images\live\propmarket\propmarket-nBh-J6zgL-wG9t3lBDTP1\image_3.jpg,https://www.propmarket.co.ls/properties/nBh-J6zgL-wG9t3lBDTP1,House,2,Traditional,Urban,New,,,Modern,,New,style_mismatch:Traditional->Modern,medium,yes,pending,,,,,,,,
propmarket-l5AZS5MGZGzwtbKIzLZv0,propmarket,"1 Bedroom, House",Maseru,Semphetenyane,sale,360000,1,1,5,C:\Users\lepha\Documents\Codex\Real Estate System\generated\images\live\propmarket\propmarket-l5AZS5MGZGzwtbKIzLZv0\image_1.jpg,C:\Users\lepha\Documents\Codex\Real Estate System\generated\images\live\propmarket\propmarket-l5AZS5MGZGzwtbKIzLZv0\image_2.jpg,C:\Users\lepha\Documents\Codex\Real Estate System\generated\images\live\propmarket\propmarket-l5AZS5MGZGzwtbKIzLZv0\image_3.jpg,https://www.propmarket.co.ls/properties/l5AZS5MGZGzwtbKIzLZv0,House,1,Family,Garden,Good,1.0,1,Family,Garden,,,low,yes,pending,,,,,,,,
propmarket-ja9gqmVOVSWsiUiMvnC4D,propmarket,"3 Bedrooms, House",Berea,Berea District,sale,280000,3,1,4,C:\Users\lepha\Documents\Codex\Real Estate System\generated\images\live\propmarket\propmarket-ja9gqmVOVSWsiUiMvnC4D\image_1.jpg,C:\Users\lepha\Documents\Codex\Real Estate System\generated\images\live\propmarket\propmarket-ja9gqmVOVSWsiUiMvnC4D\image_2.jpg,C:\Users\lepha\Documents\Codex\Real Estate System\generated\images\live\propmarket\propmarket-ja9gqmVOVSWsiUiMvnC4D\image_3.jpg,https://www.propmarket.co.ls/properties/ja9gqmVOVSWsiUiMvnC4D,House,3,Traditional,Suburban,Good,3.0,3,,,,,low,yes,pending,,,,,,,,
propmarket-koAjyqx2CBEE9cLC1YdK7,propmarket,House,Leribe,Ha Maqele,sale,160000,2,1,2,C:\Users\lepha\Documents\Codex\Real Estate System\generated\images\live\propmarket\propmarket-koAjyqx2CBEE9cLC1YdK7\image_1.jpg,C:\Users\lepha\Documents\Codex\Real Estate System\generated\images\live\propmarket\propmarket-koAjyqx2CBEE9cLC1YdK7\image_2.jpg,,https://www.propmarket.co.ls/properties/koAjyqx2CBEE9cLC1YdK7,House,2,Traditional,Suburban,Good,,,,,,low_image_count,medium,yes,pending,,,,,,,,
propmarket-XvIngChWMiLyNmmUYOK-8,propmarket,"4 Bedrooms, House",Maseru,Upper Thamae,sale,1450000,4,1,4,C:\Users\lepha\Documents\Codex\Real Estate System\generated\images\live\propmarket\propmarket-XvIngChWMiLyNmmUYOK-8\image_1.jpg,C:\Users\lepha\Documents\Codex\Real Estate System\generated\images\live\propmarket\propmarket-XvIngChWMiLyNmmUYOK-8\image_2.jpg,C:\Users\lepha\Documents\Codex\Real Estate System\generated\images\live\propmarket\propmarket-XvIngChWMiLyNmmUYOK-8\image_3.jpg,https://www.propmarket.co.ls/properties/XvIngChWMiLyNmmUYOK-8,House,4,Traditional,Suburban,Good,4.0,4,,,,,low,yes,pending,,,,,,,,
propmarket-KMeb_ngqmeHEhth1Ue1eQ,propmarket,House,Maseru,Ha Tsolo,sale,220000,2,1,5,C:\Users\lepha\Documents\Codex\Real Estate System\generated\images\live\propmarket\propmarket-KMeb_ngqmeHEhth1Ue1eQ\image_1.jpg,C:\Users\lepha\Documents\Codex\Real Estate System\generated\images\live\propmarket\propmarket-KMeb_ngqmeHEhth1Ue1eQ\image_2.jpg,C:\Users\lepha\Documents\Codex\Real Estate System\generated\images\live\propmarket\propmarket-KMeb_ngqmeHEhth1Ue1eQ\image_3.jpg,https://www.propmarket.co.ls/properties/KMeb_ngqmeHEhth1Ue1eQ,House,2,Traditional,Suburban,Good,3.0,3,,,,bedroom_mismatch:2->3,high,yes,reviewed,3,3,,,,Auto-corrected bedroom label from 2 to 3 using title/description text. Auto-corrected bedroom label from 2 to 3 using title/description text.,,
propmarket-IYJW418V9raGndz6_Ict0,propmarket,"1 Unit, 4 Bedrooms, House",Berea,Ha Foso Encroachment Boundary,sale,4500000,4,3,5,C:\Users\lepha\Documents\Codex\Real Estate System\generated\images\live\propmarket\propmarket-IYJW418V9raGndz6_Ict0\image_1.jpg,C:\Users\lepha\Documents\Codex\Real Estate System\generated\images\live\propmarket\propmarket-IYJW418V9raGndz6_Ict0\image_2.jpg,C:\Users\lepha\Documents\Codex\Real Estate System\generated\images\live\propmarket\propmarket-IYJW418V9raGndz6_Ict0\image_3.jpg,https://www.propmarket.co.ls/properties/IYJW418V9raGndz6_Ict0,House,4,Contemporary,Suburban,Good,4.0,4,,,,possible_commercial_mix,high,no,exclude,,,,,,"Auto-excluded in first-pass review because the row looks multi-unit, development stock, or mixed commercial inventory. Auto-excluded in first-pass review because the row looks multi-unit, development stock, or mixed commercial inventory.",,
propmarket-Y05g7baITID25N3SEnYbU,propmarket,"4 Bedrooms, House",Berea,Ha Molemane (teyateyaneng),sale,550000,4,1,5,C:\Users\lepha\Documents\Codex\Real Estate System\generated\images\live\propmarket\propmarket-Y05g7baITID25N3SEnYbU\image_1.jpg,C:\Users\lepha\Documents\Codex\Real Estate System\generated\images\live\propmarket\propmarket-Y05g7baITID25N3SEnYbU\image_2.jpg,C:\Users\lepha\Documents\Codex\Real Estate System\generated\images\live\propmarket\propmarket-Y05g7baITID25N3SEnYbU\image_3.jpg,https://www.propmarket.co.ls/properties/Y05g7baITID25N3SEnYbU,House,4,Traditional,Suburban,Good,4.0,4,,,,,low,yes,pending,,,,,,,,
propmarket-a-9XGDaOdmtAmWzmx-Om7,propmarket,"1 Unit, 5 Bedrooms, House",Maseru,Thetsane West,sale,2500000,5,4,5,C:\Users\lepha\Documents\Codex\Real Estate System\generated\images\live\propmarket\propmarket-a-9XGDaOdmtAmWzmx-Om7\image_1.jpg,C:\Users\lepha\Documents\Codex\Real Estate System\generated\images\live\propmarket\propmarket-a-9XGDaOdmtAmWzmx-Om7\image_2.jpg,C:\Users\lepha\Documents\Codex\Real Estate System\generated\images\live\propmarket\propmarket-a-9XGDaOdmtAmWzmx-Om7\image_3.jpg,https://www.propmarket.co.ls/properties/a-9XGDaOdmtAmWzmx-Om7,House,5+,Traditional,Suburban,Good,5.0,5+,,Suburban,,,low,yes,pending,,,,,,,,
propmarket-Wbem7ToH5hoGekMnXfujX,propmarket,"1 Unit, 3 Bedrooms, House",Maseru,Thetsane,sale,1300000,3,1,5,C:\Users\lepha\Documents\Codex\Real Estate System\generated\images\live\propmarket\propmarket-Wbem7ToH5hoGekMnXfujX\image_1.jpg,C:\Users\lepha\Documents\Codex\Real Estate System\generated\images\live\propmarket\propmarket-Wbem7ToH5hoGekMnXfujX\image_2.jpg,C:\Users\lepha\Documents\Codex\Real Estate System\generated\images\live\propmarket\propmarket-Wbem7ToH5hoGekMnXfujX\image_3.jpg,https://www.propmarket.co.ls/properties/Wbem7ToH5hoGekMnXfujX,House,3,Traditional,Suburban,Good,3.0,3,,Suburban,,,low,yes,pending,,,,,,,,
propmarket-4YZkI1yISxnPgV90pw5YJ,propmarket,House,Maseru,Qoaling,sale,200000,2,1,3,C:\Users\lepha\Documents\Codex\Real Estate System\generated\images\live\propmarket\propmarket-4YZkI1yISxnPgV90pw5YJ\image_1.jpg,C:\Users\lepha\Documents\Codex\Real Estate System\generated\images\live\propmarket\propmarket-4YZkI1yISxnPgV90pw5YJ\image_2.jpg,C:\Users\lepha\Documents\Codex\Real Estate System\generated\images\live\propmarket\propmarket-4YZkI1yISxnPgV90pw5YJ\image_3.jpg,https://www.propmarket.co.ls/properties/4YZkI1yISxnPgV90pw5YJ,House,2,Traditional,Urban,Good,,,,Urban,,,low,yes,pending,,,,,,,,
propmarket-ejZaTI8NyE8VAUyPV9DyB,propmarket,House,Berea,Naleli,sale,200000,2,1,3,C:\Users\lepha\Documents\Codex\Real Estate System\generated\images\live\propmarket\propmarket-ejZaTI8NyE8VAUyPV9DyB\image_1.jpg,C:\Users\lepha\Documents\Codex\Real Estate System\generated\images\live\propmarket\propmarket-ejZaTI8NyE8VAUyPV9DyB\image_2.jpg,C:\Users\lepha\Documents\Codex\Real Estate System\generated\images\live\propmarket\propmarket-ejZaTI8NyE8VAUyPV9DyB\image_3.jpg,https://www.propmarket.co.ls/properties/ejZaTI8NyE8VAUyPV9DyB,House,2,Traditional,Suburban,Good,,,,,,,low,yes,pending,,,,,,,,
propmarket-j3HHabaZk5jju5KGPI3hO,propmarket,House,Maseru,Ha Makhoathi,sale,280000,2,1,2,C:\Users\lepha\Documents\Codex\Real Estate System\generated\images\live\propmarket\propmarket-j3HHabaZk5jju5KGPI3hO\image_1.jpg,C:\Users\lepha\Documents\Codex\Real Estate System\generated\images\live\propmarket\propmarket-j3HHabaZk5jju5KGPI3hO\image_2.jpg,,https://www.propmarket.co.ls/properties/j3HHabaZk5jju5KGPI3hO,House,2,Traditional,Suburban,Good,,,,,,low_image_count,medium,yes,pending,,,,,,,,
propmarket--PU4IsWuHBzS_p3BbNzHc,propmarket,"1 Unit, 4 Bedrooms, House",Maseru,Thetsane,rent,10000,4,2,5,C:\Users\lepha\Documents\Codex\Real Estate System\generated\images\live\propmarket\propmarket--PU4IsWuHBzS_p3BbNzHc\image_1.jpg,C:\Users\lepha\Documents\Codex\Real Estate System\generated\images\live\propmarket\propmarket--PU4IsWuHBzS_p3BbNzHc\image_2.jpg,C:\Users\lepha\Documents\Codex\Real Estate System\generated\images\live\propmarket\propmarket--PU4IsWuHBzS_p3BbNzHc\image_3.jpg,https://www.propmarket.co.ls/properties/-PU4IsWuHBzS_p3BbNzHc,House,4,Traditional,Suburban,Good,4.0,4,,Suburban,,,low,yes,pending,,,,,,,,
propmarket-mSDkRG2KzsLtG8Si11Z3M,propmarket,"6 Bedrooms, House",Berea,Khubetsoana,sale,610000,6,1,5,C:\Users\lepha\Documents\Codex\Real Estate System\generated\images\live\propmarket\propmarket-mSDkRG2KzsLtG8Si11Z3M\image_1.jpg,C:\Users\lepha\Documents\Codex\Real Estate System\generated\images\live\propmarket\propmarket-mSDkRG2KzsLtG8Si11Z3M\image_2.jpg,C:\Users\lepha\Documents\Codex\Real Estate System\generated\images\live\propmarket\propmarket-mSDkRG2KzsLtG8Si11Z3M\image_3.jpg,https://www.propmarket.co.ls/properties/mSDkRG2KzsLtG8Si11Z3M,House,5+,Traditional,Urban,Good,6.0,5+,,Urban,,,low,yes,pending,,,,,,,,
propmarket-0wVaAjYyMb9zvZ21h07Nv,propmarket,"6 Units, Malaene",Maseru,Semphetenyane,rent,700,2,1,1,C:\Users\lepha\Documents\Codex\Real Estate System\generated\images\live\propmarket\propmarket-0wVaAjYyMb9zvZ21h07Nv\image_1.jpg,,,https://www.propmarket.co.ls/properties/0wVaAjYyMb9zvZ21h07Nv,House,2,Traditional,Suburban,Good,,,,,,possible_multi_unit|low_image_count,high,no,exclude,,,,,,"Auto-excluded in first-pass review because the row looks multi-unit, development stock, or mixed commercial inventory. Auto-excluded in first-pass review because the row looks multi-unit, development stock, or mixed commercial inventory.",,
propmarket-aM6ckUqUTQAeCrVffUgXP,propmarket,"1 Unit, 3 Bedrooms, House",Maseru,Masowe 1b Secondary School,rent,10000,3,2,5,C:\Users\lepha\Documents\Codex\Real Estate System\generated\images\live\propmarket\propmarket-aM6ckUqUTQAeCrVffUgXP\image_1.jpg,C:\Users\lepha\Documents\Codex\Real Estate System\generated\images\live\propmarket\propmarket-aM6ckUqUTQAeCrVffUgXP\image_2.jpg,C:\Users\lepha\Documents\Codex\Real Estate System\generated\images\live\propmarket\propmarket-aM6ckUqUTQAeCrVffUgXP\image_3.jpg,https://www.propmarket.co.ls/properties/aM6ckUqUTQAeCrVffUgXP,House,3,Traditional,Hillside,Good,3.0,3,,Hillside,,,low,yes,pending,,,,,,,,
propmarket-2bF-CRw-e4qKdo-eLRCBo,propmarket,Ts'imo,Maseru,Thaba Bosiu,sale,650000,2,1,2,C:\Users\lepha\Documents\Codex\Real Estate System\generated\images\live\propmarket\propmarket-2bF-CRw-e4qKdo-eLRCBo\image_1.jpg,C:\Users\lepha\Documents\Codex\Real Estate System\generated\images\live\propmarket\propmarket-2bF-CRw-e4qKdo-eLRCBo\image_2.jpg,,https://www.propmarket.co.ls/properties/2bF-CRw-e4qKdo-eLRCBo,House,2,Traditional,Suburban,Good,,,,,,low_image_count,medium,yes,pending,,,,,,,,
propmarket-DrJCrRkJw95EXBdhYcmvv,propmarket,"1 Unit, 4 Bedrooms, House",Maseru,Makhoakhoeng,sale,2000000,4,4,5,C:\Users\lepha\Documents\Codex\Real Estate System\generated\images\live\propmarket\propmarket-DrJCrRkJw95EXBdhYcmvv\image_1.jpg,C:\Users\lepha\Documents\Codex\Real Estate System\generated\images\live\propmarket\propmarket-DrJCrRkJw95EXBdhYcmvv\image_2.jpg,C:\Users\lepha\Documents\Codex\Real Estate System\generated\images\live\propmarket\propmarket-DrJCrRkJw95EXBdhYcmvv\image_3.jpg,https://www.propmarket.co.ls/properties/DrJCrRkJw95EXBdhYcmvv,House,4,Family,Garden,Good,4.0,4,Family,Garden,,,low,yes,pending,,,,,,,,
propmarket-eKtZPqpFnWagM96VvdNEm,propmarket,House,Berea,Khubetsoana,sale,870000,2,1,5,C:\Users\lepha\Documents\Codex\Real Estate System\generated\images\live\propmarket\propmarket-eKtZPqpFnWagM96VvdNEm\image_1.jpg,C:\Users\lepha\Documents\Codex\Real Estate System\generated\images\live\propmarket\propmarket-eKtZPqpFnWagM96VvdNEm\image_2.jpg,C:\Users\lepha\Documents\Codex\Real Estate System\generated\images\live\propmarket\propmarket-eKtZPqpFnWagM96VvdNEm\image_3.jpg,https://www.propmarket.co.ls/properties/eKtZPqpFnWagM96VvdNEm,House,2,Traditional,Suburban,Good,,,,,,,low,yes,pending,,,,,,,,
propmarket-_7r_OHVPYyShfQ4a1C5iR,propmarket,"3 Bedrooms, House",Maseru,Matebeleng (ha Penapena),sale,1650000,3,2,5,C:\Users\lepha\Documents\Codex\Real Estate System\generated\images\live\propmarket\propmarket-_7r_OHVPYyShfQ4a1C5iR\image_1.jpg,C:\Users\lepha\Documents\Codex\Real Estate System\generated\images\live\propmarket\propmarket-_7r_OHVPYyShfQ4a1C5iR\image_2.jpg,C:\Users\lepha\Documents\Codex\Real Estate System\generated\images\live\propmarket\propmarket-_7r_OHVPYyShfQ4a1C5iR\image_3.jpg,https://www.propmarket.co.ls/properties/_7r_OHVPYyShfQ4a1C5iR,House,3,Traditional,Urban,Good,3.0,3,,Urban,,,low,yes,pending,,,,,,,,
propmarket-O7-7uG7XBPFqSDMvjAK-q,propmarket,"1 Unit, 3 Bedrooms, House",Maseru,Mazenod,sale,790000,3,2,5,C:\Users\lepha\Documents\Codex\Real Estate System\generated\images\live\propmarket\propmarket-O7-7uG7XBPFqSDMvjAK-q\image_1.jpg,C:\Users\lepha\Documents\Codex\Real Estate System\generated\images\live\propmarket\propmarket-O7-7uG7XBPFqSDMvjAK-q\image_2.jpg,C:\Users\lepha\Documents\Codex\Real Estate System\generated\images\live\propmarket\propmarket-O7-7uG7XBPFqSDMvjAK-q\image_3.jpg,https://www.propmarket.co.ls/properties/O7-7uG7XBPFqSDMvjAK-q,House,3,Traditional,Hillside,Good,3.0,3,,Hillside,,,low,yes,pending,,,,,,,,
propmarket-mL1cMvyeAV8Y4eLF-1eKx,propmarket,"1 Unit, 4 Bedrooms, House",Maseru,Thetsane,sale,2800000,4,3,5,C:\Users\lepha\Documents\Codex\Real Estate System\generated\images\live\propmarket\propmarket-mL1cMvyeAV8Y4eLF-1eKx\image_1.jpg,C:\Users\lepha\Documents\Codex\Real Estate System\generated\images\live\propmarket\propmarket-mL1cMvyeAV8Y4eLF-1eKx\image_2.jpg,C:\Users\lepha\Documents\Codex\Real Estate System\generated\images\live\propmarket\propmarket-mL1cMvyeAV8Y4eLF-1eKx\image_3.jpg,https://www.propmarket.co.ls/properties/mL1cMvyeAV8Y4eLF-1eKx,House,4,Traditional,Suburban,Good,4.0,4,,Suburban,,,low,yes,pending,,,,,,,,
propmarket-T35gU6I6C2_rb4DisUUSd,propmarket,House,Berea,Mapoteng,sale,55000,2,1,2,C:\Users\lepha\Documents\Codex\Real Estate System\generated\images\live\propmarket\propmarket-T35gU6I6C2_rb4DisUUSd\image_1.jpg,C:\Users\lepha\Documents\Codex\Real Estate System\generated\images\live\propmarket\propmarket-T35gU6I6C2_rb4DisUUSd\image_2.png,,https://www.propmarket.co.ls/properties/T35gU6I6C2_rb4DisUUSd,House,2,Traditional,Urban,Good,,,,Urban,,price_low_for_sale|low_image_count,high,yes,reviewed,,,,,,nan Checked manually: keep. Low price may be plausible for a small 2-room house and weak servicing.,,
propmarket-YC3XPozCJANd8OtWIG21M,propmarket,"3 Bedrooms, House",Maseru,Masowe 2,rent,20000,3,3,4,C:\Users\lepha\Documents\Codex\Real Estate System\generated\images\live\propmarket\propmarket-YC3XPozCJANd8OtWIG21M\image_1.jpg,C:\Users\lepha\Documents\Codex\Real Estate System\generated\images\live\propmarket\propmarket-YC3XPozCJANd8OtWIG21M\image_2.jpg,C:\Users\lepha\Documents\Codex\Real Estate System\generated\images\live\propmarket\propmarket-YC3XPozCJANd8OtWIG21M\image_3.jpg,https://www.propmarket.co.ls/properties/YC3XPozCJANd8OtWIG21M,House,3,Traditional,Urban,Good,3.0,3,,,,,low,yes,pending,,,,,,,,
propmarket-Ag2B3-jVbkea7aQOhCs0M,propmarket,"1 Unit, 4 Bedrooms, House",Maseru,Lower Thetsane,rent,35000,4,2,5,C:\Users\lepha\Documents\Codex\Real Estate System\generated\images\live\propmarket\propmarket-Ag2B3-jVbkea7aQOhCs0M\image_1.jpg,C:\Users\lepha\Documents\Codex\Real Estate System\generated\images\live\propmarket\propmarket-Ag2B3-jVbkea7aQOhCs0M\image_2.jpg,C:\Users\lepha\Documents\Codex\Real Estate System\generated\images\live\propmarket\propmarket-Ag2B3-jVbkea7aQOhCs0M\image_3.jpg,https://www.propmarket.co.ls/properties/Ag2B3-jVbkea7aQOhCs0M,House,4,Family,Garden,Good,4.0,4,Family,Suburban,,environment_mismatch:Garden->Suburban|possible_commercial_mix,high,no,exclude,,,,,,"Auto-excluded in first-pass review because the row looks multi-unit, development stock, or mixed commercial inventory. Auto-excluded in first-pass review because the row looks multi-unit, development stock, or mixed commercial inventory.",,
propmarket-QKGMw79wnUuLy3qo91gUp,propmarket,"1 Unit, 3 Bedrooms, House",Mohale's Hoek,Mohale's Hoek District,sale,2500000,3,3,5,C:\Users\lepha\Documents\Codex\Real Estate System\generated\images\live\propmarket\propmarket-QKGMw79wnUuLy3qo91gUp\image_1.jpg,C:\Users\lepha\Documents\Codex\Real Estate System\generated\images\live\propmarket\propmarket-QKGMw79wnUuLy3qo91gUp\image_2.jpg,C:\Users\lepha\Documents\Codex\Real Estate System\generated\images\live\propmarket\propmarket-QKGMw79wnUuLy3qo91gUp\image_3.jpg,https://www.propmarket.co.ls/properties/QKGMw79wnUuLy3qo91gUp,House,3,Traditional,Hillside,Good,3.0,3,,,,,low,yes,pending,,,,,,,,
propmarket-K4RC6E05MYaUlpJjvzZrs,propmarket,"1 Unit, 3 Bedrooms, House",Maseru,Mazenod,sale,1250000,3,2,5,C:\Users\lepha\Documents\Codex\Real Estate System\generated\images\live\propmarket\propmarket-K4RC6E05MYaUlpJjvzZrs\image_1.jpg,C:\Users\lepha\Documents\Codex\Real Estate System\generated\images\live\propmarket\propmarket-K4RC6E05MYaUlpJjvzZrs\image_2.jpg,C:\Users\lepha\Documents\Codex\Real Estate System\generated\images\live\propmarket\propmarket-K4RC6E05MYaUlpJjvzZrs\image_3.jpg,https://www.propmarket.co.ls/properties/K4RC6E05MYaUlpJjvzZrs,House,3,Family,Urban,Good,3.0,3,Family,Urban,,,low,yes,pending,,,,,,,,
propmarket-IGB_u0NO-YdMcU2P4Y5gn,propmarket,"1 Unit, 3 Bedrooms, House",Maseru,Katlehong,rent,20000,3,3,5,C:\Users\lepha\Documents\Codex\Real Estate System\generated\images\live\propmarket\propmarket-IGB_u0NO-YdMcU2P4Y5gn\image_1.jpg,C:\Users\lepha\Documents\Codex\Real Estate System\generated\images\live\propmarket\propmarket-IGB_u0NO-YdMcU2P4Y5gn\image_2.jpg,C:\Users\lepha\Documents\Codex\Real Estate System\generated\images\live\propmarket\propmarket-IGB_u0NO-YdMcU2P4Y5gn\image_3.jpg,https://www.propmarket.co.ls/properties/IGB_u0NO-YdMcU2P4Y5gn,House,3,Family,Garden,Good,3.0,3,Family,Garden,,,low,yes,pending,,,,,,,,
propmarket-T54rOIcncaagQdinoCkYX,propmarket,"1 Unit, 3 Bedrooms, House",Maseru,1 Unit,sale,2500000,3,2,5,C:\Users\lepha\Documents\Codex\Real Estate System\generated\images\live\propmarket\propmarket-T54rOIcncaagQdinoCkYX\image_1.jpg,C:\Users\lepha\Documents\Codex\Real Estate System\generated\images\live\propmarket\propmarket-T54rOIcncaagQdinoCkYX\image_2.jpg,C:\Users\lepha\Documents\Codex\Real Estate System\generated\images\live\propmarket\propmarket-T54rOIcncaagQdinoCkYX\image_3.jpg,https://www.propmarket.co.ls/properties/T54rOIcncaagQdinoCkYX,House,3,Modern,Garden,New,3.0,3,Modern,Garden,,,low,yes,pending,,,,,,,,
propmarket-2CFUoaCIwCd1l-DFYy5P0,propmarket,"1 Unit, 3 Bedrooms, House",Maseru,Thetsane West,sale,2000000,3,2,5,C:\Users\lepha\Documents\Codex\Real Estate System\generated\images\live\propmarket\propmarket-2CFUoaCIwCd1l-DFYy5P0\image_1.jpg,C:\Users\lepha\Documents\Codex\Real Estate System\generated\images\live\propmarket\propmarket-2CFUoaCIwCd1l-DFYy5P0\image_2.jpg,C:\Users\lepha\Documents\Codex\Real Estate System\generated\images\live\propmarket\propmarket-2CFUoaCIwCd1l-DFYy5P0\image_3.jpg,https://www.propmarket.co.ls/properties/2CFUoaCIwCd1l-DFYy5P0,House,3,Modern,Suburban,New,3.0,3,Modern,Suburban,,,low,yes,pending,,,,,,,,
propmarket-BfaRxRjhHmxMEA2e2cHGG,propmarket,Malaene,Maseru,Maseru South,sale,220000,2,1,3,C:\Users\lepha\Documents\Codex\Real Estate System\generated\images\live\propmarket\propmarket-BfaRxRjhHmxMEA2e2cHGG\image_1.jpg,C:\Users\lepha\Documents\Codex\Real Estate System\generated\images\live\propmarket\propmarket-BfaRxRjhHmxMEA2e2cHGG\image_2.jpg,C:\Users\lepha\Documents\Codex\Real Estate System\generated\images\live\propmarket\propmarket-BfaRxRjhHmxMEA2e2cHGG\image_3.jpg,https://www.propmarket.co.ls/properties/BfaRxRjhHmxMEA2e2cHGG,House,2,Traditional,Urban,New,,,Modern,Urban,New,style_mismatch:Traditional->Modern,medium,yes,pending,,,,,,,,
propmarket-QSy-moFe5DmZahW2GUmmh,propmarket,"1 Unit, 5 Bedrooms, House",Berea,Khubetsoana,sale,1900000,5,4,5,C:\Users\lepha\Documents\Codex\Real Estate System\generated\images\live\propmarket\propmarket-QSy-moFe5DmZahW2GUmmh\image_1.jpg,C:\Users\lepha\Documents\Codex\Real Estate System\generated\images\live\propmarket\propmarket-QSy-moFe5DmZahW2GUmmh\image_2.jpg,C:\Users\lepha\Documents\Codex\Real Estate System\generated\images\live\propmarket\propmarket-QSy-moFe5DmZahW2GUmmh\image_3.jpg,https://www.propmarket.co.ls/properties/QSy-moFe5DmZahW2GUmmh,House,5+,Traditional,Suburban,Good,5.0,5+,,,,,low,yes,pending,,,,,,,,
propmarket-wb4n0Rbvz3Y9IuKoCfUnJ,propmarket,"1 Unit, 1 Bedroom, House",Maseru,Ha Tsolo,sale,200000,1,0,5,C:\Users\lepha\Documents\Codex\Real Estate System\generated\images\live\propmarket\propmarket-wb4n0Rbvz3Y9IuKoCfUnJ\image_1.jpg,C:\Users\lepha\Documents\Codex\Real Estate System\generated\images\live\propmarket\propmarket-wb4n0Rbvz3Y9IuKoCfUnJ\image_2.jpg,C:\Users\lepha\Documents\Codex\Real Estate System\generated\images\live\propmarket\propmarket-wb4n0Rbvz3Y9IuKoCfUnJ\image_3.jpg,https://www.propmarket.co.ls/properties/wb4n0Rbvz3Y9IuKoCfUnJ,House,1,Traditional,Urban,Good,1.0,1,,Urban,,,low,yes,pending,,,,,,,,
propmarket-SjwlnIr-wdhuZlpAriMhK,propmarket,House,Maseru,Mazenod,sale,385000,2,1,5,C:\Users\lepha\Documents\Codex\Real Estate System\generated\images\live\propmarket\propmarket-SjwlnIr-wdhuZlpAriMhK\image_1.jpg,C:\Users\lepha\Documents\Codex\Real Estate System\generated\images\live\propmarket\propmarket-SjwlnIr-wdhuZlpAriMhK\image_2.jpg,C:\Users\lepha\Documents\Codex\Real Estate System\generated\images\live\propmarket\propmarket-SjwlnIr-wdhuZlpAriMhK\image_3.jpg,https://www.propmarket.co.ls/properties/SjwlnIr-wdhuZlpAriMhK,House,2,Traditional,Urban,Good,,,,Urban,,,low,yes,pending,,,,,,,,
propmarket-COK7x2IaR44RtYWMzf3u_,propmarket,"1 Unit, 3 Bedrooms, House",Maseru,1 Unit,sale,1400000,3,2,5,C:\Users\lepha\Documents\Codex\Real Estate System\generated\images\live\propmarket\propmarket-COK7x2IaR44RtYWMzf3u_\image_1.jpg,C:\Users\lepha\Documents\Codex\Real Estate System\generated\images\live\propmarket\propmarket-COK7x2IaR44RtYWMzf3u_\image_2.jpg,C:\Users\lepha\Documents\Codex\Real Estate System\generated\images\live\propmarket\propmarket-COK7x2IaR44RtYWMzf3u_\image_3.jpg,https://www.propmarket.co.ls/properties/COK7x2IaR44RtYWMzf3u_,House,3,Family,Garden,Good,3.0,3,Family,Garden,,,low,yes,pending,,,,,,,,
propmarket-hqQlr-gSZWjnLncwKu3Ck,propmarket,"3 Bedrooms, House",Maseru,Sefate Sa Bophelo English Medium School,sale,1850000,3,2,5,C:\Users\lepha\Documents\Codex\Real Estate System\generated\images\live\propmarket\propmarket-hqQlr-gSZWjnLncwKu3Ck\image_1.jpg,C:\Users\lepha\Documents\Codex\Real Estate System\generated\images\live\propmarket\propmarket-hqQlr-gSZWjnLncwKu3Ck\image_2.jpg,C:\Users\lepha\Documents\Codex\Real Estate System\generated\images\live\propmarket\propmarket-hqQlr-gSZWjnLncwKu3Ck\image_3.jpg,https://www.propmarket.co.ls/properties/hqQlr-gSZWjnLncwKu3Ck,House,3,Contemporary,Urban,Good,3.0,3,,Suburban,,environment_mismatch:Urban->Suburban|possible_commercial_mix,high,no,exclude,,,,,,"Auto-excluded in first-pass review because the row looks multi-unit, development stock, or mixed commercial inventory. Auto-excluded in first-pass review because the row looks multi-unit, development stock, or mixed commercial inventory.",,
propmarket-miNavCueXULaOSmmBmsJi,propmarket,"1 Unit, 3 Bedrooms, House",Berea,Khubetsoana,rent,6000,3,1,5,C:\Users\lepha\Documents\Codex\Real Estate System\generated\images\live\propmarket\propmarket-miNavCueXULaOSmmBmsJi\image_1.jpg,C:\Users\lepha\Documents\Codex\Real Estate System\generated\images\live\propmarket\propmarket-miNavCueXULaOSmmBmsJi\image_2.jpg,C:\Users\lepha\Documents\Codex\Real Estate System\generated\images\live\propmarket\propmarket-miNavCueXULaOSmmBmsJi\image_3.jpg,https://www.propmarket.co.ls/properties/miNavCueXULaOSmmBmsJi,House,3,Traditional,Hillside,Good,3.0,3,,Hillside,,,low,yes,pending,,,,,,,,
propmarket-JnOjQJ55dHiGtwfGWb4fr,propmarket,"3 Bedrooms, House",Berea,Koalabata,sale,1700000,3,2,4,C:\Users\lepha\Documents\Codex\Real Estate System\generated\images\live\propmarket\propmarket-JnOjQJ55dHiGtwfGWb4fr\image_1.jpg,C:\Users\lepha\Documents\Codex\Real Estate System\generated\images\live\propmarket\propmarket-JnOjQJ55dHiGtwfGWb4fr\image_2.jpg,C:\Users\lepha\Documents\Codex\Real Estate System\generated\images\live\propmarket\propmarket-JnOjQJ55dHiGtwfGWb4fr\image_3.jpg,https://www.propmarket.co.ls/properties/JnOjQJ55dHiGtwfGWb4fr,House,3,Family,Urban,Good,3.0,3,Family,,,,low,yes,pending,,,,,,,,
sotholand-7f497df10693,sotholand,Double storey house,Maseru,Hillsview,rent,30000,3,2,4,C:\Users\lepha\Documents\Codex\Real Estate System\generated\images\live\sotholand\sotholand-7f497df10693\image_1.jpg,C:\Users\lepha\Documents\Codex\Real Estate System\generated\images\live\sotholand\sotholand-7f497df10693\image_2.jpg,C:\Users\lepha\Documents\Codex\Real Estate System\generated\images\live\sotholand\sotholand-7f497df10693\image_3.jpg,https://sotholandproperties.co.ls/property-details?id=7f497df10693,House,3,Traditional,Hillside,Good,3.0,3,,Hillside,,,low,yes,pending,,,,,,,,
sotholand-19ac5378af01,sotholand,Ground Floor,Maseru,Thetsane Lesia,rent,15000,3,2,4,C:\Users\lepha\Documents\Codex\Real Estate System\generated\images\live\sotholand\sotholand-19ac5378af01\image_1.jpg,C:\Users\lepha\Documents\Codex\Real Estate System\generated\images\live\sotholand\sotholand-19ac5378af01\image_2.jpg,C:\Users\lepha\Documents\Codex\Real Estate System\generated\images\live\sotholand\sotholand-19ac5378af01\image_3.jpg,https://sotholandproperties.co.ls/property-details?id=19ac5378af01,House,3,Traditional,Suburban,Good,3.0,3,,Suburban,,,low,yes,pending,,,,,,,,
sotholand-89fded66c98b,sotholand,Ground Floor,Maseru,serene Ha Pena-Pena neighborhood,sale,1300000,3,1,4,C:\Users\lepha\Documents\Codex\Real Estate System\generated\images\live\sotholand\sotholand-89fded66c98b\image_1.jpg,C:\Users\lepha\Documents\Codex\Real Estate System\generated\images\live\sotholand\sotholand-89fded66c98b\image_2.jpg,C:\Users\lepha\Documents\Codex\Real Estate System\generated\images\live\sotholand\sotholand-89fded66c98b\image_3.jpg,https://sotholandproperties.co.ls/property-details?id=89fded66c98b,House,3,Family,Suburban,Good,,,Family,,,,low,yes,pending,,,,,,,,
sotholand-76298e9a4a9f,sotholand,Ground Floor,Maseru,Naledi,rent,4080,2,1,3,C:\Users\lepha\Documents\Codex\Real Estate System\generated\images\live\sotholand\sotholand-76298e9a4a9f\image_1.jpg,C:\Users\lepha\Documents\Codex\Real Estate System\generated\images\live\sotholand\sotholand-76298e9a4a9f\image_2.jpg,C:\Users\lepha\Documents\Codex\Real Estate System\generated\images\live\sotholand\sotholand-76298e9a4a9f\image_3.jpg,https://sotholandproperties.co.ls/property-details?id=76298e9a4a9f,House,2,Traditional,Suburban,Good,2.0,2,,,,,low,yes,pending,,,,,,,,
sotholand-1aa9314b69,sotholand,Batchelor,Maseru,Arrival Center,rent,7000,1,1,3,C:\Users\lepha\Documents\Codex\Real Estate System\generated\images\live\sotholand\sotholand-1aa9314b69\image_1.jpg,C:\Users\lepha\Documents\Codex\Real Estate System\generated\images\live\sotholand\sotholand-1aa9314b69\image_2.jpg,C:\Users\lepha\Documents\Codex\Real Estate System\generated\images\live\sotholand\sotholand-1aa9314b69\image_3.jpg,https://sotholandproperties.co.ls/property-details?id=1aa9314b69,House,1,Traditional,Urban,Good,1.0,1,,Urban,,,low,yes,pending,,,,,,,,
sotholand-723bca40986,sotholand,Ground Floor,Maseru,Hillsview,rent,25000,3,2,4,C:\Users\lepha\Documents\Codex\Real Estate System\generated\images\live\sotholand\sotholand-723bca40986\image_1.jpg,C:\Users\lepha\Documents\Codex\Real Estate System\generated\images\live\sotholand\sotholand-723bca40986\image_2.jpg,C:\Users\lepha\Documents\Codex\Real Estate System\generated\images\live\sotholand\sotholand-723bca40986\image_3.jpg,https://sotholandproperties.co.ls/property-details?id=723bca40986,House,3,Traditional,Hillside,Good,3.0,3,,Hillside,,,low,yes,pending,,,,,,,,
sotholand-5bee4c67a368,sotholand,Ground Floor,Maseru,Lower Thetsane,sale,3000000,4,2,3,C:\Users\lepha\Documents\Codex\Real Estate System\generated\images\live\sotholand\sotholand-5bee4c67a368\image_1.jpg,C:\Users\lepha\Documents\Codex\Real Estate System\generated\images\live\sotholand\sotholand-5bee4c67a368\image_2.jpg,C:\Users\lepha\Documents\Codex\Real Estate System\generated\images\live\sotholand\sotholand-5bee4c67a368\image_3.jpg,https://sotholandproperties.co.ls/property-details?id=5bee4c67a368,House,4,Traditional,Suburban,Good,4.0,4,,Suburban,,,low,yes,pending,,,,,,,,
sotholand-12a1456f5e67,sotholand,Double storey house,Maseru,Lower Thetsane,sale,1000000,3,3,4,C:\Users\lepha\Documents\Codex\Real Estate System\generated\images\live\sotholand\sotholand-12a1456f5e67\image_1.jpg,C:\Users\lepha\Documents\Codex\Real Estate System\generated\images\live\sotholand\sotholand-12a1456f5e67\image_2.jpg,C:\Users\lepha\Documents\Codex\Real Estate System\generated\images\live\sotholand\sotholand-12a1456f5e67\image_3.jpg,https://sotholandproperties.co.ls/property-details?id=12a1456f5e67,House,3,Traditional,Suburban,Good,3.0,3,,Suburban,,,low,yes,pending,,,,,,,,
sotholand-8f94312669ec,sotholand,Ground floor,Maseru,Khubelu,rent,15000,3,2,4,C:\Users\lepha\Documents\Codex\Real Estate System\generated\images\live\sotholand\sotholand-8f94312669ec\image_1.jpg,C:\Users\lepha\Documents\Codex\Real Estate System\generated\images\live\sotholand\sotholand-8f94312669ec\image_2.jpg,C:\Users\lepha\Documents\Codex\Real Estate System\generated\images\live\sotholand\sotholand-8f94312669ec\image_3.jpg,https://sotholandproperties.co.ls/property-details?id=8f94312669ec,House,3,Traditional,Suburban,Good,,,,,,,low,yes,pending,,,,,,,,
moso-stand-alone-house-high-court-25,mosoholdings,Stand Alone House,Maseru,High Court,rent,10000,2,2,1,C:\Users\lepha\Documents\Codex\Real Estate System\generated\images\live\mosoholdings\moso-stand-alone-house-high-court-25\image_1.jpg,,,https://www.facebook.com/MOSSHOLDINGS/posts/pfbid0TTBqGDSTRv55X4KW6kWxmLDQgja5kWFPrQ37WVWwSqMGE8x8GiU6vv2ybz99zJPxl,House,2,Traditional,Suburban,Good,,,,Suburban,,low_image_count,medium,yes,pending,,,,,,,,
moso-compounded-house-maseru-west-26,mosoholdings,Compounded House,Maseru,Maseru West,rent,6500,2,1,1,C:\Users\lepha\Documents\Codex\Real Estate System\generated\images\live\mosoholdings\moso-compounded-house-maseru-west-26\image_1.jpg,,,https://www.facebook.com/MOSSHOLDINGS/posts/pfbid02DqNwMJJC2iMtrGSg1PaoojrPPxT6t29ej8DosowzN9qfB2qEc9va8BM3dNNT2cVNl,House,2,Traditional,Suburban,Good,,,,Suburban,,low_image_count,medium,yes,pending,,,,,,,,
moso-compounded-house-section-8-villamore-house-4-and-14-27,mosoholdings,Compounded House,Maseru,Section 8 Villamore House #4 and #14,sale,750000,2,1,1,C:\Users\lepha\Documents\Codex\Real Estate System\generated\images\live\mosoholdings\moso-compounded-house-section-8-villamore-house-4-and-14-27\image_1.jpg,,,https://www.facebook.com/MOSSHOLDINGS/posts/pfbid02aUydBkikXqB4CeKoNAmuG4AK8tFWarVauEGybEmtBTV6JRjxuQPjqUkB4DALgbjrl,House,2,Family,Garden,Good,,,Family,Garden,,low_image_count,medium,yes,pending,,,,,,,,
moso-compounded-house-maseru-private-hospital-area-28,mosoholdings,Compounded House,Maseru,Maseru Private Hospital Area,rent,7000,2,1,1,C:\Users\lepha\Documents\Codex\Real Estate System\generated\images\live\mosoholdings\moso-compounded-house-maseru-private-hospital-area-28\image_1.jpg,,,https://www.facebook.com/MOSSHOLDINGS/posts/pfbid0TTBqGDSTRv55X4KW6kWxmLDQgja5kWFPrQ37WVWwSqMGE8x8GiU6vv2ybz99zJPxl,House,2,Traditional,Suburban,Good,,,,Suburban,,low_image_count,medium,yes,pending,,,,,,,,
moso-stand-alone-house-fairview-lower-thetsane-29,mosoholdings,Stand Alone House,Maseru,Fairview,rent,9000,2,1,1,C:\Users\lepha\Documents\Codex\Real Estate System\generated\images\live\mosoholdings\moso-stand-alone-house-fairview-lower-thetsane-29\image_1.jpg,,,https://www.facebook.com/MOSSHOLDINGS/posts/pfbid02DqNwMJJC2iMtrGSg1PaoojrPPxT6t29ej8DosowzN9qfB2qEc9va8BM3dNNT2cVNl,House,2,Traditional,Hillside,Good,1.0,1,,Suburban,,bedroom_mismatch:2->1|environment_mismatch:Hillside->Suburban|low_image_count,high,yes,reviewed,1,1,,,,Auto-corrected bedroom label from 2 to 1 using title/description text. Auto-corrected bedroom label from 2 to 1 using title/description text.,,
moso-stand-alone-house-thetsane-west-30,mosoholdings,Stand Alone House,Maseru,Thetsane West,rent,30000,4,3,1,C:\Users\lepha\Documents\Codex\Real Estate System\generated\images\live\mosoholdings\moso-stand-alone-house-thetsane-west-30\image_1.jpg,,,https://www.facebook.com/MOSSHOLDINGS/posts/pfbid02aUydBkikXqB4CeKoNAmuG4AK8tFWarVauEGybEmtBTV6JRjxuQPjqUkB4DALgbjrl,House,4,Traditional,Suburban,Good,,,,Suburban,,low_image_count,medium,yes,pending,,,,,,,,
moso-double-storey-stand-alone-house-katlehong-31,mosoholdings,Double Storey Stand Alone House,Maseru,Katlehong,rent,30000,3,2,1,C:\Users\lepha\Documents\Codex\Real Estate System\generated\images\live\mosoholdings\moso-double-storey-stand-alone-house-katlehong-31\image_1.jpg,,,https://www.facebook.com/MOSSHOLDINGS/posts/pfbid0CuyXkwrMp2gKJ47eH6VwgzLowy8zx6XrojhH3ufnWtJiXEoNweV3Pi2QWKpYjcaXl,House,3,Traditional,Suburban,Good,,,Contemporary,Suburban,,style_mismatch:Traditional->Contemporary|low_image_count,medium,yes,pending,,,,,,,,
moso-stand-alone-house-thetsane-west-32,mosoholdings,Stand Alone House,Maseru,Thetsane West,rent,13000,2,1,1,C:\Users\lepha\Documents\Codex\Real Estate System\generated\images\live\mosoholdings\moso-stand-alone-house-thetsane-west-32\image_1.jpg,,,https://www.facebook.com/MOSSHOLDINGS/posts/pfbid0ipfmfMhdsX47pRuVX2skGMJzKqn8a5pzEf8rs9ibpjPZzNJe3HbZ7Xied2Tyq1P6l,House,2,Traditional,Suburban,Good,,,,Suburban,,low_image_count,medium,yes,pending,,,,,,,,
moso-stand-alone-house-masowe-3-33,mosoholdings,Stand Alone House,Maseru,Masowe 3,rent,6000,2,1,1,C:\Users\lepha\Documents\Codex\Real Estate System\generated\images\live\mosoholdings\moso-stand-alone-house-masowe-3-33\image_1.jpg,,,https://www.facebook.com/MOSSHOLDINGS/posts/pfbid02wkiuJ4KcUvbRCF2jQ1pSg2ryVN2X7t1K2dFKc4ZQpAEb3cetFXx7UFnREeoUKVdzl,House,2,Traditional,Suburban,Good,,,,Suburban,,low_image_count,medium,yes,pending,,,,,,,,
moso-stand-alone-house-thetsane-west-34,mosoholdings,Stand Alone House,Maseru,Thetsane West,rent,10000,2,2,1,C:\Users\lepha\Documents\Codex\Real Estate System\generated\images\live\mosoholdings\moso-stand-alone-house-thetsane-west-34\image_1.jpg,,,https://www.facebook.com/MOSSHOLDINGS/posts/pfbid02r6sg7ecBX1AAhNXMMNRSSyYUF8miC8oGiTD9spDYgfMv4MRjPiFsp4dJi9Rc9r27l,House,2,Traditional,Suburban,Good,,,,Suburban,,low_image_count,medium,yes,pending,,,,,,,,
moso-double-storey-stand-alone-house-thetsane-west-35,mosoholdings,Double Storey Stand Alone House,Maseru,Thetsane West,rent,20000,3,2,1,C:\Users\lepha\Documents\Codex\Real Estate System\generated\images\live\mosoholdings\moso-double-storey-stand-alone-house-thetsane-west-35\image_1.jpg,,,https://www.facebook.com/MOSSHOLDINGS/posts/pfbid0ipfmfMhdsX47pRuVX2skGMJzKqn8a5pzEf8rs9ibpjPZzNJe3HbZ7Xied2Tyq1P6l,House,3,Traditional,Suburban,Good,,,,Suburban,,low_image_count,medium,yes,pending,,,,,,,,
moso-stand-alone-house-maseru-west-36,mosoholdings,Stand Alone House,Maseru,Maseru West,rent,22000,3,1,1,C:\Users\lepha\Documents\Codex\Real Estate System\generated\images\live\mosoholdings\moso-stand-alone-house-maseru-west-36\image_1.jpg,,,https://www.facebook.com/MOSSHOLDINGS/posts/pfbid02gPMKiMTJovwF42jfFbh5yVEo1Ltw3ZJpcuerzjchyA4M6MkAZKFgz8KuEFTgjN3kl,House,3,Traditional,Suburban,Good,,,,Suburban,,low_image_count,medium,yes,pending,,,,,,,,
moso-compunded-house-lower-thetsane-37,mosoholdings,Compunded House,Maseru,Lower Thetsane,rent,20000,2,2,1,C:\Users\lepha\Documents\Codex\Real Estate System\generated\images\live\mosoholdings\moso-compunded-house-lower-thetsane-37\image_1.jpg,,,https://www.facebook.com/MOSSHOLDINGS/posts/pfbid0iJRE4THAZ4Mbjb6fSiTKYDNWijYmLda9L2nYhsCm48NN4Np1GVXFsd1taQkrQRRul,House,2,Traditional,Suburban,Good,,,,Suburban,,low_image_count,medium,yes,pending,,,,,,,,
moso-double-storey-stand-alone-house-masowe-3-38,mosoholdings,Double Storey Stand Alone House,Maseru,Masowe 3,rent,15000,3,2,1,C:\Users\lepha\Documents\Codex\Real Estate System\generated\images\live\mosoholdings\moso-double-storey-stand-alone-house-masowe-3-38\image_1.jpg,,,https://www.facebook.com/MOSSHOLDINGS/posts/pfbid0nZn8gG7bUP7VPWqEE8dQxvXmxaBPgybnhKsjD1MiSEiwyPTeLrM97HEganXSRjSUl,House,3,Traditional,Suburban,Good,,,,Suburban,,low_image_count,medium,yes,pending,,,,,,,,
moso-double-storey-house-masowe-4-39,mosoholdings,Double Storey House,Maseru,Masowe 4,rent,20000,3,2,1,C:\Users\lepha\Documents\Codex\Real Estate System\generated\images\live\mosoholdings\moso-double-storey-house-masowe-4-39\image_1.jpg,,,https://www.facebook.com/MOSSHOLDINGS/posts/pfbid0yXpS8bh2J67HxazhFTXvk1nsfA4kDy4gdNE8LHdAKdj6VtdfKEpRrnFLkhBbCgCCl,House,3,Traditional,Suburban,Good,,,,Suburban,,low_image_count,medium,yes,pending,,,,,,,,
moso-stand-alone-house-thetsane-maseru-private-hospital-area-40,mosoholdings,Stand Alone House,Maseru,Thetsane,rent,18000,3,3,1,C:\Users\lepha\Documents\Codex\Real Estate System\generated\images\live\mosoholdings\moso-stand-alone-house-thetsane-maseru-private-hospital-area-40\image_1.jpg,,,https://www.facebook.com/MOSSHOLDINGS/posts/pfbid02vBLSyxs6eSvyRkF2KFqA9fBHUUxjETmamvXQuf7hXGcTawBr58X7JUs5pYpPpzFl,House,3,Traditional,Suburban,Good,,,,Suburban,,low_image_count,medium,yes,pending,,,,,,,,
moso-double-storey-stand-alone-house-masowe-4-41,mosoholdings,Double Storey Stand Alone House,Maseru,Masowe 4,rent,30000,3,3,1,C:\Users\lepha\Documents\Codex\Real Estate System\generated\images\live\mosoholdings\moso-double-storey-stand-alone-house-masowe-4-41\image_1.jpg,,,https://www.facebook.com/MOSSHOLDINGS/posts/pfbid0kY3uT29eXiin7JUcFAcT3mk7EKRKo3cVzVEWC4J1nE8aYv6d3v2QNFVaVKJRdxkUl,House,3,Traditional,Suburban,Good,,,,Suburban,,low_image_count,medium,yes,pending,,,,,,,,
moso-stand-alone-house-maseru-west-42,mosoholdings,Stand Alone House,Maseru,Maseru West,rent,20000,3,2,1,C:\Users\lepha\Documents\Codex\Real Estate System\generated\images\live\mosoholdings\moso-stand-alone-house-maseru-west-42\image_1.jpg,,,https://www.facebook.com/MOSSHOLDINGS/posts/pfbid02rQ2Aehju7RdoVX81rsJYGz6nVUFjHgpkU5AsoK1ujo93F84cZ1FyPTDsmkzeTzCVl,House,3,Traditional,Suburban,Good,,,,Suburban,,low_image_count,medium,yes,pending,,,,,,,,
moso-stand-alone-house-thetsane-lecoop-43,mosoholdings,Stand Alone House,Maseru,Thetsane,rent,6500,3,2,1,C:\Users\lepha\Documents\Codex\Real Estate System\generated\images\live\mosoholdings\moso-stand-alone-house-thetsane-lecoop-43\image_1.jpg,,,https://www.facebook.com/MOSSHOLDINGS/posts/pfbid02H9hgpDvZ5fjaKk2oh2U4zZ7aXVxB7n5LvFYW37Jq3nAp4ehdLnyAvZN7vLfKysstl,House,3,Family,Garden,Good,,,Family,Garden,,low_image_count,medium,yes,pending,,,,,,,,
moso-stand-alone-house-mpilo-estates-45,mosoholdings,Stand Alone House,Maseru,Mpilo Estates,rent,17000,3,2,1,C:\Users\lepha\Documents\Codex\Real Estate System\generated\images\live\mosoholdings\moso-stand-alone-house-mpilo-estates-45\image_1.jpg,,,https://www.facebook.com/MOSSHOLDINGS/posts/pfbid03pdhZWusqW6sfLMj1xL4f5MVo8uZPy4v5fdWWHTNjjQCpYWXHrsPGPmtrfzJGeDnl,House,3,Traditional,Suburban,Good,,,,Suburban,,low_image_count,medium,yes,pending,,,,,,,,
moso-stand-alone-house-mohalalitoe-46,mosoholdings,Stand Alone House,Maseru,Mohalalitoe,rent,20000,3,2,1,C:\Users\lepha\Documents\Codex\Real Estate System\generated\images\live\mosoholdings\moso-stand-alone-house-mohalalitoe-46\image_1.jpg,,,https://www.facebook.com/MOSSHOLDINGS/posts/pfbid0nWV9DMouULixZKTZ8YHjcFKMBgig8hi5cMeWJVv4mjA47oc2K7WnJkVLuhJ4ZpzQl,House,3,Traditional,Suburban,Good,,,,Suburban,,low_image_count,medium,yes,pending,,,,,,,,
moso-stand-alone-house-tsosane-48,mosoholdings,Stand Alone House,Maseru,Tsosane,rent,1200000,3,1,1,C:\Users\lepha\Documents\Codex\Real Estate System\generated\images\live\mosoholdings\moso-stand-alone-house-tsosane-48\image_1.jpg,,,https://www.facebook.com/MOSSHOLDINGS/posts/pfbid024gi8tUjj6RVGZZ3GWLAHbSZx67pyfzGoe9BvaMa9JbRZCQA4UGtwJjwatULxtQjbl,House,3,Traditional,Suburban,Good,,,,Suburban,,price_high_for_rent|low_image_count,high,yes,reviewed,,,,,,nan Checked manually: source mixes sale and rental text. Keep sale price for structured metadata and treat the rental text as secondary marketing info.,1200000,sale
moso-double-storey-house-katlehong-49,mosoholdings,Double Storey House,Maseru,Katlehong,rent,30000,3,2,1,C:\Users\lepha\Documents\Codex\Real Estate System\generated\images\live\mosoholdings\moso-double-storey-house-katlehong-49\image_1.jpg,,,https://www.facebook.com/MOSSHOLDINGS/posts/pfbid02fZAw3gg3a8RJ15EBe5uTYGmNsVj7UyUEXGqiLXdbZz5kPFwX9UgFgyqoEbHRLV92l,House,3,Traditional,Suburban,Good,,,Contemporary,Suburban,,style_mismatch:Traditional->Contemporary|low_image_count,medium,yes,pending,,,,,,,,
moso-stand-alone-house-ha-hoohlo-50,mosoholdings,Stand Alone House,Maseru,Ha Hoohlo,rent,7500,2,1,1,C:\Users\lepha\Documents\Codex\Real Estate System\generated\images\live\mosoholdings\moso-stand-alone-house-ha-hoohlo-50\image_1.jpg,,,https://www.facebook.com/MOSSHOLDINGS/posts/pfbid0RBa9ZwgUkvAwkeYXPZiRTTBEYRP54zQu3HSjAKfZRjbtaZJFJ897boJzcGMbaaYhl,House,2,Traditional,Suburban,Good,,,,Suburban,,low_image_count,medium,yes,pending,,,,,,,,
moso-city-center-house-thetsane-west-51,mosoholdings,City Center House,Maseru,Thetsane West,rent,15000,3,4,1,C:\Users\lepha\Documents\Codex\Real Estate System\generated\images\live\mosoholdings\moso-city-center-house-thetsane-west-51\image_1.jpg,,,https://mosoholdings.co.ls/listings-search/,House,3,Traditional,Suburban,Good,,,,Suburban,,low_image_count,medium,yes,pending,,,,,,,,
moso-double-storey-house-lower-thetsane-52,mosoholdings,Double Storey House,Maseru,Lower Thetsane,rent,38000,5,2,1,C:\Users\lepha\Documents\Codex\Real Estate System\generated\images\live\mosoholdings\moso-double-storey-house-lower-thetsane-52\image_1.jpg,,,https://www.facebook.com/MOSSHOLDINGS/posts/pfbid02GcKMJgmcAMDvULmrCwW2S3cwm5bpXB6m8p2mfCf6GSXNNuyYwfjzguxyFndDnXM9l,House,5+,Traditional,Suburban,Good,,,,Suburban,,low_image_count,medium,yes,pending,,,,,,,,
moso-triple-storey-house-katlehong-53,mosoholdings,Triple Storey House,Maseru,Katlehong,rent,35000,4,4,1,C:\Users\lepha\Documents\Codex\Real Estate System\generated\images\live\mosoholdings\moso-triple-storey-house-katlehong-53\image_1.jpg,,,https://www.facebook.com/MOSSHOLDINGS/posts/pfbid02M3BP6bYdXVvWyfUFnnWBGuHnU4v1M9afVqabsG9VdyNrtpVtx39ofQDYewf73hv5l,House,4,Traditional,Suburban,Good,,,,Suburban,,low_image_count,medium,yes,pending,,,,,,,,
moso-city-center-house-thetsane-west-54,mosoholdings,City Center House,Maseru,Thetsane West,rent,16000,3,3,1,C:\Users\lepha\Documents\Codex\Real Estate System\generated\images\live\mosoholdings\moso-city-center-house-thetsane-west-54\image_1.jpg,,,https://www.facebook.com/MOSSHOLDINGS/posts/pfbid0jNQsCDxmacSLGnLzy71zGPS4qExRT5PBj4tdD8vCMoX238ZS7fubudwdPoBWYYRml,House,3,Traditional,Suburban,Good,,,,Suburban,,low_image_count,medium,yes,pending,,,,,,,,
moso-double-storey-house-thetsane-west-55,mosoholdings,Double Storey House,Maseru,Thetsane West,rent,30000,5,3,1,C:\Users\lepha\Documents\Codex\Real Estate System\generated\images\live\mosoholdings\moso-double-storey-house-thetsane-west-55\image_1.jpg,,,https://www.facebook.com/MOSSHOLDINGS/posts/pfbid02oxLaHjUva25VtkvCQEyb4HfBhiSReMJr8XeDP5oqFRnzgKuBpFgdxRvKyZTjaYzgl,House,5+,Traditional,Suburban,Good,,,,Suburban,,low_image_count,medium,yes,pending,,,,,,,,
moso-stand-alone-house-katlehong-56,mosoholdings,Stand Alone House,Maseru,Katlehong,rent,15000,3,3,1,C:\Users\lepha\Documents\Codex\Real Estate System\generated\images\live\mosoholdings\moso-stand-alone-house-katlehong-56\image_1.jpg,,,https://www.facebook.com/MOSSHOLDINGS/posts/pfbid02pqmybBxmq5NNVQdXNFSxSGm2irVdQ3Q71j3RYKp7aihzw93k7ibPKRvgBJcSmgcKl,House,3,Traditional,Suburban,Good,,,,Suburban,,low_image_count,medium,yes,pending,,,,,,,,
moso-double-storey-house-masowe-2-57,mosoholdings,Double Storey House,Maseru,Masowe 2,rent,12500,3,3,1,C:\Users\lepha\Documents\Codex\Real Estate System\generated\images\live\mosoholdings\moso-double-storey-house-masowe-2-57\image_1.jpg,,,https://www.facebook.com/MOSSHOLDINGS/posts/pfbid0exXsHNcpQp4obUHJSJUAhS7eQyg7p84jnkJBAPgZHXMdwPBUdZny7v7M9Ai4JX2pl,House,3,Traditional,Suburban,Good,,,,Suburban,,low_image_count,medium,yes,pending,,,,,,,,
moso-stand-alone-house-thetsane-lesia-58,mosoholdings,Stand Alone House,Maseru,Thetsane Lesia,rent,12000,4,2,1,C:\Users\lepha\Documents\Codex\Real Estate System\generated\images\live\mosoholdings\moso-stand-alone-house-thetsane-lesia-58\image_1.jpg,,,https://www.facebook.com/MOSSHOLDINGS/posts/pfbid028MU81LGFYjNLU36w4LpwDzXf5WeuhN7x8wdAbKYQ8rhTVXzAbvwhQYCCiTHur2YVl,House,4,Traditional,Suburban,Good,,,,Suburban,,low_image_count,medium,yes,pending,,,,,,,,
moso-stand-alone-house-katlehong-59,mosoholdings,Stand Alone House,Maseru,Katlehong,rent,12000,3,2,1,C:\Users\lepha\Documents\Codex\Real Estate System\generated\images\live\mosoholdings\moso-stand-alone-house-katlehong-59\image_1.jpg,,,https://www.facebook.com/MOSSHOLDINGS/posts/pfbid035bKzUtZCgFJTKzjZmGTptkQxj4bui9M1DP47xgHt3KSpupf2e6jd6HFMpmPJaALvl,House,3,Traditional,Suburban,Good,,,,Suburban,,low_image_count,medium,yes,pending,,,,,,,,
moso-compounded-house-thetsane-lecoop-60,mosoholdings,Compounded House,Maseru,Thetsane Lecoop,rent,6500,2,2,1,C:\Users\lepha\Documents\Codex\Real Estate System\generated\images\live\mosoholdings\moso-compounded-house-thetsane-lecoop-60\image_1.jpg,,,https://www.facebook.com/MOSSHOLDINGS/posts/pfbid02uXvmYEm9L4pTnHCexaEzbGCdJsrX1Yaysmt4uUkYJ3kmyBCwSWLkxywcYLDTuEwwl,House,2,Traditional,Suburban,Good,,,,Suburban,,low_image_count,medium,yes,pending,,,,,,,,
moso-stand-alone-house-katlehong-61,mosoholdings,Stand Alone House,Maseru,Katlehong,rent,20000,3,3,1,C:\Users\lepha\Documents\Codex\Real Estate System\generated\images\live\mosoholdings\moso-stand-alone-house-katlehong-61\image_1.jpg,,,https://www.facebook.com/MOSSHOLDINGS/posts/pfbid021K6RQDJY5zHq3p92Y5hiLN6EmCdzuM9We3FXdaFkXioBYaRDyPdgVoYsEnrWDSeHl,House,3,Family,Garden,Good,,,Family,Garden,,low_image_count,medium,yes,pending,,,,,,,,
moso-stand-alone-house-katlehong-race-course-62,mosoholdings,Stand Alone House,Maseru,Katlehong,rent,16000,4,2,1,C:\Users\lepha\Documents\Codex\Real Estate System\generated\images\live\mosoholdings\moso-stand-alone-house-katlehong-race-course-62\image_1.jpg,,,https://www.facebook.com/MOSSHOLDINGS/posts/pfbid035bKzUtZCgFJTKzjZmGTptkQxj4bui9M1DP47xgHt3KSpupf2e6jd6HFMpmPJaALvl,House,4,Traditional,Suburban,Good,,,,Suburban,,low_image_count,medium,yes,pending,,,,,,,,
moso-compounded-house-thetsane-lecoop-63,mosoholdings,Compounded House,Maseru,Thetsane Lecoop,rent,7000,2,2,1,C:\Users\lepha\Documents\Codex\Real Estate System\generated\images\live\mosoholdings\moso-compounded-house-thetsane-lecoop-63\image_1.jpg,,,https://www.facebook.com/MOSSHOLDINGS/posts/pfbid0mS7ABanruwbSJ8Hy82UGZzecARQGZk4XRh1DTnWY9wXwEQ8ibs9n7KHkyUGGLcZCl,House,2,Traditional,Suburban,Good,,,,Suburban,,low_image_count,medium,yes,pending,,,,,,,,
