property_id,source,title,description_en,description_st,price,currency,district,location_text,property_type,bedrooms,bathrooms,image_paths,listing_url,condition,style,environment,amenities,listing_intent,image_count,country,district_canonical,district_resolution,locality,use_bucket,cnn_property_type,cnn_bedroom_class,split,cnn_exclusion_reasons,is_residential_curated,is_cnn_candidate,reviewed_price,reviewed_listing_intent,reviewer_notes,include_in_reviewed_training
creative-stunning-home-to-let,creativeproperties,Stunning Home To Let,Golf Course Estate,"Thepa ena ya mofuta wa house e fumaneha Maseru, Old Europa. E na le dikamore tse 4 le dibate tse 3 mme e fumaneha ka theko ya M 48,000. Tlotla ena e tshwanetse ho shejwa bakeng sa bareki ba batlang menyetla ya nnete Lesotho.",48000,LSL,Maseru,"Maseru, Old Europa",House,4,3,"""[\""C:\\\\Users\\\\lepha\\\\Documents\\\\Codex\\\\Real Estate System\\\\generated\\\\images\\\\live\\\\creativeproperties\\\\creative-stunning-home-to-let\\\\image_1.png\"", \""C:\\\\Users\\\\lepha\\\\Documents\\\\Codex\\\\Real Estate System\\\\generated\\\\images\\\\live\\\\creativeproperties\\\\creative-stunning-home-to-let\\\\image_2.jpeg\"", \""C:\\\\Users\\\\lepha\\\\Documents\\\\Codex\\\\Real Estate System\\\\generated\\\\images\\\\live\\\\creativeproperties\\\\creative-stunning-home-to-let\\\\image_3.jpeg\"", \""C:\\\\Users\\\\lepha\\\\Documents\\\\Codex\\\\Real Estate System\\\\generated\\\\images\\\\live\\\\creativeproperties\\\\creative-stunning-home-to-let\\\\image_4.jpeg\"", \""C:\\\\Users\\\\lepha\\\\Documents\\\\Codex\\\\Real Estate System\\\\generated\\\\images\\\\live\\\\creativeproperties\\\\creative-stunning-home-to-let\\\\image_5.jpeg\""]""",https://creativeproperties.co.ls/properties/stunning-home-to-let/,Good,Traditional,Suburban,"""[\""yard\"", \""furnished\""]""",rent,5,Lesotho,Maseru,text_match,Maseru,residential,House,4,train,,True,True,,,,True
creative-7275,creativeproperties,"Beautiful, Highly Finished House for Sale_Serious Potential Buyers ONLY",Up-Market Property For Sale,"Thepa ena ya mofuta wa house e fumaneha Maseru, Lower Thetsane. E na le dikamore tse 4 le dibate tse 3 mme e fumaneha ka theko e sa hlaloswang. Tlotla ena e tshwanetse ho shejwa bakeng sa bareki ba batlang menyetla ya nnete Lesotho.",120000,LSL,Maseru,"Maseru, Lower Thetsane",House,4,3,"""[\""C:\\\\Users\\\\lepha\\\\Documents\\\\Codex\\\\Real Estate System\\\\generated\\\\images\\\\live\\\\creativeproperties\\\\creative-7275\\\\image_1.png\"", \""C:\\\\Users\\\\lepha\\\\Documents\\\\Codex\\\\Real Estate System\\\\generated\\\\images\\\\live\\\\creativeproperties\\\\creative-7275\\\\image_2.jpg\"", \""C:\\\\Users\\\\lepha\\\\Documents\\\\Codex\\\\Real Estate System\\\\generated\\\\images\\\\live\\\\creativeproperties\\\\creative-7275\\\\image_3.jpg\"", \""C:\\\\Users\\\\lepha\\\\Documents\\\\Codex\\\\Real Estate System\\\\generated\\\\images\\\\live\\\\creativeproperties\\\\creative-7275\\\\image_4.jpg\"", \""C:\\\\Users\\\\lepha\\\\Documents\\\\Codex\\\\Real Estate System\\\\generated\\\\images\\\\live\\\\creativeproperties\\\\creative-7275\\\\image_5.jpg\""]""",https://creativeproperties.co.ls/properties/7275/,New,Modern,Suburban,"""[\""yard\"", \""furnished\""]""",sale,5,Lesotho,Maseru,text_match,Maseru,residential,House,4,train,,True,True,,,"nan Checked manually: keep for CNN training. Price is likely imputed or missing from source, so use cautiously in recommendation work.",True
creative-rental-home_lower-thetsane,creativeproperties,Rental Home_Lower Thetsane,4 Bedroom Rental Property,"Thepa ena ya mofuta wa house e fumaneha Maseru, Lower Thetsane. E na le dikamore tse 4 le dibate tse 3 mme e fumaneha ka theko ya M 24,000. Tlotla ena e tshwanetse ho shejwa bakeng sa bareki ba batlang menyetla ya nnete Lesotho.",24000,LSL,Maseru,"Maseru, Lower Thetsane",House,4,3,"""[\""C:\\\\Users\\\\lepha\\\\Documents\\\\Codex\\\\Real Estate System\\\\generated\\\\images\\\\live\\\\creativeproperties\\\\creative-rental-home_lower-thetsane\\\\image_1.png\"", \""C:\\\\Users\\\\lepha\\\\Documents\\\\Codex\\\\Real Estate System\\\\generated\\\\images\\\\live\\\\creativeproperties\\\\creative-rental-home_lower-thetsane\\\\image_2.jpeg\"", \""C:\\\\Users\\\\lepha\\\\Documents\\\\Codex\\\\Real Estate System\\\\generated\\\\images\\\\live\\\\creativeproperties\\\\creative-rental-home_lower-thetsane\\\\image_3.jpg\"", \""C:\\\\Users\\\\lepha\\\\Documents\\\\Codex\\\\Real Estate System\\\\generated\\\\images\\\\live\\\\creativeproperties\\\\creative-rental-home_lower-thetsane\\\\image_4.jpg\"", \""C:\\\\Users\\\\lepha\\\\Documents\\\\Codex\\\\Real Estate System\\\\generated\\\\images\\\\live\\\\creativeproperties\\\\creative-rental-home_lower-thetsane\\\\image_5.jpg\""]""",https://creativeproperties.co.ls/properties/rental-home_lower-thetsane/,Good,Traditional,Suburban,"""[\""yard\"", \""furnished\""]""",rent,5,Lesotho,Maseru,text_match,Maseru,residential,House,4,train,,True,True,,,,True
creative-newly-renovated-town-house-to-let,creativeproperties,Newly Renovated Town House To let,Newly Renovated,"Thepa ena ya mofuta wa house e fumaneha Maseru, Arrival Center. E na le dikamore tse 3 le dibate tse 2 mme e fumaneha ka theko ya M 15,000. Tlotla ena e tshwanetse ho shejwa bakeng sa bareki ba batlang menyetla ya nnete Lesotho.",15000,LSL,Maseru,"Maseru, Arrival Center",House,3,2,"""[\""C:\\\\Users\\\\lepha\\\\Documents\\\\Codex\\\\Real Estate System\\\\generated\\\\images\\\\live\\\\creativeproperties\\\\creative-newly-renovated-town-house-to-let\\\\image_1.png\"", \""C:\\\\Users\\\\lepha\\\\Documents\\\\Codex\\\\Real Estate System\\\\generated\\\\images\\\\live\\\\creativeproperties\\\\creative-newly-renovated-town-house-to-let\\\\image_2.jpeg\"", \""C:\\\\Users\\\\lepha\\\\Documents\\\\Codex\\\\Real Estate System\\\\generated\\\\images\\\\live\\\\creativeproperties\\\\creative-newly-renovated-town-house-to-let\\\\image_3.jpeg\"", \""C:\\\\Users\\\\lepha\\\\Documents\\\\Codex\\\\Real Estate System\\\\generated\\\\images\\\\live\\\\creativeproperties\\\\creative-newly-renovated-town-house-to-let\\\\image_4.jpeg\"", \""C:\\\\Users\\\\lepha\\\\Documents\\\\Codex\\\\Real Estate System\\\\generated\\\\images\\\\live\\\\creativeproperties\\\\creative-newly-renovated-town-house-to-let\\\\image_5.jpeg\""]""",https://creativeproperties.co.ls/properties/newly-renovated-town-house-to-let/,New,Traditional,Suburban,"""[\""yard\"", \""furnished\""]""",rent,5,Lesotho,Maseru,text_match,Maseru,residential,House,3,train,,True,True,,,,True
creative-rental-property-upper-thamae,creativeproperties,Rental Property Upper Thamae,Upper Thamae Home,"Thepa ena ya mofuta wa house e fumaneha Maseru, Ha Thamae. E na le dikamore tse 3 le dibate tse 2 mme e fumaneha ka theko ya M 8,000. Tlotla ena e tshwanetse ho shejwa bakeng sa bareki ba batlang menyetla ya nnete Lesotho.",8000,LSL,Maseru,"Maseru, Ha Thamae",House,3,2,"""[\""C:\\\\Users\\\\lepha\\\\Documents\\\\Codex\\\\Real Estate System\\\\generated\\\\images\\\\live\\\\creativeproperties\\\\creative-rental-property-upper-thamae\\\\image_1.png\"", \""C:\\\\Users\\\\lepha\\\\Documents\\\\Codex\\\\Real Estate System\\\\generated\\\\images\\\\live\\\\creativeproperties\\\\creative-rental-property-upper-thamae\\\\image_2.jpeg\"", \""C:\\\\Users\\\\lepha\\\\Documents\\\\Codex\\\\Real Estate System\\\\generated\\\\images\\\\live\\\\creativeproperties\\\\creative-rental-property-upper-thamae\\\\image_3.jpeg\""]""",https://creativeproperties.co.ls/properties/rental-property-upper-thamae/,Good,Traditional,Suburban,"""[\""yard\"", \""furnished\""]""",rent,3,Lesotho,Maseru,text_match,Maseru,residential,House,3,train,,True,True,,,,True
creative-newly-renovated-home-for-rental,creativeproperties,Newly Renovated Home for Rental,Newly renovated home for rental,"Thepa ena ya mofuta wa house e fumaneha Hills View, Maseru, Hills View. E na le dikamore tse 3 le dibate tse 2 mme e fumaneha ka theko ya M 27,000. Tlotla ena e tshwanetse ho shejwa bakeng sa bareki ba batlang menyetla ya nnete Lesotho.",27000,LSL,Maseru,"Hills View, Maseru, Hills View",House,3,2,"""[\""C:\\\\Users\\\\lepha\\\\Documents\\\\Codex\\\\Real Estate System\\\\generated\\\\images\\\\live\\\\creativeproperties\\\\creative-newly-renovated-home-for-rental\\\\image_1.png\"", \""C:\\\\Users\\\\lepha\\\\Documents\\\\Codex\\\\Real Estate System\\\\generated\\\\images\\\\live\\\\creativeproperties\\\\creative-newly-renovated-home-for-rental\\\\image_2.jpeg\"", \""C:\\\\Users\\\\lepha\\\\Documents\\\\Codex\\\\Real Estate System\\\\generated\\\\images\\\\live\\\\creativeproperties\\\\creative-newly-renovated-home-for-rental\\\\image_3.jpeg\"", \""C:\\\\Users\\\\lepha\\\\Documents\\\\Codex\\\\Real Estate System\\\\generated\\\\images\\\\live\\\\creativeproperties\\\\creative-newly-renovated-home-for-rental\\\\image_4.jpeg\"", \""C:\\\\Users\\\\lepha\\\\Documents\\\\Codex\\\\Real Estate System\\\\generated\\\\images\\\\live\\\\creativeproperties\\\\creative-newly-renovated-home-for-rental\\\\image_5.jpeg\""]""",https://creativeproperties.co.ls/properties/newly-renovated-home-for-rental/,New,Traditional,Hillside,"""[\""yard\"", \""furnished\""]""",rent,5,Lesotho,Maseru,text_match,Hills View,residential,House,3,train,,True,True,,,,True
creative-new-housing-development-now-selling_under-construction,creativeproperties,New Housing Development Now Selling_Under Construction,Modern Contemporary Barn-Style Family Homes For Sale,"Thepa ena ya mofuta wa house e fumaneha Maseru, Lesia. E na le dikamore tse 3 le dibate tse 2 mme e fumaneha ka theko ya M 1,700,000. Tlotla ena e tshwanetse ho shejwa bakeng sa bareki ba batlang menyetla ya nnete Lesotho.",1700000,LSL,Maseru,"Maseru, Lesia",House,3,2,"""[\""C:\\\\Users\\\\lepha\\\\Documents\\\\Codex\\\\Real Estate System\\\\generated\\\\images\\\\live\\\\creativeproperties\\\\creative-new-housing-development-now-selling_under-construction\\\\image_1.png\"", \""C:\\\\Users\\\\lepha\\\\Documents\\\\Codex\\\\Real Estate System\\\\generated\\\\images\\\\live\\\\creativeproperties\\\\creative-new-housing-development-now-selling_under-construction\\\\image_2.jpeg\"", \""C:\\\\Users\\\\lepha\\\\Documents\\\\Codex\\\\Real Estate System\\\\generated\\\\images\\\\live\\\\creativeproperties\\\\creative-new-housing-development-now-selling_under-construction\\\\image_3.jpeg\"", \""C:\\\\Users\\\\lepha\\\\Documents\\\\Codex\\\\Real Estate System\\\\generated\\\\images\\\\live\\\\creativeproperties\\\\creative-new-housing-development-now-selling_under-construction\\\\image_4.jpeg\"", \""C:\\\\Users\\\\lepha\\\\Documents\\\\Codex\\\\Real Estate System\\\\generated\\\\images\\\\live\\\\creativeproperties\\\\creative-new-housing-development-now-selling_under-construction\\\\image_5.jpeg\""]""",https://creativeproperties.co.ls/properties/new-housing-development-now-selling_under-construction/,New,Modern,Suburban,"""[\""yard\"", \""furnished\""]""",sale,5,Lesotho,Maseru,text_match,Maseru,residential,House,3,train,,True,False,,,"Auto-excluded in first-pass review because the row looks multi-unit, development stock, or mixed commercial inventory. Auto-excluded in first-pass review because the row looks multi-unit, development stock, or mixed commercial inventory.",False
creative-rental-home,creativeproperties,Rental Home,Beautiful Home for Rental,"Thepa ena ya mofuta wa house e fumaneha Maseru, Ha Matala. E na le dikamore tse 5 le dibate tse 4 mme e fumaneha ka theko ya M 15,000. Tlotla ena e tshwanetse ho shejwa bakeng sa bareki ba batlang menyetla ya nnete Lesotho.",15000,LSL,Maseru,"Maseru, Ha Matala",House,5,4,"""[\""C:\\\\Users\\\\lepha\\\\Documents\\\\Codex\\\\Real Estate System\\\\generated\\\\images\\\\live\\\\creativeproperties\\\\creative-rental-home\\\\image_1.png\"", \""C:\\\\Users\\\\lepha\\\\Documents\\\\Codex\\\\Real Estate System\\\\generated\\\\images\\\\live\\\\creativeproperties\\\\creative-rental-home\\\\image_2.jpeg\"", \""C:\\\\Users\\\\lepha\\\\Documents\\\\Codex\\\\Real Estate System\\\\generated\\\\images\\\\live\\\\creativeproperties\\\\creative-rental-home\\\\image_3.jpeg\"", \""C:\\\\Users\\\\lepha\\\\Documents\\\\Codex\\\\Real Estate System\\\\generated\\\\images\\\\live\\\\creativeproperties\\\\creative-rental-home\\\\image_4.jpeg\"", \""C:\\\\Users\\\\lepha\\\\Documents\\\\Codex\\\\Real Estate System\\\\generated\\\\images\\\\live\\\\creativeproperties\\\\creative-rental-home\\\\image_5.jpeg\""]""",https://creativeproperties.co.ls/properties/rental-home/,Good,Traditional,Suburban,"""[\""yard\"", \""furnished\""]""",rent,5,Lesotho,Maseru,text_match,Maseru,residential,House,5+,train,,True,True,,,,True
creative-7251,creativeproperties,Rental Unit Arrival Centre,Rental Unit,"Thepa ena ya mofuta wa house e fumaneha Arrival Centre, Maseru, Arrival Center. E na le dikamore tse 2 le dibate tse 1 mme e fumaneha ka theko e sa hlaloswang. Tlotla ena e tshwanetse ho shejwa bakeng sa bareki ba batlang menyetla ya nnete Lesotho.",120000,LSL,Maseru,"Arrival Centre, Maseru, Arrival Center",House,2,1,"""[\""C:\\\\Users\\\\lepha\\\\Documents\\\\Codex\\\\Real Estate System\\\\generated\\\\images\\\\live\\\\creativeproperties\\\\creative-7251\\\\image_1.png\"", \""C:\\\\Users\\\\lepha\\\\Documents\\\\Codex\\\\Real Estate System\\\\generated\\\\images\\\\live\\\\creativeproperties\\\\creative-7251\\\\image_2.jpeg\"", \""C:\\\\Users\\\\lepha\\\\Documents\\\\Codex\\\\Real Estate System\\\\generated\\\\images\\\\live\\\\creativeproperties\\\\creative-7251\\\\image_3.jpeg\"", \""C:\\\\Users\\\\lepha\\\\Documents\\\\Codex\\\\Real Estate System\\\\generated\\\\images\\\\live\\\\creativeproperties\\\\creative-7251\\\\image_4.jpeg\"", \""C:\\\\Users\\\\lepha\\\\Documents\\\\Codex\\\\Real Estate System\\\\generated\\\\images\\\\live\\\\creativeproperties\\\\creative-7251\\\\image_5.jpeg\""]""",https://creativeproperties.co.ls/properties/7251/,Good,Traditional,Urban,"""[\""yard\"", \""furnished\""]""",rent,5,Lesotho,Maseru,text_match,Arrival Centre,residential,House,2,train,,True,True,,,nan Checked manually: keep for CNN training. Arrival Centre context suggests Urban environment. Rental price still needs later verification for recommendation use.,True
propmarket-55wgNg6vcMiZB1T01cRFN,propmarket,"2 Bedrooms, House","2 bedroom\nLounge\nDining \nKitchen with sink, bathroom with bathtub, \nToilet and basin located at Tsoapo le Bolila along tar road.","Thepa ena ya mofuta wa house e fumaneha Tsoapo Le Bolila, Maseru. E na le dikamore tse 2 le dibate tse 1 mme e fumaneha ka theko ya M 600,000. Tlotla ena e tshwanetse ho shejwa bakeng sa bareki ba batlang menyetla ya nnete Lesotho.",600000,LSL,Maseru,"Tsoapo Le Bolila, Maseru",House,2,1,"""[\""C:\\\\Users\\\\lepha\\\\Documents\\\\Codex\\\\Real Estate System\\\\generated\\\\images\\\\live\\\\propmarket\\\\propmarket-55wgNg6vcMiZB1T01cRFN\\\\image_1.jpg\"", \""C:\\\\Users\\\\lepha\\\\Documents\\\\Codex\\\\Real Estate System\\\\generated\\\\images\\\\live\\\\propmarket\\\\propmarket-55wgNg6vcMiZB1T01cRFN\\\\image_2.jpg\"", \""C:\\\\Users\\\\lepha\\\\Documents\\\\Codex\\\\Real Estate System\\\\generated\\\\images\\\\live\\\\propmarket\\\\propmarket-55wgNg6vcMiZB1T01cRFN\\\\image_3.jpg\"", \""C:\\\\Users\\\\lepha\\\\Documents\\\\Codex\\\\Real Estate System\\\\generated\\\\images\\\\live\\\\propmarket\\\\propmarket-55wgNg6vcMiZB1T01cRFN\\\\image_4.jpg\""]""",https://www.propmarket.co.ls/properties/55wgNg6vcMiZB1T01cRFN,Good,Traditional,Urban,"""[\""road access\"", \""tar road\"", \""bathtub\""]""",sale,4,Lesotho,Maseru,text_match,Tsoapo Le Bolila,residential,House,2,val,,True,True,,,,True
propmarket--W_SCLUM4oeyqk-b1OnxZ,propmarket,"3 Bedrooms, House",Ha Foso \n3 minutes walk from main road\n3 bedroom \nDouble garage \n900 square meters\n,"Thepa ena ya mofuta wa house e fumaneha Ha Foso, Berea. E na le dikamore tse 3 le dibate tse 2 mme e fumaneha ka theko ya M 850,000. Tlotla ena e tshwanetse ho shejwa bakeng sa bareki ba batlang menyetla ya nnete Lesotho.",850000,LSL,Berea,"Ha Foso, Berea",House,3,2,"""[\""C:\\\\Users\\\\lepha\\\\Documents\\\\Codex\\\\Real Estate System\\\\generated\\\\images\\\\live\\\\propmarket\\\\propmarket--W_SCLUM4oeyqk-b1OnxZ\\\\image_1.jpg\"", \""C:\\\\Users\\\\lepha\\\\Documents\\\\Codex\\\\Real Estate System\\\\generated\\\\images\\\\live\\\\propmarket\\\\propmarket--W_SCLUM4oeyqk-b1OnxZ\\\\image_2.jpg\"", \""C:\\\\Users\\\\lepha\\\\Documents\\\\Codex\\\\Real Estate System\\\\generated\\\\images\\\\live\\\\propmarket\\\\propmarket--W_SCLUM4oeyqk-b1OnxZ\\\\image_3.jpg\"", \""C:\\\\Users\\\\lepha\\\\Documents\\\\Codex\\\\Real Estate System\\\\generated\\\\images\\\\live\\\\propmarket\\\\propmarket--W_SCLUM4oeyqk-b1OnxZ\\\\image_4.jpg\""]""",https://www.propmarket.co.ls/properties/-W_SCLUM4oeyqk-b1OnxZ,Good,Traditional,Suburban,"""[\""garage\"", \""road access\""]""",sale,4,Lesotho,Berea,text_match,Ha Foso,residential,House,3,train,,True,True,,,,True
propmarket-j7OKpdwoVzgjB5YPW6h7t,propmarket,"4 Bedrooms, House",This beautiful double story house is at Makhoakhoeng Ha Nnelese with just 2.6M,"Thepa ena ya mofuta wa house e fumaneha Makhoakhoeng, Maseru. E na le dikamore tse 4 le dibate tse 2 mme e fumaneha ka theko ya M 2,000,000. Tlotla ena e tshwanetse ho shejwa bakeng sa bareki ba batlang menyetla ya nnete Lesotho.",2000000,LSL,Maseru,"Makhoakhoeng, Maseru",House,4,2,"""[\""C:\\\\Users\\\\lepha\\\\Documents\\\\Codex\\\\Real Estate System\\\\generated\\\\images\\\\live\\\\propmarket\\\\propmarket-j7OKpdwoVzgjB5YPW6h7t\\\\image_1.jpg\"", \""C:\\\\Users\\\\lepha\\\\Documents\\\\Codex\\\\Real Estate System\\\\generated\\\\images\\\\live\\\\propmarket\\\\propmarket-j7OKpdwoVzgjB5YPW6h7t\\\\image_2.jpg\"", \""C:\\\\Users\\\\lepha\\\\Documents\\\\Codex\\\\Real Estate System\\\\generated\\\\images\\\\live\\\\propmarket\\\\propmarket-j7OKpdwoVzgjB5YPW6h7t\\\\image_3.jpg\"", \""C:\\\\Users\\\\lepha\\\\Documents\\\\Codex\\\\Real Estate System\\\\generated\\\\images\\\\live\\\\propmarket\\\\propmarket-j7OKpdwoVzgjB5YPW6h7t\\\\image_4.jpg\""]""",https://www.propmarket.co.ls/properties/j7OKpdwoVzgjB5YPW6h7t,Good,Traditional,Suburban,"""[]""",sale,4,Lesotho,Maseru,text_match,Makhoakhoeng,residential,House,4,test,,True,True,,,,True
propmarket-F4nO0XrUILj-vFaZTz-k3,propmarket,"3 Bedrooms, House","Welcome to this 3 bedroom house in Ha Lesia, e fana ka libedroom tse 3, bathroom tse 2 ,1 fitted with bathtub, shower head.\nSitting room, dining room, lease available, valuation report available, single garage, wall fencing, lockable gate","Thepa ena ya mofuta wa house e fumaneha Ha Lesia, Maseru. E na le dikamore tse 3 le dibate tse 2 mme e fumaneha ka theko ya M 1,700,000. Tlotla ena e tshwanetse ho shejwa bakeng sa bareki ba batlang menyetla ya nnete Lesotho.",1700000,LSL,Maseru,"Ha Lesia, Maseru",House,3,2,"""[\""C:\\\\Users\\\\lepha\\\\Documents\\\\Codex\\\\Real Estate System\\\\generated\\\\images\\\\live\\\\propmarket\\\\propmarket-F4nO0XrUILj-vFaZTz-k3\\\\image_1.jpg\"", \""C:\\\\Users\\\\lepha\\\\Documents\\\\Codex\\\\Real Estate System\\\\generated\\\\images\\\\live\\\\propmarket\\\\propmarket-F4nO0XrUILj-vFaZTz-k3\\\\image_2.jpg\"", \""C:\\\\Users\\\\lepha\\\\Documents\\\\Codex\\\\Real Estate System\\\\generated\\\\images\\\\live\\\\propmarket\\\\propmarket-F4nO0XrUILj-vFaZTz-k3\\\\image_3.jpg\"", \""C:\\\\Users\\\\lepha\\\\Documents\\\\Codex\\\\Real Estate System\\\\generated\\\\images\\\\live\\\\propmarket\\\\propmarket-F4nO0XrUILj-vFaZTz-k3\\\\image_4.jpg\""]""",https://www.propmarket.co.ls/properties/F4nO0XrUILj-vFaZTz-k3,Good,Traditional,Suburban,"""[\""garage\"", \""bathtub\"", \""shower\"", \""walled property\""]""",sale,4,Lesotho,Maseru,text_match,Ha Lesia,residential,House,3,train,,True,True,,,,True
propmarket-OIdYZElsdeDyv41F4x5il,propmarket,"3 Bedrooms, House",This three bedroomed house is in Thetsane West. It is fully fitted and furnished. It ia secured with a wall capped with electric wire and electric gate.,"Thepa ena ya mofuta wa house e fumaneha Thetsane West, Maseru. E na le dikamore tse 3 le dibate tse 3 mme e fumaneha ka theko ya M 25,000. Tlotla ena e tshwanetse ho shejwa bakeng sa bareki ba batlang menyetla ya nnete Lesotho.",25000,LSL,Maseru,"Thetsane West, Maseru",House,3,3,"""[\""C:\\\\Users\\\\lepha\\\\Documents\\\\Codex\\\\Real Estate System\\\\generated\\\\images\\\\live\\\\propmarket\\\\propmarket-OIdYZElsdeDyv41F4x5il\\\\image_1.jpg\"", \""C:\\\\Users\\\\lepha\\\\Documents\\\\Codex\\\\Real Estate System\\\\generated\\\\images\\\\live\\\\propmarket\\\\propmarket-OIdYZElsdeDyv41F4x5il\\\\image_2.jpg\"", \""C:\\\\Users\\\\lepha\\\\Documents\\\\Codex\\\\Real Estate System\\\\generated\\\\images\\\\live\\\\propmarket\\\\propmarket-OIdYZElsdeDyv41F4x5il\\\\image_3.jpg\"", \""C:\\\\Users\\\\lepha\\\\Documents\\\\Codex\\\\Real Estate System\\\\generated\\\\images\\\\live\\\\propmarket\\\\propmarket-OIdYZElsdeDyv41F4x5il\\\\image_4.jpg\""]""",https://www.propmarket.co.ls/properties/OIdYZElsdeDyv41F4x5il,Good,Traditional,Suburban,"""[\""furnished\"", \""walled property\""]""",rent,4,Lesotho,Maseru,text_match,Thetsane West,residential,House,3,train,,True,True,,,,True
propmarket-0QFUac0OuPntEvs1dcaLz,propmarket,"2 Bedrooms, House",4 room house Qeme hHa Mohasoa. Form C e teng. Motlakase o teng le ona.,"Thepa ena ya mofuta wa house e fumaneha Ha Mohasoa, Maseru. E na le dikamore tse 2 le dibate tse 1 mme e fumaneha ka theko ya M 250,000. Tlotla ena e tshwanetse ho shejwa bakeng sa bareki ba batlang menyetla ya nnete Lesotho.",250000,LSL,Maseru,"Ha Mohasoa, Maseru",House,2,1,"""[\""C:\\\\Users\\\\lepha\\\\Documents\\\\Codex\\\\Real Estate System\\\\generated\\\\images\\\\live\\\\propmarket\\\\propmarket-0QFUac0OuPntEvs1dcaLz\\\\image_1.jpg\""]""",https://www.propmarket.co.ls/properties/0QFUac0OuPntEvs1dcaLz,Good,Traditional,Suburban,"""[]""",sale,1,Lesotho,Maseru,text_match,Ha Mohasoa,residential,House,2,val,,True,True,,,,True
propmarket-R1EHwI39jo3u1vRoZT8zr,propmarket,"4 Bedrooms, House",4 Fully fitted bedrooms with master ensuite.\nseparate bathroom\nfitted kitchen\nlounge\ndining\ngarage\nspace for extension \nideal for both office and residential,"Thepa ena ya mofuta wa house e fumaneha Lower Thetsane, Maseru. E na le dikamore tse 4 le dibate tse 1 mme e fumaneha ka theko ya M 3,400,000. Tlotla ena e tshwanetse ho shejwa bakeng sa bareki ba batlang menyetla ya nnete Lesotho.",3400000,LSL,Maseru,"Lower Thetsane, Maseru",House,4,1,"""[\""C:\\\\Users\\\\lepha\\\\Documents\\\\Codex\\\\Real Estate System\\\\generated\\\\images\\\\live\\\\propmarket\\\\propmarket-R1EHwI39jo3u1vRoZT8zr\\\\image_1.jpg\"", \""C:\\\\Users\\\\lepha\\\\Documents\\\\Codex\\\\Real Estate System\\\\generated\\\\images\\\\live\\\\propmarket\\\\propmarket-R1EHwI39jo3u1vRoZT8zr\\\\image_2.jpg\"", \""C:\\\\Users\\\\lepha\\\\Documents\\\\Codex\\\\Real Estate System\\\\generated\\\\images\\\\live\\\\propmarket\\\\propmarket-R1EHwI39jo3u1vRoZT8zr\\\\image_3.jpg\"", \""C:\\\\Users\\\\lepha\\\\Documents\\\\Codex\\\\Real Estate System\\\\generated\\\\images\\\\live\\\\propmarket\\\\propmarket-R1EHwI39jo3u1vRoZT8zr\\\\image_4.jpg\""]""",https://www.propmarket.co.ls/properties/R1EHwI39jo3u1vRoZT8zr,Good,Contemporary,Suburban,"""[\""garage\"", \""office-ready\""]""",sale,4,Lesotho,Maseru,text_match,Lower Thetsane,residential,House,4,test,,True,False,,,"Auto-excluded in first-pass review because the row looks multi-unit, development stock, or mixed commercial inventory. Auto-excluded in first-pass review because the row looks multi-unit, development stock, or mixed commercial inventory.",False
propmarket-4Jzf7HXyRaHeAHAkf22QO,propmarket,"3 Bedrooms, House","3 bedroom house in Lithabaneng, 2 bathrooms","Thepa ena ya mofuta wa house e fumaneha Lithabaneng, Maseru. E na le dikamore tse 3 le dibate tse 2 mme e fumaneha ka theko ya M 1,200,000. Tlotla ena e tshwanetse ho shejwa bakeng sa bareki ba batlang menyetla ya nnete Lesotho.",1200000,LSL,Maseru,"Lithabaneng, Maseru",House,3,2,"""[\""C:\\\\Users\\\\lepha\\\\Documents\\\\Codex\\\\Real Estate System\\\\generated\\\\images\\\\live\\\\propmarket\\\\propmarket-4Jzf7HXyRaHeAHAkf22QO\\\\image_1.jpg\""]""",https://www.propmarket.co.ls/properties/4Jzf7HXyRaHeAHAkf22QO,Good,Traditional,Suburban,"""[]""",sale,1,Lesotho,Maseru,text_match,Lithabaneng,residential,House,3,train,,True,True,,,,True
propmarket-N1X4WI2f98bpGHq_NFisR,propmarket,"3 Bedrooms, House","This is a double story, three roomed house at Ha Pena pena opposite Green City .It is fully fitted at 2m. It has a very tight security.","Thepa ena ya mofuta wa house e fumaneha Matebeleng (ha Penapena), Maseru. E na le dikamore tse 3 le dibate tse 2 mme e fumaneha ka theko ya M 2,000,000. Tlotla ena e tshwanetse ho shejwa bakeng sa bareki ba batlang menyetla ya nnete Lesotho.",2000000,LSL,Maseru,"Matebeleng (ha Penapena), Maseru",House,3,2,"""[\""C:\\\\Users\\\\lepha\\\\Documents\\\\Codex\\\\Real Estate System\\\\generated\\\\images\\\\live\\\\propmarket\\\\propmarket-N1X4WI2f98bpGHq_NFisR\\\\image_1.jpg\"", \""C:\\\\Users\\\\lepha\\\\Documents\\\\Codex\\\\Real Estate System\\\\generated\\\\images\\\\live\\\\propmarket\\\\propmarket-N1X4WI2f98bpGHq_NFisR\\\\image_2.jpg\"", \""C:\\\\Users\\\\lepha\\\\Documents\\\\Codex\\\\Real Estate System\\\\generated\\\\images\\\\live\\\\propmarket\\\\propmarket-N1X4WI2f98bpGHq_NFisR\\\\image_3.jpg\"", \""C:\\\\Users\\\\lepha\\\\Documents\\\\Codex\\\\Real Estate System\\\\generated\\\\images\\\\live\\\\propmarket\\\\propmarket-N1X4WI2f98bpGHq_NFisR\\\\image_4.jpg\""]""",https://www.propmarket.co.ls/properties/N1X4WI2f98bpGHq_NFisR,Good,Traditional,Urban,"""[\""security\""]""",sale,4,Lesotho,Maseru,text_match,Matebeleng (ha Penapena),residential,House,3,train,,True,True,,,,True
propmarket-XG8eL6O2ivKvbk3Mo9gPE,propmarket,"4 Bedrooms, House","This house is in Maseru Happy Villa and under\nconstruction, has 4 bedrooms with 4 ensuites and built-in closet. It also has open Lounge, Dinning room, kitchen and Sculler, one office or study room, a gym, double garage, guest toilet, a storeroom, a toilet for housemate, concrete patio, Swarland, aluminium windows and doors and wooden doors..floor area is 457sm.....at a total price of 6.35m","Thepa ena ya mofuta wa house e fumaneha Happy Villa, Maseru. E na le dikamore tse 4 le dibate tse 4 mme e fumaneha ka theko ya M 6,350,000. Tlotla ena e tshwanetse ho shejwa bakeng sa bareki ba batlang menyetla ya nnete Lesotho.",6350000,LSL,Maseru,"Happy Villa, Maseru",House,4,4,"""[\""C:\\\\Users\\\\lepha\\\\Documents\\\\Codex\\\\Real Estate System\\\\generated\\\\images\\\\live\\\\propmarket\\\\propmarket-XG8eL6O2ivKvbk3Mo9gPE\\\\image_1.jpg\""]""",https://www.propmarket.co.ls/properties/XG8eL6O2ivKvbk3Mo9gPE,Good,Contemporary,Suburban,"""[\""garage\"", \""office-ready\""]""",sale,1,Lesotho,Maseru,text_match,Happy Villa,residential,House,4,train,,True,False,,,"Auto-excluded in first-pass review because the row looks multi-unit, development stock, or mixed commercial inventory. Auto-excluded in first-pass review because the row looks multi-unit, development stock, or mixed commercial inventory.",False
propmarket-cLapWASFVCs_QIY5vAVMY,propmarket,"3 Bedrooms, House",3 bedrooms \nTshifalimali \n5 minutes from tar road,"Thepa ena ya mofuta wa house e fumaneha Hlotse, Leribe. E na le dikamore tse 3 le dibate tse 2 mme e fumaneha ka theko ya M 950,000. Tlotla ena e tshwanetse ho shejwa bakeng sa bareki ba batlang menyetla ya nnete Lesotho.",950000,LSL,Leribe,"Hlotse, Leribe",House,3,2,"""[\""C:\\\\Users\\\\lepha\\\\Documents\\\\Codex\\\\Real Estate System\\\\generated\\\\images\\\\live\\\\propmarket\\\\propmarket-cLapWASFVCs_QIY5vAVMY\\\\image_1.jpg\"", \""C:\\\\Users\\\\lepha\\\\Documents\\\\Codex\\\\Real Estate System\\\\generated\\\\images\\\\live\\\\propmarket\\\\propmarket-cLapWASFVCs_QIY5vAVMY\\\\image_2.jpg\"", \""C:\\\\Users\\\\lepha\\\\Documents\\\\Codex\\\\Real Estate System\\\\generated\\\\images\\\\live\\\\propmarket\\\\propmarket-cLapWASFVCs_QIY5vAVMY\\\\image_3.jpg\""]""",https://www.propmarket.co.ls/properties/cLapWASFVCs_QIY5vAVMY,Good,Traditional,Urban,"""[\""road access\"", \""tar road\""]""",sale,3,Lesotho,Leribe,text_match,Hlotse,residential,House,3,train,,True,True,,,,True
propmarket-N_p5Bxk0pWrJ0ZwkMnuiG,propmarket,"3 Bedrooms, House",Good news 🌞\nA BEAUTIFUL HOUSE is For Sale masowe 4. Listed at 3.5M. \n3bedroomed (1 masterbedroom with ensuite)\n2 bathrooms\nPrivate toilet\nLounge\nPrivate lounge\nBuilt-in Kitchen\nFitted bedroom\nScullery\nDouble garage\nAutomated gate\nG4S security system\n19x 40 site\nGood neighbourhood \n3min from the road(Masowe 4) call: 69441833/58815922,"Thepa ena ya mofuta wa house e fumaneha Masowe Iii, Maseru. E na le dikamore tse 3 le dibate tse 1 mme e fumaneha ka theko ya M 3,500,000. Tlotla ena e tshwanetse ho shejwa bakeng sa bareki ba batlang menyetla ya nnete Lesotho.",3500000,LSL,Maseru,"Masowe Iii, Maseru",House,3,1,"""[\""C:\\\\Users\\\\lepha\\\\Documents\\\\Codex\\\\Real Estate System\\\\generated\\\\images\\\\live\\\\propmarket\\\\propmarket-N_p5Bxk0pWrJ0ZwkMnuiG\\\\image_1.jpg\"", \""C:\\\\Users\\\\lepha\\\\Documents\\\\Codex\\\\Real Estate System\\\\generated\\\\images\\\\live\\\\propmarket\\\\propmarket-N_p5Bxk0pWrJ0ZwkMnuiG\\\\image_2.jpg\"", \""C:\\\\Users\\\\lepha\\\\Documents\\\\Codex\\\\Real Estate System\\\\generated\\\\images\\\\live\\\\propmarket\\\\propmarket-N_p5Bxk0pWrJ0ZwkMnuiG\\\\image_3.jpg\"", \""C:\\\\Users\\\\lepha\\\\Documents\\\\Codex\\\\Real Estate System\\\\generated\\\\images\\\\live\\\\propmarket\\\\propmarket-N_p5Bxk0pWrJ0ZwkMnuiG\\\\image_4.jpg\""]""",https://www.propmarket.co.ls/properties/N_p5Bxk0pWrJ0ZwkMnuiG,New,Traditional,Suburban,"""[\""garage\"", \""road access\"", \""security\""]""",sale,4,Lesotho,Maseru,text_match,Masowe Iii,residential,House,3,train,,True,True,,,,True
propmarket-cMZbiTkolMW4BED2Igjd2,propmarket,"3 Bedrooms, House","A finished house for sale at Ha Matala Phase 2, Maseru along the tarred road sitting on 546 square meter, plot 3 bedrooms all fitted with cupboards, 2 bathrooms with master bedroom ensuite, guest toilet, kitchen, dining room, and lounge open plan, double garage, with automated doors, a detached laundry, servants quarters with toilet,2 gates of which 1 is automated, yard surroundings, paved.","Thepa ena ya mofuta wa house e fumaneha Ha Matala, Maseru. E na le dikamore tse 3 le dibate tse 2 mme e fumaneha ka theko ya M 2,500,000. Tlotla ena e tshwanetse ho shejwa bakeng sa bareki ba batlang menyetla ya nnete Lesotho.",2500000,LSL,Maseru,"Ha Matala, Maseru",House,3,2,"""[\""C:\\\\Users\\\\lepha\\\\Documents\\\\Codex\\\\Real Estate System\\\\generated\\\\images\\\\live\\\\propmarket\\\\propmarket-cMZbiTkolMW4BED2Igjd2\\\\image_1.jpg\"", \""C:\\\\Users\\\\lepha\\\\Documents\\\\Codex\\\\Real Estate System\\\\generated\\\\images\\\\live\\\\propmarket\\\\propmarket-cMZbiTkolMW4BED2Igjd2\\\\image_2.jpg\"", \""C:\\\\Users\\\\lepha\\\\Documents\\\\Codex\\\\Real Estate System\\\\generated\\\\images\\\\live\\\\propmarket\\\\propmarket-cMZbiTkolMW4BED2Igjd2\\\\image_3.jpg\"", \""C:\\\\Users\\\\lepha\\\\Documents\\\\Codex\\\\Real Estate System\\\\generated\\\\images\\\\live\\\\propmarket\\\\propmarket-cMZbiTkolMW4BED2Igjd2\\\\image_4.jpg\""]""",https://www.propmarket.co.ls/properties/cMZbiTkolMW4BED2Igjd2,Good,Family,Garden,"""[\""garage\"", \""yard\"", \""road access\"", \""tar road\""]""",sale,4,Lesotho,Maseru,text_match,Ha Matala,residential,House,3,train,,True,True,,,,True
propmarket-tlOHVm7MK5jPwM8GrnZzU,propmarket,"2 Bedrooms, House","This beautiful house has 2 bedrooms, it is in Green City Maseru.. It is well furnished and fitted.","Thepa ena ya mofuta wa house e fumaneha Matebeleng (ha Penapena), Maseru. E na le dikamore tse 2 le dibate tse 2 mme e fumaneha ka theko ya M 1,250,000. Tlotla ena e tshwanetse ho shejwa bakeng sa bareki ba batlang menyetla ya nnete Lesotho.",1250000,LSL,Maseru,"Matebeleng (ha Penapena), Maseru",House,2,2,"""[\""C:\\\\Users\\\\lepha\\\\Documents\\\\Codex\\\\Real Estate System\\\\generated\\\\images\\\\live\\\\propmarket\\\\propmarket-tlOHVm7MK5jPwM8GrnZzU\\\\image_1.jpg\"", \""C:\\\\Users\\\\lepha\\\\Documents\\\\Codex\\\\Real Estate System\\\\generated\\\\images\\\\live\\\\propmarket\\\\propmarket-tlOHVm7MK5jPwM8GrnZzU\\\\image_2.jpg\"", \""C:\\\\Users\\\\lepha\\\\Documents\\\\Codex\\\\Real Estate System\\\\generated\\\\images\\\\live\\\\propmarket\\\\propmarket-tlOHVm7MK5jPwM8GrnZzU\\\\image_3.jpg\"", \""C:\\\\Users\\\\lepha\\\\Documents\\\\Codex\\\\Real Estate System\\\\generated\\\\images\\\\live\\\\propmarket\\\\propmarket-tlOHVm7MK5jPwM8GrnZzU\\\\image_4.jpg\"", \""C:\\\\Users\\\\lepha\\\\Documents\\\\Codex\\\\Real Estate System\\\\generated\\\\images\\\\live\\\\propmarket\\\\propmarket-tlOHVm7MK5jPwM8GrnZzU\\\\image_5.jpg\""]""",https://www.propmarket.co.ls/properties/tlOHVm7MK5jPwM8GrnZzU,Good,Traditional,Urban,"""[\""furnished\""]""",sale,5,Lesotho,Maseru,text_match,Matebeleng (ha Penapena),residential,House,2,train,,True,True,,,,True
propmarket-TAauZyw_XaAMTcDGOCVox,propmarket,"3 Bedrooms, House",This well fitted and furnished house is at Green City Maseru at just 2.2m.,"Thepa ena ya mofuta wa house e fumaneha Matebeleng (ha Penapena), Maseru. E na le dikamore tse 3 le dibate tse 2 mme e fumaneha ka theko ya M 2,200,000. Tlotla ena e tshwanetse ho shejwa bakeng sa bareki ba batlang menyetla ya nnete Lesotho.",2200000,LSL,Maseru,"Matebeleng (ha Penapena), Maseru",House,3,2,"""[\""C:\\\\Users\\\\lepha\\\\Documents\\\\Codex\\\\Real Estate System\\\\generated\\\\images\\\\live\\\\propmarket\\\\propmarket-TAauZyw_XaAMTcDGOCVox\\\\image_1.jpg\"", \""C:\\\\Users\\\\lepha\\\\Documents\\\\Codex\\\\Real Estate System\\\\generated\\\\images\\\\live\\\\propmarket\\\\propmarket-TAauZyw_XaAMTcDGOCVox\\\\image_2.jpg\"", \""C:\\\\Users\\\\lepha\\\\Documents\\\\Codex\\\\Real Estate System\\\\generated\\\\images\\\\live\\\\propmarket\\\\propmarket-TAauZyw_XaAMTcDGOCVox\\\\image_3.jpg\"", \""C:\\\\Users\\\\lepha\\\\Documents\\\\Codex\\\\Real Estate System\\\\generated\\\\images\\\\live\\\\propmarket\\\\propmarket-TAauZyw_XaAMTcDGOCVox\\\\image_4.jpg\"", \""C:\\\\Users\\\\lepha\\\\Documents\\\\Codex\\\\Real Estate System\\\\generated\\\\images\\\\live\\\\propmarket\\\\propmarket-TAauZyw_XaAMTcDGOCVox\\\\image_5.jpg\""]""",https://www.propmarket.co.ls/properties/TAauZyw_XaAMTcDGOCVox,Good,Traditional,Urban,"""[\""furnished\""]""",sale,5,Lesotho,Maseru,text_match,Matebeleng (ha Penapena),residential,House,3,train,,True,True,,,,True
propmarket-yDtmjWG-Q-xKbELGv4J8E,propmarket,"3 Bedrooms, House","This beautiful 8room house is at Masianokeng Lower Motloheloa, it has a lease. It has 3 bedrooms, 2 bathrooms 1 ensuite with walk-in closet, fitted kitchen, lounge with fireplace, double garage, house area(234sqm), the site area being 1115sqm.. it is 5 min from the main road.","Thepa ena ya mofuta wa house e fumaneha Ha Motloheloa, Maseru. E na le dikamore tse 3 le dibate tse 2 mme e fumaneha ka theko ya M 1,330,000. Tlotla ena e tshwanetse ho shejwa bakeng sa bareki ba batlang menyetla ya nnete Lesotho.",1330000,LSL,Maseru,"Ha Motloheloa, Maseru",House,3,2,"""[\""C:\\\\Users\\\\lepha\\\\Documents\\\\Codex\\\\Real Estate System\\\\generated\\\\images\\\\live\\\\propmarket\\\\propmarket-yDtmjWG-Q-xKbELGv4J8E\\\\image_1.jpg\"", \""C:\\\\Users\\\\lepha\\\\Documents\\\\Codex\\\\Real Estate System\\\\generated\\\\images\\\\live\\\\propmarket\\\\propmarket-yDtmjWG-Q-xKbELGv4J8E\\\\image_2.jpg\"", \""C:\\\\Users\\\\lepha\\\\Documents\\\\Codex\\\\Real Estate System\\\\generated\\\\images\\\\live\\\\propmarket\\\\propmarket-yDtmjWG-Q-xKbELGv4J8E\\\\image_3.jpg\"", \""C:\\\\Users\\\\lepha\\\\Documents\\\\Codex\\\\Real Estate System\\\\generated\\\\images\\\\live\\\\propmarket\\\\propmarket-yDtmjWG-Q-xKbELGv4J8E\\\\image_4.jpg\"", \""C:\\\\Users\\\\lepha\\\\Documents\\\\Codex\\\\Real Estate System\\\\generated\\\\images\\\\live\\\\propmarket\\\\propmarket-yDtmjWG-Q-xKbELGv4J8E\\\\image_5.jpg\""]""",https://www.propmarket.co.ls/properties/yDtmjWG-Q-xKbELGv4J8E,Good,Traditional,Suburban,"""[\""garage\"", \""road access\""]""",sale,5,Lesotho,Maseru,text_match,Ha Motloheloa,residential,House,3,test,,True,True,,,,True
propmarket-24W37YfaY3ZCq1jfnZaik,propmarket,"4 Bedrooms, House","This double storey property is located at Sea-Point, Maseru about 5min from the road.\n\nIt has a big leased site of 1,299sqm and 11 spacious rooms.\n\nIt may be appropriated for either residential and/or commercial purposes as deemed fitting by the new owner.","Thepa ena ya mofuta wa house e fumaneha Sea Point, Maseru. E na le dikamore tse 4 le dibate tse 3 mme e fumaneha ka theko ya M 2,300,000. Tlotla ena e tshwanetse ho shejwa bakeng sa bareki ba batlang menyetla ya nnete Lesotho.",2300000,LSL,Maseru,"Sea Point, Maseru",House,4,3,"""[\""C:\\\\Users\\\\lepha\\\\Documents\\\\Codex\\\\Real Estate System\\\\generated\\\\images\\\\live\\\\propmarket\\\\propmarket-24W37YfaY3ZCq1jfnZaik\\\\image_1.jpg\"", \""C:\\\\Users\\\\lepha\\\\Documents\\\\Codex\\\\Real Estate System\\\\generated\\\\images\\\\live\\\\propmarket\\\\propmarket-24W37YfaY3ZCq1jfnZaik\\\\image_2.jpg\"", \""C:\\\\Users\\\\lepha\\\\Documents\\\\Codex\\\\Real Estate System\\\\generated\\\\images\\\\live\\\\propmarket\\\\propmarket-24W37YfaY3ZCq1jfnZaik\\\\image_3.jpg\"", \""C:\\\\Users\\\\lepha\\\\Documents\\\\Codex\\\\Real Estate System\\\\generated\\\\images\\\\live\\\\propmarket\\\\propmarket-24W37YfaY3ZCq1jfnZaik\\\\image_4.jpg\"", \""C:\\\\Users\\\\lepha\\\\Documents\\\\Codex\\\\Real Estate System\\\\generated\\\\images\\\\live\\\\propmarket\\\\propmarket-24W37YfaY3ZCq1jfnZaik\\\\image_5.jpg\""]""",https://www.propmarket.co.ls/properties/24W37YfaY3ZCq1jfnZaik,New,Family,Suburban,"""[\""road access\""]""",sale,5,Lesotho,Maseru,text_match,Sea Point,residential,House,4,val,,True,False,,,"Auto-excluded in first-pass review because the row looks multi-unit, development stock, or mixed commercial inventory. Auto-excluded in first-pass review because the row looks multi-unit, development stock, or mixed commercial inventory.",False
propmarket-Tc6ZRjEuTnPYdBTEdSG6M,propmarket,"2 Bedrooms, House","Located at Koalabata, \nIt is a beautiful house 5 roomed house with big site of 22 by 30m. It has a very neat interior with a ceramic and laminate flooring, as well as a fitted bathroom.","Thepa ena ya mofuta wa house e fumaneha Koalabata, Berea. E na le dikamore tse 2 le dibate tse 1 mme e fumaneha ka theko ya M 400,000. Tlotla ena e tshwanetse ho shejwa bakeng sa bareki ba batlang menyetla ya nnete Lesotho.",400000,LSL,Berea,"Koalabata, Berea",House,2,1,"""[\""C:\\\\Users\\\\lepha\\\\Documents\\\\Codex\\\\Real Estate System\\\\generated\\\\images\\\\live\\\\propmarket\\\\propmarket-Tc6ZRjEuTnPYdBTEdSG6M\\\\image_1.jpg\"", \""C:\\\\Users\\\\lepha\\\\Documents\\\\Codex\\\\Real Estate System\\\\generated\\\\images\\\\live\\\\propmarket\\\\propmarket-Tc6ZRjEuTnPYdBTEdSG6M\\\\image_2.jpg\"", \""C:\\\\Users\\\\lepha\\\\Documents\\\\Codex\\\\Real Estate System\\\\generated\\\\images\\\\live\\\\propmarket\\\\propmarket-Tc6ZRjEuTnPYdBTEdSG6M\\\\image_3.jpg\"", \""C:\\\\Users\\\\lepha\\\\Documents\\\\Codex\\\\Real Estate System\\\\generated\\\\images\\\\live\\\\propmarket\\\\propmarket-Tc6ZRjEuTnPYdBTEdSG6M\\\\image_4.jpg\"", \""C:\\\\Users\\\\lepha\\\\Documents\\\\Codex\\\\Real Estate System\\\\generated\\\\images\\\\live\\\\propmarket\\\\propmarket-Tc6ZRjEuTnPYdBTEdSG6M\\\\image_5.jpg\""]""",https://www.propmarket.co.ls/properties/Tc6ZRjEuTnPYdBTEdSG6M,Good,Traditional,Suburban,"""[]""",sale,5,Lesotho,Berea,text_match,Koalabata,residential,House,2,train,,True,True,,,,True
propmarket-8uq5URIlKh88PsVzl_XGq,propmarket,"8 Units, Malaene","we have this property in T.Y with a lease, electricity, toilet, ceiling, burglar doors and windows with the price 350k, and the price is negotiable..","Thepa ena ya mofuta wa house e fumaneha Teyateyaneng, Berea. E na le dikamore tse 2 le dibate tse 1 mme e fumaneha ka theko ya M 350,000. Tlotla ena e tshwanetse ho shejwa bakeng sa bareki ba batlang menyetla ya nnete Lesotho.",350000,LSL,Berea,"Teyateyaneng, Berea",House,2,1,"""[\""C:\\\\Users\\\\lepha\\\\Documents\\\\Codex\\\\Real Estate System\\\\generated\\\\images\\\\live\\\\propmarket\\\\propmarket-8uq5URIlKh88PsVzl_XGq\\\\image_1.jpg\"", \""C:\\\\Users\\\\lepha\\\\Documents\\\\Codex\\\\Real Estate System\\\\generated\\\\images\\\\live\\\\propmarket\\\\propmarket-8uq5URIlKh88PsVzl_XGq\\\\image_2.jpg\"", \""C:\\\\Users\\\\lepha\\\\Documents\\\\Codex\\\\Real Estate System\\\\generated\\\\images\\\\live\\\\propmarket\\\\propmarket-8uq5URIlKh88PsVzl_XGq\\\\image_3.jpg\"", \""C:\\\\Users\\\\lepha\\\\Documents\\\\Codex\\\\Real Estate System\\\\generated\\\\images\\\\live\\\\propmarket\\\\propmarket-8uq5URIlKh88PsVzl_XGq\\\\image_4.jpg\""]""",https://www.propmarket.co.ls/properties/8uq5URIlKh88PsVzl_XGq,Good,Traditional,Urban,"""[\""electricity\""]""",sale,4,Lesotho,Berea,text_match,Teyateyaneng,residential,House,2,train,,True,False,,,"Auto-excluded in first-pass review because the row looks multi-unit, development stock, or mixed commercial inventory. Auto-excluded in first-pass review because the row looks multi-unit, development stock, or mixed commercial inventory.",False
propmarket-Ri6CHRmQ6lKLwrAgtmMQM,propmarket,"3 Bedrooms, House",Make this property useful by owning it.\n\n3 bedrooms in Masowe 2\n3 Bathrooms \nKitchen\nDining\nSitting room,"Thepa ena ya mofuta wa house e fumaneha Masowe Iii, Maseru. E na le dikamore tse 3 le dibate tse 3 mme e fumaneha ka theko ya M 1,800,000. Tlotla ena e tshwanetse ho shejwa bakeng sa bareki ba batlang menyetla ya nnete Lesotho.",1800000,LSL,Maseru,"Masowe Iii, Maseru",House,3,3,"""[\""C:\\\\Users\\\\lepha\\\\Documents\\\\Codex\\\\Real Estate System\\\\generated\\\\images\\\\live\\\\propmarket\\\\propmarket-Ri6CHRmQ6lKLwrAgtmMQM\\\\image_1.jpg\"", \""C:\\\\Users\\\\lepha\\\\Documents\\\\Codex\\\\Real Estate System\\\\generated\\\\images\\\\live\\\\propmarket\\\\propmarket-Ri6CHRmQ6lKLwrAgtmMQM\\\\image_2.jpg\"", \""C:\\\\Users\\\\lepha\\\\Documents\\\\Codex\\\\Real Estate System\\\\generated\\\\images\\\\live\\\\propmarket\\\\propmarket-Ri6CHRmQ6lKLwrAgtmMQM\\\\image_3.jpg\"", \""C:\\\\Users\\\\lepha\\\\Documents\\\\Codex\\\\Real Estate System\\\\generated\\\\images\\\\live\\\\propmarket\\\\propmarket-Ri6CHRmQ6lKLwrAgtmMQM\\\\image_4.jpg\"", \""C:\\\\Users\\\\lepha\\\\Documents\\\\Codex\\\\Real Estate System\\\\generated\\\\images\\\\live\\\\propmarket\\\\propmarket-Ri6CHRmQ6lKLwrAgtmMQM\\\\image_5.jpg\""]""",https://www.propmarket.co.ls/properties/Ri6CHRmQ6lKLwrAgtmMQM,Good,Traditional,Suburban,"""[]""",sale,5,Lesotho,Maseru,text_match,Masowe Iii,residential,House,3,test,,True,True,,,,True
propmarket-xIf5GMbseSPtVlurr3EFE,propmarket,"3 Bedrooms, House","This house was recently built, it has 3 bedrooms fully fitted, a fully fitted kitchen, it is well fenced, with a gate, has a car port. at just 900k and the price is negotiable.","Thepa ena ya mofuta wa house e fumaneha Ha Tsolo, Maseru. E na le dikamore tse 3 le dibate tse 1 mme e fumaneha ka theko ya M 900,000. Tlotla ena e tshwanetse ho shejwa bakeng sa bareki ba batlang menyetla ya nnete Lesotho.",900000,LSL,Maseru,"Ha Tsolo, Maseru",House,3,1,"""[\""C:\\\\Users\\\\lepha\\\\Documents\\\\Codex\\\\Real Estate System\\\\generated\\\\images\\\\live\\\\propmarket\\\\propmarket-xIf5GMbseSPtVlurr3EFE\\\\image_1.jpg\"", \""C:\\\\Users\\\\lepha\\\\Documents\\\\Codex\\\\Real Estate System\\\\generated\\\\images\\\\live\\\\propmarket\\\\propmarket-xIf5GMbseSPtVlurr3EFE\\\\image_2.jpg\"", \""C:\\\\Users\\\\lepha\\\\Documents\\\\Codex\\\\Real Estate System\\\\generated\\\\images\\\\live\\\\propmarket\\\\propmarket-xIf5GMbseSPtVlurr3EFE\\\\image_3.jpg\"", \""C:\\\\Users\\\\lepha\\\\Documents\\\\Codex\\\\Real Estate System\\\\generated\\\\images\\\\live\\\\propmarket\\\\propmarket-xIf5GMbseSPtVlurr3EFE\\\\image_4.jpg\"", \""C:\\\\Users\\\\lepha\\\\Documents\\\\Codex\\\\Real Estate System\\\\generated\\\\images\\\\live\\\\propmarket\\\\propmarket-xIf5GMbseSPtVlurr3EFE\\\\image_5.png\""]""",https://www.propmarket.co.ls/properties/xIf5GMbseSPtVlurr3EFE,Good,Traditional,Suburban,"""[]""",sale,5,Lesotho,Maseru,text_match,Ha Tsolo,residential,House,3,val,,True,True,,,,True
propmarket-YeJOdv1same7Be9Pfqx6y,propmarket,"2 Bedrooms, House","This house is in Khubetsoana, a 2 bedrom house with a fitted bathroom and kitchen at 600k..","Thepa ena ya mofuta wa house e fumaneha Khubetsoana, Berea. E na le dikamore tse 2 le dibate tse 1 mme e fumaneha ka theko ya M 600,000. Tlotla ena e tshwanetse ho shejwa bakeng sa bareki ba batlang menyetla ya nnete Lesotho.",600000,LSL,Berea,"Khubetsoana, Berea",House,2,1,"""[\""C:\\\\Users\\\\lepha\\\\Documents\\\\Codex\\\\Real Estate System\\\\generated\\\\images\\\\live\\\\propmarket\\\\propmarket-YeJOdv1same7Be9Pfqx6y\\\\image_1.jpg\"", \""C:\\\\Users\\\\lepha\\\\Documents\\\\Codex\\\\Real Estate System\\\\generated\\\\images\\\\live\\\\propmarket\\\\propmarket-YeJOdv1same7Be9Pfqx6y\\\\image_2.jpg\"", \""C:\\\\Users\\\\lepha\\\\Documents\\\\Codex\\\\Real Estate System\\\\generated\\\\images\\\\live\\\\propmarket\\\\propmarket-YeJOdv1same7Be9Pfqx6y\\\\image_3.jpg\"", \""C:\\\\Users\\\\lepha\\\\Documents\\\\Codex\\\\Real Estate System\\\\generated\\\\images\\\\live\\\\propmarket\\\\propmarket-YeJOdv1same7Be9Pfqx6y\\\\image_4.jpg\"", \""C:\\\\Users\\\\lepha\\\\Documents\\\\Codex\\\\Real Estate System\\\\generated\\\\images\\\\live\\\\propmarket\\\\propmarket-YeJOdv1same7Be9Pfqx6y\\\\image_5.jpg\""]""",https://www.propmarket.co.ls/properties/YeJOdv1same7Be9Pfqx6y,Good,Traditional,Suburban,"""[]""",sale,5,Lesotho,Berea,text_match,Khubetsoana,residential,House,2,train,,True,True,,,,True
propmarket-k8AX2jh1R695RF-5UBAIV,propmarket,"2 Bedrooms, House",3 room,"Thepa ena ya mofuta wa house e fumaneha Maqhaka, Berea. E na le dikamore tse 2 le dibate tse 1 mme e fumaneha ka theko ya M 220,000. Tlotla ena e tshwanetse ho shejwa bakeng sa bareki ba batlang menyetla ya nnete Lesotho.",220000,LSL,Berea,"Maqhaka, Berea",House,2,1,"""[\""C:\\\\Users\\\\lepha\\\\Documents\\\\Codex\\\\Real Estate System\\\\generated\\\\images\\\\live\\\\propmarket\\\\propmarket-k8AX2jh1R695RF-5UBAIV\\\\image_1.jpg\"", \""C:\\\\Users\\\\lepha\\\\Documents\\\\Codex\\\\Real Estate System\\\\generated\\\\images\\\\live\\\\propmarket\\\\propmarket-k8AX2jh1R695RF-5UBAIV\\\\image_2.jpg\"", \""C:\\\\Users\\\\lepha\\\\Documents\\\\Codex\\\\Real Estate System\\\\generated\\\\images\\\\live\\\\propmarket\\\\propmarket-k8AX2jh1R695RF-5UBAIV\\\\image_3.jpg\"", \""C:\\\\Users\\\\lepha\\\\Documents\\\\Codex\\\\Real Estate System\\\\generated\\\\images\\\\live\\\\propmarket\\\\propmarket-k8AX2jh1R695RF-5UBAIV\\\\image_4.jpg\"", \""C:\\\\Users\\\\lepha\\\\Documents\\\\Codex\\\\Real Estate System\\\\generated\\\\images\\\\live\\\\propmarket\\\\propmarket-k8AX2jh1R695RF-5UBAIV\\\\image_5.png\""]""",https://www.propmarket.co.ls/properties/k8AX2jh1R695RF-5UBAIV,Good,Traditional,Suburban,"""[]""",sale,5,Lesotho,Berea,text_match,Maqhaka,residential,House,2,train,,True,True,,,,True
propmarket-_zELaVV-BDUsJNyZbtujP,propmarket,"6 Units, Malaene",It's a wonderful achievement to have a HOME...\n\nLET'S HELP YOU FIND YOURS,"Thepa ena ya mofuta wa house e fumaneha Qoaling, Maseru. E na le dikamore tse 2 le dibate tse 1 mme e fumaneha ka theko ya M 600,000. Tlotla ena e tshwanetse ho shejwa bakeng sa bareki ba batlang menyetla ya nnete Lesotho.",600000,LSL,Maseru,"Qoaling, Maseru",House,2,1,"""[\""C:\\\\Users\\\\lepha\\\\Documents\\\\Codex\\\\Real Estate System\\\\generated\\\\images\\\\live\\\\propmarket\\\\propmarket-_zELaVV-BDUsJNyZbtujP\\\\image_1.jpg\"", \""C:\\\\Users\\\\lepha\\\\Documents\\\\Codex\\\\Real Estate System\\\\generated\\\\images\\\\live\\\\propmarket\\\\propmarket-_zELaVV-BDUsJNyZbtujP\\\\image_2.jpg\"", \""C:\\\\Users\\\\lepha\\\\Documents\\\\Codex\\\\Real Estate System\\\\generated\\\\images\\\\live\\\\propmarket\\\\propmarket-_zELaVV-BDUsJNyZbtujP\\\\image_3.jpg\"", \""C:\\\\Users\\\\lepha\\\\Documents\\\\Codex\\\\Real Estate System\\\\generated\\\\images\\\\live\\\\propmarket\\\\propmarket-_zELaVV-BDUsJNyZbtujP\\\\image_4.jpg\"", \""C:\\\\Users\\\\lepha\\\\Documents\\\\Codex\\\\Real Estate System\\\\generated\\\\images\\\\live\\\\propmarket\\\\propmarket-_zELaVV-BDUsJNyZbtujP\\\\image_5.png\""]""",https://www.propmarket.co.ls/properties/_zELaVV-BDUsJNyZbtujP,Good,Traditional,Suburban,"""[]""",sale,5,Lesotho,Maseru,text_match,Qoaling,residential,House,2,train,,True,False,,,"Auto-excluded in first-pass review because the row looks multi-unit, development stock, or mixed commercial inventory. Auto-excluded in first-pass review because the row looks multi-unit, development stock, or mixed commercial inventory.",False
propmarket-e2NFTtDz2NDVZ4h5U87Hr,propmarket,"3 Bedrooms, House",A newly built beautiful HOME,"Thepa ena ya mofuta wa house e fumaneha Pena Pena, Maseru. E na le dikamore tse 3 le dibate tse 2 mme e fumaneha ka theko ya M 1,400,000. Tlotla ena e tshwanetse ho shejwa bakeng sa bareki ba batlang menyetla ya nnete Lesotho.",1400000,LSL,Maseru,"Pena Pena, Maseru",House,3,2,"""[\""C:\\\\Users\\\\lepha\\\\Documents\\\\Codex\\\\Real Estate System\\\\generated\\\\images\\\\live\\\\propmarket\\\\propmarket-e2NFTtDz2NDVZ4h5U87Hr\\\\image_1.jpg\"", \""C:\\\\Users\\\\lepha\\\\Documents\\\\Codex\\\\Real Estate System\\\\generated\\\\images\\\\live\\\\propmarket\\\\propmarket-e2NFTtDz2NDVZ4h5U87Hr\\\\image_2.jpg\"", \""C:\\\\Users\\\\lepha\\\\Documents\\\\Codex\\\\Real Estate System\\\\generated\\\\images\\\\live\\\\propmarket\\\\propmarket-e2NFTtDz2NDVZ4h5U87Hr\\\\image_3.jpg\"", \""C:\\\\Users\\\\lepha\\\\Documents\\\\Codex\\\\Real Estate System\\\\generated\\\\images\\\\live\\\\propmarket\\\\propmarket-e2NFTtDz2NDVZ4h5U87Hr\\\\image_4.jpg\"", \""C:\\\\Users\\\\lepha\\\\Documents\\\\Codex\\\\Real Estate System\\\\generated\\\\images\\\\live\\\\propmarket\\\\propmarket-e2NFTtDz2NDVZ4h5U87Hr\\\\image_5.jpg\""]""",https://www.propmarket.co.ls/properties/e2NFTtDz2NDVZ4h5U87Hr,New,Traditional,Suburban,"""[]""",sale,5,Lesotho,Maseru,text_match,Pena Pena,residential,House,3,train,,True,True,,,,True
propmarket-UuhECTjkxd0jY3uFasnSj,propmarket,"2 Bedrooms, House",5 roomed house at Ha- Tsolo.. five to seven minutes from the road.. at the price 400k,"Thepa ena ya mofuta wa house e fumaneha Ha Tsolo, Maseru. E na le dikamore tse 2 le dibate tse 1 mme e fumaneha ka theko ya M 400,000. Tlotla ena e tshwanetse ho shejwa bakeng sa bareki ba batlang menyetla ya nnete Lesotho.",400000,LSL,Maseru,"Ha Tsolo, Maseru",House,2,1,"""[\""C:\\\\Users\\\\lepha\\\\Documents\\\\Codex\\\\Real Estate System\\\\generated\\\\images\\\\live\\\\propmarket\\\\propmarket-UuhECTjkxd0jY3uFasnSj\\\\image_1.jpg\"", \""C:\\\\Users\\\\lepha\\\\Documents\\\\Codex\\\\Real Estate System\\\\generated\\\\images\\\\live\\\\propmarket\\\\propmarket-UuhECTjkxd0jY3uFasnSj\\\\image_2.jpg\"", \""C:\\\\Users\\\\lepha\\\\Documents\\\\Codex\\\\Real Estate System\\\\generated\\\\images\\\\live\\\\propmarket\\\\propmarket-UuhECTjkxd0jY3uFasnSj\\\\image_3.jpg\"", \""C:\\\\Users\\\\lepha\\\\Documents\\\\Codex\\\\Real Estate System\\\\generated\\\\images\\\\live\\\\propmarket\\\\propmarket-UuhECTjkxd0jY3uFasnSj\\\\image_4.jpg\"", \""C:\\\\Users\\\\lepha\\\\Documents\\\\Codex\\\\Real Estate System\\\\generated\\\\images\\\\live\\\\propmarket\\\\propmarket-UuhECTjkxd0jY3uFasnSj\\\\image_5.jpg\""]""",https://www.propmarket.co.ls/properties/UuhECTjkxd0jY3uFasnSj,Good,Traditional,Suburban,"""[\""road access\""]""",sale,5,Lesotho,Maseru,text_match,Ha Tsolo,residential,House,2,train,,True,True,,,,True
propmarket-C9lcWgLNZxWHPX7Wj8iGv,propmarket,"2 Bedrooms, House","This house is at Koalabata, it has a fully fitted bathroom just 2 minutes from the road..425sqm at 550k.","Thepa ena ya mofuta wa house e fumaneha Koalabata, Berea. E na le dikamore tse 2 le dibate tse 1 mme e fumaneha ka theko ya M 550,000. Tlotla ena e tshwanetse ho shejwa bakeng sa bareki ba batlang menyetla ya nnete Lesotho.",550000,LSL,Berea,"Koalabata, Berea",House,2,1,"""[\""C:\\\\Users\\\\lepha\\\\Documents\\\\Codex\\\\Real Estate System\\\\generated\\\\images\\\\live\\\\propmarket\\\\propmarket-C9lcWgLNZxWHPX7Wj8iGv\\\\image_1.jpg\"", \""C:\\\\Users\\\\lepha\\\\Documents\\\\Codex\\\\Real Estate System\\\\generated\\\\images\\\\live\\\\propmarket\\\\propmarket-C9lcWgLNZxWHPX7Wj8iGv\\\\image_2.jpg\"", \""C:\\\\Users\\\\lepha\\\\Documents\\\\Codex\\\\Real Estate System\\\\generated\\\\images\\\\live\\\\propmarket\\\\propmarket-C9lcWgLNZxWHPX7Wj8iGv\\\\image_3.jpg\"", \""C:\\\\Users\\\\lepha\\\\Documents\\\\Codex\\\\Real Estate System\\\\generated\\\\images\\\\live\\\\propmarket\\\\propmarket-C9lcWgLNZxWHPX7Wj8iGv\\\\image_4.jpg\"", \""C:\\\\Users\\\\lepha\\\\Documents\\\\Codex\\\\Real Estate System\\\\generated\\\\images\\\\live\\\\propmarket\\\\propmarket-C9lcWgLNZxWHPX7Wj8iGv\\\\image_5.jpg\""]""",https://www.propmarket.co.ls/properties/C9lcWgLNZxWHPX7Wj8iGv,Good,Traditional,Suburban,"""[\""road access\""]""",sale,5,Lesotho,Berea,text_match,Koalabata,residential,House,2,test,,True,True,,,,True
propmarket-nc43EhrGALYvCzC6PP0Ay,propmarket,"3 Bedrooms, House","It is a 9 roomed house with 927sqm in Mazenod , with 550k","Thepa ena ya mofuta wa house e fumaneha Mazenod, Maseru. E na le dikamore tse 3 le dibate tse 1 mme e fumaneha ka theko ya M 650,000. Tlotla ena e tshwanetse ho shejwa bakeng sa bareki ba batlang menyetla ya nnete Lesotho.",650000,LSL,Maseru,"Mazenod, Maseru",House,3,1,"""[\""C:\\\\Users\\\\lepha\\\\Documents\\\\Codex\\\\Real Estate System\\\\generated\\\\images\\\\live\\\\propmarket\\\\propmarket-nc43EhrGALYvCzC6PP0Ay\\\\image_1.jpg\"", \""C:\\\\Users\\\\lepha\\\\Documents\\\\Codex\\\\Real Estate System\\\\generated\\\\images\\\\live\\\\propmarket\\\\propmarket-nc43EhrGALYvCzC6PP0Ay\\\\image_2.jpg\"", \""C:\\\\Users\\\\lepha\\\\Documents\\\\Codex\\\\Real Estate System\\\\generated\\\\images\\\\live\\\\propmarket\\\\propmarket-nc43EhrGALYvCzC6PP0Ay\\\\image_3.jpg\"", \""C:\\\\Users\\\\lepha\\\\Documents\\\\Codex\\\\Real Estate System\\\\generated\\\\images\\\\live\\\\propmarket\\\\propmarket-nc43EhrGALYvCzC6PP0Ay\\\\image_4.jpg\"", \""C:\\\\Users\\\\lepha\\\\Documents\\\\Codex\\\\Real Estate System\\\\generated\\\\images\\\\live\\\\propmarket\\\\propmarket-nc43EhrGALYvCzC6PP0Ay\\\\image_5.jpg\""]""",https://www.propmarket.co.ls/properties/nc43EhrGALYvCzC6PP0Ay,Good,Traditional,Suburban,"""[]""",sale,5,Lesotho,Maseru,text_match,Mazenod,residential,House,3,val,,True,True,,,,True
propmarket-5NttMN-sRvwuo2K4rDYMW,propmarket,"3 Bedrooms, House",This is 8 roomed house at Naleli with a lease.. 618sqm with just 650k.,"Thepa ena ya mofuta wa house e fumaneha Naleli, Berea. E na le dikamore tse 3 le dibate tse 1 mme e fumaneha ka theko ya M 650,000. Tlotla ena e tshwanetse ho shejwa bakeng sa bareki ba batlang menyetla ya nnete Lesotho.",650000,LSL,Berea,"Naleli, Berea",House,3,1,"""[\""C:\\\\Users\\\\lepha\\\\Documents\\\\Codex\\\\Real Estate System\\\\generated\\\\images\\\\live\\\\propmarket\\\\propmarket-5NttMN-sRvwuo2K4rDYMW\\\\image_1.jpg\"", \""C:\\\\Users\\\\lepha\\\\Documents\\\\Codex\\\\Real Estate System\\\\generated\\\\images\\\\live\\\\propmarket\\\\propmarket-5NttMN-sRvwuo2K4rDYMW\\\\image_2.jpg\"", \""C:\\\\Users\\\\lepha\\\\Documents\\\\Codex\\\\Real Estate System\\\\generated\\\\images\\\\live\\\\propmarket\\\\propmarket-5NttMN-sRvwuo2K4rDYMW\\\\image_3.jpg\"", \""C:\\\\Users\\\\lepha\\\\Documents\\\\Codex\\\\Real Estate System\\\\generated\\\\images\\\\live\\\\propmarket\\\\propmarket-5NttMN-sRvwuo2K4rDYMW\\\\image_4.jpg\"", \""C:\\\\Users\\\\lepha\\\\Documents\\\\Codex\\\\Real Estate System\\\\generated\\\\images\\\\live\\\\propmarket\\\\propmarket-5NttMN-sRvwuo2K4rDYMW\\\\image_5.jpg\""]""",https://www.propmarket.co.ls/properties/5NttMN-sRvwuo2K4rDYMW,Good,Traditional,Suburban,"""[]""",sale,5,Lesotho,Berea,text_match,Naleli,residential,House,3,train,,True,True,,,,True
propmarket-8GL2YSoWJfkJYfbOYKDl1,propmarket,"2 Bedrooms, House","Ntlo ena e Nazareth Ha Phaloane, with a Form C.. motlakase o teng ka 200k fela..","Thepa ena ya mofuta wa house e fumaneha Ha Phaloane, Maseru. E na le dikamore tse 2 le dibate tse 1 mme e fumaneha ka theko ya M 200,000. Tlotla ena e tshwanetse ho shejwa bakeng sa bareki ba batlang menyetla ya nnete Lesotho.",200000,LSL,Maseru,"Ha Phaloane, Maseru",House,2,1,"""[\""C:\\\\Users\\\\lepha\\\\Documents\\\\Codex\\\\Real Estate System\\\\generated\\\\images\\\\live\\\\propmarket\\\\propmarket-8GL2YSoWJfkJYfbOYKDl1\\\\image_1.jpg\"", \""C:\\\\Users\\\\lepha\\\\Documents\\\\Codex\\\\Real Estate System\\\\generated\\\\images\\\\live\\\\propmarket\\\\propmarket-8GL2YSoWJfkJYfbOYKDl1\\\\image_2.jpg\"", \""C:\\\\Users\\\\lepha\\\\Documents\\\\Codex\\\\Real Estate System\\\\generated\\\\images\\\\live\\\\propmarket\\\\propmarket-8GL2YSoWJfkJYfbOYKDl1\\\\image_3.jpg\"", \""C:\\\\Users\\\\lepha\\\\Documents\\\\Codex\\\\Real Estate System\\\\generated\\\\images\\\\live\\\\propmarket\\\\propmarket-8GL2YSoWJfkJYfbOYKDl1\\\\image_4.jpg\""]""",https://www.propmarket.co.ls/properties/8GL2YSoWJfkJYfbOYKDl1,Good,Traditional,Suburban,"""[]""",sale,4,Lesotho,Maseru,text_match,Ha Phaloane,residential,House,2,train,,True,True,,,,True
propmarket-T7DEuA--o2VWCXfCg3FE2,propmarket,"1 Bedroom, House",This is a 2 roomed house Koalabata e pela Sekamaneng ka 150k and negotiable..Form C e teng.. metsi le motlakase li pela jarete..,"Thepa ena ya mofuta wa house e fumaneha Koalabata, Berea. E na le dikamore tse 1 le dibate tse 1 mme e fumaneha ka theko ya M 150,000. Tlotla ena e tshwanetse ho shejwa bakeng sa bareki ba batlang menyetla ya nnete Lesotho.",150000,LSL,Berea,"Koalabata, Berea",House,1,1,"""[\""C:\\\\Users\\\\lepha\\\\Documents\\\\Codex\\\\Real Estate System\\\\generated\\\\images\\\\live\\\\propmarket\\\\propmarket-T7DEuA--o2VWCXfCg3FE2\\\\image_1.jpg\"", \""C:\\\\Users\\\\lepha\\\\Documents\\\\Codex\\\\Real Estate System\\\\generated\\\\images\\\\live\\\\propmarket\\\\propmarket-T7DEuA--o2VWCXfCg3FE2\\\\image_2.jpg\"", \""C:\\\\Users\\\\lepha\\\\Documents\\\\Codex\\\\Real Estate System\\\\generated\\\\images\\\\live\\\\propmarket\\\\propmarket-T7DEuA--o2VWCXfCg3FE2\\\\image_3.jpg\"", \""C:\\\\Users\\\\lepha\\\\Documents\\\\Codex\\\\Real Estate System\\\\generated\\\\images\\\\live\\\\propmarket\\\\propmarket-T7DEuA--o2VWCXfCg3FE2\\\\image_4.jpg\""]""",https://www.propmarket.co.ls/properties/T7DEuA--o2VWCXfCg3FE2,Good,Traditional,Suburban,"""[]""",sale,4,Lesotho,Berea,text_match,Koalabata,residential,House,1,train,,True,True,,,,True
propmarket-iTxYHd19YkRxk68-z4Gg1,propmarket,"5 Bedrooms, House","This beautiful house is at Masowe 3, it has 5 bedrooms and fully fitted at 2.5m","Thepa ena ya mofuta wa house e fumaneha Masowe Iii, Maseru. E na le dikamore tse 5 le dibate tse 3 mme e fumaneha ka theko ya M 2,500,000. Tlotla ena e tshwanetse ho shejwa bakeng sa bareki ba batlang menyetla ya nnete Lesotho.",2500000,LSL,Maseru,"Masowe Iii, Maseru",House,5,3,"""[\""C:\\\\Users\\\\lepha\\\\Documents\\\\Codex\\\\Real Estate System\\\\generated\\\\images\\\\live\\\\propmarket\\\\propmarket-iTxYHd19YkRxk68-z4Gg1\\\\image_1.jpg\"", \""C:\\\\Users\\\\lepha\\\\Documents\\\\Codex\\\\Real Estate System\\\\generated\\\\images\\\\live\\\\propmarket\\\\propmarket-iTxYHd19YkRxk68-z4Gg1\\\\image_2.jpg\"", \""C:\\\\Users\\\\lepha\\\\Documents\\\\Codex\\\\Real Estate System\\\\generated\\\\images\\\\live\\\\propmarket\\\\propmarket-iTxYHd19YkRxk68-z4Gg1\\\\image_3.jpg\"", \""C:\\\\Users\\\\lepha\\\\Documents\\\\Codex\\\\Real Estate System\\\\generated\\\\images\\\\live\\\\propmarket\\\\propmarket-iTxYHd19YkRxk68-z4Gg1\\\\image_4.jpg\""]""",https://www.propmarket.co.ls/properties/iTxYHd19YkRxk68-z4Gg1,Good,Traditional,Suburban,"""[]""",sale,4,Lesotho,Maseru,text_match,Masowe Iii,residential,House,5+,train,,True,True,,,,True
propmarket-bth9PHwYL2oRa7FORo96t,propmarket,"4 Bedrooms, House","Double storey in Lower Thetsane \n\nSpacious kitchen fitted fully.\n\nTwo lounges.\n\n2 Master Bedrooms with ensuite 1 in ground floor, 1 in first floor.\n\nTwo other bedrooms with shared bathroom and shower.\n\nStudy room,\n\nAll windows and doors fitted with security.\n\nElectrified fence, 1 sliding gate and 1 swing gate all motorized.\n\nPedestrian gate with mag lock. 4 balconies.\n\nWater back up, electricity-back up.\n\nGuard house, beautiful landscape, Underground heater.\n","Thepa ena ya mofuta wa house e fumaneha Lower Thetsane, Maseru. E na le dikamore tse 4 le dibate tse 4 mme e fumaneha ka theko ya M 7,500,000. Tlotla ena e tshwanetse ho shejwa bakeng sa bareki ba batlang menyetla ya nnete Lesotho.",7500000,LSL,Maseru,"Lower Thetsane, Maseru",House,4,4,"""[\""C:\\\\Users\\\\lepha\\\\Documents\\\\Codex\\\\Real Estate System\\\\generated\\\\images\\\\live\\\\propmarket\\\\propmarket-bth9PHwYL2oRa7FORo96t\\\\image_1.jpg\"", \""C:\\\\Users\\\\lepha\\\\Documents\\\\Codex\\\\Real Estate System\\\\generated\\\\images\\\\live\\\\propmarket\\\\propmarket-bth9PHwYL2oRa7FORo96t\\\\image_2.jpg\"", \""C:\\\\Users\\\\lepha\\\\Documents\\\\Codex\\\\Real Estate System\\\\generated\\\\images\\\\live\\\\propmarket\\\\propmarket-bth9PHwYL2oRa7FORo96t\\\\image_3.jpg\"", \""C:\\\\Users\\\\lepha\\\\Documents\\\\Codex\\\\Real Estate System\\\\generated\\\\images\\\\live\\\\propmarket\\\\propmarket-bth9PHwYL2oRa7FORo96t\\\\image_4.jpg\"", \""C:\\\\Users\\\\lepha\\\\Documents\\\\Codex\\\\Real Estate System\\\\generated\\\\images\\\\live\\\\propmarket\\\\propmarket-bth9PHwYL2oRa7FORo96t\\\\image_5.jpg\""]""",https://www.propmarket.co.ls/properties/bth9PHwYL2oRa7FORo96t,Good,Family,Urban,"""[\""water connection\"", \""electricity\"", \""security\"", \""shower\""]""",sale,5,Lesotho,Maseru,text_match,Lower Thetsane,residential,House,4,train,,True,True,,,,True
propmarket-N8hWF5lZHzYQi0zfdtLMd,propmarket,"4 Bedrooms, House",Semi-finished house \n6 room\n5 minutes walk from tar road,"Thepa ena ya mofuta wa house e fumaneha Ha Makhalanyane, Quthing. E na le dikamore tse 4 le dibate tse 1 mme e fumaneha ka theko ya M 300,000. Tlotla ena e tshwanetse ho shejwa bakeng sa bareki ba batlang menyetla ya nnete Lesotho.",300000,LSL,Quthing,"Ha Makhalanyane, Quthing",House,4,1,"""[\""C:\\\\Users\\\\lepha\\\\Documents\\\\Codex\\\\Real Estate System\\\\generated\\\\images\\\\live\\\\propmarket\\\\propmarket-N8hWF5lZHzYQi0zfdtLMd\\\\image_1.jpg\""]""",https://www.propmarket.co.ls/properties/N8hWF5lZHzYQi0zfdtLMd,Good,Traditional,Urban,"""[\""road access\"", \""tar road\""]""",sale,1,Lesotho,Quthing,text_match,Ha Makhalanyane,residential,House,4,train,,True,True,,,,True
propmarket-RAORp0t2ifmx-wUA_bz7j,propmarket,"4 Bedrooms, House",4 bedroom house in Masowe 1\nM10 000.00 per month\nM10 000.00 Deposit,"Thepa ena ya mofuta wa house e fumaneha Masowe 1b Secondary School, Maseru. E na le dikamore tse 4 le dibate tse 3 mme e fumaneha ka theko ya M 10,000. Tlotla ena e tshwanetse ho shejwa bakeng sa bareki ba batlang menyetla ya nnete Lesotho.",10000,LSL,Maseru,"Masowe 1b Secondary School, Maseru",House,4,3,"""[\""C:\\\\Users\\\\lepha\\\\Documents\\\\Codex\\\\Real Estate System\\\\generated\\\\images\\\\live\\\\propmarket\\\\propmarket-RAORp0t2ifmx-wUA_bz7j\\\\image_1.jpg\"", \""C:\\\\Users\\\\lepha\\\\Documents\\\\Codex\\\\Real Estate System\\\\generated\\\\images\\\\live\\\\propmarket\\\\propmarket-RAORp0t2ifmx-wUA_bz7j\\\\image_2.jpg\"", \""C:\\\\Users\\\\lepha\\\\Documents\\\\Codex\\\\Real Estate System\\\\generated\\\\images\\\\live\\\\propmarket\\\\propmarket-RAORp0t2ifmx-wUA_bz7j\\\\image_3.jpg\"", \""C:\\\\Users\\\\lepha\\\\Documents\\\\Codex\\\\Real Estate System\\\\generated\\\\images\\\\live\\\\propmarket\\\\propmarket-RAORp0t2ifmx-wUA_bz7j\\\\image_4.png\""]""",https://www.propmarket.co.ls/properties/RAORp0t2ifmx-wUA_bz7j,Good,Traditional,Urban,"""[\""near schools\"", \""road access\""]""",rent,4,Lesotho,Maseru,text_match,Masowe 1b Secondary School,residential,House,4,test,,True,True,,,,True
propmarket-OjeCEvzbGRz8FYBJXcoRc,propmarket,"3 Bedrooms, House",This beautiful 3bedroomed house is located at Ha-Thetsane Lesia and it is fully fitted..valuation report ke 1900000 and selling price is 1150000.,"Thepa ena ya mofuta wa house e fumaneha Lower Thetsane, Maseru. E na le dikamore tse 3 le dibate tse 2 mme e fumaneha ka theko ya M 1,150,000. Tlotla ena e tshwanetse ho shejwa bakeng sa bareki ba batlang menyetla ya nnete Lesotho.",1150000,LSL,Maseru,"Lower Thetsane, Maseru",House,3,2,"""[\""C:\\\\Users\\\\lepha\\\\Documents\\\\Codex\\\\Real Estate System\\\\generated\\\\images\\\\live\\\\propmarket\\\\propmarket-OjeCEvzbGRz8FYBJXcoRc\\\\image_1.jpg\"", \""C:\\\\Users\\\\lepha\\\\Documents\\\\Codex\\\\Real Estate System\\\\generated\\\\images\\\\live\\\\propmarket\\\\propmarket-OjeCEvzbGRz8FYBJXcoRc\\\\image_2.jpg\"", \""C:\\\\Users\\\\lepha\\\\Documents\\\\Codex\\\\Real Estate System\\\\generated\\\\images\\\\live\\\\propmarket\\\\propmarket-OjeCEvzbGRz8FYBJXcoRc\\\\image_3.jpg\"", \""C:\\\\Users\\\\lepha\\\\Documents\\\\Codex\\\\Real Estate System\\\\generated\\\\images\\\\live\\\\propmarket\\\\propmarket-OjeCEvzbGRz8FYBJXcoRc\\\\image_4.jpg\""]""",https://www.propmarket.co.ls/properties/OjeCEvzbGRz8FYBJXcoRc,Good,Traditional,Suburban,"""[]""",sale,4,Lesotho,Maseru,text_match,Lower Thetsane,residential,House,3,train,,True,True,,,,True
propmarket-WUMcplI44uaZO1iSoAQ4S,propmarket,"1 Bedroom, House","This beautiful house is at Ha-Leqele pela Moreneng Ha Khechane, the plot size is 783 sqm with the available lease..at just 380k.","Thepa ena ya mofuta wa house e fumaneha Ha Leqele, Maseru. E na le dikamore tse 1 le dibate tse 1 mme e fumaneha ka theko ya M 380,000. Tlotla ena e tshwanetse ho shejwa bakeng sa bareki ba batlang menyetla ya nnete Lesotho.",380000,LSL,Maseru,"Ha Leqele, Maseru",House,1,1,"""[\""C:\\\\Users\\\\lepha\\\\Documents\\\\Codex\\\\Real Estate System\\\\generated\\\\images\\\\live\\\\propmarket\\\\propmarket-WUMcplI44uaZO1iSoAQ4S\\\\image_1.jpg\"", \""C:\\\\Users\\\\lepha\\\\Documents\\\\Codex\\\\Real Estate System\\\\generated\\\\images\\\\live\\\\propmarket\\\\propmarket-WUMcplI44uaZO1iSoAQ4S\\\\image_2.jpg\"", \""C:\\\\Users\\\\lepha\\\\Documents\\\\Codex\\\\Real Estate System\\\\generated\\\\images\\\\live\\\\propmarket\\\\propmarket-WUMcplI44uaZO1iSoAQ4S\\\\image_3.png\""]""",https://www.propmarket.co.ls/properties/WUMcplI44uaZO1iSoAQ4S,Good,Traditional,Suburban,"""[]""",sale,3,Lesotho,Maseru,text_match,Ha Leqele,residential,House,1,train,,True,True,,,,True
propmarket-TGGtwzXu1PaT221Z8WCKM,propmarket,"4 Bedrooms, House","This is a four bedroom house at Semphetenyane not far from the main road..It is fully fitted, selling price 1.5m but highly negotiable with cash..For cash you can pay 800k and see the balance later on..","Thepa ena ya mofuta wa house e fumaneha Semphetenyane, Maseru. E na le dikamore tse 4 le dibate tse 3 mme e fumaneha ka theko ya M 1,500,000. Tlotla ena e tshwanetse ho shejwa bakeng sa bareki ba batlang menyetla ya nnete Lesotho.",1500000,LSL,Maseru,"Semphetenyane, Maseru",House,4,3,"""[\""C:\\\\Users\\\\lepha\\\\Documents\\\\Codex\\\\Real Estate System\\\\generated\\\\images\\\\live\\\\propmarket\\\\propmarket-TGGtwzXu1PaT221Z8WCKM\\\\image_1.jpg\"", \""C:\\\\Users\\\\lepha\\\\Documents\\\\Codex\\\\Real Estate System\\\\generated\\\\images\\\\live\\\\propmarket\\\\propmarket-TGGtwzXu1PaT221Z8WCKM\\\\image_2.jpg\"", \""C:\\\\Users\\\\lepha\\\\Documents\\\\Codex\\\\Real Estate System\\\\generated\\\\images\\\\live\\\\propmarket\\\\propmarket-TGGtwzXu1PaT221Z8WCKM\\\\image_3.jpg\"", \""C:\\\\Users\\\\lepha\\\\Documents\\\\Codex\\\\Real Estate System\\\\generated\\\\images\\\\live\\\\propmarket\\\\propmarket-TGGtwzXu1PaT221Z8WCKM\\\\image_4.jpg\""]""",https://www.propmarket.co.ls/properties/TGGtwzXu1PaT221Z8WCKM,Good,Traditional,Suburban,"""[\""road access\""]""",sale,4,Lesotho,Maseru,text_match,Semphetenyane,residential,House,4,train,,True,True,,,,True
propmarket-op0asF1YrwW5Iphyt5FK6,propmarket,"3 Bedrooms, House",Three bedroomed house for sale at Lower Thamae selling with 2 roomed house. At 844k,"Thepa ena ya mofuta wa house e fumaneha Lower Thamae, Maseru. E na le dikamore tse 3 le dibate tse 1 mme e fumaneha ka theko ya M 844,000. Tlotla ena e tshwanetse ho shejwa bakeng sa bareki ba batlang menyetla ya nnete Lesotho.",844000,LSL,Maseru,"Lower Thamae, Maseru",House,3,1,"""[\""C:\\\\Users\\\\lepha\\\\Documents\\\\Codex\\\\Real Estate System\\\\generated\\\\images\\\\live\\\\propmarket\\\\propmarket-op0asF1YrwW5Iphyt5FK6\\\\image_1.jpg\"", \""C:\\\\Users\\\\lepha\\\\Documents\\\\Codex\\\\Real Estate System\\\\generated\\\\images\\\\live\\\\propmarket\\\\propmarket-op0asF1YrwW5Iphyt5FK6\\\\image_2.jpg\"", \""C:\\\\Users\\\\lepha\\\\Documents\\\\Codex\\\\Real Estate System\\\\generated\\\\images\\\\live\\\\propmarket\\\\propmarket-op0asF1YrwW5Iphyt5FK6\\\\image_3.jpg\""]""",https://www.propmarket.co.ls/properties/op0asF1YrwW5Iphyt5FK6,Good,Traditional,Suburban,"""[]""",sale,3,Lesotho,Maseru,text_match,Lower Thamae,residential,House,3,val,,True,True,,,,True
propmarket-1gpWZhyNaDKwyXXVRS0MZ,propmarket,"3 Bedrooms, House","We have a beautiful house at Tshenola, a 3 bedroomed house with a kitchen, dining room ,lounge, bathroom, lease e teng.. e boetse ena le 2room kathoko and a double garage...at just 1m and negotiable..","Thepa ena ya mofuta wa house e fumaneha Motse Mocha Ts'enola, Maseru. E na le dikamore tse 3 le dibate tse 1 mme e fumaneha ka theko ya M 1,000,000. Tlotla ena e tshwanetse ho shejwa bakeng sa bareki ba batlang menyetla ya nnete Lesotho.",1000000,LSL,Maseru,"Motse Mocha Ts'enola, Maseru",House,3,1,"""[\""C:\\\\Users\\\\lepha\\\\Documents\\\\Codex\\\\Real Estate System\\\\generated\\\\images\\\\live\\\\propmarket\\\\propmarket-1gpWZhyNaDKwyXXVRS0MZ\\\\image_1.jpg\"", \""C:\\\\Users\\\\lepha\\\\Documents\\\\Codex\\\\Real Estate System\\\\generated\\\\images\\\\live\\\\propmarket\\\\propmarket-1gpWZhyNaDKwyXXVRS0MZ\\\\image_2.jpg\"", \""C:\\\\Users\\\\lepha\\\\Documents\\\\Codex\\\\Real Estate System\\\\generated\\\\images\\\\live\\\\propmarket\\\\propmarket-1gpWZhyNaDKwyXXVRS0MZ\\\\image_3.jpg\"", \""C:\\\\Users\\\\lepha\\\\Documents\\\\Codex\\\\Real Estate System\\\\generated\\\\images\\\\live\\\\propmarket\\\\propmarket-1gpWZhyNaDKwyXXVRS0MZ\\\\image_4.jpg\"", \""C:\\\\Users\\\\lepha\\\\Documents\\\\Codex\\\\Real Estate System\\\\generated\\\\images\\\\live\\\\propmarket\\\\propmarket-1gpWZhyNaDKwyXXVRS0MZ\\\\image_5.jpg\""]""",https://www.propmarket.co.ls/properties/1gpWZhyNaDKwyXXVRS0MZ,Good,Traditional,Suburban,"""[\""garage\""]""",sale,5,Lesotho,Maseru,text_match,Motse Mocha Ts'enola,residential,House,3,train,,True,True,,,,True
propmarket-Gxks2QBu3POkSKy6LSrVn,propmarket,"2 Bedrooms, House",It's a wonderful achievement to have a HOME...\n\nLET'S HELP YOU FIND YOURS,"Thepa ena ya mofuta wa house e fumaneha Mazenod, Maseru. E na le dikamore tse 2 le dibate tse 1 mme e fumaneha ka theko ya M 790,000. Tlotla ena e tshwanetse ho shejwa bakeng sa bareki ba batlang menyetla ya nnete Lesotho.",790000,LSL,Maseru,"Mazenod, Maseru",House,2,1,"""[\""C:\\\\Users\\\\lepha\\\\Documents\\\\Codex\\\\Real Estate System\\\\generated\\\\images\\\\live\\\\propmarket\\\\propmarket-Gxks2QBu3POkSKy6LSrVn\\\\image_1.jpg\"", \""C:\\\\Users\\\\lepha\\\\Documents\\\\Codex\\\\Real Estate System\\\\generated\\\\images\\\\live\\\\propmarket\\\\propmarket-Gxks2QBu3POkSKy6LSrVn\\\\image_2.jpg\"", \""C:\\\\Users\\\\lepha\\\\Documents\\\\Codex\\\\Real Estate System\\\\generated\\\\images\\\\live\\\\propmarket\\\\propmarket-Gxks2QBu3POkSKy6LSrVn\\\\image_3.jpg\"", \""C:\\\\Users\\\\lepha\\\\Documents\\\\Codex\\\\Real Estate System\\\\generated\\\\images\\\\live\\\\propmarket\\\\propmarket-Gxks2QBu3POkSKy6LSrVn\\\\image_4.jpg\"", \""C:\\\\Users\\\\lepha\\\\Documents\\\\Codex\\\\Real Estate System\\\\generated\\\\images\\\\live\\\\propmarket\\\\propmarket-Gxks2QBu3POkSKy6LSrVn\\\\image_5.png\""]""",https://www.propmarket.co.ls/properties/Gxks2QBu3POkSKy6LSrVn,Good,Traditional,Suburban,"""[]""",sale,5,Lesotho,Maseru,text_match,Mazenod,residential,House,2,train,,True,True,,,,True
propmarket-862McOr-9ckYlIzwbWrUX,propmarket,"6 Units, Malaene","Malaena ana a 6, a Semphetenyane, ke 250k, a ntsa luloa, ho pataloa 400","Thepa ena ya mofuta wa house e fumaneha Semphetenyane, Maseru. E na le dikamore tse 2 le dibate tse 1 mme e fumaneha ka theko ya M 250,000. Tlotla ena e tshwanetse ho shejwa bakeng sa bareki ba batlang menyetla ya nnete Lesotho.",250000,LSL,Maseru,"Semphetenyane, Maseru",House,2,1,"""[\""C:\\\\Users\\\\lepha\\\\Documents\\\\Codex\\\\Real Estate System\\\\generated\\\\images\\\\live\\\\propmarket\\\\propmarket-862McOr-9ckYlIzwbWrUX\\\\image_1.jpg\""]""",https://www.propmarket.co.ls/properties/862McOr-9ckYlIzwbWrUX,Good,Traditional,Suburban,"""[]""",sale,1,Lesotho,Maseru,text_match,Semphetenyane,residential,House,2,train,,True,False,,,"Auto-excluded in first-pass review because the row looks multi-unit, development stock, or mixed commercial inventory. Auto-excluded in first-pass review because the row looks multi-unit, development stock, or mixed commercial inventory.",False
propmarket-5zvnXL81fkjHImUjJGCx8,propmarket,"13 Units, Cottages",We have this 13 room single cottages at Ha-Tsolo pela Ha -Lekhooa..they have 2 outside cottages.. just at 700k,"Thepa ena ya mofuta wa cottage e fumaneha Ha Tsolo, Maseru. E na le dikamore tse 2 le dibate tse 1 mme e fumaneha ka theko ya M 700,000. Tlotla ena e tshwanetse ho shejwa bakeng sa bareki ba batlang menyetla ya nnete Lesotho.",700000,LSL,Maseru,"Ha Tsolo, Maseru",Cottage,2,1,"""[\""C:\\\\Users\\\\lepha\\\\Documents\\\\Codex\\\\Real Estate System\\\\generated\\\\images\\\\live\\\\propmarket\\\\propmarket-5zvnXL81fkjHImUjJGCx8\\\\image_1.jpg\"", \""C:\\\\Users\\\\lepha\\\\Documents\\\\Codex\\\\Real Estate System\\\\generated\\\\images\\\\live\\\\propmarket\\\\propmarket-5zvnXL81fkjHImUjJGCx8\\\\image_2.jpg\""]""",https://www.propmarket.co.ls/properties/5zvnXL81fkjHImUjJGCx8,Good,Traditional,Suburban,"""[]""",sale,2,Lesotho,Maseru,text_match,Ha Tsolo,residential,House,2,train,,True,False,,,"Auto-excluded in first-pass review because the row looks multi-unit, development stock, or mixed commercial inventory. Auto-excluded in first-pass review because the row looks multi-unit, development stock, or mixed commercial inventory.",False
propmarket-bH8pKVrhThHrUZ_5URuQ-,propmarket,"3 Bedrooms, House",A 6 roomed house at Tshenola at 400k.. 800sqm,"Thepa ena ya mofuta wa house e fumaneha Sekoting Ts'enola, Maseru. E na le dikamore tse 3 le dibate tse 1 mme e fumaneha ka theko ya M 400,000. Tlotla ena e tshwanetse ho shejwa bakeng sa bareki ba batlang menyetla ya nnete Lesotho.",400000,LSL,Maseru,"Sekoting Ts'enola, Maseru",House,3,1,"""[\""C:\\\\Users\\\\lepha\\\\Documents\\\\Codex\\\\Real Estate System\\\\generated\\\\images\\\\live\\\\propmarket\\\\propmarket-bH8pKVrhThHrUZ_5URuQ-\\\\image_1.jpg\"", \""C:\\\\Users\\\\lepha\\\\Documents\\\\Codex\\\\Real Estate System\\\\generated\\\\images\\\\live\\\\propmarket\\\\propmarket-bH8pKVrhThHrUZ_5URuQ-\\\\image_2.jpg\"", \""C:\\\\Users\\\\lepha\\\\Documents\\\\Codex\\\\Real Estate System\\\\generated\\\\images\\\\live\\\\propmarket\\\\propmarket-bH8pKVrhThHrUZ_5URuQ-\\\\image_3.jpg\"", \""C:\\\\Users\\\\lepha\\\\Documents\\\\Codex\\\\Real Estate System\\\\generated\\\\images\\\\live\\\\propmarket\\\\propmarket-bH8pKVrhThHrUZ_5URuQ-\\\\image_4.jpg\""]""",https://www.propmarket.co.ls/properties/bH8pKVrhThHrUZ_5URuQ-,Good,Traditional,Suburban,"""[]""",sale,4,Lesotho,Maseru,text_match,Sekoting Ts'enola,residential,House,3,train,,True,True,,,,True
propmarket-G4ZhE5jlCc4y-iw0Kl3d5,propmarket,House,5 roomed house at Ha TShosane at 160k with a lease.,"Thepa ena ya mofuta wa house e fumaneha Ha Ts'osane, Maseru. E na le dikamore tse 2 le dibate tse 1 mme e fumaneha ka theko ya M 160,000. Tlotla ena e tshwanetse ho shejwa bakeng sa bareki ba batlang menyetla ya nnete Lesotho.",160000,LSL,Maseru,"Ha Ts'osane, Maseru",House,2,1,"""[\""C:\\\\Users\\\\lepha\\\\Documents\\\\Codex\\\\Real Estate System\\\\generated\\\\images\\\\live\\\\propmarket\\\\propmarket-G4ZhE5jlCc4y-iw0Kl3d5\\\\image_1.jpg\"", \""C:\\\\Users\\\\lepha\\\\Documents\\\\Codex\\\\Real Estate System\\\\generated\\\\images\\\\live\\\\propmarket\\\\propmarket-G4ZhE5jlCc4y-iw0Kl3d5\\\\image_2.jpg\"", \""C:\\\\Users\\\\lepha\\\\Documents\\\\Codex\\\\Real Estate System\\\\generated\\\\images\\\\live\\\\propmarket\\\\propmarket-G4ZhE5jlCc4y-iw0Kl3d5\\\\image_3.jpg\"", \""C:\\\\Users\\\\lepha\\\\Documents\\\\Codex\\\\Real Estate System\\\\generated\\\\images\\\\live\\\\propmarket\\\\propmarket-G4ZhE5jlCc4y-iw0Kl3d5\\\\image_4.jpg\"", \""C:\\\\Users\\\\lepha\\\\Documents\\\\Codex\\\\Real Estate System\\\\generated\\\\images\\\\live\\\\propmarket\\\\propmarket-G4ZhE5jlCc4y-iw0Kl3d5\\\\image_5.jpg\""]""",https://www.propmarket.co.ls/properties/G4ZhE5jlCc4y-iw0Kl3d5,Good,Traditional,Suburban,"""[]""",sale,5,Lesotho,Maseru,text_match,Ha Ts'osane,residential,House,2,train,,True,True,,,,True
propmarket-tm9zmb1Cj-5VmgarS2eJA,propmarket,"3 Bedrooms, House","Double Storey house in Masowe 3 for rentral..3 bedroom (master ensuite) Common bathroom(shower & bathtub), Open plan modern kitchen, Lounge ,Garage & Car port, Paved surrounding, lockable gate... I min walk to tar road. Rent at 12k","Thepa ena ya mofuta wa house e fumaneha Masowe Iii, Maseru. E na le dikamore tse 3 le dibate tse 1 mme e fumaneha ka theko ya M 12,000. Tlotla ena e tshwanetse ho shejwa bakeng sa bareki ba batlang menyetla ya nnete Lesotho.",12000,LSL,Maseru,"Masowe Iii, Maseru",House,3,1,"""[\""C:\\\\Users\\\\lepha\\\\Documents\\\\Codex\\\\Real Estate System\\\\generated\\\\images\\\\live\\\\propmarket\\\\propmarket-tm9zmb1Cj-5VmgarS2eJA\\\\image_1.jpg\"", \""C:\\\\Users\\\\lepha\\\\Documents\\\\Codex\\\\Real Estate System\\\\generated\\\\images\\\\live\\\\propmarket\\\\propmarket-tm9zmb1Cj-5VmgarS2eJA\\\\image_2.jpg\"", \""C:\\\\Users\\\\lepha\\\\Documents\\\\Codex\\\\Real Estate System\\\\generated\\\\images\\\\live\\\\propmarket\\\\propmarket-tm9zmb1Cj-5VmgarS2eJA\\\\image_3.jpg\"", \""C:\\\\Users\\\\lepha\\\\Documents\\\\Codex\\\\Real Estate System\\\\generated\\\\images\\\\live\\\\propmarket\\\\propmarket-tm9zmb1Cj-5VmgarS2eJA\\\\image_4.jpg\"", \""C:\\\\Users\\\\lepha\\\\Documents\\\\Codex\\\\Real Estate System\\\\generated\\\\images\\\\live\\\\propmarket\\\\propmarket-tm9zmb1Cj-5VmgarS2eJA\\\\image_5.jpg\""]""",https://www.propmarket.co.ls/properties/tm9zmb1Cj-5VmgarS2eJA,New,Modern,Urban,"""[\""garage\"", \""road access\"", \""tar road\"", \""bathtub\"", \""shower\""]""",rent,5,Lesotho,Maseru,text_match,Masowe Iii,residential,House,3,val,,True,True,,,,True
propmarket-s_hj4oYl975CEdifUzZCH,propmarket,House,We are selling a 6 roomed house plus 5 doubles at Mathokoane Maseru at 1.7m,"Thepa ena ya mofuta wa house e fumaneha Mathokoane, Leribe. E na le dikamore tse 2 le dibate tse 1 mme e fumaneha ka theko ya M 1,700,000. Tlotla ena e tshwanetse ho shejwa bakeng sa bareki ba batlang menyetla ya nnete Lesotho.",1700000,LSL,Leribe,"Mathokoane, Leribe",House,2,1,"""[\""C:\\\\Users\\\\lepha\\\\Documents\\\\Codex\\\\Real Estate System\\\\generated\\\\images\\\\live\\\\propmarket\\\\propmarket-s_hj4oYl975CEdifUzZCH\\\\image_1.jpg\"", \""C:\\\\Users\\\\lepha\\\\Documents\\\\Codex\\\\Real Estate System\\\\generated\\\\images\\\\live\\\\propmarket\\\\propmarket-s_hj4oYl975CEdifUzZCH\\\\image_2.jpg\"", \""C:\\\\Users\\\\lepha\\\\Documents\\\\Codex\\\\Real Estate System\\\\generated\\\\images\\\\live\\\\propmarket\\\\propmarket-s_hj4oYl975CEdifUzZCH\\\\image_3.jpg\"", \""C:\\\\Users\\\\lepha\\\\Documents\\\\Codex\\\\Real Estate System\\\\generated\\\\images\\\\live\\\\propmarket\\\\propmarket-s_hj4oYl975CEdifUzZCH\\\\image_4.jpg\"", \""C:\\\\Users\\\\lepha\\\\Documents\\\\Codex\\\\Real Estate System\\\\generated\\\\images\\\\live\\\\propmarket\\\\propmarket-s_hj4oYl975CEdifUzZCH\\\\image_5.jpg\""]""",https://www.propmarket.co.ls/properties/s_hj4oYl975CEdifUzZCH,Good,Traditional,Suburban,"""[]""",sale,5,Lesotho,Maseru,text_match,Mathokoane,residential,House,2,train,,True,True,,,,True
propmarket-Bc9FR1yIShoqxKfCinFFv,propmarket,"3 Bedrooms, House",This newly built house is at Semphetenyane Phillips at 1.3m...It is a 3bedroomed house with a single garage.,"Thepa ena ya mofuta wa house e fumaneha Semphetenyane, Maseru. E na le dikamore tse 3 le dibate tse 1 mme e fumaneha ka theko ya M 1,300,000. Tlotla ena e tshwanetse ho shejwa bakeng sa bareki ba batlang menyetla ya nnete Lesotho.",1300000,LSL,Maseru,"Semphetenyane, Maseru",House,3,1,"""[\""C:\\\\Users\\\\lepha\\\\Documents\\\\Codex\\\\Real Estate System\\\\generated\\\\images\\\\live\\\\propmarket\\\\propmarket-Bc9FR1yIShoqxKfCinFFv\\\\image_1.jpg\"", \""C:\\\\Users\\\\lepha\\\\Documents\\\\Codex\\\\Real Estate System\\\\generated\\\\images\\\\live\\\\propmarket\\\\propmarket-Bc9FR1yIShoqxKfCinFFv\\\\image_2.jpg\"", \""C:\\\\Users\\\\lepha\\\\Documents\\\\Codex\\\\Real Estate System\\\\generated\\\\images\\\\live\\\\propmarket\\\\propmarket-Bc9FR1yIShoqxKfCinFFv\\\\image_3.jpg\"", \""C:\\\\Users\\\\lepha\\\\Documents\\\\Codex\\\\Real Estate System\\\\generated\\\\images\\\\live\\\\propmarket\\\\propmarket-Bc9FR1yIShoqxKfCinFFv\\\\image_4.jpg\"", \""C:\\\\Users\\\\lepha\\\\Documents\\\\Codex\\\\Real Estate System\\\\generated\\\\images\\\\live\\\\propmarket\\\\propmarket-Bc9FR1yIShoqxKfCinFFv\\\\image_5.jpg\""]""",https://www.propmarket.co.ls/properties/Bc9FR1yIShoqxKfCinFFv,New,Traditional,Hillside,"""[\""garage\""]""",sale,5,Lesotho,Maseru,text_match,Semphetenyane,residential,House,3,val,,True,True,,,,True
propmarket-81l4_NDWdSkfdHzXFJwUq,propmarket,"2 Bedrooms, House",2min walk from tar road\nNo water and electricity,"Thepa ena ya mofuta wa house e fumaneha Lekokoaneng, Berea. E na le dikamore tse 2 le dibate tse 1 mme e fumaneha ka theko ya M 110,000. Tlotla ena e tshwanetse ho shejwa bakeng sa bareki ba batlang menyetla ya nnete Lesotho.",110000,LSL,Berea,"Lekokoaneng, Berea",House,2,1,"""[\""C:\\\\Users\\\\lepha\\\\Documents\\\\Codex\\\\Real Estate System\\\\generated\\\\images\\\\live\\\\propmarket\\\\propmarket-81l4_NDWdSkfdHzXFJwUq\\\\image_1.jpg\""]""",https://www.propmarket.co.ls/properties/81l4_NDWdSkfdHzXFJwUq,Good,Traditional,Urban,"""[\""water connection\"", \""electricity\"", \""road access\"", \""tar road\""]""",sale,1,Lesotho,Berea,text_match,Lekokoaneng,residential,House,2,train,,True,True,,,nan Checked manually: keep. Low sale price is plausible because the listing text mentions no water and electricity.,True
propmarket-hw6n6Mf06YMilWhDjAv98,propmarket,"3 Bedrooms, House","this newly built house is in Masowe 1, it has three bedrooms and a masterbedroom ensuite, spacious fitted kitchen and two bathrooms ,lounge ,dinning room, single garage, well paved surroundings, high boundary wall at just 1.5m","Thepa ena ya mofuta wa house e fumaneha Masowe 1b Secondary School, Maseru. E na le dikamore tse 3 le dibate tse 1 mme e fumaneha ka theko ya M 1,500,000. Tlotla ena e tshwanetse ho shejwa bakeng sa bareki ba batlang menyetla ya nnete Lesotho.",1500000,LSL,Maseru,"Masowe 1b Secondary School, Maseru",House,3,1,"""[\""C:\\\\Users\\\\lepha\\\\Documents\\\\Codex\\\\Real Estate System\\\\generated\\\\images\\\\live\\\\propmarket\\\\propmarket-hw6n6Mf06YMilWhDjAv98\\\\image_1.jpg\"", \""C:\\\\Users\\\\lepha\\\\Documents\\\\Codex\\\\Real Estate System\\\\generated\\\\images\\\\live\\\\propmarket\\\\propmarket-hw6n6Mf06YMilWhDjAv98\\\\image_2.jpg\"", \""C:\\\\Users\\\\lepha\\\\Documents\\\\Codex\\\\Real Estate System\\\\generated\\\\images\\\\live\\\\propmarket\\\\propmarket-hw6n6Mf06YMilWhDjAv98\\\\image_3.jpg\"", \""C:\\\\Users\\\\lepha\\\\Documents\\\\Codex\\\\Real Estate System\\\\generated\\\\images\\\\live\\\\propmarket\\\\propmarket-hw6n6Mf06YMilWhDjAv98\\\\image_4.jpg\""]""",https://www.propmarket.co.ls/properties/hw6n6Mf06YMilWhDjAv98,New,Family,Urban,"""[\""garage\"", \""near schools\"", \""road access\"", \""walled property\""]""",sale,4,Lesotho,Maseru,text_match,Masowe 1b Secondary School,residential,House,3,val,,True,True,,,,True
propmarket-SiDHc0YvePC_fzWHiFisO,propmarket,"3 Bedrooms, House",This beautiful 7roomed house is in Mazenod with 3 bedrooms,"Thepa ena ya mofuta wa house e fumaneha Mazenod, Maseru. E na le dikamore tse 3 le dibate tse 1 mme e fumaneha ka theko ya M 814,000. Tlotla ena e tshwanetse ho shejwa bakeng sa bareki ba batlang menyetla ya nnete Lesotho.",814000,LSL,Maseru,"Mazenod, Maseru",House,3,1,"""[\""C:\\\\Users\\\\lepha\\\\Documents\\\\Codex\\\\Real Estate System\\\\generated\\\\images\\\\live\\\\propmarket\\\\propmarket-SiDHc0YvePC_fzWHiFisO\\\\image_1.jpg\"", \""C:\\\\Users\\\\lepha\\\\Documents\\\\Codex\\\\Real Estate System\\\\generated\\\\images\\\\live\\\\propmarket\\\\propmarket-SiDHc0YvePC_fzWHiFisO\\\\image_2.jpg\"", \""C:\\\\Users\\\\lepha\\\\Documents\\\\Codex\\\\Real Estate System\\\\generated\\\\images\\\\live\\\\propmarket\\\\propmarket-SiDHc0YvePC_fzWHiFisO\\\\image_3.jpg\"", \""C:\\\\Users\\\\lepha\\\\Documents\\\\Codex\\\\Real Estate System\\\\generated\\\\images\\\\live\\\\propmarket\\\\propmarket-SiDHc0YvePC_fzWHiFisO\\\\image_4.jpg\""]""",https://www.propmarket.co.ls/properties/SiDHc0YvePC_fzWHiFisO,Good,Traditional,Suburban,"""[]""",sale,4,Lesotho,Maseru,text_match,Mazenod,residential,House,3,train,,True,True,,,,True
propmarket-a8l8pgWNjuxoe13ONlO9J,propmarket,"1 Bedroom, House","We have this 3 roomed house at Ha-Abia Maseru, at just 280k the site is 744sqm","Thepa ena ya mofuta wa house e fumaneha Ha Abia, Maseru. E na le dikamore tse 1 le dibate tse 1 mme e fumaneha ka theko ya M 280,000. Tlotla ena e tshwanetse ho shejwa bakeng sa bareki ba batlang menyetla ya nnete Lesotho.",280000,LSL,Maseru,"Ha Abia, Maseru",House,1,1,"""[\""C:\\\\Users\\\\lepha\\\\Documents\\\\Codex\\\\Real Estate System\\\\generated\\\\images\\\\live\\\\propmarket\\\\propmarket-a8l8pgWNjuxoe13ONlO9J\\\\image_1.jpg\"", \""C:\\\\Users\\\\lepha\\\\Documents\\\\Codex\\\\Real Estate System\\\\generated\\\\images\\\\live\\\\propmarket\\\\propmarket-a8l8pgWNjuxoe13ONlO9J\\\\image_2.jpg\"", \""C:\\\\Users\\\\lepha\\\\Documents\\\\Codex\\\\Real Estate System\\\\generated\\\\images\\\\live\\\\propmarket\\\\propmarket-a8l8pgWNjuxoe13ONlO9J\\\\image_3.jpg\"", \""C:\\\\Users\\\\lepha\\\\Documents\\\\Codex\\\\Real Estate System\\\\generated\\\\images\\\\live\\\\propmarket\\\\propmarket-a8l8pgWNjuxoe13ONlO9J\\\\image_4.jpg\"", \""C:\\\\Users\\\\lepha\\\\Documents\\\\Codex\\\\Real Estate System\\\\generated\\\\images\\\\live\\\\propmarket\\\\propmarket-a8l8pgWNjuxoe13ONlO9J\\\\image_5.jpg\""]""",https://www.propmarket.co.ls/properties/a8l8pgWNjuxoe13ONlO9J,Good,Traditional,Suburban,"""[]""",sale,5,Lesotho,Maseru,text_match,Ha Abia,residential,House,1,train,,True,True,,,,True
propmarket-8rZgyZbU6bmT9rIxBpxPt,propmarket,"2 Bedrooms, House","We have this 6 roomed houses at Mohalalitoe Maseru at 650k, the site is 1111 sqm","Thepa ena ya mofuta wa house e fumaneha Mohalalitoe, Maseru. E na le dikamore tse 2 le dibate tse 1 mme e fumaneha ka theko ya M 650,000. Tlotla ena e tshwanetse ho shejwa bakeng sa bareki ba batlang menyetla ya nnete Lesotho.",650000,LSL,Maseru,"Mohalalitoe, Maseru",House,2,1,"""[\""C:\\\\Users\\\\lepha\\\\Documents\\\\Codex\\\\Real Estate System\\\\generated\\\\images\\\\live\\\\propmarket\\\\propmarket-8rZgyZbU6bmT9rIxBpxPt\\\\image_1.jpg\"", \""C:\\\\Users\\\\lepha\\\\Documents\\\\Codex\\\\Real Estate System\\\\generated\\\\images\\\\live\\\\propmarket\\\\propmarket-8rZgyZbU6bmT9rIxBpxPt\\\\image_2.jpg\"", \""C:\\\\Users\\\\lepha\\\\Documents\\\\Codex\\\\Real Estate System\\\\generated\\\\images\\\\live\\\\propmarket\\\\propmarket-8rZgyZbU6bmT9rIxBpxPt\\\\image_3.jpg\"", \""C:\\\\Users\\\\lepha\\\\Documents\\\\Codex\\\\Real Estate System\\\\generated\\\\images\\\\live\\\\propmarket\\\\propmarket-8rZgyZbU6bmT9rIxBpxPt\\\\image_4.jpg\"", \""C:\\\\Users\\\\lepha\\\\Documents\\\\Codex\\\\Real Estate System\\\\generated\\\\images\\\\live\\\\propmarket\\\\propmarket-8rZgyZbU6bmT9rIxBpxPt\\\\image_5.jpg\""]""",https://www.propmarket.co.ls/properties/8rZgyZbU6bmT9rIxBpxPt,Good,Traditional,Suburban,"""[]""",sale,5,Lesotho,Maseru,text_match,Mohalalitoe,residential,House,2,val,,True,True,,,,True
propmarket-Z4z-og29aKZ4wE7APAStn,propmarket,"2 Bedrooms, House","We have this 4 roomed house at Sekamaneng at 270k, it has 2 bedrooms and it is leased, the site is 400sqm.","Thepa ena ya mofuta wa house e fumaneha Sekamaneng, Berea. E na le dikamore tse 2 le dibate tse 1 mme e fumaneha ka theko ya M 270,000. Tlotla ena e tshwanetse ho shejwa bakeng sa bareki ba batlang menyetla ya nnete Lesotho.",270000,LSL,Berea,"Sekamaneng, Berea",House,2,1,"""[\""C:\\\\Users\\\\lepha\\\\Documents\\\\Codex\\\\Real Estate System\\\\generated\\\\images\\\\live\\\\propmarket\\\\propmarket-Z4z-og29aKZ4wE7APAStn\\\\image_1.jpg\"", \""C:\\\\Users\\\\lepha\\\\Documents\\\\Codex\\\\Real Estate System\\\\generated\\\\images\\\\live\\\\propmarket\\\\propmarket-Z4z-og29aKZ4wE7APAStn\\\\image_2.jpg\"", \""C:\\\\Users\\\\lepha\\\\Documents\\\\Codex\\\\Real Estate System\\\\generated\\\\images\\\\live\\\\propmarket\\\\propmarket-Z4z-og29aKZ4wE7APAStn\\\\image_3.jpg\"", \""C:\\\\Users\\\\lepha\\\\Documents\\\\Codex\\\\Real Estate System\\\\generated\\\\images\\\\live\\\\propmarket\\\\propmarket-Z4z-og29aKZ4wE7APAStn\\\\image_4.jpg\"", \""C:\\\\Users\\\\lepha\\\\Documents\\\\Codex\\\\Real Estate System\\\\generated\\\\images\\\\live\\\\propmarket\\\\propmarket-Z4z-og29aKZ4wE7APAStn\\\\image_5.jpg\""]""",https://www.propmarket.co.ls/properties/Z4z-og29aKZ4wE7APAStn,Good,Traditional,Suburban,"""[]""",sale,5,Lesotho,Berea,text_match,Sekamaneng,residential,House,2,train,,True,True,,,,True
propmarket-cRZnCvUgMgClhFBk9JbKi,propmarket,House,"We have this beautiful house in Quthing Sekantshing.\n- 2 bedroomed house with a bathroom\n- the site is leased, 617sqm \n\nAsking Price ✨ M550k","Thepa ena ya mofuta wa house e fumaneha Quthing District, Quthing. E na le dikamore tse 2 le dibate tse 1 mme e fumaneha ka theko ya M 650,000. Tlotla ena e tshwanetse ho shejwa bakeng sa bareki ba batlang menyetla ya nnete Lesotho.",650000,LSL,Quthing,"Quthing District, Quthing",House,2,1,"""[\""C:\\\\Users\\\\lepha\\\\Documents\\\\Codex\\\\Real Estate System\\\\generated\\\\images\\\\live\\\\propmarket\\\\propmarket-cRZnCvUgMgClhFBk9JbKi\\\\image_1.jpg\"", \""C:\\\\Users\\\\lepha\\\\Documents\\\\Codex\\\\Real Estate System\\\\generated\\\\images\\\\live\\\\propmarket\\\\propmarket-cRZnCvUgMgClhFBk9JbKi\\\\image_2.jpg\"", \""C:\\\\Users\\\\lepha\\\\Documents\\\\Codex\\\\Real Estate System\\\\generated\\\\images\\\\live\\\\propmarket\\\\propmarket-cRZnCvUgMgClhFBk9JbKi\\\\image_3.jpg\"", \""C:\\\\Users\\\\lepha\\\\Documents\\\\Codex\\\\Real Estate System\\\\generated\\\\images\\\\live\\\\propmarket\\\\propmarket-cRZnCvUgMgClhFBk9JbKi\\\\image_4.jpg\"", \""C:\\\\Users\\\\lepha\\\\Documents\\\\Codex\\\\Real Estate System\\\\generated\\\\images\\\\live\\\\propmarket\\\\propmarket-cRZnCvUgMgClhFBk9JbKi\\\\image_5.jpg\""]""",https://www.propmarket.co.ls/properties/cRZnCvUgMgClhFBk9JbKi,Good,Traditional,Suburban,"""[]""",sale,5,Lesotho,Quthing,text_match,Quthing District,residential,House,2,train,,True,True,,,,True
propmarket-KhjqZ43BkP-Yiv-WUXeeH,propmarket,"2 Bedrooms, House","This 2 bedroomed house is at Thaba Bosiu Liholong, it has a form C..it has kitchen, sitting room at just 350k the site is 774sqm","Thepa ena ya mofuta wa house e fumaneha Thaba Bosiu, Maseru. E na le dikamore tse 2 mme e fumaneha ka theko ya M 350,000. Tlotla ena e tshwanetse ho shejwa bakeng sa bareki ba batlang menyetla ya nnete Lesotho.",350000,LSL,Maseru,"Thaba Bosiu, Maseru",House,2,0,"""[\""C:\\\\Users\\\\lepha\\\\Documents\\\\Codex\\\\Real Estate System\\\\generated\\\\images\\\\live\\\\propmarket\\\\propmarket-KhjqZ43BkP-Yiv-WUXeeH\\\\image_1.jpg\"", \""C:\\\\Users\\\\lepha\\\\Documents\\\\Codex\\\\Real Estate System\\\\generated\\\\images\\\\live\\\\propmarket\\\\propmarket-KhjqZ43BkP-Yiv-WUXeeH\\\\image_2.jpg\"", \""C:\\\\Users\\\\lepha\\\\Documents\\\\Codex\\\\Real Estate System\\\\generated\\\\images\\\\live\\\\propmarket\\\\propmarket-KhjqZ43BkP-Yiv-WUXeeH\\\\image_3.jpg\"", \""C:\\\\Users\\\\lepha\\\\Documents\\\\Codex\\\\Real Estate System\\\\generated\\\\images\\\\live\\\\propmarket\\\\propmarket-KhjqZ43BkP-Yiv-WUXeeH\\\\image_4.jpg\""]""",https://www.propmarket.co.ls/properties/KhjqZ43BkP-Yiv-WUXeeH,Good,Traditional,Suburban,"""[]""",sale,4,Lesotho,Maseru,text_match,Thaba Bosiu,residential,House,2,val,,True,True,,,,True
propmarket-zGSKI5MMls1YUGneoRJ_Y,propmarket,"3 Bedrooms, House",We have this 7 roomed house in Mohale's Hoek Mesitsaneng with 576 sqm near town,"Thepa ena ya mofuta wa house e fumaneha Mesitsaneng, Mohale's Hoek District. E na le dikamore tse 3 le dibate tse 1 mme e fumaneha ka theko ya M 350,000. Tlotla ena e tshwanetse ho shejwa bakeng sa bareki ba batlang menyetla ya nnete Lesotho.",350000,LSL,Mohale's Hoek,"Mesitsaneng, Mohale's Hoek District",House,3,1,"""[\""C:\\\\Users\\\\lepha\\\\Documents\\\\Codex\\\\Real Estate System\\\\generated\\\\images\\\\live\\\\propmarket\\\\propmarket-zGSKI5MMls1YUGneoRJ_Y\\\\image_1.jpg\"", \""C:\\\\Users\\\\lepha\\\\Documents\\\\Codex\\\\Real Estate System\\\\generated\\\\images\\\\live\\\\propmarket\\\\propmarket-zGSKI5MMls1YUGneoRJ_Y\\\\image_2.jpg\"", \""C:\\\\Users\\\\lepha\\\\Documents\\\\Codex\\\\Real Estate System\\\\generated\\\\images\\\\live\\\\propmarket\\\\propmarket-zGSKI5MMls1YUGneoRJ_Y\\\\image_3.jpg\"", \""C:\\\\Users\\\\lepha\\\\Documents\\\\Codex\\\\Real Estate System\\\\generated\\\\images\\\\live\\\\propmarket\\\\propmarket-zGSKI5MMls1YUGneoRJ_Y\\\\image_4.jpg\"", \""C:\\\\Users\\\\lepha\\\\Documents\\\\Codex\\\\Real Estate System\\\\generated\\\\images\\\\live\\\\propmarket\\\\propmarket-zGSKI5MMls1YUGneoRJ_Y\\\\image_5.jpg\""]""",https://www.propmarket.co.ls/properties/zGSKI5MMls1YUGneoRJ_Y,Good,Traditional,Urban,"""[]""",sale,5,Lesotho,Mohale's Hoek,text_match,Mesitsaneng,residential,House,3,train,,True,True,,,,True
propmarket-lhabbYFlMj9gF2mViiWtw,propmarket,"2 Units, 3 Bedrooms, House",HA MABOTE\n2 HOUSES IN ONE YARD \nHOUSE NO 1MAIN HOUSE\n 3 FULLY FITTED BEDROOMS ALL ENSUITES\nSTUDY\nLOUNGE\nDINING\nFULLY FITTED KITCHEN \nDOUBLE GARAGE\n\nHOUSE NO 2\n 2 FULLY FITTED BEDROOMS\nSEPARATE BATHROOM\nOPEN PLAN KITCHEN AND LOUNGE \nSTOREROOM \n\n* BIG YARD WITH BEAUTIFUL LANDSCAPES \n*AUTOMATED GATE,"Thepa ena ya mofuta wa house e fumaneha Ha Mabote, Berea. E na le dikamore tse 3 le dibate tse 3 mme e fumaneha ka theko ya M 3,200,000. Tlotla ena e tshwanetse ho shejwa bakeng sa bareki ba batlang menyetla ya nnete Lesotho.",3200000,LSL,Berea,"Ha Mabote, Berea",House,3,3,"""[\""C:\\\\Users\\\\lepha\\\\Documents\\\\Codex\\\\Real Estate System\\\\generated\\\\images\\\\live\\\\propmarket\\\\propmarket-lhabbYFlMj9gF2mViiWtw\\\\image_1.jpg\"", \""C:\\\\Users\\\\lepha\\\\Documents\\\\Codex\\\\Real Estate System\\\\generated\\\\images\\\\live\\\\propmarket\\\\propmarket-lhabbYFlMj9gF2mViiWtw\\\\image_2.jpg\"", \""C:\\\\Users\\\\lepha\\\\Documents\\\\Codex\\\\Real Estate System\\\\generated\\\\images\\\\live\\\\propmarket\\\\propmarket-lhabbYFlMj9gF2mViiWtw\\\\image_3.jpg\"", \""C:\\\\Users\\\\lepha\\\\Documents\\\\Codex\\\\Real Estate System\\\\generated\\\\images\\\\live\\\\propmarket\\\\propmarket-lhabbYFlMj9gF2mViiWtw\\\\image_4.jpg\""]""",https://www.propmarket.co.ls/properties/lhabbYFlMj9gF2mViiWtw,Good,Family,Garden,"""[\""garage\"", \""yard\""]""",sale,4,Lesotho,Berea,text_match,Ha Mabote,residential,House,3,val,,True,False,,,"Auto-excluded in first-pass review because the row looks multi-unit, development stock, or mixed commercial inventory. Auto-excluded in first-pass review because the row looks multi-unit, development stock, or mixed commercial inventory.",False
propmarket-ULpaoTct4UkIKVByFe5-m,propmarket,"3 Bedrooms, House","🏘️3Bedroomed Double Story for Sale📢\n\n📍Masowe 4, surbubs Maseru\n🌟Ground Floor🌟\n✅️Lounge with open Kitchen \n✅️Bedroom with Ensuite\n🌟1st Floor🌟 \n✅️Lounge with 2 Balconies \n✅️Master Bedroom with En-suite with shower & balcony\n✅️Common bedroom ensuite with shower - balcony\n✅️Laminated flooring in bedrooms \n✅️Ceramic in all other rooms\n✅️1.8m Wall height with electric fence\n✅️Paving whole compound with auto Gate\n✅️Double open garage\n✅️Plot Size 778m² \n💰Asking Price M2.5 million (Neg) \n\n📲☎️(+266) 59107030","Thepa ena ya mofuta wa house e fumaneha Masowe Street, Mbizo. E na le dikamore tse 3 le dibate tse 3 mme e fumaneha ka theko ya M 2,500,000. Tlotla ena e tshwanetse ho shejwa bakeng sa bareki ba batlang menyetla ya nnete Lesotho.",2500000,LSL,Mbizo,"Masowe Street, Mbizo",House,3,3,"""[\""C:\\\\Users\\\\lepha\\\\Documents\\\\Codex\\\\Real Estate System\\\\generated\\\\images\\\\live\\\\propmarket\\\\propmarket-ULpaoTct4UkIKVByFe5-m\\\\image_1.jpg\"", \""C:\\\\Users\\\\lepha\\\\Documents\\\\Codex\\\\Real Estate System\\\\generated\\\\images\\\\live\\\\propmarket\\\\propmarket-ULpaoTct4UkIKVByFe5-m\\\\image_2.jpg\"", \""C:\\\\Users\\\\lepha\\\\Documents\\\\Codex\\\\Real Estate System\\\\generated\\\\images\\\\live\\\\propmarket\\\\propmarket-ULpaoTct4UkIKVByFe5-m\\\\image_3.jpg\"", \""C:\\\\Users\\\\lepha\\\\Documents\\\\Codex\\\\Real Estate System\\\\generated\\\\images\\\\live\\\\propmarket\\\\propmarket-ULpaoTct4UkIKVByFe5-m\\\\image_4.jpg\"", \""C:\\\\Users\\\\lepha\\\\Documents\\\\Codex\\\\Real Estate System\\\\generated\\\\images\\\\live\\\\propmarket\\\\propmarket-ULpaoTct4UkIKVByFe5-m\\\\image_5.png\""]""",https://www.propmarket.co.ls/properties/ULpaoTct4UkIKVByFe5-m,Good,Traditional,Suburban,"""[\""garage\"", \""shower\"", \""walled property\""]""",sale,5,Lesotho,Maseru,text_match,Masowe Street,residential,House,3,train,,True,True,,,,True
propmarket-ezFcsmhLYIMyJm9JcqdbJ,propmarket,"6 Units, 1 Bedroom, Malaene",6 unfinished doubles with bathrooms\n30x30 LEASED,"Thepa ena ya mofuta wa house e fumaneha Berea District, Berea. E na le dikamore tse 1 le dibate tse 1 mme e fumaneha ka theko ya M 190,000. Tlotla ena e tshwanetse ho shejwa bakeng sa bareki ba batlang menyetla ya nnete Lesotho.",190000,LSL,Berea,"Berea District, Berea",House,1,1,"""[\""C:\\\\Users\\\\lepha\\\\Documents\\\\Codex\\\\Real Estate System\\\\generated\\\\images\\\\live\\\\propmarket\\\\propmarket-ezFcsmhLYIMyJm9JcqdbJ\\\\image_1.jpg\"", \""C:\\\\Users\\\\lepha\\\\Documents\\\\Codex\\\\Real Estate System\\\\generated\\\\images\\\\live\\\\propmarket\\\\propmarket-ezFcsmhLYIMyJm9JcqdbJ\\\\image_2.jpg\"", \""C:\\\\Users\\\\lepha\\\\Documents\\\\Codex\\\\Real Estate System\\\\generated\\\\images\\\\live\\\\propmarket\\\\propmarket-ezFcsmhLYIMyJm9JcqdbJ\\\\image_3.jpg\"", \""C:\\\\Users\\\\lepha\\\\Documents\\\\Codex\\\\Real Estate System\\\\generated\\\\images\\\\live\\\\propmarket\\\\propmarket-ezFcsmhLYIMyJm9JcqdbJ\\\\image_4.png\""]""",https://www.propmarket.co.ls/properties/ezFcsmhLYIMyJm9JcqdbJ,Renovation Needed,Traditional,Suburban,"""[]""",sale,4,Lesotho,Berea,text_match,Berea District,residential,House,1,test,,True,False,,,"Auto-excluded in first-pass review because the row looks multi-unit, development stock, or mixed commercial inventory. Auto-excluded in first-pass review because the row looks multi-unit, development stock, or mixed commercial inventory.",False
propmarket-jLsW5pAWor5DGdiQLz3Ks,propmarket,"1 Unit, House",Ha-Teko 2 Room\n28x24 Form C,"Thepa ena ya mofuta wa house e fumaneha Maseru District, Maseru. E na le dikamore tse 2 le dibate tse 1 mme e fumaneha ka theko ya M 150,000. Tlotla ena e tshwanetse ho shejwa bakeng sa bareki ba batlang menyetla ya nnete Lesotho.",150000,LSL,Maseru,"Maseru District, Maseru",House,2,1,"""[\""C:\\\\Users\\\\lepha\\\\Documents\\\\Codex\\\\Real Estate System\\\\generated\\\\images\\\\live\\\\propmarket\\\\propmarket-jLsW5pAWor5DGdiQLz3Ks\\\\image_1.jpg\"", \""C:\\\\Users\\\\lepha\\\\Documents\\\\Codex\\\\Real Estate System\\\\generated\\\\images\\\\live\\\\propmarket\\\\propmarket-jLsW5pAWor5DGdiQLz3Ks\\\\image_2.jpg\"", \""C:\\\\Users\\\\lepha\\\\Documents\\\\Codex\\\\Real Estate System\\\\generated\\\\images\\\\live\\\\propmarket\\\\propmarket-jLsW5pAWor5DGdiQLz3Ks\\\\image_3.jpg\"", \""C:\\\\Users\\\\lepha\\\\Documents\\\\Codex\\\\Real Estate System\\\\generated\\\\images\\\\live\\\\propmarket\\\\propmarket-jLsW5pAWor5DGdiQLz3Ks\\\\image_4.png\""]""",https://www.propmarket.co.ls/properties/jLsW5pAWor5DGdiQLz3Ks,Good,Traditional,Suburban,"""[]""",sale,4,Lesotho,Maseru,text_match,Maseru District,residential,House,2,val,,True,True,,,,True
propmarket-lOGKyLOJwiTcvUEBxfOd2,propmarket,House,The house is at Masowe 1 at just 1.3m,"Thepa ena ya mofuta wa house e fumaneha Masowe 1b Secondary School, Maseru. E na le dikamore tse 2 le dibate tse 1 mme e fumaneha ka theko ya M 1,300,000. Tlotla ena e tshwanetse ho shejwa bakeng sa bareki ba batlang menyetla ya nnete Lesotho.",1300000,LSL,Maseru,"Masowe 1b Secondary School, Maseru",House,2,1,"""[\""C:\\\\Users\\\\lepha\\\\Documents\\\\Codex\\\\Real Estate System\\\\generated\\\\images\\\\live\\\\propmarket\\\\propmarket-lOGKyLOJwiTcvUEBxfOd2\\\\image_1.jpg\"", \""C:\\\\Users\\\\lepha\\\\Documents\\\\Codex\\\\Real Estate System\\\\generated\\\\images\\\\live\\\\propmarket\\\\propmarket-lOGKyLOJwiTcvUEBxfOd2\\\\image_2.jpg\"", \""C:\\\\Users\\\\lepha\\\\Documents\\\\Codex\\\\Real Estate System\\\\generated\\\\images\\\\live\\\\propmarket\\\\propmarket-lOGKyLOJwiTcvUEBxfOd2\\\\image_3.jpg\"", \""C:\\\\Users\\\\lepha\\\\Documents\\\\Codex\\\\Real Estate System\\\\generated\\\\images\\\\live\\\\propmarket\\\\propmarket-lOGKyLOJwiTcvUEBxfOd2\\\\image_4.jpg\""]""",https://www.propmarket.co.ls/properties/lOGKyLOJwiTcvUEBxfOd2,Good,Traditional,Urban,"""[\""near schools\"", \""road access\""]""",sale,4,Lesotho,Maseru,text_match,Masowe 1b Secondary School,residential,House,2,test,,True,True,,,,True
propmarket-hnALgHUVxkGWG9QqHXv2y,propmarket,"2 Bedrooms, House","This house is at Ha-Matala near Seboka Primary le Lekhotleng. Fully fitted, common bathroom with shower and a toilet, 2 bedrooms but main bedroom not fitted, a garage, extra room separate, logable automated gate, living room, fire place at 1m negotiable.","Thepa ena ya mofuta wa house e fumaneha Ha Matala, Maseru. E na le dikamore tse 2 le dibate tse 1 mme e fumaneha ka theko ya M 1,000,000. Tlotla ena e tshwanetse ho shejwa bakeng sa bareki ba batlang menyetla ya nnete Lesotho.",1000000,LSL,Maseru,"Ha Matala, Maseru",House,2,1,"""[\""C:\\\\Users\\\\lepha\\\\Documents\\\\Codex\\\\Real Estate System\\\\generated\\\\images\\\\live\\\\propmarket\\\\propmarket-hnALgHUVxkGWG9QqHXv2y\\\\image_1.jpg\"", \""C:\\\\Users\\\\lepha\\\\Documents\\\\Codex\\\\Real Estate System\\\\generated\\\\images\\\\live\\\\propmarket\\\\propmarket-hnALgHUVxkGWG9QqHXv2y\\\\image_2.jpg\"", \""C:\\\\Users\\\\lepha\\\\Documents\\\\Codex\\\\Real Estate System\\\\generated\\\\images\\\\live\\\\propmarket\\\\propmarket-hnALgHUVxkGWG9QqHXv2y\\\\image_3.jpg\"", \""C:\\\\Users\\\\lepha\\\\Documents\\\\Codex\\\\Real Estate System\\\\generated\\\\images\\\\live\\\\propmarket\\\\propmarket-hnALgHUVxkGWG9QqHXv2y\\\\image_4.jpg\""]""",https://www.propmarket.co.ls/properties/hnALgHUVxkGWG9QqHXv2y,Good,Traditional,Suburban,"""[\""garage\"", \""shower\""]""",sale,4,Lesotho,Maseru,text_match,Ha Matala,residential,House,2,train,,True,True,,,,True
propmarket-QVq2pNyEur75hseYq9XEs,propmarket,"2 Units, 2 Bedrooms, House","Property for sale Ha Matala Urban Area at R370K, water and electricity connected, in a 501sqm leased site. 4 rooms house and a 2 rooms house aside, 3 minutes from tar road. 6 minutes to Matala Local Court. No ceiling fitted, not tile fitted. C/W 59455829 for more details and viewing.","Thepa ena ya mofuta wa house e fumaneha Ha Matala, Maseru. E na le dikamore tse 2 le dibate tse 1 mme e fumaneha ka theko ya M 370,000. Tlotla ena e tshwanetse ho shejwa bakeng sa bareki ba batlang menyetla ya nnete Lesotho.",370000,LSL,Maseru,"Ha Matala, Maseru",House,2,1,"""[\""C:\\\\Users\\\\lepha\\\\Documents\\\\Codex\\\\Real Estate System\\\\generated\\\\images\\\\live\\\\propmarket\\\\propmarket-QVq2pNyEur75hseYq9XEs\\\\image_1.jpg\"", \""C:\\\\Users\\\\lepha\\\\Documents\\\\Codex\\\\Real Estate System\\\\generated\\\\images\\\\live\\\\propmarket\\\\propmarket-QVq2pNyEur75hseYq9XEs\\\\image_2.jpg\"", \""C:\\\\Users\\\\lepha\\\\Documents\\\\Codex\\\\Real Estate System\\\\generated\\\\images\\\\live\\\\propmarket\\\\propmarket-QVq2pNyEur75hseYq9XEs\\\\image_3.jpg\""]""",https://www.propmarket.co.ls/properties/QVq2pNyEur75hseYq9XEs,Good,Traditional,Hillside,"""[\""water connection\"", \""electricity\"", \""road access\"", \""tar road\""]""",sale,3,Lesotho,Maseru,text_match,Ha Matala,residential,House,2,train,,True,False,,,"Auto-excluded in first-pass review because the row looks multi-unit, development stock, or mixed commercial inventory. Auto-excluded in first-pass review because the row looks multi-unit, development stock, or mixed commercial inventory.",False
propmarket-tPWv32Y-qCsM46i7tAUHy,propmarket,"1 Unit, 4 Bedrooms, House",4 bedroomed house Thetsane Lecoop available for rental\nRent 14k \nReadily available,"Thepa ena ya mofuta wa house e fumaneha Thetsane, Maseru. E na le dikamore tse 4 le dibate tse 2 mme e fumaneha ka theko ya M 14,000. Tlotla ena e tshwanetse ho shejwa bakeng sa bareki ba batlang menyetla ya nnete Lesotho.",14000,LSL,Maseru,"Thetsane, Maseru",House,4,2,"""[\""C:\\\\Users\\\\lepha\\\\Documents\\\\Codex\\\\Real Estate System\\\\generated\\\\images\\\\live\\\\propmarket\\\\propmarket-tPWv32Y-qCsM46i7tAUHy\\\\image_1.jpg\"", \""C:\\\\Users\\\\lepha\\\\Documents\\\\Codex\\\\Real Estate System\\\\generated\\\\images\\\\live\\\\propmarket\\\\propmarket-tPWv32Y-qCsM46i7tAUHy\\\\image_2.jpg\"", \""C:\\\\Users\\\\lepha\\\\Documents\\\\Codex\\\\Real Estate System\\\\generated\\\\images\\\\live\\\\propmarket\\\\propmarket-tPWv32Y-qCsM46i7tAUHy\\\\image_3.jpg\"", \""C:\\\\Users\\\\lepha\\\\Documents\\\\Codex\\\\Real Estate System\\\\generated\\\\images\\\\live\\\\propmarket\\\\propmarket-tPWv32Y-qCsM46i7tAUHy\\\\image_4.jpg\"", \""C:\\\\Users\\\\lepha\\\\Documents\\\\Codex\\\\Real Estate System\\\\generated\\\\images\\\\live\\\\propmarket\\\\propmarket-tPWv32Y-qCsM46i7tAUHy\\\\image_5.jpg\""]""",https://www.propmarket.co.ls/properties/tPWv32Y-qCsM46i7tAUHy,Good,Traditional,Suburban,"""[\""road access\""]""",rent,5,Lesotho,Maseru,text_match,Thetsane,residential,House,4,train,,True,True,,,,True
propmarket-_eshoYx6_Q5mssqQIF1L6,propmarket,House,"We have this newly built house and cottage with 2 beds at Masowe 1, at 2.5m negotiable","Thepa ena ya mofuta wa house e fumaneha Masowe 1b Secondary School, Maseru. E na le dikamore tse 2 le dibate tse 1 mme e fumaneha ka theko ya M 2,000,000. Tlotla ena e tshwanetse ho shejwa bakeng sa bareki ba batlang menyetla ya nnete Lesotho.",2000000,LSL,Maseru,"Masowe 1b Secondary School, Maseru",House,2,1,"""[\""C:\\\\Users\\\\lepha\\\\Documents\\\\Codex\\\\Real Estate System\\\\generated\\\\images\\\\live\\\\propmarket\\\\propmarket-_eshoYx6_Q5mssqQIF1L6\\\\image_1.jpg\"", \""C:\\\\Users\\\\lepha\\\\Documents\\\\Codex\\\\Real Estate System\\\\generated\\\\images\\\\live\\\\propmarket\\\\propmarket-_eshoYx6_Q5mssqQIF1L6\\\\image_2.jpg\""]""",https://www.propmarket.co.ls/properties/_eshoYx6_Q5mssqQIF1L6,New,Traditional,Urban,"""[\""near schools\"", \""road access\""]""",sale,2,Lesotho,Maseru,text_match,Masowe 1b Secondary School,residential,House,2,train,,True,True,,,,True
propmarket-XT3Hd_BRf6nZBclclWKgg,propmarket,"1 Unit, 2 Bedrooms, House","<p>🏬HIGHLY-WELL SECURED COMMERCIAL / STANDALONE HOUSE FOR RENTAL </p><p>📍Hillsview, Maseru </p><p>SPECIFICATIONS: </p><p>•Devil's Fork with Lockable and Automated Steel Gate.</p><p> •Kitchen Fitted with Only Zinc.</p><p> •2 Fully Fitted Bedroomed.</p><p> •2 Bathrooms (Fitted with Showers, Basins + Toilets ) </p><p>💰Rent R7000 plus equivalent security deposit. </p><p>❎Waterbill, Electricity and Garden Cleaner FEE excluded from Rent. </p><p>• Sufficient Parking Space. </p><p>⏰10 Minutes walk to Maseru Mall</p>","Thepa ena ya mofuta wa house e fumaneha Hillsview, Maseru. E na le dikamore tse 2 le dibate tse 2 mme e fumaneha ka theko ya M 7,000. Tlotla ena e tshwanetse ho shejwa bakeng sa bareki ba batlang menyetla ya nnete Lesotho.",7000,LSL,Maseru,"Hillsview, Maseru",House,2,2,"""[\""C:\\\\Users\\\\lepha\\\\Documents\\\\Codex\\\\Real Estate System\\\\generated\\\\images\\\\live\\\\propmarket\\\\propmarket-XT3Hd_BRf6nZBclclWKgg\\\\image_1.jpg\"", \""C:\\\\Users\\\\lepha\\\\Documents\\\\Codex\\\\Real Estate System\\\\generated\\\\images\\\\live\\\\propmarket\\\\propmarket-XT3Hd_BRf6nZBclclWKgg\\\\image_2.jpg\"", \""C:\\\\Users\\\\lepha\\\\Documents\\\\Codex\\\\Real Estate System\\\\generated\\\\images\\\\live\\\\propmarket\\\\propmarket-XT3Hd_BRf6nZBclclWKgg\\\\image_3.jpg\"", \""C:\\\\Users\\\\lepha\\\\Documents\\\\Codex\\\\Real Estate System\\\\generated\\\\images\\\\live\\\\propmarket\\\\propmarket-XT3Hd_BRf6nZBclclWKgg\\\\image_4.jpg\"", \""C:\\\\Users\\\\lepha\\\\Documents\\\\Codex\\\\Real Estate System\\\\generated\\\\images\\\\live\\\\propmarket\\\\propmarket-XT3Hd_BRf6nZBclclWKgg\\\\image_5.jpg\""]""",https://www.propmarket.co.ls/properties/XT3Hd_BRf6nZBclclWKgg,Good,Family,Garden,"""[\""water connection\"", \""electricity\"", \""parking\"", \""garden\"", \""security\"", \""shower\""]""",rent,5,Lesotho,Maseru,text_match,Hillsview,residential,House,2,train,,True,False,,,"Auto-excluded in first-pass review because the row looks multi-unit, development stock, or mixed commercial inventory. Auto-excluded in first-pass review because the row looks multi-unit, development stock, or mixed commercial inventory.",False
propmarket-8CyrAl8AaWvJFTVj_bvpt,propmarket,Malaene,"We have these 5 double rooms at T.Y Motse Mocha kamora sepetlele, pela Forestry..","Thepa ena ya mofuta wa house e fumaneha Teyateyaneng, Berea. E na le dikamore tse 2 le dibate tse 1 mme e fumaneha ka theko ya M 430,000. Tlotla ena e tshwanetse ho shejwa bakeng sa bareki ba batlang menyetla ya nnete Lesotho.",430000,LSL,Berea,"Teyateyaneng, Berea",House,2,1,"""[\""C:\\\\Users\\\\lepha\\\\Documents\\\\Codex\\\\Real Estate System\\\\generated\\\\images\\\\live\\\\propmarket\\\\propmarket-8CyrAl8AaWvJFTVj_bvpt\\\\image_1.jpg\"", \""C:\\\\Users\\\\lepha\\\\Documents\\\\Codex\\\\Real Estate System\\\\generated\\\\images\\\\live\\\\propmarket\\\\propmarket-8CyrAl8AaWvJFTVj_bvpt\\\\image_2.jpg\"", \""C:\\\\Users\\\\lepha\\\\Documents\\\\Codex\\\\Real Estate System\\\\generated\\\\images\\\\live\\\\propmarket\\\\propmarket-8CyrAl8AaWvJFTVj_bvpt\\\\image_3.jpg\""]""",https://www.propmarket.co.ls/properties/8CyrAl8AaWvJFTVj_bvpt,Good,Traditional,Suburban,"""[]""",sale,3,Lesotho,Berea,text_match,Teyateyaneng,residential,House,2,train,,True,True,,,,True
propmarket-wssVndlTI_WCuNbcTEZKg,propmarket,"2 Units, House","We have this big beautiful house with a separate building which can be turned into a shop in Maputsoe Ha-Mmathata in the urban area, 529 sqm area and the lease is available.","Thepa ena ya mofuta wa house e fumaneha Ha Maputsoe, Leribe. E na le dikamore tse 2 le dibate tse 1 mme e fumaneha ka theko ya M 750,000. Tlotla ena e tshwanetse ho shejwa bakeng sa bareki ba batlang menyetla ya nnete Lesotho.",750000,LSL,Leribe,"Ha Maputsoe, Leribe",House,2,1,"""[\""C:\\\\Users\\\\lepha\\\\Documents\\\\Codex\\\\Real Estate System\\\\generated\\\\images\\\\live\\\\propmarket\\\\propmarket-wssVndlTI_WCuNbcTEZKg\\\\image_1.jpg\"", \""C:\\\\Users\\\\lepha\\\\Documents\\\\Codex\\\\Real Estate System\\\\generated\\\\images\\\\live\\\\propmarket\\\\propmarket-wssVndlTI_WCuNbcTEZKg\\\\image_2.jpg\"", \""C:\\\\Users\\\\lepha\\\\Documents\\\\Codex\\\\Real Estate System\\\\generated\\\\images\\\\live\\\\propmarket\\\\propmarket-wssVndlTI_WCuNbcTEZKg\\\\image_3.jpg\"", \""C:\\\\Users\\\\lepha\\\\Documents\\\\Codex\\\\Real Estate System\\\\generated\\\\images\\\\live\\\\propmarket\\\\propmarket-wssVndlTI_WCuNbcTEZKg\\\\image_4.jpg\""]""",https://www.propmarket.co.ls/properties/wssVndlTI_WCuNbcTEZKg,Good,Contemporary,Urban,"""[]""",sale,4,Lesotho,Leribe,text_match,Ha Maputsoe,residential,House,2,test,,True,False,,,"Auto-excluded in first-pass review because the row looks multi-unit, development stock, or mixed commercial inventory. Auto-excluded in first-pass review because the row looks multi-unit, development stock, or mixed commercial inventory.",False
propmarket-jT41y7YNeO5qGQ0Dj8lR0,propmarket,Ts'imo,A very big field at Masowe 2 at 3.5 m negotiable,"Thepa ena ya mofuta wa house e fumaneha Masowe 1b Secondary School, Maseru. E na le dikamore tse 2 le dibate tse 1 mme e fumaneha ka theko ya M 3,500,000. Tlotla ena e tshwanetse ho shejwa bakeng sa bareki ba batlang menyetla ya nnete Lesotho.",3500000,LSL,Maseru,"Masowe 1b Secondary School, Maseru",House,2,1,"""[\""C:\\\\Users\\\\lepha\\\\Documents\\\\Codex\\\\Real Estate System\\\\generated\\\\images\\\\live\\\\propmarket\\\\propmarket-jT41y7YNeO5qGQ0Dj8lR0\\\\image_1.jpg\"", \""C:\\\\Users\\\\lepha\\\\Documents\\\\Codex\\\\Real Estate System\\\\generated\\\\images\\\\live\\\\propmarket\\\\propmarket-jT41y7YNeO5qGQ0Dj8lR0\\\\image_2.jpg\"", \""C:\\\\Users\\\\lepha\\\\Documents\\\\Codex\\\\Real Estate System\\\\generated\\\\images\\\\live\\\\propmarket\\\\propmarket-jT41y7YNeO5qGQ0Dj8lR0\\\\image_3.jpg\"", \""C:\\\\Users\\\\lepha\\\\Documents\\\\Codex\\\\Real Estate System\\\\generated\\\\images\\\\live\\\\propmarket\\\\propmarket-jT41y7YNeO5qGQ0Dj8lR0\\\\image_4.jpg\""]""",https://www.propmarket.co.ls/properties/jT41y7YNeO5qGQ0Dj8lR0,Good,Traditional,Urban,"""[\""near schools\"", \""road access\""]""",sale,4,Lesotho,Maseru,text_match,Masowe 1b Secondary School,residential,House,2,train,,True,True,,,,True
propmarket-1TGCSDZG8y-BouNt6g0B6,propmarket,"3 Units, Malaene","Malaene ana a macha-cha Maputsoe Ha-Maqele, not yet wired , ana le form C, se pela tsela and ke 900 sqm at just 280k","Thepa ena ya mofuta wa house e fumaneha Ha Maqele, Leribe. E na le dikamore tse 2 le dibate tse 1 mme e fumaneha ka theko ya M 280,000. Tlotla ena e tshwanetse ho shejwa bakeng sa bareki ba batlang menyetla ya nnete Lesotho.",280000,LSL,Leribe,"Ha Maqele, Leribe",House,2,1,"""[\""C:\\\\Users\\\\lepha\\\\Documents\\\\Codex\\\\Real Estate System\\\\generated\\\\images\\\\live\\\\propmarket\\\\propmarket-1TGCSDZG8y-BouNt6g0B6\\\\image_1.jpg\"", \""C:\\\\Users\\\\lepha\\\\Documents\\\\Codex\\\\Real Estate System\\\\generated\\\\images\\\\live\\\\propmarket\\\\propmarket-1TGCSDZG8y-BouNt6g0B6\\\\image_2.jpg\"", \""C:\\\\Users\\\\lepha\\\\Documents\\\\Codex\\\\Real Estate System\\\\generated\\\\images\\\\live\\\\propmarket\\\\propmarket-1TGCSDZG8y-BouNt6g0B6\\\\image_3.jpg\"", \""C:\\\\Users\\\\lepha\\\\Documents\\\\Codex\\\\Real Estate System\\\\generated\\\\images\\\\live\\\\propmarket\\\\propmarket-1TGCSDZG8y-BouNt6g0B6\\\\image_4.jpg\""]""",https://www.propmarket.co.ls/properties/1TGCSDZG8y-BouNt6g0B6,Good,Traditional,Suburban,"""[]""",sale,4,Lesotho,Leribe,text_match,Ha Maqele,residential,House,2,train,,True,False,,,"Auto-excluded in first-pass review because the row looks multi-unit, development stock, or mixed commercial inventory. Auto-excluded in first-pass review because the row looks multi-unit, development stock, or mixed commercial inventory.",False
propmarket-mrNXjggdJORKMuy1xzCJR,propmarket,House,the house is at Ha-thetsane Linakotseng and it is unfitted at just 900k,"Thepa ena ya mofuta wa house e fumaneha Linakotseng, Maseru. E na le dikamore tse 2 le dibate tse 1 mme e fumaneha ka theko ya M 900,000. Tlotla ena e tshwanetse ho shejwa bakeng sa bareki ba batlang menyetla ya nnete Lesotho.",900000,LSL,Maseru,"Linakotseng, Maseru",House,2,1,"""[\""C:\\\\Users\\\\lepha\\\\Documents\\\\Codex\\\\Real Estate System\\\\generated\\\\images\\\\live\\\\propmarket\\\\propmarket-mrNXjggdJORKMuy1xzCJR\\\\image_1.jpg\"", \""C:\\\\Users\\\\lepha\\\\Documents\\\\Codex\\\\Real Estate System\\\\generated\\\\images\\\\live\\\\propmarket\\\\propmarket-mrNXjggdJORKMuy1xzCJR\\\\image_2.jpg\""]""",https://www.propmarket.co.ls/properties/mrNXjggdJORKMuy1xzCJR,Good,Traditional,Suburban,"""[]""",sale,2,Lesotho,Maseru,text_match,Linakotseng,residential,House,2,train,,True,True,,,,True
propmarket-xCJ9fuicyQRzWK5mXpAjJ,propmarket,"2 Bedrooms, House","This house is at Sekamaneng pela ha ntate Ramothamo, five minutes to the main road at just 385k, it has a lease","Thepa ena ya mofuta wa house e fumaneha Sekamaneng, Berea. E na le dikamore tse 2 le dibate tse 1 mme e fumaneha ka theko ya M 385,000. Tlotla ena e tshwanetse ho shejwa bakeng sa bareki ba batlang menyetla ya nnete Lesotho.",385000,LSL,Berea,"Sekamaneng, Berea",House,2,1,"""[\""C:\\\\Users\\\\lepha\\\\Documents\\\\Codex\\\\Real Estate System\\\\generated\\\\images\\\\live\\\\propmarket\\\\propmarket-xCJ9fuicyQRzWK5mXpAjJ\\\\image_1.jpg\"", \""C:\\\\Users\\\\lepha\\\\Documents\\\\Codex\\\\Real Estate System\\\\generated\\\\images\\\\live\\\\propmarket\\\\propmarket-xCJ9fuicyQRzWK5mXpAjJ\\\\image_2.jpg\"", \""C:\\\\Users\\\\lepha\\\\Documents\\\\Codex\\\\Real Estate System\\\\generated\\\\images\\\\live\\\\propmarket\\\\propmarket-xCJ9fuicyQRzWK5mXpAjJ\\\\image_3.jpg\"", \""C:\\\\Users\\\\lepha\\\\Documents\\\\Codex\\\\Real Estate System\\\\generated\\\\images\\\\live\\\\propmarket\\\\propmarket-xCJ9fuicyQRzWK5mXpAjJ\\\\image_4.jpg\""]""",https://www.propmarket.co.ls/properties/xCJ9fuicyQRzWK5mXpAjJ,Good,Traditional,Suburban,"""[\""road access\""]""",sale,4,Lesotho,Berea,text_match,Sekamaneng,residential,House,2,train,,True,True,,,,True
propmarket-O5odO8OaNdZ-DmbkJ0mjS,propmarket,"1 Unit, 4 Bedrooms, House","<p>A Double Story house for sale</p><p>Located in Green City Maseru Lesotho. </p><p>4Bedroomed House, Master ensuit and 2 Bathrooms, Double Garage and spacious yard. NB: The price is to elevate due to some upgrading taking place.</p>","Thepa ena ya mofuta wa house e fumaneha Matebeleng (ha Penapena), Maseru. E na le dikamore tse 4 le dibate tse 3 mme e fumaneha ka theko ya M 8,000,000. Tlotla ena e tshwanetse ho shejwa bakeng sa bareki ba batlang menyetla ya nnete Lesotho.",8000000,LSL,Maseru,"Matebeleng (ha Penapena), Maseru",House,4,3,"""[\""C:\\\\Users\\\\lepha\\\\Documents\\\\Codex\\\\Real Estate System\\\\generated\\\\images\\\\live\\\\propmarket\\\\propmarket-O5odO8OaNdZ-DmbkJ0mjS\\\\image_1.jpg\"", \""C:\\\\Users\\\\lepha\\\\Documents\\\\Codex\\\\Real Estate System\\\\generated\\\\images\\\\live\\\\propmarket\\\\propmarket-O5odO8OaNdZ-DmbkJ0mjS\\\\image_2.jpg\"", \""C:\\\\Users\\\\lepha\\\\Documents\\\\Codex\\\\Real Estate System\\\\generated\\\\images\\\\live\\\\propmarket\\\\propmarket-O5odO8OaNdZ-DmbkJ0mjS\\\\image_3.jpg\"", \""C:\\\\Users\\\\lepha\\\\Documents\\\\Codex\\\\Real Estate System\\\\generated\\\\images\\\\live\\\\propmarket\\\\propmarket-O5odO8OaNdZ-DmbkJ0mjS\\\\image_4.jpg\"", \""C:\\\\Users\\\\lepha\\\\Documents\\\\Codex\\\\Real Estate System\\\\generated\\\\images\\\\live\\\\propmarket\\\\propmarket-O5odO8OaNdZ-DmbkJ0mjS\\\\image_5.jpg\""]""",https://www.propmarket.co.ls/properties/O5odO8OaNdZ-DmbkJ0mjS,Good,Family,Garden,"""[\""garage\"", \""yard\""]""",sale,5,Lesotho,Maseru,text_match,Matebeleng (ha Penapena),residential,House,4,val,,True,True,,,,True
propmarket-9TVOR113vm0u2plg3fZDR,propmarket,"6 Units, Malaene","<p><strong>These 6 double rooms are at Hlotse Sebothoane in Leribe district, water and electricity available.. at just 550k</strong></p>","Thepa ena ya mofuta wa house e fumaneha Sebothoane, Leribe. E na le dikamore tse 2 le dibate tse 1 mme e fumaneha ka theko ya M 550,000. Tlotla ena e tshwanetse ho shejwa bakeng sa bareki ba batlang menyetla ya nnete Lesotho.",550000,LSL,Leribe,"Sebothoane, Leribe",House,2,1,"""[\""C:\\\\Users\\\\lepha\\\\Documents\\\\Codex\\\\Real Estate System\\\\generated\\\\images\\\\live\\\\propmarket\\\\propmarket-9TVOR113vm0u2plg3fZDR\\\\image_1.jpg\"", \""C:\\\\Users\\\\lepha\\\\Documents\\\\Codex\\\\Real Estate System\\\\generated\\\\images\\\\live\\\\propmarket\\\\propmarket-9TVOR113vm0u2plg3fZDR\\\\image_2.jpg\"", \""C:\\\\Users\\\\lepha\\\\Documents\\\\Codex\\\\Real Estate System\\\\generated\\\\images\\\\live\\\\propmarket\\\\propmarket-9TVOR113vm0u2plg3fZDR\\\\image_3.png\""]""",https://www.propmarket.co.ls/properties/9TVOR113vm0u2plg3fZDR,Good,Traditional,Urban,"""[\""water connection\"", \""electricity\""]""",sale,3,Lesotho,Leribe,text_match,Sebothoane,residential,House,2,train,,True,False,,,"Auto-excluded in first-pass review because the row looks multi-unit, development stock, or mixed commercial inventory. Auto-excluded in first-pass review because the row looks multi-unit, development stock, or mixed commercial inventory.",False
propmarket-SHzbMRolHH_oHOXcKZhBh,propmarket,"1 Unit, 1 Bedroom, House","<p>HOUSE FOR SALE MASOWE 3</p><p> •1 bedroom</p><p> •Lounge</p><p> •Kitchen fitted </p><p>•Large hallway </p><p>• Fenced with devils fork</p><p> • Sewer line available </p><p>💰Price 450,000</p>","Thepa ena ya mofuta wa house e fumaneha Masowe 1b Secondary School, Maseru. E na le dikamore tse 1 le dibate tse 1 mme e fumaneha ka theko ya M 450,000. Tlotla ena e tshwanetse ho shejwa bakeng sa bareki ba batlang menyetla ya nnete Lesotho.",450000,LSL,Maseru,"Masowe 1b Secondary School, Maseru",House,1,1,"""[\""C:\\\\Users\\\\lepha\\\\Documents\\\\Codex\\\\Real Estate System\\\\generated\\\\images\\\\live\\\\propmarket\\\\propmarket-SHzbMRolHH_oHOXcKZhBh\\\\image_1.jpg\"", \""C:\\\\Users\\\\lepha\\\\Documents\\\\Codex\\\\Real Estate System\\\\generated\\\\images\\\\live\\\\propmarket\\\\propmarket-SHzbMRolHH_oHOXcKZhBh\\\\image_2.jpg\"", \""C:\\\\Users\\\\lepha\\\\Documents\\\\Codex\\\\Real Estate System\\\\generated\\\\images\\\\live\\\\propmarket\\\\propmarket-SHzbMRolHH_oHOXcKZhBh\\\\image_3.jpg\"", \""C:\\\\Users\\\\lepha\\\\Documents\\\\Codex\\\\Real Estate System\\\\generated\\\\images\\\\live\\\\propmarket\\\\propmarket-SHzbMRolHH_oHOXcKZhBh\\\\image_4.jpg\"", \""C:\\\\Users\\\\lepha\\\\Documents\\\\Codex\\\\Real Estate System\\\\generated\\\\images\\\\live\\\\propmarket\\\\propmarket-SHzbMRolHH_oHOXcKZhBh\\\\image_5.png\""]""",https://www.propmarket.co.ls/properties/SHzbMRolHH_oHOXcKZhBh,Good,Traditional,Urban,"""[\""near schools\"", \""road access\""]""",sale,5,Lesotho,Maseru,text_match,Masowe 1b Secondary School,residential,House,1,val,,True,True,,,,True
propmarket-Ykwq3hSjs-KFTfo1fFmoq,propmarket,"3 Units, Malaene","<p>These 3 single rooms are on sale at 132k, located at Pitseng Ha-Makhata going to Phelisanong..</p>","Thepa ena ya mofuta wa house e fumaneha Pitseng, Leribe. E na le dikamore tse 2 le dibate tse 1 mme e fumaneha ka theko ya M 132,000. Tlotla ena e tshwanetse ho shejwa bakeng sa bareki ba batlang menyetla ya nnete Lesotho.",132000,LSL,Leribe,"Pitseng, Leribe",House,2,1,"""[\""C:\\\\Users\\\\lepha\\\\Documents\\\\Codex\\\\Real Estate System\\\\generated\\\\images\\\\live\\\\propmarket\\\\propmarket-Ykwq3hSjs-KFTfo1fFmoq\\\\image_1.jpg\"", \""C:\\\\Users\\\\lepha\\\\Documents\\\\Codex\\\\Real Estate System\\\\generated\\\\images\\\\live\\\\propmarket\\\\propmarket-Ykwq3hSjs-KFTfo1fFmoq\\\\image_2.jpg\"", \""C:\\\\Users\\\\lepha\\\\Documents\\\\Codex\\\\Real Estate System\\\\generated\\\\images\\\\live\\\\propmarket\\\\propmarket-Ykwq3hSjs-KFTfo1fFmoq\\\\image_3.png\""]""",https://www.propmarket.co.ls/properties/Ykwq3hSjs-KFTfo1fFmoq,Good,Traditional,Suburban,"""[]""",sale,3,Lesotho,Leribe,text_match,Pitseng,residential,House,2,val,,True,False,,,"Auto-excluded in first-pass review because the row looks multi-unit, development stock, or mixed commercial inventory. Auto-excluded in first-pass review because the row looks multi-unit, development stock, or mixed commercial inventory.",False
propmarket-OvKX0vFoL9BCXgddpDgW5,propmarket,"1 Unit, 3 Bedrooms, House","<p>This newly built 3 bedroom house is located in Masowe 1 Extension , Fully fitted, Kitchen, Lounge, Single garage, Paved, Wall fenced, Master bedroom is en-suite, 1 Common bathroom, 450sqm land</p><p></p><p>Lease available</p><p>💰1, 500 000</p>","Thepa ena ya mofuta wa house e fumaneha Masowe 1b Secondary School, Maseru. E na le dikamore tse 3 le dibate tse 2 mme e fumaneha ka theko ya M 1,500,000. Tlotla ena e tshwanetse ho shejwa bakeng sa bareki ba batlang menyetla ya nnete Lesotho.",1500000,LSL,Maseru,"Masowe 1b Secondary School, Maseru",House,3,2,"""[\""C:\\\\Users\\\\lepha\\\\Documents\\\\Codex\\\\Real Estate System\\\\generated\\\\images\\\\live\\\\propmarket\\\\propmarket-OvKX0vFoL9BCXgddpDgW5\\\\image_1.jpg\"", \""C:\\\\Users\\\\lepha\\\\Documents\\\\Codex\\\\Real Estate System\\\\generated\\\\images\\\\live\\\\propmarket\\\\propmarket-OvKX0vFoL9BCXgddpDgW5\\\\image_2.jpg\"", \""C:\\\\Users\\\\lepha\\\\Documents\\\\Codex\\\\Real Estate System\\\\generated\\\\images\\\\live\\\\propmarket\\\\propmarket-OvKX0vFoL9BCXgddpDgW5\\\\image_3.jpg\"", \""C:\\\\Users\\\\lepha\\\\Documents\\\\Codex\\\\Real Estate System\\\\generated\\\\images\\\\live\\\\propmarket\\\\propmarket-OvKX0vFoL9BCXgddpDgW5\\\\image_4.jpg\"", \""C:\\\\Users\\\\lepha\\\\Documents\\\\Codex\\\\Real Estate System\\\\generated\\\\images\\\\live\\\\propmarket\\\\propmarket-OvKX0vFoL9BCXgddpDgW5\\\\image_5.jpg\""]""",https://www.propmarket.co.ls/properties/OvKX0vFoL9BCXgddpDgW5,New,Traditional,Urban,"""[\""garage\"", \""near schools\"", \""road access\"", \""walled property\""]""",sale,5,Lesotho,Maseru,text_match,Masowe 1b Secondary School,residential,House,3,train,,True,True,,,,True
propmarket-T80coq4ZCv5wilIHiNhAS,propmarket,"1 Unit, 3 Bedrooms, House",<p>🏡HOUSE AVAILABLE FOR SALE M880 000.00</p><p></p><p>KHUBETSOANA LECORP </p><p></p><p>✅️3 Bedrooms</p><p></p><p>✅️Bathroom</p><p></p><p>✅️Kitchen</p><p></p><p>✅️Lounge</p><p></p><p>✅️Garage</p><p></p>,"Thepa ena ya mofuta wa house e fumaneha Khubetsoana, Berea. E na le dikamore tse 3 le dibate tse 1 mme e fumaneha ka theko ya M 880,000. Tlotla ena e tshwanetse ho shejwa bakeng sa bareki ba batlang menyetla ya nnete Lesotho.",880000,LSL,Berea,"Khubetsoana, Berea",House,3,1,"""[\""C:\\\\Users\\\\lepha\\\\Documents\\\\Codex\\\\Real Estate System\\\\generated\\\\images\\\\live\\\\propmarket\\\\propmarket-T80coq4ZCv5wilIHiNhAS\\\\image_1.jpg\"", \""C:\\\\Users\\\\lepha\\\\Documents\\\\Codex\\\\Real Estate System\\\\generated\\\\images\\\\live\\\\propmarket\\\\propmarket-T80coq4ZCv5wilIHiNhAS\\\\image_2.jpg\"", \""C:\\\\Users\\\\lepha\\\\Documents\\\\Codex\\\\Real Estate System\\\\generated\\\\images\\\\live\\\\propmarket\\\\propmarket-T80coq4ZCv5wilIHiNhAS\\\\image_3.jpg\"", \""C:\\\\Users\\\\lepha\\\\Documents\\\\Codex\\\\Real Estate System\\\\generated\\\\images\\\\live\\\\propmarket\\\\propmarket-T80coq4ZCv5wilIHiNhAS\\\\image_4.jpg\"", \""C:\\\\Users\\\\lepha\\\\Documents\\\\Codex\\\\Real Estate System\\\\generated\\\\images\\\\live\\\\propmarket\\\\propmarket-T80coq4ZCv5wilIHiNhAS\\\\image_5.jpg\""]""",https://www.propmarket.co.ls/properties/T80coq4ZCv5wilIHiNhAS,Good,Traditional,Suburban,"""[\""garage\""]""",sale,5,Lesotho,Berea,text_match,Khubetsoana,residential,House,3,train,,True,True,,,,True
propmarket-4XjZvx02GUGgPxbTk5Jml,propmarket,"1 Unit, 4 Bedrooms, House","<p>This beautiful house is located in Thetsane West , Maseru Lesotho. It's a 4 Bedroom House </p><p>Master bedroom has Gym,en-suite,office space, walk-in-closet and an exit door to the backyard</p><p>Another bedroom is en-suite </p><p>Common bathroom </p><p>Kitchen </p><p>Lounge,dining </p><p>Cinema room,</p><p>Kitchen’s Cullery </p><p>Double garage(Automated Door)</p><p>Automated gate </p><p>Paved yard</p><p>Car port</p><p>Wall and palisade fence </p><p>Entertainment room </p><p>Only uses solar power </p><p>800sqm plot size </p><p>Lease available</p><p>Selling Price 10million </p>","Thepa ena ya mofuta wa house e fumaneha Thetsane West, Maseru. E na le dikamore tse 4 le dibate tse 3 mme e fumaneha ka theko ya M 8,800,000. Tlotla ena e tshwanetse ho shejwa bakeng sa bareki ba batlang menyetla ya nnete Lesotho.",8800000,LSL,Maseru,"Thetsane West, Maseru",House,4,3,"""[\""C:\\\\Users\\\\lepha\\\\Documents\\\\Codex\\\\Real Estate System\\\\generated\\\\images\\\\live\\\\propmarket\\\\propmarket-4XjZvx02GUGgPxbTk5Jml\\\\image_1.jpg\"", \""C:\\\\Users\\\\lepha\\\\Documents\\\\Codex\\\\Real Estate System\\\\generated\\\\images\\\\live\\\\propmarket\\\\propmarket-4XjZvx02GUGgPxbTk5Jml\\\\image_2.jpg\"", \""C:\\\\Users\\\\lepha\\\\Documents\\\\Codex\\\\Real Estate System\\\\generated\\\\images\\\\live\\\\propmarket\\\\propmarket-4XjZvx02GUGgPxbTk5Jml\\\\image_3.jpg\"", \""C:\\\\Users\\\\lepha\\\\Documents\\\\Codex\\\\Real Estate System\\\\generated\\\\images\\\\live\\\\propmarket\\\\propmarket-4XjZvx02GUGgPxbTk5Jml\\\\image_4.jpg\"", \""C:\\\\Users\\\\lepha\\\\Documents\\\\Codex\\\\Real Estate System\\\\generated\\\\images\\\\live\\\\propmarket\\\\propmarket-4XjZvx02GUGgPxbTk5Jml\\\\image_5.jpg\""]""",https://www.propmarket.co.ls/properties/4XjZvx02GUGgPxbTk5Jml,Good,Family,Garden,"""[\""garage\"", \""yard\"", \""office-ready\"", \""walled property\""]""",sale,5,Lesotho,Maseru,text_match,Thetsane West,residential,House,4,train,,True,False,,,"Auto-excluded in first-pass review because the row looks multi-unit, development stock, or mixed commercial inventory. Auto-excluded in first-pass review because the row looks multi-unit, development stock, or mixed commercial inventory.",False
propmarket-m9QjRcxQJVRg1g2MaiFdv,propmarket,"1 Unit, 3 Bedrooms, House","<p>🏠HOUSE FOR SALE MASOWE ONE🏠</p><p>✅️Master bedroom</p><p></p><p>✅️Shower bath toilet</p><p>Fitted.</p><p></p><p>✅️3 Bedrooms All fitted.</p><p></p><p>✅️Guests toilet</p><p></p><p>✅️fitted guest bathroom Children Shower</p><p></p><p>✅️Open plan kitchen (not fitted)</p><p></p><p>✅️sitting room</p><p></p><p>✅️Double garage</p><p></p><p>✅️Front yard is Paved and there is a boma for different occasions.</p><p></p><p>✅️Lawn at backyard</p><p></p><p>💰ASKING PRICE M1,500 000</p><p>Price reduced to M1,380 000</p><p></p>","Thepa ena ya mofuta wa house e fumaneha Masowe 1b Secondary School, Maseru. E na le dikamore tse 3 le dibate tse 2 mme e fumaneha ka theko ya M 1,380,000. Tlotla ena e tshwanetse ho shejwa bakeng sa bareki ba batlang menyetla ya nnete Lesotho.",1380000,LSL,Maseru,"Masowe 1b Secondary School, Maseru",House,3,2,"""[\""C:\\\\Users\\\\lepha\\\\Documents\\\\Codex\\\\Real Estate System\\\\generated\\\\images\\\\live\\\\propmarket\\\\propmarket-m9QjRcxQJVRg1g2MaiFdv\\\\image_1.jpg\"", \""C:\\\\Users\\\\lepha\\\\Documents\\\\Codex\\\\Real Estate System\\\\generated\\\\images\\\\live\\\\propmarket\\\\propmarket-m9QjRcxQJVRg1g2MaiFdv\\\\image_2.jpg\"", \""C:\\\\Users\\\\lepha\\\\Documents\\\\Codex\\\\Real Estate System\\\\generated\\\\images\\\\live\\\\propmarket\\\\propmarket-m9QjRcxQJVRg1g2MaiFdv\\\\image_3.jpg\"", \""C:\\\\Users\\\\lepha\\\\Documents\\\\Codex\\\\Real Estate System\\\\generated\\\\images\\\\live\\\\propmarket\\\\propmarket-m9QjRcxQJVRg1g2MaiFdv\\\\image_4.jpg\"", \""C:\\\\Users\\\\lepha\\\\Documents\\\\Codex\\\\Real Estate System\\\\generated\\\\images\\\\live\\\\propmarket\\\\propmarket-m9QjRcxQJVRg1g2MaiFdv\\\\image_5.jpg\""]""",https://www.propmarket.co.ls/properties/m9QjRcxQJVRg1g2MaiFdv,Good,Family,Garden,"""[\""garage\"", \""yard\"", \""near schools\"", \""road access\"", \""shower\""]""",sale,5,Lesotho,Maseru,text_match,Masowe 1b Secondary School,residential,House,3,train,,True,True,,,,True
propmarket-3RnybDOD-2YqSMafIGIAh,propmarket,"2 Bedrooms, House","<p>The house is for rental at Maseru West Lepoqo Street..It consists of 2 large bedrooms, 1 bathroom with a shower, open plan kitchen and lounge.. Open parking in the yard.</p><p>Prepaid electricity, water and gardening excluded from rental.. M7 500 per month.. The security is 7.5k</p>","Thepa ena ya mofuta wa house e fumaneha Maseru West, Maseru. E na le dikamore tse 2 le dibate tse 1 mme e fumaneha ka theko ya M 7,500. Tlotla ena e tshwanetse ho shejwa bakeng sa bareki ba batlang menyetla ya nnete Lesotho.",7500,LSL,Maseru,"Maseru West, Maseru",House,2,1,"""[\""C:\\\\Users\\\\lepha\\\\Documents\\\\Codex\\\\Real Estate System\\\\generated\\\\images\\\\live\\\\propmarket\\\\propmarket-3RnybDOD-2YqSMafIGIAh\\\\image_1.jpg\"", \""C:\\\\Users\\\\lepha\\\\Documents\\\\Codex\\\\Real Estate System\\\\generated\\\\images\\\\live\\\\propmarket\\\\propmarket-3RnybDOD-2YqSMafIGIAh\\\\image_2.jpg\"", \""C:\\\\Users\\\\lepha\\\\Documents\\\\Codex\\\\Real Estate System\\\\generated\\\\images\\\\live\\\\propmarket\\\\propmarket-3RnybDOD-2YqSMafIGIAh\\\\image_3.jpg\"", \""C:\\\\Users\\\\lepha\\\\Documents\\\\Codex\\\\Real Estate System\\\\generated\\\\images\\\\live\\\\propmarket\\\\propmarket-3RnybDOD-2YqSMafIGIAh\\\\image_4.jpg\""]""",https://www.propmarket.co.ls/properties/3RnybDOD-2YqSMafIGIAh,Good,Family,Garden,"""[\""water connection\"", \""electricity\"", \""parking\"", \""garden\"", \""yard\"", \""security\"", \""shower\""]""",rent,4,Lesotho,Maseru,text_match,Maseru West,residential,House,2,train,,True,True,,,,True
propmarket-nls9QlmJwLy4dpocbUFiM,propmarket,"2 Bedrooms, House",<p>The house is at Masowe 1. It has 2 bedrooms at just 900k with avery biiig yard.</p>,"Thepa ena ya mofuta wa house e fumaneha Masowe 1b Secondary School, Maseru. E na le dikamore tse 2 le dibate tse 1 mme e fumaneha ka theko ya M 900,000. Tlotla ena e tshwanetse ho shejwa bakeng sa bareki ba batlang menyetla ya nnete Lesotho.",900000,LSL,Maseru,"Masowe 1b Secondary School, Maseru",House,2,1,"""[\""C:\\\\Users\\\\lepha\\\\Documents\\\\Codex\\\\Real Estate System\\\\generated\\\\images\\\\live\\\\propmarket\\\\propmarket-nls9QlmJwLy4dpocbUFiM\\\\image_1.jpg\"", \""C:\\\\Users\\\\lepha\\\\Documents\\\\Codex\\\\Real Estate System\\\\generated\\\\images\\\\live\\\\propmarket\\\\propmarket-nls9QlmJwLy4dpocbUFiM\\\\image_2.jpg\"", \""C:\\\\Users\\\\lepha\\\\Documents\\\\Codex\\\\Real Estate System\\\\generated\\\\images\\\\live\\\\propmarket\\\\propmarket-nls9QlmJwLy4dpocbUFiM\\\\image_3.jpg\"", \""C:\\\\Users\\\\lepha\\\\Documents\\\\Codex\\\\Real Estate System\\\\generated\\\\images\\\\live\\\\propmarket\\\\propmarket-nls9QlmJwLy4dpocbUFiM\\\\image_4.jpg\""]""",https://www.propmarket.co.ls/properties/nls9QlmJwLy4dpocbUFiM,Good,Family,Garden,"""[\""yard\"", \""near schools\"", \""road access\""]""",sale,4,Lesotho,Maseru,text_match,Masowe 1b Secondary School,residential,House,2,test,,True,True,,,,True
propmarket-nBh-J6zgL-wG9t3lBDTP1,propmarket,House,"<p>This newly built house is at Masowe 1 Extension, 3 bedroomed, fully fitted and master En-suite, Lounge-kitchen(Open plan), Paved outside, wall fenced, Solar Geyser, Single garage, a site of 450 sqm..The lease is available.. located at Masowe 1 Extension at 1.5m</p>","Thepa ena ya mofuta wa house e fumaneha Masowe 1b Secondary School, Maseru. E na le dikamore tse 2 le dibate tse 1 mme e fumaneha ka theko ya M 1,500,000. Tlotla ena e tshwanetse ho shejwa bakeng sa bareki ba batlang menyetla ya nnete Lesotho.",1500000,LSL,Maseru,"Masowe 1b Secondary School, Maseru",House,2,1,"""[\""C:\\\\Users\\\\lepha\\\\Documents\\\\Codex\\\\Real Estate System\\\\generated\\\\images\\\\live\\\\propmarket\\\\propmarket-nBh-J6zgL-wG9t3lBDTP1\\\\image_1.jpg\"", \""C:\\\\Users\\\\lepha\\\\Documents\\\\Codex\\\\Real Estate System\\\\generated\\\\images\\\\live\\\\propmarket\\\\propmarket-nBh-J6zgL-wG9t3lBDTP1\\\\image_2.jpg\"", \""C:\\\\Users\\\\lepha\\\\Documents\\\\Codex\\\\Real Estate System\\\\generated\\\\images\\\\live\\\\propmarket\\\\propmarket-nBh-J6zgL-wG9t3lBDTP1\\\\image_3.jpg\"", \""C:\\\\Users\\\\lepha\\\\Documents\\\\Codex\\\\Real Estate System\\\\generated\\\\images\\\\live\\\\propmarket\\\\propmarket-nBh-J6zgL-wG9t3lBDTP1\\\\image_4.jpg\""]""",https://www.propmarket.co.ls/properties/nBh-J6zgL-wG9t3lBDTP1,New,Traditional,Urban,"""[\""garage\"", \""near schools\"", \""road access\"", \""walled property\""]""",sale,4,Lesotho,Maseru,text_match,Masowe 1b Secondary School,residential,House,2,test,,True,True,,,,True
propmarket-l5AZS5MGZGzwtbKIzLZv0,propmarket,"1 Bedroom, House","<p>3 rooms house ...kitchen with stove, one bedroom, bathroom not fitted, sitting room</p><p>Mokhoro in the yard</p><p>Toilet outside</p><p>Water and electricity available </p><p>About 5 minutes to main road </p>","Thepa ena ya mofuta wa house e fumaneha Semphetenyane, Maseru. E na le dikamore tse 1 le dibate tse 1 mme e fumaneha ka theko ya M 360,000. Tlotla ena e tshwanetse ho shejwa bakeng sa bareki ba batlang menyetla ya nnete Lesotho.",360000,LSL,Maseru,"Semphetenyane, Maseru",House,1,1,"""[\""C:\\\\Users\\\\lepha\\\\Documents\\\\Codex\\\\Real Estate System\\\\generated\\\\images\\\\live\\\\propmarket\\\\propmarket-l5AZS5MGZGzwtbKIzLZv0\\\\image_1.jpg\"", \""C:\\\\Users\\\\lepha\\\\Documents\\\\Codex\\\\Real Estate System\\\\generated\\\\images\\\\live\\\\propmarket\\\\propmarket-l5AZS5MGZGzwtbKIzLZv0\\\\image_2.jpg\"", \""C:\\\\Users\\\\lepha\\\\Documents\\\\Codex\\\\Real Estate System\\\\generated\\\\images\\\\live\\\\propmarket\\\\propmarket-l5AZS5MGZGzwtbKIzLZv0\\\\image_3.jpg\"", \""C:\\\\Users\\\\lepha\\\\Documents\\\\Codex\\\\Real Estate System\\\\generated\\\\images\\\\live\\\\propmarket\\\\propmarket-l5AZS5MGZGzwtbKIzLZv0\\\\image_4.jpg\"", \""C:\\\\Users\\\\lepha\\\\Documents\\\\Codex\\\\Real Estate System\\\\generated\\\\images\\\\live\\\\propmarket\\\\propmarket-l5AZS5MGZGzwtbKIzLZv0\\\\image_5.jpg\""]""",https://www.propmarket.co.ls/properties/l5AZS5MGZGzwtbKIzLZv0,Good,Family,Garden,"""[\""water connection\"", \""electricity\"", \""yard\"", \""road access\""]""",sale,5,Lesotho,Maseru,text_match,Semphetenyane,residential,House,1,train,,True,True,,,,True
propmarket-ja9gqmVOVSWsiUiMvnC4D,propmarket,"3 Bedrooms, House","<p><strong><u>Ntlo e sa fellang Ty Ha Nkalimeng.</u></strong></p><p></p><p>2 room eona e felletse mme e koaleile. Ke liroom tse ling fela tse sa fellang. Empa ho so kentsoe samente ho eona ho litsoe.</p><p></p><p>Buoa le nna hore olo e bona tsatsing lena.</p><p>Tse so fele ke 2 bedrooms, sitting room, bathroom, garage </p>","Thepa ena ya mofuta wa house e fumaneha Berea District, Berea. E na le dikamore tse 3 le dibate tse 1 mme e fumaneha ka theko ya M 280,000. Tlotla ena e tshwanetse ho shejwa bakeng sa bareki ba batlang menyetla ya nnete Lesotho.",280000,LSL,Berea,"Berea District, Berea",House,3,1,"""[\""C:\\\\Users\\\\lepha\\\\Documents\\\\Codex\\\\Real Estate System\\\\generated\\\\images\\\\live\\\\propmarket\\\\propmarket-ja9gqmVOVSWsiUiMvnC4D\\\\image_1.jpg\"", \""C:\\\\Users\\\\lepha\\\\Documents\\\\Codex\\\\Real Estate System\\\\generated\\\\images\\\\live\\\\propmarket\\\\propmarket-ja9gqmVOVSWsiUiMvnC4D\\\\image_2.jpg\"", \""C:\\\\Users\\\\lepha\\\\Documents\\\\Codex\\\\Real Estate System\\\\generated\\\\images\\\\live\\\\propmarket\\\\propmarket-ja9gqmVOVSWsiUiMvnC4D\\\\image_3.jpg\"", \""C:\\\\Users\\\\lepha\\\\Documents\\\\Codex\\\\Real Estate System\\\\generated\\\\images\\\\live\\\\propmarket\\\\propmarket-ja9gqmVOVSWsiUiMvnC4D\\\\image_4.jpg\""]""",https://www.propmarket.co.ls/properties/ja9gqmVOVSWsiUiMvnC4D,Good,Traditional,Suburban,"""[\""garage\""]""",sale,4,Lesotho,Berea,text_match,Berea District,residential,House,3,test,,True,True,,,,True
propmarket-koAjyqx2CBEE9cLC1YdK7,propmarket,House,"<p>We have this very cheap house at Mautsoe Ha-Maqele, e haufi haholo le tsela at just 160k</p>","Thepa ena ya mofuta wa house e fumaneha Ha Maqele, Leribe. E na le dikamore tse 2 le dibate tse 1 mme e fumaneha ka theko ya M 160,000. Tlotla ena e tshwanetse ho shejwa bakeng sa bareki ba batlang menyetla ya nnete Lesotho.",160000,LSL,Leribe,"Ha Maqele, Leribe",House,2,1,"""[\""C:\\\\Users\\\\lepha\\\\Documents\\\\Codex\\\\Real Estate System\\\\generated\\\\images\\\\live\\\\propmarket\\\\propmarket-koAjyqx2CBEE9cLC1YdK7\\\\image_1.jpg\"", \""C:\\\\Users\\\\lepha\\\\Documents\\\\Codex\\\\Real Estate System\\\\generated\\\\images\\\\live\\\\propmarket\\\\propmarket-koAjyqx2CBEE9cLC1YdK7\\\\image_2.jpg\""]""",https://www.propmarket.co.ls/properties/koAjyqx2CBEE9cLC1YdK7,Good,Traditional,Suburban,"""[]""",sale,2,Lesotho,Leribe,text_match,Ha Maqele,residential,House,2,val,,True,True,,,,True
propmarket-XvIngChWMiLyNmmUYOK-8,propmarket,"4 Bedrooms, House","<p>We have this biig house at Upper Thamae Maseru.. ena le malaene: 4 double rooms as well as 7 single rooms..The house has four bedrooms, sitting room, dining room, a room taking you to the garage, 2 toilets and a bathroom, laundry room, pantry, kitchen and a passage.</p>","Thepa ena ya mofuta wa house e fumaneha Upper Thamae, Maseru. E na le dikamore tse 4 le dibate tse 1 mme e fumaneha ka theko ya M 1,450,000. Tlotla ena e tshwanetse ho shejwa bakeng sa bareki ba batlang menyetla ya nnete Lesotho.",1450000,LSL,Maseru,"Upper Thamae, Maseru",House,4,1,"""[\""C:\\\\Users\\\\lepha\\\\Documents\\\\Codex\\\\Real Estate System\\\\generated\\\\images\\\\live\\\\propmarket\\\\propmarket-XvIngChWMiLyNmmUYOK-8\\\\image_1.jpg\"", \""C:\\\\Users\\\\lepha\\\\Documents\\\\Codex\\\\Real Estate System\\\\generated\\\\images\\\\live\\\\propmarket\\\\propmarket-XvIngChWMiLyNmmUYOK-8\\\\image_2.jpg\"", \""C:\\\\Users\\\\lepha\\\\Documents\\\\Codex\\\\Real Estate System\\\\generated\\\\images\\\\live\\\\propmarket\\\\propmarket-XvIngChWMiLyNmmUYOK-8\\\\image_3.jpg\"", \""C:\\\\Users\\\\lepha\\\\Documents\\\\Codex\\\\Real Estate System\\\\generated\\\\images\\\\live\\\\propmarket\\\\propmarket-XvIngChWMiLyNmmUYOK-8\\\\image_4.jpg\""]""",https://www.propmarket.co.ls/properties/XvIngChWMiLyNmmUYOK-8,Good,Traditional,Suburban,"""[\""garage\""]""",sale,4,Lesotho,Maseru,text_match,Upper Thamae,residential,House,4,train,,True,True,,,,True
propmarket-KMeb_ngqmeHEhth1Ue1eQ,propmarket,House,"<p>Ntlo ena e so fele e fumaneha Linakotseng </p><p>Ke lerako la 3 bedrooms, bathroom le open plan ea sitting room le kitchen</p><p>Ho sa tsoa ruleloa haufinyane</p>","Thepa ena ya mofuta wa house e fumaneha Ha Tsolo, Maseru. E na le dikamore tse 2 le dibate tse 1 mme e fumaneha ka theko ya M 220,000. Tlotla ena e tshwanetse ho shejwa bakeng sa bareki ba batlang menyetla ya nnete Lesotho.",220000,LSL,Maseru,"Ha Tsolo, Maseru",House,3,1,"""[\""C:\\\\Users\\\\lepha\\\\Documents\\\\Codex\\\\Real Estate System\\\\generated\\\\images\\\\live\\\\propmarket\\\\propmarket-KMeb_ngqmeHEhth1Ue1eQ\\\\image_1.jpg\"", \""C:\\\\Users\\\\lepha\\\\Documents\\\\Codex\\\\Real Estate System\\\\generated\\\\images\\\\live\\\\propmarket\\\\propmarket-KMeb_ngqmeHEhth1Ue1eQ\\\\image_2.jpg\"", \""C:\\\\Users\\\\lepha\\\\Documents\\\\Codex\\\\Real Estate System\\\\generated\\\\images\\\\live\\\\propmarket\\\\propmarket-KMeb_ngqmeHEhth1Ue1eQ\\\\image_3.jpg\"", \""C:\\\\Users\\\\lepha\\\\Documents\\\\Codex\\\\Real Estate System\\\\generated\\\\images\\\\live\\\\propmarket\\\\propmarket-KMeb_ngqmeHEhth1Ue1eQ\\\\image_4.jpg\"", \""C:\\\\Users\\\\lepha\\\\Documents\\\\Codex\\\\Real Estate System\\\\generated\\\\images\\\\live\\\\propmarket\\\\propmarket-KMeb_ngqmeHEhth1Ue1eQ\\\\image_5.jpg\""]""",https://www.propmarket.co.ls/properties/KMeb_ngqmeHEhth1Ue1eQ,Good,Traditional,Suburban,"""[]""",sale,5,Lesotho,Maseru,text_match,Ha Tsolo,residential,House,3,train,,True,True,,,Auto-corrected bedroom label from 2 to 3 using title/description text. Auto-corrected bedroom label from 2 to 3 using title/description text.,True
propmarket-IYJW418V9raGndz6_Ict0,propmarket,"1 Unit, 4 Bedrooms, House","<p>📢Double Storey House 🏠 For sale!📢</p><p>📍Ha-Foso Lebenkeleng, Berea Lesotho</p><p>💸ASKING PRICE AS PER EVALUATION REPORT 💸</p><p>•Fitted 2 Bedrooms on 1st floor and ground floor</p><p>•Master Bedroom with walk-in closet and ensuite</p><p>•Kitchen with scullery with fitted shelves and dishwasher</p><p>•Open plan type dining 🍽 and sitting room</p><p>•Study 📖/Office</p><p>•2 x double garages situated on the front and rear</p><p>•Access to balcony</p><p>•Lease Available, Plot Size: 936m²</p><p>•Perimeter Wall 🧱 Fenced</p><p>•Automated Gate situated from and rear</p><p>NB: EVALUATION REPORT @ R5.9million </p><p>AVAILBALE dated 1st October 2025</p><p>Asking Price R4.5million </p><p></p>","Thepa ena ya mofuta wa house e fumaneha Ha Foso Encroachment Boundary, Berea. E na le dikamore tse 4 le dibate tse 3 mme e fumaneha ka theko ya M 4,500,000. Tlotla ena e tshwanetse ho shejwa bakeng sa bareki ba batlang menyetla ya nnete Lesotho.",4500000,LSL,Berea,"Ha Foso Encroachment Boundary, Berea",House,4,3,"""[\""C:\\\\Users\\\\lepha\\\\Documents\\\\Codex\\\\Real Estate System\\\\generated\\\\images\\\\live\\\\propmarket\\\\propmarket-IYJW418V9raGndz6_Ict0\\\\image_1.jpg\"", \""C:\\\\Users\\\\lepha\\\\Documents\\\\Codex\\\\Real Estate System\\\\generated\\\\images\\\\live\\\\propmarket\\\\propmarket-IYJW418V9raGndz6_Ict0\\\\image_2.jpg\"", \""C:\\\\Users\\\\lepha\\\\Documents\\\\Codex\\\\Real Estate System\\\\generated\\\\images\\\\live\\\\propmarket\\\\propmarket-IYJW418V9raGndz6_Ict0\\\\image_3.jpg\"", \""C:\\\\Users\\\\lepha\\\\Documents\\\\Codex\\\\Real Estate System\\\\generated\\\\images\\\\live\\\\propmarket\\\\propmarket-IYJW418V9raGndz6_Ict0\\\\image_4.jpg\"", \""C:\\\\Users\\\\lepha\\\\Documents\\\\Codex\\\\Real Estate System\\\\generated\\\\images\\\\live\\\\propmarket\\\\propmarket-IYJW418V9raGndz6_Ict0\\\\image_5.jpg\""]""",https://www.propmarket.co.ls/properties/IYJW418V9raGndz6_Ict0,Good,Contemporary,Suburban,"""[\""garage\"", \""office-ready\"", \""walled property\""]""",sale,5,Lesotho,Berea,text_match,Ha Foso Encroachment Boundary,residential,House,4,train,,True,False,,,"Auto-excluded in first-pass review because the row looks multi-unit, development stock, or mixed commercial inventory. Auto-excluded in first-pass review because the row looks multi-unit, development stock, or mixed commercial inventory.",False
propmarket-Y05g7baITID25N3SEnYbU,propmarket,"4 Bedrooms, House","<p>4 bedroomed house with Lounge, fitted kitchen and fitted bathroom</p>","Thepa ena ya mofuta wa house e fumaneha Ha Molemane (teyateyaneng), Berea. E na le dikamore tse 4 le dibate tse 1 mme e fumaneha ka theko ya M 550,000. Tlotla ena e tshwanetse ho shejwa bakeng sa bareki ba batlang menyetla ya nnete Lesotho.",550000,LSL,Berea,"Ha Molemane (teyateyaneng), Berea",House,4,1,"""[\""C:\\\\Users\\\\lepha\\\\Documents\\\\Codex\\\\Real Estate System\\\\generated\\\\images\\\\live\\\\propmarket\\\\propmarket-Y05g7baITID25N3SEnYbU\\\\image_1.jpg\"", \""C:\\\\Users\\\\lepha\\\\Documents\\\\Codex\\\\Real Estate System\\\\generated\\\\images\\\\live\\\\propmarket\\\\propmarket-Y05g7baITID25N3SEnYbU\\\\image_2.jpg\"", \""C:\\\\Users\\\\lepha\\\\Documents\\\\Codex\\\\Real Estate System\\\\generated\\\\images\\\\live\\\\propmarket\\\\propmarket-Y05g7baITID25N3SEnYbU\\\\image_3.jpg\"", \""C:\\\\Users\\\\lepha\\\\Documents\\\\Codex\\\\Real Estate System\\\\generated\\\\images\\\\live\\\\propmarket\\\\propmarket-Y05g7baITID25N3SEnYbU\\\\image_4.jpg\"", \""C:\\\\Users\\\\lepha\\\\Documents\\\\Codex\\\\Real Estate System\\\\generated\\\\images\\\\live\\\\propmarket\\\\propmarket-Y05g7baITID25N3SEnYbU\\\\image_5.jpg\""]""",https://www.propmarket.co.ls/properties/Y05g7baITID25N3SEnYbU,Good,Traditional,Suburban,"""[]""",sale,5,Lesotho,Berea,text_match,Ha Molemane (teyateyaneng),residential,House,4,val,,True,True,,,,True
propmarket-a-9XGDaOdmtAmWzmx-Om7,propmarket,"1 Unit, 5 Bedrooms, House","<p>Thetsane West, </p><p>4 Bedroomed all ensuited</p><p>Lounge</p><p>Dining</p><p>Kitchen</p><p>Common Toilet</p><p>Double garage</p><p>Fitted 1 bedroomed servants quarters</p><p>Security wall</p><p>Paving</p><p>All rooms Air-conditioning</p><p>G4S Security alarms</p><p>Asking price 2.5M</p>","Thepa ena ya mofuta wa house e fumaneha Thetsane West, Maseru. E na le dikamore tse 5 le dibate tse 4 mme e fumaneha ka theko ya M 2,500,000. Tlotla ena e tshwanetse ho shejwa bakeng sa bareki ba batlang menyetla ya nnete Lesotho.",2500000,LSL,Maseru,"Thetsane West, Maseru",House,5,4,"""[\""C:\\\\Users\\\\lepha\\\\Documents\\\\Codex\\\\Real Estate System\\\\generated\\\\images\\\\live\\\\propmarket\\\\propmarket-a-9XGDaOdmtAmWzmx-Om7\\\\image_1.jpg\"", \""C:\\\\Users\\\\lepha\\\\Documents\\\\Codex\\\\Real Estate System\\\\generated\\\\images\\\\live\\\\propmarket\\\\propmarket-a-9XGDaOdmtAmWzmx-Om7\\\\image_2.jpg\"", \""C:\\\\Users\\\\lepha\\\\Documents\\\\Codex\\\\Real Estate System\\\\generated\\\\images\\\\live\\\\propmarket\\\\propmarket-a-9XGDaOdmtAmWzmx-Om7\\\\image_3.jpg\"", \""C:\\\\Users\\\\lepha\\\\Documents\\\\Codex\\\\Real Estate System\\\\generated\\\\images\\\\live\\\\propmarket\\\\propmarket-a-9XGDaOdmtAmWzmx-Om7\\\\image_4.jpg\"", \""C:\\\\Users\\\\lepha\\\\Documents\\\\Codex\\\\Real Estate System\\\\generated\\\\images\\\\live\\\\propmarket\\\\propmarket-a-9XGDaOdmtAmWzmx-Om7\\\\image_5.jpg\""]""",https://www.propmarket.co.ls/properties/a-9XGDaOdmtAmWzmx-Om7,Good,Traditional,Suburban,"""[\""garage\"", \""security\"", \""walled property\""]""",sale,5,Lesotho,Maseru,text_match,Thetsane West,residential,House,5+,train,,True,True,,,,True
propmarket-Wbem7ToH5hoGekMnXfujX,propmarket,"1 Unit, 3 Bedrooms, House","<p>This house is located in Thetsane Lecoop Maseru. 3 Bedroomed, launge, Bathroom, single garage.</p><p>Asking Price: 1.3million negotiable </p>","Thepa ena ya mofuta wa house e fumaneha Thetsane, Maseru. E na le dikamore tse 3 le dibate tse 1 mme e fumaneha ka theko ya M 1,300,000. Tlotla ena e tshwanetse ho shejwa bakeng sa bareki ba batlang menyetla ya nnete Lesotho.",1300000,LSL,Maseru,"Thetsane, Maseru",House,3,1,"""[\""C:\\\\Users\\\\lepha\\\\Documents\\\\Codex\\\\Real Estate System\\\\generated\\\\images\\\\live\\\\propmarket\\\\propmarket-Wbem7ToH5hoGekMnXfujX\\\\image_1.jpg\"", \""C:\\\\Users\\\\lepha\\\\Documents\\\\Codex\\\\Real Estate System\\\\generated\\\\images\\\\live\\\\propmarket\\\\propmarket-Wbem7ToH5hoGekMnXfujX\\\\image_2.jpg\"", \""C:\\\\Users\\\\lepha\\\\Documents\\\\Codex\\\\Real Estate System\\\\generated\\\\images\\\\live\\\\propmarket\\\\propmarket-Wbem7ToH5hoGekMnXfujX\\\\image_3.jpg\"", \""C:\\\\Users\\\\lepha\\\\Documents\\\\Codex\\\\Real Estate System\\\\generated\\\\images\\\\live\\\\propmarket\\\\propmarket-Wbem7ToH5hoGekMnXfujX\\\\image_4.jpg\"", \""C:\\\\Users\\\\lepha\\\\Documents\\\\Codex\\\\Real Estate System\\\\generated\\\\images\\\\live\\\\propmarket\\\\propmarket-Wbem7ToH5hoGekMnXfujX\\\\image_5.png\""]""",https://www.propmarket.co.ls/properties/Wbem7ToH5hoGekMnXfujX,Good,Traditional,Suburban,"""[\""garage\"", \""road access\""]""",sale,5,Lesotho,Maseru,text_match,Thetsane,residential,House,3,train,,True,True,,,,True
propmarket-4YZkI1yISxnPgV90pw5YJ,propmarket,House,<p>We have this 2 roomed house at Qoaling Matshoareng at just 200k..water and electricity available..400SQM SITE</p>,"Thepa ena ya mofuta wa house e fumaneha Qoaling, Maseru. E na le dikamore tse 2 le dibate tse 1 mme e fumaneha ka theko ya M 200,000. Tlotla ena e tshwanetse ho shejwa bakeng sa bareki ba batlang menyetla ya nnete Lesotho.",200000,LSL,Maseru,"Qoaling, Maseru",House,2,1,"""[\""C:\\\\Users\\\\lepha\\\\Documents\\\\Codex\\\\Real Estate System\\\\generated\\\\images\\\\live\\\\propmarket\\\\propmarket-4YZkI1yISxnPgV90pw5YJ\\\\image_1.jpg\"", \""C:\\\\Users\\\\lepha\\\\Documents\\\\Codex\\\\Real Estate System\\\\generated\\\\images\\\\live\\\\propmarket\\\\propmarket-4YZkI1yISxnPgV90pw5YJ\\\\image_2.jpg\"", \""C:\\\\Users\\\\lepha\\\\Documents\\\\Codex\\\\Real Estate System\\\\generated\\\\images\\\\live\\\\propmarket\\\\propmarket-4YZkI1yISxnPgV90pw5YJ\\\\image_3.jpg\""]""",https://www.propmarket.co.ls/properties/4YZkI1yISxnPgV90pw5YJ,Good,Traditional,Urban,"""[\""water connection\"", \""electricity\""]""",sale,3,Lesotho,Maseru,text_match,Qoaling,residential,House,2,train,,True,True,,,,True
propmarket-ejZaTI8NyE8VAUyPV9DyB,propmarket,House,<p>2 roomed house at Naleli at 200k.. 400sqm</p>,"Thepa ena ya mofuta wa house e fumaneha Naleli, Berea. E na le dikamore tse 2 le dibate tse 1 mme e fumaneha ka theko ya M 200,000. Tlotla ena e tshwanetse ho shejwa bakeng sa bareki ba batlang menyetla ya nnete Lesotho.",200000,LSL,Berea,"Naleli, Berea",House,2,1,"""[\""C:\\\\Users\\\\lepha\\\\Documents\\\\Codex\\\\Real Estate System\\\\generated\\\\images\\\\live\\\\propmarket\\\\propmarket-ejZaTI8NyE8VAUyPV9DyB\\\\image_1.jpg\"", \""C:\\\\Users\\\\lepha\\\\Documents\\\\Codex\\\\Real Estate System\\\\generated\\\\images\\\\live\\\\propmarket\\\\propmarket-ejZaTI8NyE8VAUyPV9DyB\\\\image_2.jpg\"", \""C:\\\\Users\\\\lepha\\\\Documents\\\\Codex\\\\Real Estate System\\\\generated\\\\images\\\\live\\\\propmarket\\\\propmarket-ejZaTI8NyE8VAUyPV9DyB\\\\image_3.jpg\""]""",https://www.propmarket.co.ls/properties/ejZaTI8NyE8VAUyPV9DyB,Good,Traditional,Suburban,"""[]""",sale,3,Lesotho,Berea,text_match,Naleli,residential,House,2,train,,True,True,,,,True
propmarket-j3HHabaZk5jju5KGPI3hO,propmarket,House,"<p>This semi-finished 5 roomed house is located at Ha-Makhoathi Mozambique, it has a septic tank, pompo le mocucu at 280 negotiable </p>","Thepa ena ya mofuta wa house e fumaneha Ha Makhoathi, Maseru. E na le dikamore tse 2 le dibate tse 1 mme e fumaneha ka theko ya M 280,000. Tlotla ena e tshwanetse ho shejwa bakeng sa bareki ba batlang menyetla ya nnete Lesotho.",280000,LSL,Maseru,"Ha Makhoathi, Maseru",House,2,1,"""[\""C:\\\\Users\\\\lepha\\\\Documents\\\\Codex\\\\Real Estate System\\\\generated\\\\images\\\\live\\\\propmarket\\\\propmarket-j3HHabaZk5jju5KGPI3hO\\\\image_1.jpg\"", \""C:\\\\Users\\\\lepha\\\\Documents\\\\Codex\\\\Real Estate System\\\\generated\\\\images\\\\live\\\\propmarket\\\\propmarket-j3HHabaZk5jju5KGPI3hO\\\\image_2.jpg\""]""",https://www.propmarket.co.ls/properties/j3HHabaZk5jju5KGPI3hO,Good,Traditional,Suburban,"""[]""",sale,2,Lesotho,Maseru,text_match,Ha Makhoathi,residential,House,2,test,,True,True,,,,True
propmarket--PU4IsWuHBzS_p3BbNzHc,propmarket,"1 Unit, 4 Bedrooms, House",<p>PROPERTY TO LET</p><p>Location: Thetsane Lecoop next to kfc</p><p>Four bedrooms house</p><p>Kitchen fitted</p><p>Lounge</p><p>Wall fenced</p><p>Rent: Now 10k</p>,"Thepa ena ya mofuta wa house e fumaneha Thetsane, Maseru. E na le dikamore tse 4 le dibate tse 2 mme e fumaneha ka theko ya M 10,000. Tlotla ena e tshwanetse ho shejwa bakeng sa bareki ba batlang menyetla ya nnete Lesotho.",10000,LSL,Maseru,"Thetsane, Maseru",House,4,2,"""[\""C:\\\\Users\\\\lepha\\\\Documents\\\\Codex\\\\Real Estate System\\\\generated\\\\images\\\\live\\\\propmarket\\\\propmarket--PU4IsWuHBzS_p3BbNzHc\\\\image_1.jpg\"", \""C:\\\\Users\\\\lepha\\\\Documents\\\\Codex\\\\Real Estate System\\\\generated\\\\images\\\\live\\\\propmarket\\\\propmarket--PU4IsWuHBzS_p3BbNzHc\\\\image_2.jpg\"", \""C:\\\\Users\\\\lepha\\\\Documents\\\\Codex\\\\Real Estate System\\\\generated\\\\images\\\\live\\\\propmarket\\\\propmarket--PU4IsWuHBzS_p3BbNzHc\\\\image_3.jpg\"", \""C:\\\\Users\\\\lepha\\\\Documents\\\\Codex\\\\Real Estate System\\\\generated\\\\images\\\\live\\\\propmarket\\\\propmarket--PU4IsWuHBzS_p3BbNzHc\\\\image_4.jpg\"", \""C:\\\\Users\\\\lepha\\\\Documents\\\\Codex\\\\Real Estate System\\\\generated\\\\images\\\\live\\\\propmarket\\\\propmarket--PU4IsWuHBzS_p3BbNzHc\\\\image_5.jpg\""]""",https://www.propmarket.co.ls/properties/-PU4IsWuHBzS_p3BbNzHc,Good,Traditional,Suburban,"""[\""road access\"", \""walled property\""]""",rent,5,Lesotho,Maseru,text_match,Thetsane,residential,House,4,train,,True,True,,,,True
propmarket-mSDkRG2KzsLtG8Si11Z3M,propmarket,"6 Bedrooms, House",<p>7 room house - Size 35 * 21</p><p>Khubetsoana - Lerakong pela Unity English Medium Primary School</p><p>Water available and Electricity available</p>,"Thepa ena ya mofuta wa house e fumaneha Khubetsoana, Berea. E na le dikamore tse 6 le dibate tse 1 mme e fumaneha ka theko ya M 610,000. Tlotla ena e tshwanetse ho shejwa bakeng sa bareki ba batlang menyetla ya nnete Lesotho.",610000,LSL,Berea,"Khubetsoana, Berea",House,6,1,"""[\""C:\\\\Users\\\\lepha\\\\Documents\\\\Codex\\\\Real Estate System\\\\generated\\\\images\\\\live\\\\propmarket\\\\propmarket-mSDkRG2KzsLtG8Si11Z3M\\\\image_1.jpg\"", \""C:\\\\Users\\\\lepha\\\\Documents\\\\Codex\\\\Real Estate System\\\\generated\\\\images\\\\live\\\\propmarket\\\\propmarket-mSDkRG2KzsLtG8Si11Z3M\\\\image_2.jpg\"", \""C:\\\\Users\\\\lepha\\\\Documents\\\\Codex\\\\Real Estate System\\\\generated\\\\images\\\\live\\\\propmarket\\\\propmarket-mSDkRG2KzsLtG8Si11Z3M\\\\image_3.jpg\"", \""C:\\\\Users\\\\lepha\\\\Documents\\\\Codex\\\\Real Estate System\\\\generated\\\\images\\\\live\\\\propmarket\\\\propmarket-mSDkRG2KzsLtG8Si11Z3M\\\\image_4.jpg\"", \""C:\\\\Users\\\\lepha\\\\Documents\\\\Codex\\\\Real Estate System\\\\generated\\\\images\\\\live\\\\propmarket\\\\propmarket-mSDkRG2KzsLtG8Si11Z3M\\\\image_5.png\""]""",https://www.propmarket.co.ls/properties/mSDkRG2KzsLtG8Si11Z3M,Good,Traditional,Urban,"""[\""water connection\"", \""electricity\"", \""near schools\""]""",sale,5,Lesotho,Berea,text_match,Khubetsoana,residential,House,5+,val,,True,True,,,,True
propmarket-0wVaAjYyMb9zvZ21h07Nv,propmarket,"6 Units, Malaene","<p>This 2 roomed house is for rental at Semphethenyane near Maloti at M700 rent, security M300 and M250 agency fees apply.. </p>","Thepa ena ya mofuta wa house e fumaneha Semphetenyane, Maseru. E na le dikamore tse 2 le dibate tse 1 mme e fumaneha ka theko ya M 700. Tlotla ena e tshwanetse ho shejwa bakeng sa bareki ba batlang menyetla ya nnete Lesotho.",700,LSL,Maseru,"Semphetenyane, Maseru",House,2,1,"""[\""C:\\\\Users\\\\lepha\\\\Documents\\\\Codex\\\\Real Estate System\\\\generated\\\\images\\\\live\\\\propmarket\\\\propmarket-0wVaAjYyMb9zvZ21h07Nv\\\\image_1.jpg\""]""",https://www.propmarket.co.ls/properties/0wVaAjYyMb9zvZ21h07Nv,Good,Traditional,Suburban,"""[\""security\""]""",rent,1,Lesotho,Maseru,text_match,Semphetenyane,residential,House,2,train,,True,False,,,"Auto-excluded in first-pass review because the row looks multi-unit, development stock, or mixed commercial inventory. Auto-excluded in first-pass review because the row looks multi-unit, development stock, or mixed commercial inventory.",False
propmarket-aM6ckUqUTQAeCrVffUgXP,propmarket,"1 Unit, 3 Bedrooms, House",<p>🏚️STAND ALONE TO LET </p><p>📍Location: Masowe 3</p><p>⌚3min from the tar road </p><p>▪3 Fitted Bedrooms (Master ensuit)</p><p>▪Open plan Kitchen and Launge </p><p>▪Common Bathroom </p><p>▪Automated Double Garage </p><p>▪Automated Gate</p><p>▪Wi-Fi Connectivity </p><p>▪Video intercom</p><p>▪Servants Quarter fitted with Toilet and Shower</p><p>💰Rent 13k fully furnished </p><p>💰Rent 10k unfurnished </p><p>▪ Security deposit equivalent to rent.</p><p>For further inquiries and viewing please contact me here C/W ☎️+266 5910 7030</p>,"Thepa ena ya mofuta wa house e fumaneha Masowe 1b Secondary School, Maseru. E na le dikamore tse 3 le dibate tse 2 mme e fumaneha ka theko ya M 10,000. Tlotla ena e tshwanetse ho shejwa bakeng sa bareki ba batlang menyetla ya nnete Lesotho.",10000,LSL,Maseru,"Masowe 1b Secondary School, Maseru",House,3,2,"""[\""C:\\\\Users\\\\lepha\\\\Documents\\\\Codex\\\\Real Estate System\\\\generated\\\\images\\\\live\\\\propmarket\\\\propmarket-aM6ckUqUTQAeCrVffUgXP\\\\image_1.jpg\"", \""C:\\\\Users\\\\lepha\\\\Documents\\\\Codex\\\\Real Estate System\\\\generated\\\\images\\\\live\\\\propmarket\\\\propmarket-aM6ckUqUTQAeCrVffUgXP\\\\image_2.jpg\"", \""C:\\\\Users\\\\lepha\\\\Documents\\\\Codex\\\\Real Estate System\\\\generated\\\\images\\\\live\\\\propmarket\\\\propmarket-aM6ckUqUTQAeCrVffUgXP\\\\image_3.jpg\"", \""C:\\\\Users\\\\lepha\\\\Documents\\\\Codex\\\\Real Estate System\\\\generated\\\\images\\\\live\\\\propmarket\\\\propmarket-aM6ckUqUTQAeCrVffUgXP\\\\image_4.jpg\"", \""C:\\\\Users\\\\lepha\\\\Documents\\\\Codex\\\\Real Estate System\\\\generated\\\\images\\\\live\\\\propmarket\\\\propmarket-aM6ckUqUTQAeCrVffUgXP\\\\image_5.png\""]""",https://www.propmarket.co.ls/properties/aM6ckUqUTQAeCrVffUgXP,Good,Traditional,Hillside,"""[\""garage\"", \""near schools\"", \""road access\"", \""tar road\"", \""security\"", \""furnished\"", \""shower\""]""",rent,5,Lesotho,Maseru,text_match,Masowe 1b Secondary School,residential,House,3,train,,True,True,,,,True
propmarket-2bF-CRw-e4qKdo-eLRCBo,propmarket,Ts'imo,"<p>Re na le tshimo ena Thaba-Bosiu pele u tshela borokho, e pela main road..ena le 1. a borehole e hulang metsi ka solar,,ho kampetsoe borehole, 2500L Jojo tank with stainless steel stand, borehole e kampelitsoe ka devil's fork, , mocucu oa watch man..valuation report e teng</p><p></p>","Thepa ena ya mofuta wa house e fumaneha Thaba Bosiu, Maseru. E na le dikamore tse 2 le dibate tse 1 mme e fumaneha ka theko ya M 650,000. Tlotla ena e tshwanetse ho shejwa bakeng sa bareki ba batlang menyetla ya nnete Lesotho.",650000,LSL,Maseru,"Thaba Bosiu, Maseru",House,2,1,"""[\""C:\\\\Users\\\\lepha\\\\Documents\\\\Codex\\\\Real Estate System\\\\generated\\\\images\\\\live\\\\propmarket\\\\propmarket-2bF-CRw-e4qKdo-eLRCBo\\\\image_1.jpg\"", \""C:\\\\Users\\\\lepha\\\\Documents\\\\Codex\\\\Real Estate System\\\\generated\\\\images\\\\live\\\\propmarket\\\\propmarket-2bF-CRw-e4qKdo-eLRCBo\\\\image_2.jpg\""]""",https://www.propmarket.co.ls/properties/2bF-CRw-e4qKdo-eLRCBo,Good,Traditional,Suburban,"""[\""road access\""]""",sale,2,Lesotho,Maseru,text_match,Thaba Bosiu,residential,House,2,train,,True,True,,,,True
propmarket-DrJCrRkJw95EXBdhYcmvv,propmarket,"1 Unit, 4 Bedrooms, House",🏘️Fully Fitted 4Bedroomed House For Sale and rental \n\n📍Ha Matala Phase1 Maseru Lesotho \n💰Rent per month 12 000 plus equivalent security deposit \n●4 Spacious Bedrooms (3 ensuit)\n● 1Common Bathroom \n●Morden kitchen fitted with Stove & Oven \n●Lounge & Dining area \n●3 Car Garage\n●Paved yard and Lawn\n●Palisade Fanced \n💰Selling Price 2million,"Thepa ena ya mofuta wa house e fumaneha Makhoakhoeng, Maseru. E na le dikamore tse 4 le dibate tse 4 mme e fumaneha ka theko ya M 2,000,000. Tlotla ena e tshwanetse ho shejwa bakeng sa bareki ba batlang menyetla ya nnete Lesotho.",2000000,LSL,Maseru,"Makhoakhoeng, Maseru",House,4,4,"""[\""C:\\\\Users\\\\lepha\\\\Documents\\\\Codex\\\\Real Estate System\\\\generated\\\\images\\\\live\\\\propmarket\\\\propmarket-DrJCrRkJw95EXBdhYcmvv\\\\image_1.jpg\"", \""C:\\\\Users\\\\lepha\\\\Documents\\\\Codex\\\\Real Estate System\\\\generated\\\\images\\\\live\\\\propmarket\\\\propmarket-DrJCrRkJw95EXBdhYcmvv\\\\image_2.jpg\"", \""C:\\\\Users\\\\lepha\\\\Documents\\\\Codex\\\\Real Estate System\\\\generated\\\\images\\\\live\\\\propmarket\\\\propmarket-DrJCrRkJw95EXBdhYcmvv\\\\image_3.jpg\"", \""C:\\\\Users\\\\lepha\\\\Documents\\\\Codex\\\\Real Estate System\\\\generated\\\\images\\\\live\\\\propmarket\\\\propmarket-DrJCrRkJw95EXBdhYcmvv\\\\image_4.jpg\"", \""C:\\\\Users\\\\lepha\\\\Documents\\\\Codex\\\\Real Estate System\\\\generated\\\\images\\\\live\\\\propmarket\\\\propmarket-DrJCrRkJw95EXBdhYcmvv\\\\image_5.jpg\""]""",https://www.propmarket.co.ls/properties/DrJCrRkJw95EXBdhYcmvv,Good,Family,Garden,"""[\""garage\"", \""yard\"", \""security\""]""",sale,5,Lesotho,Maseru,text_match,Makhoakhoeng,residential,House,4,test,,True,True,,,,True
propmarket-eKtZPqpFnWagM96VvdNEm,propmarket,House,House for sale Khubetsoana Rural\n\n3bedroomed with master ensuite bathtub & shower\nOpen plan Lounge\nKitchen fitted\nConnected to Wasco Sewage line\nPlot Size 517sqm\nValuation report available,"Thepa ena ya mofuta wa house e fumaneha Khubetsoana, Berea. E na le dikamore tse 2 le dibate tse 1 mme e fumaneha ka theko ya M 870,000. Tlotla ena e tshwanetse ho shejwa bakeng sa bareki ba batlang menyetla ya nnete Lesotho.",870000,LSL,Berea,"Khubetsoana, Berea",House,2,1,"""[\""C:\\\\Users\\\\lepha\\\\Documents\\\\Codex\\\\Real Estate System\\\\generated\\\\images\\\\live\\\\propmarket\\\\propmarket-eKtZPqpFnWagM96VvdNEm\\\\image_1.jpg\"", \""C:\\\\Users\\\\lepha\\\\Documents\\\\Codex\\\\Real Estate System\\\\generated\\\\images\\\\live\\\\propmarket\\\\propmarket-eKtZPqpFnWagM96VvdNEm\\\\image_2.jpg\"", \""C:\\\\Users\\\\lepha\\\\Documents\\\\Codex\\\\Real Estate System\\\\generated\\\\images\\\\live\\\\propmarket\\\\propmarket-eKtZPqpFnWagM96VvdNEm\\\\image_3.jpg\"", \""C:\\\\Users\\\\lepha\\\\Documents\\\\Codex\\\\Real Estate System\\\\generated\\\\images\\\\live\\\\propmarket\\\\propmarket-eKtZPqpFnWagM96VvdNEm\\\\image_4.jpg\"", \""C:\\\\Users\\\\lepha\\\\Documents\\\\Codex\\\\Real Estate System\\\\generated\\\\images\\\\live\\\\propmarket\\\\propmarket-eKtZPqpFnWagM96VvdNEm\\\\image_5.jpg\""]""",https://www.propmarket.co.ls/properties/eKtZPqpFnWagM96VvdNEm,Good,Traditional,Suburban,"""[\""bathtub\"", \""shower\""]""",sale,5,Lesotho,Berea,text_match,Khubetsoana,residential,House,2,train,,True,True,,,,True
propmarket-_7r_OHVPYyShfQ4a1C5iR,propmarket,"3 Bedrooms, House",This house is at Green City Maseru.. It has a single garage and 3 bedrooms. Well fitted and furnished with just 1.65m,"Thepa ena ya mofuta wa house e fumaneha Matebeleng (ha Penapena), Maseru. E na le dikamore tse 3 le dibate tse 2 mme e fumaneha ka theko ya M 1,650,000. Tlotla ena e tshwanetse ho shejwa bakeng sa bareki ba batlang menyetla ya nnete Lesotho.",1650000,LSL,Maseru,"Matebeleng (ha Penapena), Maseru",House,3,2,"""[\""C:\\\\Users\\\\lepha\\\\Documents\\\\Codex\\\\Real Estate System\\\\generated\\\\images\\\\live\\\\propmarket\\\\propmarket-_7r_OHVPYyShfQ4a1C5iR\\\\image_1.jpg\"", \""C:\\\\Users\\\\lepha\\\\Documents\\\\Codex\\\\Real Estate System\\\\generated\\\\images\\\\live\\\\propmarket\\\\propmarket-_7r_OHVPYyShfQ4a1C5iR\\\\image_2.jpg\"", \""C:\\\\Users\\\\lepha\\\\Documents\\\\Codex\\\\Real Estate System\\\\generated\\\\images\\\\live\\\\propmarket\\\\propmarket-_7r_OHVPYyShfQ4a1C5iR\\\\image_3.jpg\"", \""C:\\\\Users\\\\lepha\\\\Documents\\\\Codex\\\\Real Estate System\\\\generated\\\\images\\\\live\\\\propmarket\\\\propmarket-_7r_OHVPYyShfQ4a1C5iR\\\\image_4.jpg\"", \""C:\\\\Users\\\\lepha\\\\Documents\\\\Codex\\\\Real Estate System\\\\generated\\\\images\\\\live\\\\propmarket\\\\propmarket-_7r_OHVPYyShfQ4a1C5iR\\\\image_5.jpg\""]""",https://www.propmarket.co.ls/properties/_7r_OHVPYyShfQ4a1C5iR,Good,Traditional,Urban,"""[\""garage\"", \""furnished\""]""",sale,5,Lesotho,Maseru,text_match,Matebeleng (ha Penapena),residential,House,3,train,,True,True,,,,True
propmarket-O7-7uG7XBPFqSDMvjAK-q,propmarket,"1 Unit, 3 Bedrooms, House","<p>PROPERTY FOR SALE</p><p>Location: Mazenod pela Book Centre</p><p>3 bedrooms</p><p>2 bathrooms not fully fitted</p><p>Toilets operating in the house</p><p>All rooms cillieng fitted.</p><p>Kitchen Not fitted</p><p>Lounge</p><p>Valuation report available </p><p>Selling for LsL 790,000</p><p>For viewings : +266 59107030</p><p></p>","Thepa ena ya mofuta wa house e fumaneha Mazenod, Maseru. E na le dikamore tse 3 le dibate tse 2 mme e fumaneha ka theko ya M 790,000. Tlotla ena e tshwanetse ho shejwa bakeng sa bareki ba batlang menyetla ya nnete Lesotho.",790000,LSL,Maseru,"Mazenod, Maseru",House,3,2,"""[\""C:\\\\Users\\\\lepha\\\\Documents\\\\Codex\\\\Real Estate System\\\\generated\\\\images\\\\live\\\\propmarket\\\\propmarket-O7-7uG7XBPFqSDMvjAK-q\\\\image_1.jpg\"", \""C:\\\\Users\\\\lepha\\\\Documents\\\\Codex\\\\Real Estate System\\\\generated\\\\images\\\\live\\\\propmarket\\\\propmarket-O7-7uG7XBPFqSDMvjAK-q\\\\image_2.jpg\"", \""C:\\\\Users\\\\lepha\\\\Documents\\\\Codex\\\\Real Estate System\\\\generated\\\\images\\\\live\\\\propmarket\\\\propmarket-O7-7uG7XBPFqSDMvjAK-q\\\\image_3.jpg\"", \""C:\\\\Users\\\\lepha\\\\Documents\\\\Codex\\\\Real Estate System\\\\generated\\\\images\\\\live\\\\propmarket\\\\propmarket-O7-7uG7XBPFqSDMvjAK-q\\\\image_4.jpg\"", \""C:\\\\Users\\\\lepha\\\\Documents\\\\Codex\\\\Real Estate System\\\\generated\\\\images\\\\live\\\\propmarket\\\\propmarket-O7-7uG7XBPFqSDMvjAK-q\\\\image_5.png\""]""",https://www.propmarket.co.ls/properties/O7-7uG7XBPFqSDMvjAK-q,Good,Traditional,Hillside,"""[]""",sale,5,Lesotho,Maseru,text_match,Mazenod,residential,House,3,train,,True,True,,,,True
propmarket-mL1cMvyeAV8Y4eLF-1eKx,propmarket,"1 Unit, 4 Bedrooms, House",<p>Double Story House For Sale</p><p>Location: Thetsane Lesia</p><p>GROUND FLOOR</p><p>Kitchen </p><p>Lounge</p><p>Double garage</p><p>1 Bedroom with ensuite </p><p>Guest Toilet </p><p>1st FLOOR</p><p>3 Bedrooms</p><p>Master ensuite with walk-in closet </p><p>Common bathroom with bathtub</p><p>3️Balconies </p><p>Asking Price M2 800 000</p><p></p>,"Thepa ena ya mofuta wa house e fumaneha Thetsane, Maseru. E na le dikamore tse 4 le dibate tse 3 mme e fumaneha ka theko ya M 2,800,000. Tlotla ena e tshwanetse ho shejwa bakeng sa bareki ba batlang menyetla ya nnete Lesotho.",2800000,LSL,Maseru,"Thetsane, Maseru",House,4,3,"""[\""C:\\\\Users\\\\lepha\\\\Documents\\\\Codex\\\\Real Estate System\\\\generated\\\\images\\\\live\\\\propmarket\\\\propmarket-mL1cMvyeAV8Y4eLF-1eKx\\\\image_1.jpg\"", \""C:\\\\Users\\\\lepha\\\\Documents\\\\Codex\\\\Real Estate System\\\\generated\\\\images\\\\live\\\\propmarket\\\\propmarket-mL1cMvyeAV8Y4eLF-1eKx\\\\image_2.jpg\"", \""C:\\\\Users\\\\lepha\\\\Documents\\\\Codex\\\\Real Estate System\\\\generated\\\\images\\\\live\\\\propmarket\\\\propmarket-mL1cMvyeAV8Y4eLF-1eKx\\\\image_3.jpg\"", \""C:\\\\Users\\\\lepha\\\\Documents\\\\Codex\\\\Real Estate System\\\\generated\\\\images\\\\live\\\\propmarket\\\\propmarket-mL1cMvyeAV8Y4eLF-1eKx\\\\image_4.jpg\"", \""C:\\\\Users\\\\lepha\\\\Documents\\\\Codex\\\\Real Estate System\\\\generated\\\\images\\\\live\\\\propmarket\\\\propmarket-mL1cMvyeAV8Y4eLF-1eKx\\\\image_5.jpg\""]""",https://www.propmarket.co.ls/properties/mL1cMvyeAV8Y4eLF-1eKx,Good,Traditional,Suburban,"""[\""garage\"", \""road access\"", \""bathtub\""]""",sale,5,Lesotho,Maseru,text_match,Thetsane,residential,House,4,val,,True,True,,,,True
propmarket-T35gU6I6C2_rb4DisUUSd,propmarket,House,"2 roomed house for sale at Mapoteng, Ha Molisa-Nku\nThe size of the site is 33m by 20m\nElectricity available\n5 minutes walk to PEP Store\nForm C e teng","Thepa ena ya mofuta wa house e fumaneha Mapoteng, Berea. E na le dikamore tse 2 le dibate tse 1 mme e fumaneha ka theko ya M 55,000. Tlotla ena e tshwanetse ho shejwa bakeng sa bareki ba batlang menyetla ya nnete Lesotho.",55000,LSL,Berea,"Mapoteng, Berea",House,2,1,"""[\""C:\\\\Users\\\\lepha\\\\Documents\\\\Codex\\\\Real Estate System\\\\generated\\\\images\\\\live\\\\propmarket\\\\propmarket-T35gU6I6C2_rb4DisUUSd\\\\image_1.jpg\"", \""C:\\\\Users\\\\lepha\\\\Documents\\\\Codex\\\\Real Estate System\\\\generated\\\\images\\\\live\\\\propmarket\\\\propmarket-T35gU6I6C2_rb4DisUUSd\\\\image_2.png\""]""",https://www.propmarket.co.ls/properties/T35gU6I6C2_rb4DisUUSd,Good,Traditional,Urban,"""[\""electricity\""]""",sale,2,Lesotho,Berea,text_match,Mapoteng,residential,House,2,train,,True,True,,,nan Checked manually: keep. Low price may be plausible for a small 2-room house and weak servicing.,True
propmarket-YC3XPozCJANd8OtWIG21M,propmarket,"3 Bedrooms, House","<p>This 3 bedroomed double storey house with a cottage is at Masowe 2, you pass Donnar pre-school, just near the church with green roofing there is this beautiful house..</p>","Thepa ena ya mofuta wa house e fumaneha Masowe 2. E na le dikamore tse 3 le dibate tse 3 mme e fumaneha ka theko ya M 20,000. Tlotla ena e tshwanetse ho shejwa bakeng sa bareki ba batlang menyetla ya nnete Lesotho.",20000,LSL,Masowe 2,Masowe 2,House,3,3,"""[\""C:\\\\Users\\\\lepha\\\\Documents\\\\Codex\\\\Real Estate System\\\\generated\\\\images\\\\live\\\\propmarket\\\\propmarket-YC3XPozCJANd8OtWIG21M\\\\image_1.jpg\"", \""C:\\\\Users\\\\lepha\\\\Documents\\\\Codex\\\\Real Estate System\\\\generated\\\\images\\\\live\\\\propmarket\\\\propmarket-YC3XPozCJANd8OtWIG21M\\\\image_2.jpg\"", \""C:\\\\Users\\\\lepha\\\\Documents\\\\Codex\\\\Real Estate System\\\\generated\\\\images\\\\live\\\\propmarket\\\\propmarket-YC3XPozCJANd8OtWIG21M\\\\image_3.jpg\"", \""C:\\\\Users\\\\lepha\\\\Documents\\\\Codex\\\\Real Estate System\\\\generated\\\\images\\\\live\\\\propmarket\\\\propmarket-YC3XPozCJANd8OtWIG21M\\\\image_4.jpg\""]""",https://www.propmarket.co.ls/properties/YC3XPozCJANd8OtWIG21M,Good,Traditional,Urban,"""[\""near schools\""]""",rent,4,Lesotho,Maseru,locality_match,Masowe 2,residential,House,3,train,,True,True,,,,True
propmarket-Ag2B3-jVbkea7aQOhCs0M,propmarket,"1 Unit, 4 Bedrooms, House","🏘️Double Story For Rental!!!\n\nAVAILABLEFOR IMMEDIATE OCCUPATION. \nRENT PER MONTH : M35 000\nSECURITY DEPOSIT: M35 000.\n\nLOCATION: LOWER THETSANE \n\nSPECIFICATIONS \n\n4Bedroomed (Fitted )\nMaster ensuit \n\nKitchen fitted with Cupboards, Oven and stove.\n\nOpen plan Living room with Dining room and fireplace.\n\nCommon Bathroom fitted with Bathtub, Shower, Basin & Toilet. \n\nGuest toilet with washing hand basin.\n\nDouble Garage. \n\nGuard house \n\nPaved Spacious yard \n\nWall Fanced with Lockable gate \n\n● Can be used for commercial / residential purposes.","Thepa ena ya mofuta wa house e fumaneha Lower Thetsane, Maseru. E na le dikamore tse 4 le dibate tse 2 mme e fumaneha ka theko ya M 35,000. Tlotla ena e tshwanetse ho shejwa bakeng sa bareki ba batlang menyetla ya nnete Lesotho.",35000,LSL,Maseru,"Lower Thetsane, Maseru",House,4,2,"""[\""C:\\\\Users\\\\lepha\\\\Documents\\\\Codex\\\\Real Estate System\\\\generated\\\\images\\\\live\\\\propmarket\\\\propmarket-Ag2B3-jVbkea7aQOhCs0M\\\\image_1.jpg\"", \""C:\\\\Users\\\\lepha\\\\Documents\\\\Codex\\\\Real Estate System\\\\generated\\\\images\\\\live\\\\propmarket\\\\propmarket-Ag2B3-jVbkea7aQOhCs0M\\\\image_2.jpg\"", \""C:\\\\Users\\\\lepha\\\\Documents\\\\Codex\\\\Real Estate System\\\\generated\\\\images\\\\live\\\\propmarket\\\\propmarket-Ag2B3-jVbkea7aQOhCs0M\\\\image_3.jpg\"", \""C:\\\\Users\\\\lepha\\\\Documents\\\\Codex\\\\Real Estate System\\\\generated\\\\images\\\\live\\\\propmarket\\\\propmarket-Ag2B3-jVbkea7aQOhCs0M\\\\image_4.jpg\"", \""C:\\\\Users\\\\lepha\\\\Documents\\\\Codex\\\\Real Estate System\\\\generated\\\\images\\\\live\\\\propmarket\\\\propmarket-Ag2B3-jVbkea7aQOhCs0M\\\\image_5.jpg\""]""",https://www.propmarket.co.ls/properties/Ag2B3-jVbkea7aQOhCs0M,Good,Family,Garden,"""[\""garage\"", \""yard\"", \""security\"", \""bathtub\"", \""shower\"", \""walled property\""]""",rent,5,Lesotho,Maseru,text_match,Lower Thetsane,residential,House,4,train,,True,False,,,"Auto-excluded in first-pass review because the row looks multi-unit, development stock, or mixed commercial inventory. Auto-excluded in first-pass review because the row looks multi-unit, development stock, or mixed commercial inventory.",False
propmarket-QKGMw79wnUuLy3qo91gUp,propmarket,"1 Unit, 3 Bedrooms, House","HOUSE FOR SALE\n\nLocation: Mohale’s hoek(Mohlakeng)\n\n3 bedrooms all fitted \n\nOne ensuite \n\nKitchen Fitted \n\nSitting room and dining room \n\nOpen space for resting and decoration \n\nDouble garage\n\nGuard House \n\nGuest bedroom with bath\n \nStore room\n\nChill area with fireplace \n\nPit Toilet\n\nDouble sewage pits \n\nBeautiful wall fencing\n\nBeautiful landscaping\n\nJojo tank with electric pump system\n\nFully Paved \n\nPlot size: 680sqm(Leased)\n\nAsking price: 2,5M","Thepa ena ya mofuta wa house e fumaneha Mohale's Hoek District, Lesotho. E na le dikamore tse 3 le dibate tse 3 mme e fumaneha ka theko ya M 2,500,000. Tlotla ena e tshwanetse ho shejwa bakeng sa bareki ba batlang menyetla ya nnete Lesotho.",2500000,LSL,Mohale's Hoek,"Mohale's Hoek District, Lesotho",House,3,3,"""[\""C:\\\\Users\\\\lepha\\\\Documents\\\\Codex\\\\Real Estate System\\\\generated\\\\images\\\\live\\\\propmarket\\\\propmarket-QKGMw79wnUuLy3qo91gUp\\\\image_1.jpg\"", \""C:\\\\Users\\\\lepha\\\\Documents\\\\Codex\\\\Real Estate System\\\\generated\\\\images\\\\live\\\\propmarket\\\\propmarket-QKGMw79wnUuLy3qo91gUp\\\\image_2.jpg\"", \""C:\\\\Users\\\\lepha\\\\Documents\\\\Codex\\\\Real Estate System\\\\generated\\\\images\\\\live\\\\propmarket\\\\propmarket-QKGMw79wnUuLy3qo91gUp\\\\image_3.jpg\"", \""C:\\\\Users\\\\lepha\\\\Documents\\\\Codex\\\\Real Estate System\\\\generated\\\\images\\\\live\\\\propmarket\\\\propmarket-QKGMw79wnUuLy3qo91gUp\\\\image_4.jpg\"", \""C:\\\\Users\\\\lepha\\\\Documents\\\\Codex\\\\Real Estate System\\\\generated\\\\images\\\\live\\\\propmarket\\\\propmarket-QKGMw79wnUuLy3qo91gUp\\\\image_5.jpg\""]""",https://www.propmarket.co.ls/properties/QKGMw79wnUuLy3qo91gUp,Good,Traditional,Hillside,"""[\""garage\"", \""walled property\""]""",sale,5,Lesotho,Mohale's Hoek,text_match,Mohale's Hoek District,residential,House,3,test,,True,True,,,,True
propmarket-K4RC6E05MYaUlpJjvzZrs,propmarket,"1 Unit, 3 Bedrooms, House",<p>🛑3Bedroomed House for Sale</p><p></p><p> 📍Mazenod Riverside</p><p></p><p> 🕐 20minutes from Masianokeng </p><p></p><p>▪ 3Bedrooms not fitted </p><p></p><p>▪ 2 Bathrooms -One with shower 🚿the other Bathtub🛁 </p><p></p><p>▪Dining Room </p><p></p><p>▪Spacious Lounge </p><p></p><p>▪Kitchen with tap🚰 </p><p></p><p>💡Electricity available </p><p></p><p>🚰Water Available </p><p></p><p>📄Lease available </p><p></p><p>▪Plot Size 1708sqm</p><p></p><p>Flash Sale⚡⚡ 💰Price: Was 1.3million </p><p> Now 1.250million </p>,"Thepa ena ya mofuta wa house e fumaneha Mazenod, Maseru. E na le dikamore tse 3 le dibate tse 2 mme e fumaneha ka theko ya M 1,250,000. Tlotla ena e tshwanetse ho shejwa bakeng sa bareki ba batlang menyetla ya nnete Lesotho.",1250000,LSL,Maseru,"Mazenod, Maseru",House,3,2,"""[\""C:\\\\Users\\\\lepha\\\\Documents\\\\Codex\\\\Real Estate System\\\\generated\\\\images\\\\live\\\\propmarket\\\\propmarket-K4RC6E05MYaUlpJjvzZrs\\\\image_1.jpg\"", \""C:\\\\Users\\\\lepha\\\\Documents\\\\Codex\\\\Real Estate System\\\\generated\\\\images\\\\live\\\\propmarket\\\\propmarket-K4RC6E05MYaUlpJjvzZrs\\\\image_2.jpg\"", \""C:\\\\Users\\\\lepha\\\\Documents\\\\Codex\\\\Real Estate System\\\\generated\\\\images\\\\live\\\\propmarket\\\\propmarket-K4RC6E05MYaUlpJjvzZrs\\\\image_3.jpg\"", \""C:\\\\Users\\\\lepha\\\\Documents\\\\Codex\\\\Real Estate System\\\\generated\\\\images\\\\live\\\\propmarket\\\\propmarket-K4RC6E05MYaUlpJjvzZrs\\\\image_4.jpg\"", \""C:\\\\Users\\\\lepha\\\\Documents\\\\Codex\\\\Real Estate System\\\\generated\\\\images\\\\live\\\\propmarket\\\\propmarket-K4RC6E05MYaUlpJjvzZrs\\\\image_5.png\""]""",https://www.propmarket.co.ls/properties/K4RC6E05MYaUlpJjvzZrs,Good,Family,Urban,"""[\""water connection\"", \""electricity\"", \""bathtub\"", \""shower\""]""",sale,5,Lesotho,Maseru,text_match,Mazenod,residential,House,3,test,,True,True,,,,True
propmarket-IGB_u0NO-YdMcU2P4Y5gn,propmarket,"1 Unit, 3 Bedrooms, House","DOUBLE STORY FOR RENTAL !!\nAVAILABLE ON 1st MARCH.\n\nRENT PER MONTH: M20 000\nSECURITY DEPOSIT: M20 000\n\n *LOCATION* : KATLEHONG NEAR MASERU MALL\n\n *IN AN ESTATE, 3UNITS IN YARD* . \n\n *SPECIFICATIONS* :\n\nWall Fanced with automated steel gate.\n\nFully furnished. \n\n3 Bedroomed. \n\n1st Bedroom\n•Master bedroom ensuit \n•Bathtub, wash basin, toilet and shower. \n•Wall wardrobe \n•Queen size Bed and dresser\n\n2nd Bedroom\n•Wall wardrobe \n•Queen size Bed and dresser\n•Shower, wash basin and toilet \n\n3rd Bedroom\n•Wall wardrobe \n•Double bed\n•Bathtub, wash basin and toilet \n\nOpen plan Morden Kitchen fitted \n\nOpen plan Dining & Lounge Area \n\nPaved yard and well maintained lawn.","Thepa ena ya mofuta wa house e fumaneha Katlehong, Maseru. E na le dikamore tse 3 le dibate tse 3 mme e fumaneha ka theko ya M 20,000. Tlotla ena e tshwanetse ho shejwa bakeng sa bareki ba batlang menyetla ya nnete Lesotho.",20000,LSL,Maseru,"Katlehong, Maseru",House,3,3,"""[\""C:\\\\Users\\\\lepha\\\\Documents\\\\Codex\\\\Real Estate System\\\\generated\\\\images\\\\live\\\\propmarket\\\\propmarket-IGB_u0NO-YdMcU2P4Y5gn\\\\image_1.jpg\"", \""C:\\\\Users\\\\lepha\\\\Documents\\\\Codex\\\\Real Estate System\\\\generated\\\\images\\\\live\\\\propmarket\\\\propmarket-IGB_u0NO-YdMcU2P4Y5gn\\\\image_2.jpg\"", \""C:\\\\Users\\\\lepha\\\\Documents\\\\Codex\\\\Real Estate System\\\\generated\\\\images\\\\live\\\\propmarket\\\\propmarket-IGB_u0NO-YdMcU2P4Y5gn\\\\image_3.jpg\"", \""C:\\\\Users\\\\lepha\\\\Documents\\\\Codex\\\\Real Estate System\\\\generated\\\\images\\\\live\\\\propmarket\\\\propmarket-IGB_u0NO-YdMcU2P4Y5gn\\\\image_4.jpg\"", \""C:\\\\Users\\\\lepha\\\\Documents\\\\Codex\\\\Real Estate System\\\\generated\\\\images\\\\live\\\\propmarket\\\\propmarket-IGB_u0NO-YdMcU2P4Y5gn\\\\image_5.jpg\""]""",https://www.propmarket.co.ls/properties/IGB_u0NO-YdMcU2P4Y5gn,Good,Family,Garden,"""[\""yard\"", \""security\"", \""furnished\"", \""bathtub\"", \""shower\"", \""walled property\""]""",rent,5,Lesotho,Maseru,text_match,Katlehong,residential,House,3,train,,True,True,,,,True
propmarket-T54rOIcncaagQdinoCkYX,propmarket,"1 Unit, 3 Bedrooms, House","HOUSE FOR SALE – MATALA PHASE 2, MASERU\n\nLOCATION: ALONG THE TARRED ROAD\n PLOT SIZE: 546 SQUARE METERS\n\n FEATURES\n\n3 BEDROOMS – ALL FITTED WITH CUPBOARDS\n\n 2 BATHROOMS – MASTER BEDROOM ENSUITE\n\nGUEST TOILET\n\nOPEN PLAN – KITCHEN, DINING ROOM & LOUNGE\n\nMODERN KITCHEN CUPBOARDS – BIO-GAS & ELECTRIC STOVES + ELECTRIC OVEN\n\nDOUBLE GARAGE – AUTOMATED DOORS\n\nDETACHED LAUNDRY / SERVANTS’ QUARTERS – WITH TOILET\n\n 2 GATES – 1 AUTOMATED\n\nYARD SURROUNDINGS FULLY PAVED\n\nPRICE: M2,500,000","Thepa ena ya mofuta wa house e fumaneha 1 Unit, 3 Bedrooms, House for M2,500,000.00. E na le dikamore tse 3 le dibate tse 2 mme e fumaneha ka theko ya M 2,500,000. Tlotla ena e tshwanetse ho shejwa bakeng sa bareki ba batlang menyetla ya nnete Lesotho.",2500000,LSL,000.00,"1 Unit, 3 Bedrooms, House for M2,500,000.00",House,3,2,"""[\""C:\\\\Users\\\\lepha\\\\Documents\\\\Codex\\\\Real Estate System\\\\generated\\\\images\\\\live\\\\propmarket\\\\propmarket-T54rOIcncaagQdinoCkYX\\\\image_1.jpg\"", \""C:\\\\Users\\\\lepha\\\\Documents\\\\Codex\\\\Real Estate System\\\\generated\\\\images\\\\live\\\\propmarket\\\\propmarket-T54rOIcncaagQdinoCkYX\\\\image_2.jpg\"", \""C:\\\\Users\\\\lepha\\\\Documents\\\\Codex\\\\Real Estate System\\\\generated\\\\images\\\\live\\\\propmarket\\\\propmarket-T54rOIcncaagQdinoCkYX\\\\image_3.jpg\"", \""C:\\\\Users\\\\lepha\\\\Documents\\\\Codex\\\\Real Estate System\\\\generated\\\\images\\\\live\\\\propmarket\\\\propmarket-T54rOIcncaagQdinoCkYX\\\\image_4.jpg\"", \""C:\\\\Users\\\\lepha\\\\Documents\\\\Codex\\\\Real Estate System\\\\generated\\\\images\\\\live\\\\propmarket\\\\propmarket-T54rOIcncaagQdinoCkYX\\\\image_5.jpg\""]""",https://www.propmarket.co.ls/properties/T54rOIcncaagQdinoCkYX,New,Modern,Garden,"""[\""garage\"", \""yard\"", \""road access\"", \""tar road\""]""",sale,5,Lesotho,Maseru,text_match,1 Unit,residential,House,3,train,,True,True,,,,True
propmarket-2CFUoaCIwCd1l-DFYy5P0,propmarket,"1 Unit, 3 Bedrooms, House",PROPERTY FOR SALE \n\nTHETSANE WEST\n\n3 bedroom house (master ensuite)\n\nOpen plan modern kitchen \n\nLounge x2\n\nBathub \n\nshower \n\nGuest toilet \n\nPaved surrounding \n\nwall fenced \n\nGuard house \n\nAsking price: 2million,"Thepa ena ya mofuta wa house e fumaneha Thetsane West, Maseru. E na le dikamore tse 3 le dibate tse 2 mme e fumaneha ka theko ya M 2,000,000. Tlotla ena e tshwanetse ho shejwa bakeng sa bareki ba batlang menyetla ya nnete Lesotho.",2000000,LSL,Maseru,"Thetsane West, Maseru",House,3,2,"""[\""C:\\\\Users\\\\lepha\\\\Documents\\\\Codex\\\\Real Estate System\\\\generated\\\\images\\\\live\\\\propmarket\\\\propmarket-2CFUoaCIwCd1l-DFYy5P0\\\\image_1.jpg\"", \""C:\\\\Users\\\\lepha\\\\Documents\\\\Codex\\\\Real Estate System\\\\generated\\\\images\\\\live\\\\propmarket\\\\propmarket-2CFUoaCIwCd1l-DFYy5P0\\\\image_2.jpg\"", \""C:\\\\Users\\\\lepha\\\\Documents\\\\Codex\\\\Real Estate System\\\\generated\\\\images\\\\live\\\\propmarket\\\\propmarket-2CFUoaCIwCd1l-DFYy5P0\\\\image_3.jpg\"", \""C:\\\\Users\\\\lepha\\\\Documents\\\\Codex\\\\Real Estate System\\\\generated\\\\images\\\\live\\\\propmarket\\\\propmarket-2CFUoaCIwCd1l-DFYy5P0\\\\image_4.jpg\"", \""C:\\\\Users\\\\lepha\\\\Documents\\\\Codex\\\\Real Estate System\\\\generated\\\\images\\\\live\\\\propmarket\\\\propmarket-2CFUoaCIwCd1l-DFYy5P0\\\\image_5.jpg\""]""",https://www.propmarket.co.ls/properties/2CFUoaCIwCd1l-DFYy5P0,New,Modern,Suburban,"""[\""shower\"", \""walled property\""]""",sale,5,Lesotho,Maseru,text_match,Thetsane West,residential,House,3,test,,True,True,,,,True
propmarket-BfaRxRjhHmxMEA2e2cHGG,propmarket,Malaene,"<p>This newly built property is at Maseru South, 5 singles, with electricity but no water at 220k. </p>","Thepa ena ya mofuta wa house e fumaneha Maseru South, Maseru. E na le dikamore tse 2 le dibate tse 1 mme e fumaneha ka theko ya M 220,000. Tlotla ena e tshwanetse ho shejwa bakeng sa bareki ba batlang menyetla ya nnete Lesotho.",220000,LSL,Maseru,"Maseru South, Maseru",House,2,1,"""[\""C:\\\\Users\\\\lepha\\\\Documents\\\\Codex\\\\Real Estate System\\\\generated\\\\images\\\\live\\\\propmarket\\\\propmarket-BfaRxRjhHmxMEA2e2cHGG\\\\image_1.jpg\"", \""C:\\\\Users\\\\lepha\\\\Documents\\\\Codex\\\\Real Estate System\\\\generated\\\\images\\\\live\\\\propmarket\\\\propmarket-BfaRxRjhHmxMEA2e2cHGG\\\\image_2.jpg\"", \""C:\\\\Users\\\\lepha\\\\Documents\\\\Codex\\\\Real Estate System\\\\generated\\\\images\\\\live\\\\propmarket\\\\propmarket-BfaRxRjhHmxMEA2e2cHGG\\\\image_3.jpg\""]""",https://www.propmarket.co.ls/properties/BfaRxRjhHmxMEA2e2cHGG,New,Traditional,Urban,"""[\""water connection\"", \""electricity\""]""",sale,3,Lesotho,Maseru,text_match,Maseru South,residential,House,2,train,,True,True,,,,True
propmarket-QSy-moFe5DmZahW2GUmmh,propmarket,"1 Unit, 5 Bedrooms, House",<p>🏘️DOUBLE STORY HOUSE FOR SALE </p><p>📍Khubetswana </p><p>●5Bedroomed </p><p>●4Bathrooms </p><p>●Open Plan Kitchen and Dining</p><p>●Pyjama lounge </p><p>● Sitting room</p><p>● 644sqm site </p><p>💰1.9million</p>,"Thepa ena ya mofuta wa house e fumaneha Khubetsoana, Berea. E na le dikamore tse 5 le dibate tse 4 mme e fumaneha ka theko ya M 1,900,000. Tlotla ena e tshwanetse ho shejwa bakeng sa bareki ba batlang menyetla ya nnete Lesotho.",1900000,LSL,Berea,"Khubetsoana, Berea",House,5,4,"""[\""C:\\\\Users\\\\lepha\\\\Documents\\\\Codex\\\\Real Estate System\\\\generated\\\\images\\\\live\\\\propmarket\\\\propmarket-QSy-moFe5DmZahW2GUmmh\\\\image_1.jpg\"", \""C:\\\\Users\\\\lepha\\\\Documents\\\\Codex\\\\Real Estate System\\\\generated\\\\images\\\\live\\\\propmarket\\\\propmarket-QSy-moFe5DmZahW2GUmmh\\\\image_2.jpg\"", \""C:\\\\Users\\\\lepha\\\\Documents\\\\Codex\\\\Real Estate System\\\\generated\\\\images\\\\live\\\\propmarket\\\\propmarket-QSy-moFe5DmZahW2GUmmh\\\\image_3.jpg\"", \""C:\\\\Users\\\\lepha\\\\Documents\\\\Codex\\\\Real Estate System\\\\generated\\\\images\\\\live\\\\propmarket\\\\propmarket-QSy-moFe5DmZahW2GUmmh\\\\image_4.jpg\"", \""C:\\\\Users\\\\lepha\\\\Documents\\\\Codex\\\\Real Estate System\\\\generated\\\\images\\\\live\\\\propmarket\\\\propmarket-QSy-moFe5DmZahW2GUmmh\\\\image_5.jpg\""]""",https://www.propmarket.co.ls/properties/QSy-moFe5DmZahW2GUmmh,Good,Traditional,Suburban,"""[]""",sale,5,Lesotho,Berea,text_match,Khubetsoana,residential,House,5+,train,,True,True,,,,True
propmarket-wb4n0Rbvz3Y9IuKoCfUnJ,propmarket,"1 Unit, 1 Bedroom, House",<p>🏘️2 roomed house for sale Ha Tsolo </p><p>📍Ha Lekhowa </p><p>●10minutes from tar road </p><p>●275sqm</p><p>●Electricity and Water Available </p><p>●Leased </p><p>💰200k</p><p></p>,"Thepa ena ya mofuta wa house e fumaneha Ha Tsolo, Maseru. E na le dikamore tse 1 mme e fumaneha ka theko ya M 200,000. Tlotla ena e tshwanetse ho shejwa bakeng sa bareki ba batlang menyetla ya nnete Lesotho.",200000,LSL,Maseru,"Ha Tsolo, Maseru",House,1,0,"""[\""C:\\\\Users\\\\lepha\\\\Documents\\\\Codex\\\\Real Estate System\\\\generated\\\\images\\\\live\\\\propmarket\\\\propmarket-wb4n0Rbvz3Y9IuKoCfUnJ\\\\image_1.jpg\"", \""C:\\\\Users\\\\lepha\\\\Documents\\\\Codex\\\\Real Estate System\\\\generated\\\\images\\\\live\\\\propmarket\\\\propmarket-wb4n0Rbvz3Y9IuKoCfUnJ\\\\image_2.jpg\"", \""C:\\\\Users\\\\lepha\\\\Documents\\\\Codex\\\\Real Estate System\\\\generated\\\\images\\\\live\\\\propmarket\\\\propmarket-wb4n0Rbvz3Y9IuKoCfUnJ\\\\image_3.jpg\"", \""C:\\\\Users\\\\lepha\\\\Documents\\\\Codex\\\\Real Estate System\\\\generated\\\\images\\\\live\\\\propmarket\\\\propmarket-wb4n0Rbvz3Y9IuKoCfUnJ\\\\image_4.jpg\"", \""C:\\\\Users\\\\lepha\\\\Documents\\\\Codex\\\\Real Estate System\\\\generated\\\\images\\\\live\\\\propmarket\\\\propmarket-wb4n0Rbvz3Y9IuKoCfUnJ\\\\image_5.png\""]""",https://www.propmarket.co.ls/properties/wb4n0Rbvz3Y9IuKoCfUnJ,Good,Traditional,Urban,"""[\""water connection\"", \""electricity\"", \""road access\"", \""tar road\""]""",sale,5,Lesotho,Maseru,text_match,Ha Tsolo,residential,House,1,test,,True,True,,,,True
propmarket-SjwlnIr-wdhuZlpAriMhK,propmarket,House,2 roomed house for sale at Mazenod - turn left along Moshoeshoe 1 aiport road. \nThe size of the site is 38m by 32m. \nElectricity and water is avaliable. \n5 minutes to main road\nNext to Thota Moli Hotel,"Thepa ena ya mofuta wa house e fumaneha Mazenod, Maseru. E na le dikamore tse 2 le dibate tse 1 mme e fumaneha ka theko ya M 385,000. Tlotla ena e tshwanetse ho shejwa bakeng sa bareki ba batlang menyetla ya nnete Lesotho.",385000,LSL,Maseru,"Mazenod, Maseru",House,2,1,"""[\""C:\\\\Users\\\\lepha\\\\Documents\\\\Codex\\\\Real Estate System\\\\generated\\\\images\\\\live\\\\propmarket\\\\propmarket-SjwlnIr-wdhuZlpAriMhK\\\\image_1.jpg\"", \""C:\\\\Users\\\\lepha\\\\Documents\\\\Codex\\\\Real Estate System\\\\generated\\\\images\\\\live\\\\propmarket\\\\propmarket-SjwlnIr-wdhuZlpAriMhK\\\\image_2.jpg\"", \""C:\\\\Users\\\\lepha\\\\Documents\\\\Codex\\\\Real Estate System\\\\generated\\\\images\\\\live\\\\propmarket\\\\propmarket-SjwlnIr-wdhuZlpAriMhK\\\\image_3.jpg\"", \""C:\\\\Users\\\\lepha\\\\Documents\\\\Codex\\\\Real Estate System\\\\generated\\\\images\\\\live\\\\propmarket\\\\propmarket-SjwlnIr-wdhuZlpAriMhK\\\\image_4.jpg\"", \""C:\\\\Users\\\\lepha\\\\Documents\\\\Codex\\\\Real Estate System\\\\generated\\\\images\\\\live\\\\propmarket\\\\propmarket-SjwlnIr-wdhuZlpAriMhK\\\\image_5.png\""]""",https://www.propmarket.co.ls/properties/SjwlnIr-wdhuZlpAriMhK,Good,Traditional,Urban,"""[\""water connection\"", \""electricity\"", \""road access\""]""",sale,5,Lesotho,Maseru,text_match,Mazenod,residential,House,2,val,,True,True,,,,True
propmarket-COK7x2IaR44RtYWMzf3u_,propmarket,"1 Unit, 3 Bedrooms, House",🏘️HOUSE FOR SALE ‼️\n\n📍Location : Masowe 3\nPrice 💰: 1.4million \n\nSPECIFICATIONS \n\n3Bedrooms fitted \n- Master ensuit and dressing room \n\n1Common Bathroom \n\nKitchen \n\nDining area \n\nLoving room with underfloor heating. \n\nSingle garage \n\nStore room\n\nOutside toilet \n\nBraai area.\n\nPaved yard\n\nWall Fanced.,"Thepa ena ya mofuta wa house e fumaneha 1 Unit, 3 Bedrooms, House for M1,400,000.00. E na le dikamore tse 3 le dibate tse 2 mme e fumaneha ka theko ya M 1,400,000. Tlotla ena e tshwanetse ho shejwa bakeng sa bareki ba batlang menyetla ya nnete Lesotho.",1400000,LSL,000.00,"1 Unit, 3 Bedrooms, House for M1,400,000.00",House,3,2,"""[\""C:\\\\Users\\\\lepha\\\\Documents\\\\Codex\\\\Real Estate System\\\\generated\\\\images\\\\live\\\\propmarket\\\\propmarket-COK7x2IaR44RtYWMzf3u_\\\\image_1.jpg\"", \""C:\\\\Users\\\\lepha\\\\Documents\\\\Codex\\\\Real Estate System\\\\generated\\\\images\\\\live\\\\propmarket\\\\propmarket-COK7x2IaR44RtYWMzf3u_\\\\image_2.jpg\"", \""C:\\\\Users\\\\lepha\\\\Documents\\\\Codex\\\\Real Estate System\\\\generated\\\\images\\\\live\\\\propmarket\\\\propmarket-COK7x2IaR44RtYWMzf3u_\\\\image_3.jpg\"", \""C:\\\\Users\\\\lepha\\\\Documents\\\\Codex\\\\Real Estate System\\\\generated\\\\images\\\\live\\\\propmarket\\\\propmarket-COK7x2IaR44RtYWMzf3u_\\\\image_4.jpg\"", \""C:\\\\Users\\\\lepha\\\\Documents\\\\Codex\\\\Real Estate System\\\\generated\\\\images\\\\live\\\\propmarket\\\\propmarket-COK7x2IaR44RtYWMzf3u_\\\\image_5.jpg\""]""",https://www.propmarket.co.ls/properties/COK7x2IaR44RtYWMzf3u_,Good,Family,Garden,"""[\""garage\"", \""yard\"", \""walled property\""]""",sale,5,Lesotho,Maseru,locality_match,1 Unit,residential,House,3,val,,True,True,,,,True
propmarket-hqQlr-gSZWjnLncwKu3Ck,propmarket,"3 Bedrooms, House","BEAUTIFUL 3 BEDROOMS HOUSE FOR SALE THETSANE LESIA. \n\n.3 fitted bedrooms, master bedroom en-suite, \n.Lounge and dinning, \n.TV room/office, .\n.Fitted kitchen, \n.Servants quarters, \n.Double garage. \n.Plot size 824sqm lease available \n.Secure location : THETSANE LESIA\n\nVALUATION REPORT M1,950,000\n\nASKING PRICE 1,850, 000","Thepa ena ya mofuta wa house e fumaneha Sefate Sa Bophelo English Medium School, Maseru. E na le dikamore tse 3 le dibate tse 2 mme e fumaneha ka theko ya M 1,850,000. Tlotla ena e tshwanetse ho shejwa bakeng sa bareki ba batlang menyetla ya nnete Lesotho.",1850000,LSL,Maseru,"Sefate Sa Bophelo English Medium School, Maseru",House,3,2,"""[\""C:\\\\Users\\\\lepha\\\\Documents\\\\Codex\\\\Real Estate System\\\\generated\\\\images\\\\live\\\\propmarket\\\\propmarket-hqQlr-gSZWjnLncwKu3Ck\\\\image_1.jpg\"", \""C:\\\\Users\\\\lepha\\\\Documents\\\\Codex\\\\Real Estate System\\\\generated\\\\images\\\\live\\\\propmarket\\\\propmarket-hqQlr-gSZWjnLncwKu3Ck\\\\image_2.jpg\"", \""C:\\\\Users\\\\lepha\\\\Documents\\\\Codex\\\\Real Estate System\\\\generated\\\\images\\\\live\\\\propmarket\\\\propmarket-hqQlr-gSZWjnLncwKu3Ck\\\\image_3.jpg\"", \""C:\\\\Users\\\\lepha\\\\Documents\\\\Codex\\\\Real Estate System\\\\generated\\\\images\\\\live\\\\propmarket\\\\propmarket-hqQlr-gSZWjnLncwKu3Ck\\\\image_4.jpg\"", \""C:\\\\Users\\\\lepha\\\\Documents\\\\Codex\\\\Real Estate System\\\\generated\\\\images\\\\live\\\\propmarket\\\\propmarket-hqQlr-gSZWjnLncwKu3Ck\\\\image_5.jpg\""]""",https://www.propmarket.co.ls/properties/hqQlr-gSZWjnLncwKu3Ck,Good,Contemporary,Urban,"""[\""garage\"", \""near schools\"", \""office-ready\""]""",sale,5,Lesotho,Maseru,text_match,Sefate Sa Bophelo English Medium School,residential,House,3,train,,True,False,,,"Auto-excluded in first-pass review because the row looks multi-unit, development stock, or mixed commercial inventory. Auto-excluded in first-pass review because the row looks multi-unit, development stock, or mixed commercial inventory.",False
propmarket-miNavCueXULaOSmmBmsJi,propmarket,"1 Unit, 3 Bedrooms, House","STAND ALONE AVAILABLE FOR IMMEDIATE OCCUPATION \n\n📍Location: Khubetswana Salang\n\n▪3 Bedrooms \n\n▪2Bedrooms fitted\n\n▪Kitchen fully fitted\n\n▪3 min to the tar road\n\n▪Rent: LsL 6,0000(negotiable) plus deposit \n\n❗NB: AGENCY FEES APPLY \n•Consultation fee R100\n•Commission fee R500\n\nFor further inquiries and viewing please contact me here +266 59107030.","Thepa ena ya mofuta wa house e fumaneha Khubetsoana, Berea. E na le dikamore tse 3 le dibate tse 1 mme e fumaneha ka theko ya M 6,000. Tlotla ena e tshwanetse ho shejwa bakeng sa bareki ba batlang menyetla ya nnete Lesotho.",6000,LSL,Berea,"Khubetsoana, Berea",House,3,1,"""[\""C:\\\\Users\\\\lepha\\\\Documents\\\\Codex\\\\Real Estate System\\\\generated\\\\images\\\\live\\\\propmarket\\\\propmarket-miNavCueXULaOSmmBmsJi\\\\image_1.jpg\"", \""C:\\\\Users\\\\lepha\\\\Documents\\\\Codex\\\\Real Estate System\\\\generated\\\\images\\\\live\\\\propmarket\\\\propmarket-miNavCueXULaOSmmBmsJi\\\\image_2.jpg\"", \""C:\\\\Users\\\\lepha\\\\Documents\\\\Codex\\\\Real Estate System\\\\generated\\\\images\\\\live\\\\propmarket\\\\propmarket-miNavCueXULaOSmmBmsJi\\\\image_3.jpg\"", \""C:\\\\Users\\\\lepha\\\\Documents\\\\Codex\\\\Real Estate System\\\\generated\\\\images\\\\live\\\\propmarket\\\\propmarket-miNavCueXULaOSmmBmsJi\\\\image_4.jpg\"", \""C:\\\\Users\\\\lepha\\\\Documents\\\\Codex\\\\Real Estate System\\\\generated\\\\images\\\\live\\\\propmarket\\\\propmarket-miNavCueXULaOSmmBmsJi\\\\image_5.jpg\""]""",https://www.propmarket.co.ls/properties/miNavCueXULaOSmmBmsJi,Good,Traditional,Hillside,"""[\""road access\"", \""tar road\""]""",rent,5,Lesotho,Berea,text_match,Khubetsoana,residential,House,3,val,,True,True,,,,True
propmarket-JnOjQJ55dHiGtwfGWb4fr,propmarket,"3 Bedrooms, House",<p>We are selling this very beautiful house in Koalabata near Cenez High School.</p><ul><li><p>5 minutes' drive to main road</p></li><li><p>3 bedroomed</p></li><li><p>Master bedroom en-Suite with double shower and bathtub</p></li><li><p>1 separate bathroom with bathtub and a shower</p></li><li><p>All bedrooms fitted</p></li><li><p>Laminated Flooring in all bedrooms</p></li><li><p>Porcelain tile Flooring kitchen and bathroom </p></li><li><p>Kitchen fitted</p></li><li><p>Spacious lounge (fitted tv stand) and dinning</p></li><li><p>CCTV Cameras around the house</p></li><li><p>Boundary wall fenced</p></li><li><p>Automated Gate</p></li><li><p>900sqm site</p></li><li><p>Lease available</p></li><li><p>Wi-Fi router available</p></li><li><p>Double Garage with wooden doors</p></li></ul><p></p>,"Thepa ena ya mofuta wa house e fumaneha Koalabata, Berea. E na le dikamore tse 3 le dibate tse 2 mme e fumaneha ka theko ya M 1,700,000. Tlotla ena e tshwanetse ho shejwa bakeng sa bareki ba batlang menyetla ya nnete Lesotho.",1700000,LSL,Berea,"Koalabata, Berea",House,3,2,"""[\""C:\\\\Users\\\\lepha\\\\Documents\\\\Codex\\\\Real Estate System\\\\generated\\\\images\\\\live\\\\propmarket\\\\propmarket-JnOjQJ55dHiGtwfGWb4fr\\\\image_1.jpg\"", \""C:\\\\Users\\\\lepha\\\\Documents\\\\Codex\\\\Real Estate System\\\\generated\\\\images\\\\live\\\\propmarket\\\\propmarket-JnOjQJ55dHiGtwfGWb4fr\\\\image_2.jpg\"", \""C:\\\\Users\\\\lepha\\\\Documents\\\\Codex\\\\Real Estate System\\\\generated\\\\images\\\\live\\\\propmarket\\\\propmarket-JnOjQJ55dHiGtwfGWb4fr\\\\image_3.jpg\"", \""C:\\\\Users\\\\lepha\\\\Documents\\\\Codex\\\\Real Estate System\\\\generated\\\\images\\\\live\\\\propmarket\\\\propmarket-JnOjQJ55dHiGtwfGWb4fr\\\\image_4.jpg\""]""",https://www.propmarket.co.ls/properties/JnOjQJ55dHiGtwfGWb4fr,Good,Family,Urban,"""[\""garage\"", \""near schools\"", \""road access\"", \""bathtub\"", \""shower\"", \""walled property\""]""",sale,4,Lesotho,Berea,text_match,Koalabata,residential,House,3,test,,True,True,,,,True
sotholand-7f497df10693,sotholand,Double storey house,3 bedrooms 2 bathrooms Lounge Dining Automated Security guard,"Thepa ena ya mofuta wa house e fumaneha Hillsview , Maseru 100. E na le dikamore tse 3 le dibate tse 2 mme e fumaneha ka theko ya M 30,000. Tlotla ena e tshwanetse ho shejwa bakeng sa bareki ba batlang menyetla ya nnete Lesotho.",30000,LSL,Maseru,"Hillsview , Maseru 100",House,3,2,"""[\""C:\\\\Users\\\\lepha\\\\Documents\\\\Codex\\\\Real Estate System\\\\generated\\\\images\\\\live\\\\sotholand\\\\sotholand-7f497df10693\\\\image_1.jpg\"", \""C:\\\\Users\\\\lepha\\\\Documents\\\\Codex\\\\Real Estate System\\\\generated\\\\images\\\\live\\\\sotholand\\\\sotholand-7f497df10693\\\\image_2.jpg\"", \""C:\\\\Users\\\\lepha\\\\Documents\\\\Codex\\\\Real Estate System\\\\generated\\\\images\\\\live\\\\sotholand\\\\sotholand-7f497df10693\\\\image_3.jpg\"", \""C:\\\\Users\\\\lepha\\\\Documents\\\\Codex\\\\Real Estate System\\\\generated\\\\images\\\\live\\\\sotholand\\\\sotholand-7f497df10693\\\\image_4.jpg\""]""",https://sotholandproperties.co.ls/property-details?id=7f497df10693,Good,Traditional,Hillside,"""[\""security\""]""",rent,4,Lesotho,Maseru,text_match,Hillsview,residential,House,3,train,,True,True,,,,True
sotholand-19ac5378af01,sotholand,Ground Floor,3 bedrooms with master en suite 2 bathrooms Fitted kitchen with stove Lounge,"Thepa ena ya mofuta wa house e fumaneha Thetsane Lesia, Maseru. E na le dikamore tse 3 le dibate tse 2 mme e fumaneha ka theko ya M 15,000. Tlotla ena e tshwanetse ho shejwa bakeng sa bareki ba batlang menyetla ya nnete Lesotho.",15000,LSL,Maseru,"Thetsane Lesia, Maseru",House,3,2,"""[\""C:\\\\Users\\\\lepha\\\\Documents\\\\Codex\\\\Real Estate System\\\\generated\\\\images\\\\live\\\\sotholand\\\\sotholand-19ac5378af01\\\\image_1.jpg\"", \""C:\\\\Users\\\\lepha\\\\Documents\\\\Codex\\\\Real Estate System\\\\generated\\\\images\\\\live\\\\sotholand\\\\sotholand-19ac5378af01\\\\image_2.jpg\"", \""C:\\\\Users\\\\lepha\\\\Documents\\\\Codex\\\\Real Estate System\\\\generated\\\\images\\\\live\\\\sotholand\\\\sotholand-19ac5378af01\\\\image_3.jpg\"", \""C:\\\\Users\\\\lepha\\\\Documents\\\\Codex\\\\Real Estate System\\\\generated\\\\images\\\\live\\\\sotholand\\\\sotholand-19ac5378af01\\\\image_4.jpg\""]""",https://sotholandproperties.co.ls/property-details?id=19ac5378af01,Good,Traditional,Suburban,"""[]""",rent,4,Lesotho,Maseru,text_match,Thetsane Lesia,residential,House,3,train,,True,True,,,,True
sotholand-89fded66c98b,sotholand,Ground Floor,"Three bedrooms Spacious master ensuite, fitted with shower, bathtub, basin and toilet Common bathroom fitted with bathtub, basin, and toilet Semi-open plan kitchen and lounge Double garage with automatic doors A carport attached to the house The house covers 188 square meters Site leased, size 566 square meters","Thepa ena ya mofuta wa house e fumaneha serene Ha Pena-Pena neighborhood. E na le dikamore tse 3 le dibate tse 1 mme e fumaneha ka theko ya M 1,300,000. Tlotla ena e tshwanetse ho shejwa bakeng sa bareki ba batlang menyetla ya nnete Lesotho.",1300000,LSL,Size 566 Square Meters Ground Floor,serene Ha Pena-Pena neighborhood,House,3,1,"""[\""C:\\\\Users\\\\lepha\\\\Documents\\\\Codex\\\\Real Estate System\\\\generated\\\\images\\\\live\\\\sotholand\\\\sotholand-89fded66c98b\\\\image_1.jpg\"", \""C:\\\\Users\\\\lepha\\\\Documents\\\\Codex\\\\Real Estate System\\\\generated\\\\images\\\\live\\\\sotholand\\\\sotholand-89fded66c98b\\\\image_2.jpg\"", \""C:\\\\Users\\\\lepha\\\\Documents\\\\Codex\\\\Real Estate System\\\\generated\\\\images\\\\live\\\\sotholand\\\\sotholand-89fded66c98b\\\\image_3.jpg\"", \""C:\\\\Users\\\\lepha\\\\Documents\\\\Codex\\\\Real Estate System\\\\generated\\\\images\\\\live\\\\sotholand\\\\sotholand-89fded66c98b\\\\image_4.jpg\""]""",https://sotholandproperties.co.ls/property-details?id=89fded66c98b,Good,Family,Suburban,"""[\""garage\"", \""bathtub\"", \""shower\""]""",sale,4,Lesotho,Maseru,source_default,serene Ha Pena-Pena neighborhood,residential,House,3,train,,True,True,,,,True
sotholand-76298e9a4a9f,sotholand,Ground Floor,2 bedrooms Bathtub Fitted kitchen with stove Lounge Backup water tank Automated gate /Night watchman,"Thepa ena ya mofuta wa house e fumaneha Naledi, Maseru 100. E na le dikamore tse 2 le dibate tse 1 mme e fumaneha ka theko ya M 4,080. Tlotla ena e tshwanetse ho shejwa bakeng sa bareki ba batlang menyetla ya nnete Lesotho.",4080,LSL,Maseru,"Naledi, Maseru 100",House,2,1,"""[\""C:\\\\Users\\\\lepha\\\\Documents\\\\Codex\\\\Real Estate System\\\\generated\\\\images\\\\live\\\\sotholand\\\\sotholand-76298e9a4a9f\\\\image_1.jpg\"", \""C:\\\\Users\\\\lepha\\\\Documents\\\\Codex\\\\Real Estate System\\\\generated\\\\images\\\\live\\\\sotholand\\\\sotholand-76298e9a4a9f\\\\image_2.jpg\"", \""C:\\\\Users\\\\lepha\\\\Documents\\\\Codex\\\\Real Estate System\\\\generated\\\\images\\\\live\\\\sotholand\\\\sotholand-76298e9a4a9f\\\\image_3.jpg\""]""",https://sotholandproperties.co.ls/property-details?id=76298e9a4a9f,Good,Traditional,Suburban,"""[\""water connection\"", \""bathtub\""]""",rent,3,Lesotho,Maseru,text_match,Naledi,residential,House,2,train,,True,True,,,,True
sotholand-1aa9314b69,sotholand,Batchelor,"Batchelor, fully furnished, free WI-FI, electricity & water 1 shower & bathtub,1 bedroom.","Thepa ena ya mofuta wa house e fumaneha Arrival Center. E na le dikamore tse 1 le dibate tse 1 mme e fumaneha ka theko ya M 7,000. Tlotla ena e tshwanetse ho shejwa bakeng sa bareki ba batlang menyetla ya nnete Lesotho.",7000,LSL,1 Bedroom. Batchelor,Arrival Center,House,1,1,"""[\""C:\\\\Users\\\\lepha\\\\Documents\\\\Codex\\\\Real Estate System\\\\generated\\\\images\\\\live\\\\sotholand\\\\sotholand-1aa9314b69\\\\image_1.jpg\"", \""C:\\\\Users\\\\lepha\\\\Documents\\\\Codex\\\\Real Estate System\\\\generated\\\\images\\\\live\\\\sotholand\\\\sotholand-1aa9314b69\\\\image_2.jpg\"", \""C:\\\\Users\\\\lepha\\\\Documents\\\\Codex\\\\Real Estate System\\\\generated\\\\images\\\\live\\\\sotholand\\\\sotholand-1aa9314b69\\\\image_3.jpg\""]""",https://sotholandproperties.co.ls/property-details?id=1aa9314b69,Good,Traditional,Urban,"""[\""water connection\"", \""electricity\"", \""furnished\"", \""bathtub\"", \""shower\""]""",rent,3,Lesotho,Maseru,source_default,Arrival Center,residential,House,1,train,,True,True,,,,True
sotholand-723bca40986,sotholand,Ground Floor,3 bedrooms 2 bathrooms Lounge Dining room Study room Kitchen with pantry Single garage Lakeview,"Thepa ena ya mofuta wa house e fumaneha Hillsview , Maseru. E na le dikamore tse 3 le dibate tse 2 mme e fumaneha ka theko ya M 25,000. Tlotla ena e tshwanetse ho shejwa bakeng sa bareki ba batlang menyetla ya nnete Lesotho.",25000,LSL,Maseru,"Hillsview , Maseru",House,3,2,"""[\""C:\\\\Users\\\\lepha\\\\Documents\\\\Codex\\\\Real Estate System\\\\generated\\\\images\\\\live\\\\sotholand\\\\sotholand-723bca40986\\\\image_1.jpg\"", \""C:\\\\Users\\\\lepha\\\\Documents\\\\Codex\\\\Real Estate System\\\\generated\\\\images\\\\live\\\\sotholand\\\\sotholand-723bca40986\\\\image_2.jpg\"", \""C:\\\\Users\\\\lepha\\\\Documents\\\\Codex\\\\Real Estate System\\\\generated\\\\images\\\\live\\\\sotholand\\\\sotholand-723bca40986\\\\image_3.jpg\"", \""C:\\\\Users\\\\lepha\\\\Documents\\\\Codex\\\\Real Estate System\\\\generated\\\\images\\\\live\\\\sotholand\\\\sotholand-723bca40986\\\\image_4.jpg\""]""",https://sotholandproperties.co.ls/property-details?id=723bca40986,Good,Traditional,Hillside,"""[\""garage\""]""",rent,4,Lesotho,Maseru,text_match,Hillsview,residential,House,3,train,,True,True,,,,True
sotholand-5bee4c67a368,sotholand,Ground Floor,"Lower Thetsane. 4 bedrooms, 2 bathrooms, lounge, dinner area, fitted kitchen with stove,staff quarters.","Thepa ena ya mofuta wa house e fumaneha Lower Thetsane. E na le dikamore tse 4 le dibate tse 2 mme e fumaneha ka theko ya M 3,000,000. Tlotla ena e tshwanetse ho shejwa bakeng sa bareki ba batlang menyetla ya nnete Lesotho.",3000000,LSL,Staff Quarters. Ground Floor,Lower Thetsane,House,4,2,"""[\""C:\\\\Users\\\\lepha\\\\Documents\\\\Codex\\\\Real Estate System\\\\generated\\\\images\\\\live\\\\sotholand\\\\sotholand-5bee4c67a368\\\\image_1.jpg\"", \""C:\\\\Users\\\\lepha\\\\Documents\\\\Codex\\\\Real Estate System\\\\generated\\\\images\\\\live\\\\sotholand\\\\sotholand-5bee4c67a368\\\\image_2.jpg\"", \""C:\\\\Users\\\\lepha\\\\Documents\\\\Codex\\\\Real Estate System\\\\generated\\\\images\\\\live\\\\sotholand\\\\sotholand-5bee4c67a368\\\\image_3.jpg\""]""",https://sotholandproperties.co.ls/property-details?id=5bee4c67a368,Good,Traditional,Suburban,"""[]""",sale,3,Lesotho,Maseru,locality_match,Lower Thetsane,residential,House,4,train,,True,True,,,,True
sotholand-12a1456f5e67,sotholand,Double storey house,"3 bedrooms, 3 bathrooms, study room,lounge, fitted kitchen, single garage. Roughly thousand sqms","Thepa ena ya mofuta wa house e fumaneha Lower Thetsane. E na le dikamore tse 3 le dibate tse 3 mme e fumaneha ka theko ya M 1,000,000. Tlotla ena e tshwanetse ho shejwa bakeng sa bareki ba batlang menyetla ya nnete Lesotho.",1000000,LSL,Single Garage. Roughly Thousand Sqms Double Storey House,Lower Thetsane,House,3,3,"""[\""C:\\\\Users\\\\lepha\\\\Documents\\\\Codex\\\\Real Estate System\\\\generated\\\\images\\\\live\\\\sotholand\\\\sotholand-12a1456f5e67\\\\image_1.jpg\"", \""C:\\\\Users\\\\lepha\\\\Documents\\\\Codex\\\\Real Estate System\\\\generated\\\\images\\\\live\\\\sotholand\\\\sotholand-12a1456f5e67\\\\image_2.jpg\"", \""C:\\\\Users\\\\lepha\\\\Documents\\\\Codex\\\\Real Estate System\\\\generated\\\\images\\\\live\\\\sotholand\\\\sotholand-12a1456f5e67\\\\image_3.jpg\"", \""C:\\\\Users\\\\lepha\\\\Documents\\\\Codex\\\\Real Estate System\\\\generated\\\\images\\\\live\\\\sotholand\\\\sotholand-12a1456f5e67\\\\image_4.jpg\""]""",https://sotholandproperties.co.ls/property-details?id=12a1456f5e67,Good,Traditional,Suburban,"""[\""garage\""]""",sale,4,Lesotho,Maseru,locality_match,Lower Thetsane,residential,House,3,test,,True,True,,,,True
sotholand-8f94312669ec,sotholand,Ground floor,"Ground floor -Kitchen fully fitted -Lounge and Dining Room (sharing) -Shower -Toilet First Floor - en-suite (with cupboards) - ?bedroom 1 (no cupboards) - ?bedroom 2 (no cupboards) Price M15,000.00 negotiable (Currently used�as�an�Airbnb)","Thepa ena ya mofuta wa house e fumaneha Khubelu, Maseru 100. E na le dikamore tse 3 le dibate tse 2 mme e fumaneha ka theko ya M 15,000. Tlotla ena e tshwanetse ho shejwa bakeng sa bareki ba batlang menyetla ya nnete Lesotho.",15000,LSL,Maseru,"Khubelu, Maseru 100",House,3,2,"""[\""C:\\\\Users\\\\lepha\\\\Documents\\\\Codex\\\\Real Estate System\\\\generated\\\\images\\\\live\\\\sotholand\\\\sotholand-8f94312669ec\\\\image_1.jpg\"", \""C:\\\\Users\\\\lepha\\\\Documents\\\\Codex\\\\Real Estate System\\\\generated\\\\images\\\\live\\\\sotholand\\\\sotholand-8f94312669ec\\\\image_2.jpg\"", \""C:\\\\Users\\\\lepha\\\\Documents\\\\Codex\\\\Real Estate System\\\\generated\\\\images\\\\live\\\\sotholand\\\\sotholand-8f94312669ec\\\\image_3.jpg\"", \""C:\\\\Users\\\\lepha\\\\Documents\\\\Codex\\\\Real Estate System\\\\generated\\\\images\\\\live\\\\sotholand\\\\sotholand-8f94312669ec\\\\image_4.jpg\""]""",https://sotholandproperties.co.ls/property-details?id=8f94312669ec,Good,Traditional,Suburban,"""[\""shower\""]""",rent,4,Lesotho,Maseru,text_match,Khubelu,residential,House,3,train,,True,True,,,,True
moso-stand-alone-house-high-court-25,mosoholdings,Stand Alone House,"Stand Alone House M10,000/mo High Court Residential Bedrooms: 2 / Baths: 2 / Ensuite bathroom","Thepa ena ya mofuta wa house e fumaneha High Court. E na le dikamore tse 2 le dibate tse 2 mme e fumaneha ka theko ya M 10,000. Tlotla ena e tshwanetse ho shejwa bakeng sa bareki ba batlang menyetla ya nnete Lesotho.",10000,LSL,High Court,High Court,House,2,2,"""[\""C:\\\\Users\\\\lepha\\\\Documents\\\\Codex\\\\Real Estate System\\\\generated\\\\images\\\\live\\\\mosoholdings\\\\moso-stand-alone-house-high-court-25\\\\image_1.jpg\""]""",https://www.facebook.com/MOSSHOLDINGS/posts/pfbid0TTBqGDSTRv55X4KW6kWxmLDQgja5kWFPrQ37WVWwSqMGE8x8GiU6vv2ybz99zJPxl,Good,Traditional,Suburban,"""[]""",rent,1,Lesotho,Maseru,locality_match,High Court,residential,House,2,val,,True,True,,,,True
moso-compounded-house-maseru-west-26,mosoholdings,Compounded House,"Compounded House M6,500/mo Maseru West Residential Bedrooms: 2 / Baths: 1 / Automated gate / Fitted kitchen","Thepa ena ya mofuta wa house e fumaneha Maseru West. E na le dikamore tse 2 le dibate tse 1 mme e fumaneha ka theko ya M 6,500. Tlotla ena e tshwanetse ho shejwa bakeng sa bareki ba batlang menyetla ya nnete Lesotho.",6500,LSL,Maseru,Maseru West,House,2,1,"""[\""C:\\\\Users\\\\lepha\\\\Documents\\\\Codex\\\\Real Estate System\\\\generated\\\\images\\\\live\\\\mosoholdings\\\\moso-compounded-house-maseru-west-26\\\\image_1.jpg\""]""",https://www.facebook.com/MOSSHOLDINGS/posts/pfbid02DqNwMJJC2iMtrGSg1PaoojrPPxT6t29ej8DosowzN9qfB2qEc9va8BM3dNNT2cVNl,Good,Traditional,Suburban,"""[]""",rent,1,Lesotho,Maseru,text_match,Maseru West,residential,House,2,val,,True,True,,,,True
moso-compounded-house-section-8-villamore-house-4-and-14-27,mosoholdings,Compounded House,"Compounded House M750,000 Section 8 Villamore House #4 and #14 Residential Bedrooms: 2 / Baths: 1 / Sing l e Garage / Fitted / Paved yard with l awn","Thepa ena ya mofuta wa house e fumaneha Section 8 Villamore House #4 and #14. E na le dikamore tse 2 le dibate tse 1 mme e fumaneha ka theko ya M 750,000. Tlotla ena e tshwanetse ho shejwa bakeng sa bareki ba batlang menyetla ya nnete Lesotho.",750000,LSL,Section 8 Villamore House #4 And #14,Section 8 Villamore House #4 and #14,House,2,1,"""[\""C:\\\\Users\\\\lepha\\\\Documents\\\\Codex\\\\Real Estate System\\\\generated\\\\images\\\\live\\\\mosoholdings\\\\moso-compounded-house-section-8-villamore-house-4-and-14-27\\\\image_1.jpg\""]""",https://www.facebook.com/MOSSHOLDINGS/posts/pfbid02aUydBkikXqB4CeKoNAmuG4AK8tFWarVauEGybEmtBTV6JRjxuQPjqUkB4DALgbjrl,Good,Family,Garden,"""[\""garage\"", \""yard\""]""",sale,1,Lesotho,Maseru,source_default,Section 8 Villamore House #4 and #14,residential,House,2,train,,True,True,,,,True
moso-compounded-house-maseru-private-hospital-area-28,mosoholdings,Compounded House,"Compounded House M7,000/mo Maseru Private Hospital Area Residential Bedrooms: 2 / Baths: 1 / Gym equipment / Automate gate","Thepa ena ya mofuta wa house e fumaneha Maseru Private Hospital Area. E na le dikamore tse 2 le dibate tse 1 mme e fumaneha ka theko ya M 7,000. Tlotla ena e tshwanetse ho shejwa bakeng sa bareki ba batlang menyetla ya nnete Lesotho.",7000,LSL,Maseru,Maseru Private Hospital Area,House,2,1,"""[\""C:\\\\Users\\\\lepha\\\\Documents\\\\Codex\\\\Real Estate System\\\\generated\\\\images\\\\live\\\\mosoholdings\\\\moso-compounded-house-maseru-private-hospital-area-28\\\\image_1.jpg\""]""",https://www.facebook.com/MOSSHOLDINGS/posts/pfbid0TTBqGDSTRv55X4KW6kWxmLDQgja5kWFPrQ37WVWwSqMGE8x8GiU6vv2ybz99zJPxl,Good,Traditional,Suburban,"""[]""",rent,1,Lesotho,Maseru,text_match,Maseru Private Hospital Area,residential,House,2,train,,True,True,,,,True
moso-stand-alone-house-fairview-lower-thetsane-29,mosoholdings,Stand Alone House,"Stand Alone House M9,000/mo Fairview, Lower Thetsane Residential Bedrooms: 2 / Baths: 1 / Automated gate / Fitted kitchen and 1 bedroom","Thepa ena ya mofuta wa house e fumaneha Fairview, Lower Thetsane. E na le dikamore tse 2 le dibate tse 1 mme e fumaneha ka theko ya M 9,000. Tlotla ena e tshwanetse ho shejwa bakeng sa bareki ba batlang menyetla ya nnete Lesotho.",9000,LSL,Lower Thetsane,"Fairview, Lower Thetsane",House,1,1,"""[\""C:\\\\Users\\\\lepha\\\\Documents\\\\Codex\\\\Real Estate System\\\\generated\\\\images\\\\live\\\\mosoholdings\\\\moso-stand-alone-house-fairview-lower-thetsane-29\\\\image_1.jpg\""]""",https://www.facebook.com/MOSSHOLDINGS/posts/pfbid02DqNwMJJC2iMtrGSg1PaoojrPPxT6t29ej8DosowzN9qfB2qEc9va8BM3dNNT2cVNl,Good,Traditional,Hillside,"""[]""",rent,1,Lesotho,Maseru,locality_match,Fairview,residential,House,1,train,,True,True,,,Auto-corrected bedroom label from 2 to 1 using title/description text. Auto-corrected bedroom label from 2 to 1 using title/description text.,True
moso-stand-alone-house-thetsane-west-30,mosoholdings,Stand Alone House,"Stand Alone House M30,000/mo Thetsane West Residential Bedrooms: 4 / Baths: 3 / 2 Guest toilets / Fully furnished","Thepa ena ya mofuta wa house e fumaneha Thetsane West. E na le dikamore tse 4 le dibate tse 3 mme e fumaneha ka theko ya M 30,000. Tlotla ena e tshwanetse ho shejwa bakeng sa bareki ba batlang menyetla ya nnete Lesotho.",30000,LSL,Thetsane West,Thetsane West,House,4,3,"""[\""C:\\\\Users\\\\lepha\\\\Documents\\\\Codex\\\\Real Estate System\\\\generated\\\\images\\\\live\\\\mosoholdings\\\\moso-stand-alone-house-thetsane-west-30\\\\image_1.jpg\""]""",https://www.facebook.com/MOSSHOLDINGS/posts/pfbid02aUydBkikXqB4CeKoNAmuG4AK8tFWarVauEGybEmtBTV6JRjxuQPjqUkB4DALgbjrl,Good,Traditional,Suburban,"""[\""furnished\""]""",rent,1,Lesotho,Maseru,locality_match,Thetsane West,residential,House,4,train,,True,True,,,,True
moso-double-storey-stand-alone-house-katlehong-31,mosoholdings,Double Storey Stand Alone House,"Double Storey Stand Alone House M30,000/mo Katlehong Residential Bedrooms: 3 / Baths: 2 / Semi furnished / Wifi / Double garage","Thepa ena ya mofuta wa house e fumaneha Katlehong. E na le dikamore tse 3 le dibate tse 2 mme e fumaneha ka theko ya M 30,000. Tlotla ena e tshwanetse ho shejwa bakeng sa bareki ba batlang menyetla ya nnete Lesotho.",30000,LSL,Katlehong,Katlehong,House,3,2,"""[\""C:\\\\Users\\\\lepha\\\\Documents\\\\Codex\\\\Real Estate System\\\\generated\\\\images\\\\live\\\\mosoholdings\\\\moso-double-storey-stand-alone-house-katlehong-31\\\\image_1.jpg\""]""",https://www.facebook.com/MOSSHOLDINGS/posts/pfbid0CuyXkwrMp2gKJ47eH6VwgzLowy8zx6XrojhH3ufnWtJiXEoNweV3Pi2QWKpYjcaXl,Good,Traditional,Suburban,"""[\""garage\"", \""furnished\""]""",rent,1,Lesotho,Maseru,locality_match,Katlehong,residential,House,3,train,,True,True,,,,True
moso-stand-alone-house-thetsane-west-32,mosoholdings,Stand Alone House,"Stand Alone House M13,000/mo Thetsane West Residential Bedrooms: 2 / Baths: 1 / Automated gate / Fully furnished / Wifi","Thepa ena ya mofuta wa house e fumaneha Thetsane West. E na le dikamore tse 2 le dibate tse 1 mme e fumaneha ka theko ya M 13,000. Tlotla ena e tshwanetse ho shejwa bakeng sa bareki ba batlang menyetla ya nnete Lesotho.",13000,LSL,Thetsane West,Thetsane West,House,2,1,"""[\""C:\\\\Users\\\\lepha\\\\Documents\\\\Codex\\\\Real Estate System\\\\generated\\\\images\\\\live\\\\mosoholdings\\\\moso-stand-alone-house-thetsane-west-32\\\\image_1.jpg\""]""",https://www.facebook.com/MOSSHOLDINGS/posts/pfbid0ipfmfMhdsX47pRuVX2skGMJzKqn8a5pzEf8rs9ibpjPZzNJe3HbZ7Xied2Tyq1P6l,Good,Traditional,Suburban,"""[\""furnished\""]""",rent,1,Lesotho,Maseru,locality_match,Thetsane West,residential,House,2,test,,True,True,,,,True
moso-stand-alone-house-masowe-3-33,mosoholdings,Stand Alone House,"Stand Alone House M6,000/mo Masowe 3 Residential Bedrooms: 2 / Baths: 1 / Fully fitted","Thepa ena ya mofuta wa house e fumaneha Masowe 3. E na le dikamore tse 2 le dibate tse 1 mme e fumaneha ka theko ya M 6,000. Tlotla ena e tshwanetse ho shejwa bakeng sa bareki ba batlang menyetla ya nnete Lesotho.",6000,LSL,Masowe 3,Masowe 3,House,2,1,"""[\""C:\\\\Users\\\\lepha\\\\Documents\\\\Codex\\\\Real Estate System\\\\generated\\\\images\\\\live\\\\mosoholdings\\\\moso-stand-alone-house-masowe-3-33\\\\image_1.jpg\""]""",https://www.facebook.com/MOSSHOLDINGS/posts/pfbid02wkiuJ4KcUvbRCF2jQ1pSg2ryVN2X7t1K2dFKc4ZQpAEb3cetFXx7UFnREeoUKVdzl,Good,Traditional,Suburban,"""[]""",rent,1,Lesotho,Maseru,locality_match,Masowe 3,residential,House,2,train,,True,True,,,,True
moso-stand-alone-house-thetsane-west-34,mosoholdings,Stand Alone House,"Stand Alone House M10,000/mo Thetsane West Residential Bedrooms: 2 / Baths: 2 ensuite / Single garage","Thepa ena ya mofuta wa house e fumaneha Thetsane West. E na le dikamore tse 2 le dibate tse 2 mme e fumaneha ka theko ya M 10,000. Tlotla ena e tshwanetse ho shejwa bakeng sa bareki ba batlang menyetla ya nnete Lesotho.",10000,LSL,Thetsane West,Thetsane West,House,2,2,"""[\""C:\\\\Users\\\\lepha\\\\Documents\\\\Codex\\\\Real Estate System\\\\generated\\\\images\\\\live\\\\mosoholdings\\\\moso-stand-alone-house-thetsane-west-34\\\\image_1.jpg\""]""",https://www.facebook.com/MOSSHOLDINGS/posts/pfbid02r6sg7ecBX1AAhNXMMNRSSyYUF8miC8oGiTD9spDYgfMv4MRjPiFsp4dJi9Rc9r27l,Good,Traditional,Suburban,"""[\""garage\""]""",rent,1,Lesotho,Maseru,locality_match,Thetsane West,residential,House,2,test,,True,True,,,,True
moso-double-storey-stand-alone-house-thetsane-west-35,mosoholdings,Double Storey Stand Alone House,"Double Storey Stand Alone House M20,000/mo Thetsane West Residential Bedrooms: 3 / Baths: 2.5 / Automated gate / Electric fence","Thepa ena ya mofuta wa house e fumaneha Thetsane West. E na le dikamore tse 3 le dibate tse 2 mme e fumaneha ka theko ya M 20,000. Tlotla ena e tshwanetse ho shejwa bakeng sa bareki ba batlang menyetla ya nnete Lesotho.",20000,LSL,Thetsane West,Thetsane West,House,3,2,"""[\""C:\\\\Users\\\\lepha\\\\Documents\\\\Codex\\\\Real Estate System\\\\generated\\\\images\\\\live\\\\mosoholdings\\\\moso-double-storey-stand-alone-house-thetsane-west-35\\\\image_1.jpg\""]""",https://www.facebook.com/MOSSHOLDINGS/posts/pfbid0ipfmfMhdsX47pRuVX2skGMJzKqn8a5pzEf8rs9ibpjPZzNJe3HbZ7Xied2Tyq1P6l,Good,Traditional,Suburban,"""[]""",rent,1,Lesotho,Maseru,locality_match,Thetsane West,residential,House,3,train,,True,True,,,,True
moso-stand-alone-house-maseru-west-36,mosoholdings,Stand Alone House,"Stand Alone House M22,000/mo Maseru West Residential Bedrooms: 3 / Baths: 1 / Fully furnished / Guard house","Thepa ena ya mofuta wa house e fumaneha Maseru West. E na le dikamore tse 3 le dibate tse 1 mme e fumaneha ka theko ya M 22,000. Tlotla ena e tshwanetse ho shejwa bakeng sa bareki ba batlang menyetla ya nnete Lesotho.",22000,LSL,Maseru,Maseru West,House,3,1,"""[\""C:\\\\Users\\\\lepha\\\\Documents\\\\Codex\\\\Real Estate System\\\\generated\\\\images\\\\live\\\\mosoholdings\\\\moso-stand-alone-house-maseru-west-36\\\\image_1.jpg\""]""",https://www.facebook.com/MOSSHOLDINGS/posts/pfbid02gPMKiMTJovwF42jfFbh5yVEo1Ltw3ZJpcuerzjchyA4M6MkAZKFgz8KuEFTgjN3kl,Good,Traditional,Suburban,"""[\""furnished\""]""",rent,1,Lesotho,Maseru,text_match,Maseru West,residential,House,3,train,,True,True,,,,True
moso-compunded-house-lower-thetsane-37,mosoholdings,Compunded House,"Compunded House M20,000/mo Lower Thetsane Residential Bedrooms: 2 / Baths: 2 / Fully Furnished / Single garage","Thepa ena ya mofuta wa house e fumaneha Lower Thetsane. E na le dikamore tse 2 le dibate tse 2 mme e fumaneha ka theko ya M 20,000. Tlotla ena e tshwanetse ho shejwa bakeng sa bareki ba batlang menyetla ya nnete Lesotho.",20000,LSL,Lower Thetsane,Lower Thetsane,House,2,2,"""[\""C:\\\\Users\\\\lepha\\\\Documents\\\\Codex\\\\Real Estate System\\\\generated\\\\images\\\\live\\\\mosoholdings\\\\moso-compunded-house-lower-thetsane-37\\\\image_1.jpg\""]""",https://www.facebook.com/MOSSHOLDINGS/posts/pfbid0iJRE4THAZ4Mbjb6fSiTKYDNWijYmLda9L2nYhsCm48NN4Np1GVXFsd1taQkrQRRul,Good,Traditional,Suburban,"""[\""garage\"", \""furnished\""]""",rent,1,Lesotho,Maseru,locality_match,Lower Thetsane,residential,House,2,train,,True,True,,,,True
moso-double-storey-stand-alone-house-masowe-3-38,mosoholdings,Double Storey Stand Alone House,"Double Storey Stand Alone House M15,000/mo Masowe 3 Residential Bedrooms: 3 / Baths: 2.5 / Automated gate / Electric fence","Thepa ena ya mofuta wa house e fumaneha Masowe 3. E na le dikamore tse 3 le dibate tse 2 mme e fumaneha ka theko ya M 15,000. Tlotla ena e tshwanetse ho shejwa bakeng sa bareki ba batlang menyetla ya nnete Lesotho.",15000,LSL,Masowe 3,Masowe 3,House,3,2,"""[\""C:\\\\Users\\\\lepha\\\\Documents\\\\Codex\\\\Real Estate System\\\\generated\\\\images\\\\live\\\\mosoholdings\\\\moso-double-storey-stand-alone-house-masowe-3-38\\\\image_1.jpg\""]""",https://www.facebook.com/MOSSHOLDINGS/posts/pfbid0nZn8gG7bUP7VPWqEE8dQxvXmxaBPgybnhKsjD1MiSEiwyPTeLrM97HEganXSRjSUl,Good,Traditional,Suburban,"""[]""",rent,1,Lesotho,Maseru,locality_match,Masowe 3,residential,House,3,train,,True,True,,,,True
moso-double-storey-house-masowe-4-39,mosoholdings,Double Storey House,"Double Storey House M20,000/mo OR M3.5m sale Masowe 4 Residential Bedrooms: 3 / Baths: 2.5 / Double Garage / Automated Gate","Thepa ena ya mofuta wa house e fumaneha Masowe 4. E na le dikamore tse 3 le dibate tse 2 mme e fumaneha ka theko ya M 20,000. Tlotla ena e tshwanetse ho shejwa bakeng sa bareki ba batlang menyetla ya nnete Lesotho.",20000,LSL,Masowe 4,Masowe 4,House,3,2,"""[\""C:\\\\Users\\\\lepha\\\\Documents\\\\Codex\\\\Real Estate System\\\\generated\\\\images\\\\live\\\\mosoholdings\\\\moso-double-storey-house-masowe-4-39\\\\image_1.jpg\""]""",https://www.facebook.com/MOSSHOLDINGS/posts/pfbid0yXpS8bh2J67HxazhFTXvk1nsfA4kDy4gdNE8LHdAKdj6VtdfKEpRrnFLkhBbCgCCl,Good,Traditional,Suburban,"""[\""garage\""]""",rent,1,Lesotho,Maseru,locality_match,Masowe 4,residential,House,3,train,,True,True,,,,True
moso-stand-alone-house-thetsane-maseru-private-hospital-area-40,mosoholdings,Stand Alone House,"Stand Alone House M18,000/mo Thetsane, Maseru Private Hospital Area Residential Bedrooms: 3 / Baths: 3.5 / Fully Fitted/ Walk-in closet","Thepa ena ya mofuta wa house e fumaneha Thetsane, Maseru Private Hospital Area. E na le dikamore tse 3 le dibate tse 3 mme e fumaneha ka theko ya M 18,000. Tlotla ena e tshwanetse ho shejwa bakeng sa bareki ba batlang menyetla ya nnete Lesotho.",18000,LSL,Maseru,"Thetsane, Maseru Private Hospital Area",House,3,3,"""[\""C:\\\\Users\\\\lepha\\\\Documents\\\\Codex\\\\Real Estate System\\\\generated\\\\images\\\\live\\\\mosoholdings\\\\moso-stand-alone-house-thetsane-maseru-private-hospital-area-40\\\\image_1.jpg\""]""",https://www.facebook.com/MOSSHOLDINGS/posts/pfbid02vBLSyxs6eSvyRkF2KFqA9fBHUUxjETmamvXQuf7hXGcTawBr58X7JUs5pYpPpzFl,Good,Traditional,Suburban,"""[]""",rent,1,Lesotho,Maseru,text_match,Thetsane,residential,House,3,train,,True,True,,,,True
moso-double-storey-stand-alone-house-masowe-4-41,mosoholdings,Double Storey Stand Alone House,"Double Storey Stand Alone House M30,000/mo Masowe 4 Residential Bedrooms: 3 / Baths: 3.5 / Walk-in closet / Electric fence","Thepa ena ya mofuta wa house e fumaneha Masowe 4. E na le dikamore tse 3 le dibate tse 3 mme e fumaneha ka theko ya M 30,000. Tlotla ena e tshwanetse ho shejwa bakeng sa bareki ba batlang menyetla ya nnete Lesotho.",30000,LSL,Masowe 4,Masowe 4,House,3,3,"""[\""C:\\\\Users\\\\lepha\\\\Documents\\\\Codex\\\\Real Estate System\\\\generated\\\\images\\\\live\\\\mosoholdings\\\\moso-double-storey-stand-alone-house-masowe-4-41\\\\image_1.jpg\""]""",https://www.facebook.com/MOSSHOLDINGS/posts/pfbid0kY3uT29eXiin7JUcFAcT3mk7EKRKo3cVzVEWC4J1nE8aYv6d3v2QNFVaVKJRdxkUl,Good,Traditional,Suburban,"""[]""",rent,1,Lesotho,Maseru,locality_match,Masowe 4,residential,House,3,test,,True,True,,,,True
moso-stand-alone-house-maseru-west-42,mosoholdings,Stand Alone House,"Stand Alone House M20,000/mo Maseru West Residential Bedrooms: 3 / Baths: 2 / Double Garage / Automated Gate / Electric fence / 24/7 Security","Thepa ena ya mofuta wa house e fumaneha Maseru West. E na le dikamore tse 3 le dibate tse 2 mme e fumaneha ka theko ya M 20,000. Tlotla ena e tshwanetse ho shejwa bakeng sa bareki ba batlang menyetla ya nnete Lesotho.",20000,LSL,Maseru,Maseru West,House,3,2,"""[\""C:\\\\Users\\\\lepha\\\\Documents\\\\Codex\\\\Real Estate System\\\\generated\\\\images\\\\live\\\\mosoholdings\\\\moso-stand-alone-house-maseru-west-42\\\\image_1.jpg\""]""",https://www.facebook.com/MOSSHOLDINGS/posts/pfbid02rQ2Aehju7RdoVX81rsJYGz6nVUFjHgpkU5AsoK1ujo93F84cZ1FyPTDsmkzeTzCVl,Good,Traditional,Suburban,"""[\""garage\"", \""security\""]""",rent,1,Lesotho,Maseru,text_match,Maseru West,residential,House,3,test,,True,True,,,,True
moso-stand-alone-house-thetsane-lecoop-43,mosoholdings,Stand Alone House,"Stand Alone House M6,500/mo Thetsane, Lecoop Residential Bedrooms: 3 / Baths: 2 / Fully Fitted/ Paved yard and Well maintained lawn https://www.facebook.com/MOSSHOLDINGS/posts/pfbid02H9hgpDvZ5fjaKk2oh2U4zZ7aXVxB7n5LvFYW37Jq3nAp4ehdLnyAvZN7vLfKysstl","Thepa ena ya mofuta wa house e fumaneha Thetsane, Lecoop. E na le dikamore tse 3 le dibate tse 2 mme e fumaneha ka theko ya M 6,500. Tlotla ena e tshwanetse ho shejwa bakeng sa bareki ba batlang menyetla ya nnete Lesotho.",6500,LSL,Lecoop,"Thetsane, Lecoop",House,3,2,"""[\""C:\\\\Users\\\\lepha\\\\Documents\\\\Codex\\\\Real Estate System\\\\generated\\\\images\\\\live\\\\mosoholdings\\\\moso-stand-alone-house-thetsane-lecoop-43\\\\image_1.jpg\""]""",https://www.facebook.com/MOSSHOLDINGS/posts/pfbid02H9hgpDvZ5fjaKk2oh2U4zZ7aXVxB7n5LvFYW37Jq3nAp4ehdLnyAvZN7vLfKysstl,Good,Family,Garden,"""[\""yard\""]""",rent,1,Lesotho,Maseru,locality_match,Thetsane,residential,House,3,val,,True,True,,,,True
moso-stand-alone-house-mpilo-estates-45,mosoholdings,Stand Alone House,"Stand Alone House M17,000/mo Mpilo Estates Residential Bedrooms: 3 / Baths: 2 / Double Garage / Automated Gate / 24/7 Security https://www.facebook.com/MOSSHOLDINGS/posts/pfbid03pdhZWusqW6sfLMj1xL4f5MVo8uZPy4v5fdWWHTNjjQCpYWXHrsPGPmtrfzJGeDnl","Thepa ena ya mofuta wa house e fumaneha Mpilo Estates. E na le dikamore tse 3 le dibate tse 2 mme e fumaneha ka theko ya M 17,000. Tlotla ena e tshwanetse ho shejwa bakeng sa bareki ba batlang menyetla ya nnete Lesotho.",17000,LSL,Mpilo Estates,Mpilo Estates,House,3,2,"""[\""C:\\\\Users\\\\lepha\\\\Documents\\\\Codex\\\\Real Estate System\\\\generated\\\\images\\\\live\\\\mosoholdings\\\\moso-stand-alone-house-mpilo-estates-45\\\\image_1.jpg\""]""",https://www.facebook.com/MOSSHOLDINGS/posts/pfbid03pdhZWusqW6sfLMj1xL4f5MVo8uZPy4v5fdWWHTNjjQCpYWXHrsPGPmtrfzJGeDnl,Good,Traditional,Suburban,"""[\""garage\"", \""security\""]""",rent,1,Lesotho,Maseru,locality_match,Mpilo Estates,residential,House,3,train,,True,True,,,,True
moso-stand-alone-house-mohalalitoe-46,mosoholdings,Stand Alone House,"Stand Alone House M20,000/mo Mohalalitoe Residential Bedrooms: 3 / Baths: 2 / Fully Furnished / 24/7 Security / Uncapped WiFi https://www.facebook.com/MOSSHOLDINGS/posts/pfbid0nWV9DMouULixZKTZ8YHjcFKMBgig8hi5cMeWJVv4mjA47oc2K7WnJkVLuhJ4ZpzQl","Thepa ena ya mofuta wa house e fumaneha Mohalalitoe. E na le dikamore tse 3 le dibate tse 2 mme e fumaneha ka theko ya M 20,000. Tlotla ena e tshwanetse ho shejwa bakeng sa bareki ba batlang menyetla ya nnete Lesotho.",20000,LSL,Mohalalitoe,Mohalalitoe,House,3,2,"""[\""C:\\\\Users\\\\lepha\\\\Documents\\\\Codex\\\\Real Estate System\\\\generated\\\\images\\\\live\\\\mosoholdings\\\\moso-stand-alone-house-mohalalitoe-46\\\\image_1.jpg\""]""",https://www.facebook.com/MOSSHOLDINGS/posts/pfbid0nWV9DMouULixZKTZ8YHjcFKMBgig8hi5cMeWJVv4mjA47oc2K7WnJkVLuhJ4ZpzQl,Good,Traditional,Suburban,"""[\""security\"", \""furnished\""]""",rent,1,Lesotho,Maseru,locality_match,Mohalalitoe,residential,House,3,train,,True,True,,,,True
moso-stand-alone-house-tsosane-48,mosoholdings,Stand Alone House,"Stand Alone House M1,200,000 Sale Price M5,000/mo Rental Price Tsosane Residential Bedrooms: 3 / Baths: 1 / Double Garage / Automated Gate https://www.facebook.com/MOSSHOLDINGS/posts/pfbid024gi8tUjj6RVGZZ3GWLAHbSZx67pyfzGoe9BvaMa9JbRZCQA4UGtwJjwatULxtQjbl","Thepa ena ya mofuta wa house e fumaneha Tsosane. E na le dikamore tse 3 le dibate tse 1 mme e fumaneha ka theko ya M 1,200,000. Tlotla ena e tshwanetse ho shejwa bakeng sa bareki ba batlang menyetla ya nnete Lesotho.",1200000,LSL,Tsosane,Tsosane,House,3,1,"""[\""C:\\\\Users\\\\lepha\\\\Documents\\\\Codex\\\\Real Estate System\\\\generated\\\\images\\\\live\\\\mosoholdings\\\\moso-stand-alone-house-tsosane-48\\\\image_1.jpg\""]""",https://www.facebook.com/MOSSHOLDINGS/posts/pfbid024gi8tUjj6RVGZZ3GWLAHbSZx67pyfzGoe9BvaMa9JbRZCQA4UGtwJjwatULxtQjbl,Good,Traditional,Suburban,"""[\""garage\""]""",sale,1,Lesotho,Maseru,locality_match,Tsosane,residential,House,3,train,,True,True,1200000.0,sale,nan Checked manually: source mixes sale and rental text. Keep sale price for structured metadata and treat the rental text as secondary marketing info.,True
moso-double-storey-house-katlehong-49,mosoholdings,Double Storey House,"Double Storey House M30,000/mo Katlehong Residential Bedrooms: 3 / Baths: 2 / Semi Furnished / 2 Lounge Areas / Study https://www.facebook.com/MOSSHOLDINGS/posts/pfbid02fZAw3gg3a8RJ15EBe5uTYGmNsVj7UyUEXGqiLXdbZz5kPFwX9UgFgyqoEbHRLV92l","Thepa ena ya mofuta wa house e fumaneha Katlehong. E na le dikamore tse 3 le dibate tse 2 mme e fumaneha ka theko ya M 30,000. Tlotla ena e tshwanetse ho shejwa bakeng sa bareki ba batlang menyetla ya nnete Lesotho.",30000,LSL,Katlehong,Katlehong,House,3,2,"""[\""C:\\\\Users\\\\lepha\\\\Documents\\\\Codex\\\\Real Estate System\\\\generated\\\\images\\\\live\\\\mosoholdings\\\\moso-double-storey-house-katlehong-49\\\\image_1.jpg\""]""",https://www.facebook.com/MOSSHOLDINGS/posts/pfbid02fZAw3gg3a8RJ15EBe5uTYGmNsVj7UyUEXGqiLXdbZz5kPFwX9UgFgyqoEbHRLV92l,Good,Traditional,Suburban,"""[\""furnished\""]""",rent,1,Lesotho,Maseru,locality_match,Katlehong,residential,House,3,train,,True,True,,,,True
moso-stand-alone-house-ha-hoohlo-50,mosoholdings,Stand Alone House,"Stand Alone House M7,500/mo Ha Hoohlo Residential Bedrooms: 2 / Baths: 1 / Fully Fitted https://www.facebook.com/MOSSHOLDINGS/posts/pfbid0RBa9ZwgUkvAwkeYXPZiRTTBEYRP54zQu3HSjAKfZRjbtaZJFJ897boJzcGMbaaYhl","Thepa ena ya mofuta wa house e fumaneha Ha Hoohlo. E na le dikamore tse 2 le dibate tse 1 mme e fumaneha ka theko ya M 7,500. Tlotla ena e tshwanetse ho shejwa bakeng sa bareki ba batlang menyetla ya nnete Lesotho.",7500,LSL,Ha Hoohlo,Ha Hoohlo,House,2,1,"""[\""C:\\\\Users\\\\lepha\\\\Documents\\\\Codex\\\\Real Estate System\\\\generated\\\\images\\\\live\\\\mosoholdings\\\\moso-stand-alone-house-ha-hoohlo-50\\\\image_1.jpg\""]""",https://www.facebook.com/MOSSHOLDINGS/posts/pfbid0RBa9ZwgUkvAwkeYXPZiRTTBEYRP54zQu3HSjAKfZRjbtaZJFJ897boJzcGMbaaYhl,Good,Traditional,Suburban,"""[]""",rent,1,Lesotho,Maseru,source_default,Ha Hoohlo,residential,House,2,train,,True,True,,,,True
moso-city-center-house-thetsane-west-51,mosoholdings,City Center House,"City Center House M15,000/mo Thetsane West Residential Bedrooms: 3 / Baths: 4.5","Thepa ena ya mofuta wa house e fumaneha Thetsane West. E na le dikamore tse 3 le dibate tse 4 mme e fumaneha ka theko ya M 15,000. Tlotla ena e tshwanetse ho shejwa bakeng sa bareki ba batlang menyetla ya nnete Lesotho.",15000,LSL,Thetsane West,Thetsane West,House,3,4,"""[\""C:\\\\Users\\\\lepha\\\\Documents\\\\Codex\\\\Real Estate System\\\\generated\\\\images\\\\live\\\\mosoholdings\\\\moso-city-center-house-thetsane-west-51\\\\image_1.jpg\""]""",https://mosoholdings.co.ls/listings-search/,Good,Traditional,Suburban,"""[]""",rent,1,Lesotho,Maseru,locality_match,Thetsane West,residential,House,3,train,,True,True,,,,True
moso-double-storey-house-lower-thetsane-52,mosoholdings,Double Storey House,"Double Storey House M38,000/mo Lower Thetsane Residential Bedrooms: 5 / Baths: 2.5 https://www.facebook.com/MOSSHOLDINGS/posts/pfbid02GcKMJgmcAMDvULmrCwW2S3cwm5bpXB6m8p2mfCf6GSXNNuyYwfjzguxyFndDnXM9l","Thepa ena ya mofuta wa house e fumaneha Lower Thetsane. E na le dikamore tse 5 le dibate tse 2 mme e fumaneha ka theko ya M 38,000. Tlotla ena e tshwanetse ho shejwa bakeng sa bareki ba batlang menyetla ya nnete Lesotho.",38000,LSL,Lower Thetsane,Lower Thetsane,House,5,2,"""[\""C:\\\\Users\\\\lepha\\\\Documents\\\\Codex\\\\Real Estate System\\\\generated\\\\images\\\\live\\\\mosoholdings\\\\moso-double-storey-house-lower-thetsane-52\\\\image_1.jpg\""]""",https://www.facebook.com/MOSSHOLDINGS/posts/pfbid02GcKMJgmcAMDvULmrCwW2S3cwm5bpXB6m8p2mfCf6GSXNNuyYwfjzguxyFndDnXM9l,Good,Traditional,Suburban,"""[]""",rent,1,Lesotho,Maseru,locality_match,Lower Thetsane,residential,House,5+,test,,True,True,,,,True
moso-triple-storey-house-katlehong-53,mosoholdings,Triple Storey House,"Triple Storey House M35,000/mo Katlehong Residential Bedrooms: 4 / Baths: 4 / Lounge : 3 / Fully Furnished / Servants Quarters https://www.facebook.com/MOSSHOLDINGS/posts/pfbid02M3BP6bYdXVvWyfUFnnWBGuHnU4v1M9afVqabsG9VdyNrtpVtx39ofQDYewf73hv5l","Thepa ena ya mofuta wa house e fumaneha Katlehong. E na le dikamore tse 4 le dibate tse 4 mme e fumaneha ka theko ya M 35,000. Tlotla ena e tshwanetse ho shejwa bakeng sa bareki ba batlang menyetla ya nnete Lesotho.",35000,LSL,Katlehong,Katlehong,House,4,4,"""[\""C:\\\\Users\\\\lepha\\\\Documents\\\\Codex\\\\Real Estate System\\\\generated\\\\images\\\\live\\\\mosoholdings\\\\moso-triple-storey-house-katlehong-53\\\\image_1.jpg\""]""",https://www.facebook.com/MOSSHOLDINGS/posts/pfbid02M3BP6bYdXVvWyfUFnnWBGuHnU4v1M9afVqabsG9VdyNrtpVtx39ofQDYewf73hv5l,Good,Traditional,Suburban,"""[\""furnished\""]""",rent,1,Lesotho,Maseru,locality_match,Katlehong,residential,House,4,train,,True,True,,,,True
moso-city-center-house-thetsane-west-54,mosoholdings,City Center House,"City Center House M16,000/mo Furnished M13,000/mo Unfurnished Thetsane West Residential Bedrooms: 3 / Baths: 3.5 https://www.facebook.com/MOSSHOLDINGS/posts/pfbid0jNQsCDxmacSLGnLzy71zGPS4qExRT5PBj4tdD8vCMoX238ZS7fubudwdPoBWYYRml","Thepa ena ya mofuta wa house e fumaneha Thetsane West. E na le dikamore tse 3 le dibate tse 3 mme e fumaneha ka theko ya M 16,000. Tlotla ena e tshwanetse ho shejwa bakeng sa bareki ba batlang menyetla ya nnete Lesotho.",16000,LSL,Thetsane West,Thetsane West,House,3,3,"""[\""C:\\\\Users\\\\lepha\\\\Documents\\\\Codex\\\\Real Estate System\\\\generated\\\\images\\\\live\\\\mosoholdings\\\\moso-city-center-house-thetsane-west-54\\\\image_1.jpg\""]""",https://www.facebook.com/MOSSHOLDINGS/posts/pfbid0jNQsCDxmacSLGnLzy71zGPS4qExRT5PBj4tdD8vCMoX238ZS7fubudwdPoBWYYRml,Good,Traditional,Suburban,"""[]""",rent,1,Lesotho,Maseru,locality_match,Thetsane West,residential,House,3,test,,True,True,,,,True
moso-double-storey-house-thetsane-west-55,mosoholdings,Double Storey House,"Double Storey House M30,000/mo Thetsane West Residential Bedrooms: 5 / Baths: 3 https://www.facebook.com/MOSSHOLDINGS/posts/pfbid02oxLaHjUva25VtkvCQEyb4HfBhiSReMJr8XeDP5oqFRnzgKuBpFgdxRvKyZTjaYzgl","Thepa ena ya mofuta wa house e fumaneha Thetsane West. E na le dikamore tse 5 le dibate tse 3 mme e fumaneha ka theko ya M 30,000. Tlotla ena e tshwanetse ho shejwa bakeng sa bareki ba batlang menyetla ya nnete Lesotho.",30000,LSL,Thetsane West,Thetsane West,House,5,3,"""[\""C:\\\\Users\\\\lepha\\\\Documents\\\\Codex\\\\Real Estate System\\\\generated\\\\images\\\\live\\\\mosoholdings\\\\moso-double-storey-house-thetsane-west-55\\\\image_1.jpg\""]""",https://www.facebook.com/MOSSHOLDINGS/posts/pfbid02oxLaHjUva25VtkvCQEyb4HfBhiSReMJr8XeDP5oqFRnzgKuBpFgdxRvKyZTjaYzgl,Good,Traditional,Suburban,"""[]""",rent,1,Lesotho,Maseru,locality_match,Thetsane West,residential,House,5+,train,,True,True,,,,True
moso-stand-alone-house-katlehong-56,mosoholdings,Stand Alone House,"Stand Alone House M15,000/mo Katlehong Residential Bedrooms: 3 / Baths: 3 / Walk-In Closet https://www.facebook.com/MOSSHOLDINGS/posts/pfbid02pqmybBxmq5NNVQdXNFSxSGm2irVdQ3Q71j3RYKp7aihzw93k7ibPKRvgBJcSmgcKl","Thepa ena ya mofuta wa house e fumaneha Katlehong. E na le dikamore tse 3 le dibate tse 3 mme e fumaneha ka theko ya M 15,000. Tlotla ena e tshwanetse ho shejwa bakeng sa bareki ba batlang menyetla ya nnete Lesotho.",15000,LSL,Katlehong,Katlehong,House,3,3,"""[\""C:\\\\Users\\\\lepha\\\\Documents\\\\Codex\\\\Real Estate System\\\\generated\\\\images\\\\live\\\\mosoholdings\\\\moso-stand-alone-house-katlehong-56\\\\image_1.jpg\""]""",https://www.facebook.com/MOSSHOLDINGS/posts/pfbid02pqmybBxmq5NNVQdXNFSxSGm2irVdQ3Q71j3RYKp7aihzw93k7ibPKRvgBJcSmgcKl,Good,Traditional,Suburban,"""[]""",rent,1,Lesotho,Maseru,locality_match,Katlehong,residential,House,3,train,,True,True,,,,True
moso-double-storey-house-masowe-2-57,mosoholdings,Double Storey House,"Double Storey House M12,500/mo Masowe 2 Residential Bedrooms: 3 / Baths: 3 / Lounge: 2 / Walk-In Closet https://www.facebook.com/MOSSHOLDINGS/posts/pfbid0exXsHNcpQp4obUHJSJUAhS7eQyg7p84jnkJBAPgZHXMdwPBUdZny7v7M9Ai4JX2pl","Thepa ena ya mofuta wa house e fumaneha Masowe 2. E na le dikamore tse 3 le dibate tse 3 mme e fumaneha ka theko ya M 12,500. Tlotla ena e tshwanetse ho shejwa bakeng sa bareki ba batlang menyetla ya nnete Lesotho.",12500,LSL,Masowe 2,Masowe 2,House,3,3,"""[\""C:\\\\Users\\\\lepha\\\\Documents\\\\Codex\\\\Real Estate System\\\\generated\\\\images\\\\live\\\\mosoholdings\\\\moso-double-storey-house-masowe-2-57\\\\image_1.jpg\""]""",https://www.facebook.com/MOSSHOLDINGS/posts/pfbid0exXsHNcpQp4obUHJSJUAhS7eQyg7p84jnkJBAPgZHXMdwPBUdZny7v7M9Ai4JX2pl,Good,Traditional,Suburban,"""[]""",rent,1,Lesotho,Maseru,locality_match,Masowe 2,residential,House,3,train,,True,True,,,,True
moso-stand-alone-house-thetsane-lesia-58,mosoholdings,Stand Alone House,"Stand Alone House M12,000/mo Thetsane Lesia Residential Bedrooms: 4 / Baths: 2 / Underfloor Heating","Thepa ena ya mofuta wa house e fumaneha Thetsane Lesia. E na le dikamore tse 4 le dibate tse 2 mme e fumaneha ka theko ya M 12,000. Tlotla ena e tshwanetse ho shejwa bakeng sa bareki ba batlang menyetla ya nnete Lesotho.",12000,LSL,Thetsane Lesia,Thetsane Lesia,House,4,2,"""[\""C:\\\\Users\\\\lepha\\\\Documents\\\\Codex\\\\Real Estate System\\\\generated\\\\images\\\\live\\\\mosoholdings\\\\moso-stand-alone-house-thetsane-lesia-58\\\\image_1.jpg\""]""",https://www.facebook.com/MOSSHOLDINGS/posts/pfbid028MU81LGFYjNLU36w4LpwDzXf5WeuhN7x8wdAbKYQ8rhTVXzAbvwhQYCCiTHur2YVl,Good,Traditional,Suburban,"""[]""",rent,1,Lesotho,Maseru,locality_match,Thetsane Lesia,residential,House,4,train,,True,True,,,,True
moso-stand-alone-house-katlehong-59,mosoholdings,Stand Alone House,"Stand Alone House M12,000/mo Katlehong Residential Bedrooms: 3 / Baths: 2 https://www.facebook.com/MOSSHOLDINGS/posts/pfbid035bKzUtZCgFJTKzjZmGTptkQxj4bui9M1DP47xgHt3KSpupf2e6jd6HFMpmPJaALvl","Thepa ena ya mofuta wa house e fumaneha Katlehong. E na le dikamore tse 3 le dibate tse 2 mme e fumaneha ka theko ya M 12,000. Tlotla ena e tshwanetse ho shejwa bakeng sa bareki ba batlang menyetla ya nnete Lesotho.",12000,LSL,Katlehong,Katlehong,House,3,2,"""[\""C:\\\\Users\\\\lepha\\\\Documents\\\\Codex\\\\Real Estate System\\\\generated\\\\images\\\\live\\\\mosoholdings\\\\moso-stand-alone-house-katlehong-59\\\\image_1.jpg\""]""",https://www.facebook.com/MOSSHOLDINGS/posts/pfbid035bKzUtZCgFJTKzjZmGTptkQxj4bui9M1DP47xgHt3KSpupf2e6jd6HFMpmPJaALvl,Good,Traditional,Suburban,"""[]""",rent,1,Lesotho,Maseru,locality_match,Katlehong,residential,House,3,val,,True,True,,,,True
moso-compounded-house-thetsane-lecoop-60,mosoholdings,Compounded House,"Compounded House M6,500/mo Thetsane Lecoop Residential Bedrooms: 2 / Baths: 2 / Nightly Security Guard / Rent incl. Water Bill https://www.facebook.com/MOSSHOLDINGS/posts/pfbid02uXvmYEm9L4pTnHCexaEzbGCdJsrX1Yaysmt4uUkYJ3kmyBCwSWLkxywcYLDTuEwwl","Thepa ena ya mofuta wa house e fumaneha Thetsane Lecoop. E na le dikamore tse 2 le dibate tse 2 mme e fumaneha ka theko ya M 6,500. Tlotla ena e tshwanetse ho shejwa bakeng sa bareki ba batlang menyetla ya nnete Lesotho.",6500,LSL,Thetsane Lecoop,Thetsane Lecoop,House,2,2,"""[\""C:\\\\Users\\\\lepha\\\\Documents\\\\Codex\\\\Real Estate System\\\\generated\\\\images\\\\live\\\\mosoholdings\\\\moso-compounded-house-thetsane-lecoop-60\\\\image_1.jpg\""]""",https://www.facebook.com/MOSSHOLDINGS/posts/pfbid02uXvmYEm9L4pTnHCexaEzbGCdJsrX1Yaysmt4uUkYJ3kmyBCwSWLkxywcYLDTuEwwl,Good,Traditional,Suburban,"""[\""water connection\"", \""security\""]""",rent,1,Lesotho,Maseru,locality_match,Thetsane Lecoop,residential,House,2,test,,True,True,,,,True
moso-stand-alone-house-katlehong-61,mosoholdings,Stand Alone House,"Stand Alone House M20,000/mo Katlehong Residential Bedrooms: 3 / Baths: 3 / Fully Furnished https://www.facebook.com/MOSSHOLDINGS/posts/pfbid021K6RQDJY5zHq3p92Y5hiLN6EmCdzuM9We3FXdaFkXioBYaRDyPdgVoYsEnrWDSeHl","Thepa ena ya mofuta wa house e fumaneha Katlehong. E na le dikamore tse 3 le dibate tse 3 mme e fumaneha ka theko ya M 20,000. Tlotla ena e tshwanetse ho shejwa bakeng sa bareki ba batlang menyetla ya nnete Lesotho.",20000,LSL,Katlehong,Katlehong,House,3,3,"""[\""C:\\\\Users\\\\lepha\\\\Documents\\\\Codex\\\\Real Estate System\\\\generated\\\\images\\\\live\\\\mosoholdings\\\\moso-stand-alone-house-katlehong-61\\\\image_1.jpg\""]""",https://www.facebook.com/MOSSHOLDINGS/posts/pfbid021K6RQDJY5zHq3p92Y5hiLN6EmCdzuM9We3FXdaFkXioBYaRDyPdgVoYsEnrWDSeHl,Good,Family,Garden,"""[\""yard\"", \""furnished\""]""",rent,1,Lesotho,Maseru,locality_match,Katlehong,residential,House,3,train,,True,True,,,,True
moso-stand-alone-house-katlehong-race-course-62,mosoholdings,Stand Alone House,"Stand Alone House M16,000/mo Katlehong, Race Course Residential Bedrooms: 4 / Baths: 2 https://www.facebook.com/MOSSHOLDINGS/posts/pfbid035bKzUtZCgFJTKzjZmGTptkQxj4bui9M1DP47xgHt3KSpupf2e6jd6HFMpmPJaALvl","Thepa ena ya mofuta wa house e fumaneha Katlehong, Race Course. E na le dikamore tse 4 le dibate tse 2 mme e fumaneha ka theko ya M 16,000. Tlotla ena e tshwanetse ho shejwa bakeng sa bareki ba batlang menyetla ya nnete Lesotho.",16000,LSL,Race Course,"Katlehong, Race Course",House,4,2,"""[\""C:\\\\Users\\\\lepha\\\\Documents\\\\Codex\\\\Real Estate System\\\\generated\\\\images\\\\live\\\\mosoholdings\\\\moso-stand-alone-house-katlehong-race-course-62\\\\image_1.jpg\""]""",https://www.facebook.com/MOSSHOLDINGS/posts/pfbid035bKzUtZCgFJTKzjZmGTptkQxj4bui9M1DP47xgHt3KSpupf2e6jd6HFMpmPJaALvl,Good,Traditional,Suburban,"""[]""",rent,1,Lesotho,Maseru,locality_match,Katlehong,residential,House,4,train,,True,True,,,,True
moso-compounded-house-thetsane-lecoop-63,mosoholdings,Compounded House,"Compounded House M7,000/mo Thetsane Lecoop Residential Bedrooms: 2 / Baths: 2 / Garage: 1 https://www.facebook.com/MOSSHOLDINGS/posts/pfbid0mS7ABanruwbSJ8Hy82UGZzecARQGZk4XRh1DTnWY9wXwEQ8ibs9n7KHkyUGGLcZCl","Thepa ena ya mofuta wa house e fumaneha Thetsane Lecoop. E na le dikamore tse 2 le dibate tse 2 mme e fumaneha ka theko ya M 7,000. Tlotla ena e tshwanetse ho shejwa bakeng sa bareki ba batlang menyetla ya nnete Lesotho.",7000,LSL,Thetsane Lecoop,Thetsane Lecoop,House,2,2,"""[\""C:\\\\Users\\\\lepha\\\\Documents\\\\Codex\\\\Real Estate System\\\\generated\\\\images\\\\live\\\\mosoholdings\\\\moso-compounded-house-thetsane-lecoop-63\\\\image_1.jpg\""]""",https://www.facebook.com/MOSSHOLDINGS/posts/pfbid0mS7ABanruwbSJ8Hy82UGZzecARQGZk4XRh1DTnWY9wXwEQ8ibs9n7KHkyUGGLcZCl,Good,Traditional,Suburban,"""[\""garage\""]""",rent,1,Lesotho,Maseru,locality_match,Thetsane Lecoop,residential,House,2,train,,True,True,,,,True
