property_id,source,title,description_en,description_st,price,currency,district,location_text,property_type,bedrooms,bathrooms,image_paths,listing_url,condition,style,environment,amenities,listing_intent
creative-stunning-home-to-let,creativeproperties,Stunning Home To Let,Golf Course Estate,"Thepa ena ya mofuta wa house e fumaneha Maseru, Old Europa. E na le dikamore tse 4 le dibate tse 3 mme e fumaneha ka theko ya M 48,000. Tlotla ena e tshwanetse ho shejwa bakeng sa bareki ba batlang menyetla ya nnete Lesotho.",48000.0,LSL,Maseru,"Maseru, Old Europa",House,4,3,"""[\""C:\\\\Users\\\\lepha\\\\Documents\\\\Codex\\\\2026-04-20-files-mentioned-by-the-user-group\\\\generated\\\\images\\\\live\\\\creativeproperties\\\\creative-stunning-home-to-let\\\\image_1.png\"", \""C:\\\\Users\\\\lepha\\\\Documents\\\\Codex\\\\2026-04-20-files-mentioned-by-the-user-group\\\\generated\\\\images\\\\live\\\\creativeproperties\\\\creative-stunning-home-to-let\\\\image_2.jpeg\"", \""C:\\\\Users\\\\lepha\\\\Documents\\\\Codex\\\\2026-04-20-files-mentioned-by-the-user-group\\\\generated\\\\images\\\\live\\\\creativeproperties\\\\creative-stunning-home-to-let\\\\image_3.jpeg\"", \""C:\\\\Users\\\\lepha\\\\Documents\\\\Codex\\\\2026-04-20-files-mentioned-by-the-user-group\\\\generated\\\\images\\\\live\\\\creativeproperties\\\\creative-stunning-home-to-let\\\\image_4.jpeg\"", \""C:\\\\Users\\\\lepha\\\\Documents\\\\Codex\\\\2026-04-20-files-mentioned-by-the-user-group\\\\generated\\\\images\\\\live\\\\creativeproperties\\\\creative-stunning-home-to-let\\\\image_5.jpeg\""]""",https://creativeproperties.co.ls/properties/stunning-home-to-let/,Good,Traditional,Suburban,"""[\""yard\"", \""furnished\""]""",rent
creative-7275,creativeproperties,"Beautiful, Highly Finished House for Sale_Serious Potential Buyers ONLY",Up-Market Property For Sale,"Thepa ena ya mofuta wa house e fumaneha Maseru, Lower Thetsane. E na le dikamore tse 4 le dibate tse 3 mme e fumaneha ka theko e sa hlaloswang. Tlotla ena e tshwanetse ho shejwa bakeng sa bareki ba batlang menyetla ya nnete Lesotho.",,LSL,Maseru,"Maseru, Lower Thetsane",House,4,3,"""[\""C:\\\\Users\\\\lepha\\\\Documents\\\\Codex\\\\2026-04-20-files-mentioned-by-the-user-group\\\\generated\\\\images\\\\live\\\\creativeproperties\\\\creative-7275\\\\image_1.png\"", \""C:\\\\Users\\\\lepha\\\\Documents\\\\Codex\\\\2026-04-20-files-mentioned-by-the-user-group\\\\generated\\\\images\\\\live\\\\creativeproperties\\\\creative-7275\\\\image_2.jpg\"", \""C:\\\\Users\\\\lepha\\\\Documents\\\\Codex\\\\2026-04-20-files-mentioned-by-the-user-group\\\\generated\\\\images\\\\live\\\\creativeproperties\\\\creative-7275\\\\image_3.jpg\"", \""C:\\\\Users\\\\lepha\\\\Documents\\\\Codex\\\\2026-04-20-files-mentioned-by-the-user-group\\\\generated\\\\images\\\\live\\\\creativeproperties\\\\creative-7275\\\\image_4.jpg\"", \""C:\\\\Users\\\\lepha\\\\Documents\\\\Codex\\\\2026-04-20-files-mentioned-by-the-user-group\\\\generated\\\\images\\\\live\\\\creativeproperties\\\\creative-7275\\\\image_5.jpg\""]""",https://creativeproperties.co.ls/properties/7275/,New,Modern,Suburban,"""[\""yard\"", \""furnished\""]""",sale
creative-stunning-new-units-to-let-for-office-or-residential,creativeproperties,Stunning New Units To Let for Office or Residential,4 Bedroom Units to Let,"Thepa ena ya mofuta wa commercial e fumaneha Maseru, Katlehong. E na le dikamore tse 4 le dibate tse 3 mme e fumaneha ka theko e sa hlaloswang. Tlotla ena e tshwanetse ho shejwa bakeng sa bareki ba batlang menyetla ya nnete Lesotho.",,LSL,Maseru,"Maseru, Katlehong",Commercial,4,3,"""[\""C:\\\\Users\\\\lepha\\\\Documents\\\\Codex\\\\2026-04-20-files-mentioned-by-the-user-group\\\\generated\\\\images\\\\live\\\\creativeproperties\\\\creative-stunning-new-units-to-let-for-office-or-residential\\\\image_1.png\"", \""C:\\\\Users\\\\lepha\\\\Documents\\\\Codex\\\\2026-04-20-files-mentioned-by-the-user-group\\\\generated\\\\images\\\\live\\\\creativeproperties\\\\creative-stunning-new-units-to-let-for-office-or-residential\\\\image_2.jpeg\"", \""C:\\\\Users\\\\lepha\\\\Documents\\\\Codex\\\\2026-04-20-files-mentioned-by-the-user-group\\\\generated\\\\images\\\\live\\\\creativeproperties\\\\creative-stunning-new-units-to-let-for-office-or-residential\\\\image_3.jpeg\"", \""C:\\\\Users\\\\lepha\\\\Documents\\\\Codex\\\\2026-04-20-files-mentioned-by-the-user-group\\\\generated\\\\images\\\\live\\\\creativeproperties\\\\creative-stunning-new-units-to-let-for-office-or-residential\\\\image_4.jpeg\"", \""C:\\\\Users\\\\lepha\\\\Documents\\\\Codex\\\\2026-04-20-files-mentioned-by-the-user-group\\\\generated\\\\images\\\\live\\\\creativeproperties\\\\creative-stunning-new-units-to-let-for-office-or-residential\\\\image_5.jpeg\""]""",https://creativeproperties.co.ls/properties/stunning-new-units-to-let-for-office-or-residential/,New,Modern,Suburban,"""[\""yard\"", \""furnished\""]""",rent
creative-available-for-office-or-residential,creativeproperties,Available for Office or Residential!,House to let for in the City!,"Thepa ena ya mofuta wa commercial e fumaneha Matsoatlareng, Maseru, Matsoatlareng. E na le dikamore tse 3 le dibate tse 2 mme e fumaneha ka theko ya M 10,000. Tlotla ena e tshwanetse ho shejwa bakeng sa bareki ba batlang menyetla ya nnete Lesotho.",10000.0,LSL,Maseru,"Matsoatlareng, Maseru, Matsoatlareng",Commercial,3,2,"""[\""C:\\\\Users\\\\lepha\\\\Documents\\\\Codex\\\\2026-04-20-files-mentioned-by-the-user-group\\\\generated\\\\images\\\\live\\\\creativeproperties\\\\creative-available-for-office-or-residential\\\\image_1.png\"", \""C:\\\\Users\\\\lepha\\\\Documents\\\\Codex\\\\2026-04-20-files-mentioned-by-the-user-group\\\\generated\\\\images\\\\live\\\\creativeproperties\\\\creative-available-for-office-or-residential\\\\image_2.jpg\"", \""C:\\\\Users\\\\lepha\\\\Documents\\\\Codex\\\\2026-04-20-files-mentioned-by-the-user-group\\\\generated\\\\images\\\\live\\\\creativeproperties\\\\creative-available-for-office-or-residential\\\\image_3.jpg\"", \""C:\\\\Users\\\\lepha\\\\Documents\\\\Codex\\\\2026-04-20-files-mentioned-by-the-user-group\\\\generated\\\\images\\\\live\\\\creativeproperties\\\\creative-available-for-office-or-residential\\\\image_4.jpg\"", \""C:\\\\Users\\\\lepha\\\\Documents\\\\Codex\\\\2026-04-20-files-mentioned-by-the-user-group\\\\generated\\\\images\\\\live\\\\creativeproperties\\\\creative-available-for-office-or-residential\\\\image_5.jpg\""]""",https://creativeproperties.co.ls/properties/available-for-office-or-residential/,Good,Contemporary,Urban,"""[\""yard\"", \""furnished\""]""",rent
creative-rental-home_lower-thetsane,creativeproperties,Rental Home_Lower Thetsane,4 Bedroom Rental Property,"Thepa ena ya mofuta wa house e fumaneha Maseru, Lower Thetsane. E na le dikamore tse 4 le dibate tse 3 mme e fumaneha ka theko ya M 24,000. Tlotla ena e tshwanetse ho shejwa bakeng sa bareki ba batlang menyetla ya nnete Lesotho.",24000.0,LSL,Maseru,"Maseru, Lower Thetsane",House,4,3,"""[\""C:\\\\Users\\\\lepha\\\\Documents\\\\Codex\\\\2026-04-20-files-mentioned-by-the-user-group\\\\generated\\\\images\\\\live\\\\creativeproperties\\\\creative-rental-home_lower-thetsane\\\\image_1.png\"", \""C:\\\\Users\\\\lepha\\\\Documents\\\\Codex\\\\2026-04-20-files-mentioned-by-the-user-group\\\\generated\\\\images\\\\live\\\\creativeproperties\\\\creative-rental-home_lower-thetsane\\\\image_2.jpeg\"", \""C:\\\\Users\\\\lepha\\\\Documents\\\\Codex\\\\2026-04-20-files-mentioned-by-the-user-group\\\\generated\\\\images\\\\live\\\\creativeproperties\\\\creative-rental-home_lower-thetsane\\\\image_3.jpg\"", \""C:\\\\Users\\\\lepha\\\\Documents\\\\Codex\\\\2026-04-20-files-mentioned-by-the-user-group\\\\generated\\\\images\\\\live\\\\creativeproperties\\\\creative-rental-home_lower-thetsane\\\\image_4.jpg\"", \""C:\\\\Users\\\\lepha\\\\Documents\\\\Codex\\\\2026-04-20-files-mentioned-by-the-user-group\\\\generated\\\\images\\\\live\\\\creativeproperties\\\\creative-rental-home_lower-thetsane\\\\image_5.jpg\""]""",https://creativeproperties.co.ls/properties/rental-home_lower-thetsane/,Good,Traditional,Suburban,"""[\""yard\"", \""furnished\""]""",rent
creative-newly-renovated-town-house-to-let,creativeproperties,Newly Renovated Town House To let,Newly Renovated,"Thepa ena ya mofuta wa house e fumaneha Maseru, Arrival Center. E na le dikamore tse 3 le dibate tse 2 mme e fumaneha ka theko ya M 15,000. Tlotla ena e tshwanetse ho shejwa bakeng sa bareki ba batlang menyetla ya nnete Lesotho.",15000.0,LSL,Maseru,"Maseru, Arrival Center",House,3,2,"""[\""C:\\\\Users\\\\lepha\\\\Documents\\\\Codex\\\\2026-04-20-files-mentioned-by-the-user-group\\\\generated\\\\images\\\\live\\\\creativeproperties\\\\creative-newly-renovated-town-house-to-let\\\\image_1.png\"", \""C:\\\\Users\\\\lepha\\\\Documents\\\\Codex\\\\2026-04-20-files-mentioned-by-the-user-group\\\\generated\\\\images\\\\live\\\\creativeproperties\\\\creative-newly-renovated-town-house-to-let\\\\image_2.jpeg\"", \""C:\\\\Users\\\\lepha\\\\Documents\\\\Codex\\\\2026-04-20-files-mentioned-by-the-user-group\\\\generated\\\\images\\\\live\\\\creativeproperties\\\\creative-newly-renovated-town-house-to-let\\\\image_3.jpeg\"", \""C:\\\\Users\\\\lepha\\\\Documents\\\\Codex\\\\2026-04-20-files-mentioned-by-the-user-group\\\\generated\\\\images\\\\live\\\\creativeproperties\\\\creative-newly-renovated-town-house-to-let\\\\image_4.jpeg\"", \""C:\\\\Users\\\\lepha\\\\Documents\\\\Codex\\\\2026-04-20-files-mentioned-by-the-user-group\\\\generated\\\\images\\\\live\\\\creativeproperties\\\\creative-newly-renovated-town-house-to-let\\\\image_5.jpeg\""]""",https://creativeproperties.co.ls/properties/newly-renovated-town-house-to-let/,New,Traditional,Suburban,"""[\""yard\"", \""furnished\""]""",rent
creative-semi-furnished-apartment-to-let,creativeproperties,Semi-furnished Apartment To Let,Semi-Furnished Semi-Furnished,"Thepa ena ya mofuta wa apartment e fumaneha Maseru, Maseru West. E na le dikamore tse 3 le dibate tse 2 mme e fumaneha ka theko ya M 15,700. Tlotla ena e tshwanetse ho shejwa bakeng sa bareki ba batlang menyetla ya nnete Lesotho.",15700.0,LSL,Maseru,"Maseru, Maseru West",Apartment,3,2,"""[\""C:\\\\Users\\\\lepha\\\\Documents\\\\Codex\\\\2026-04-20-files-mentioned-by-the-user-group\\\\generated\\\\images\\\\live\\\\creativeproperties\\\\creative-semi-furnished-apartment-to-let\\\\image_1.png\"", \""C:\\\\Users\\\\lepha\\\\Documents\\\\Codex\\\\2026-04-20-files-mentioned-by-the-user-group\\\\generated\\\\images\\\\live\\\\creativeproperties\\\\creative-semi-furnished-apartment-to-let\\\\image_2.jpeg\"", \""C:\\\\Users\\\\lepha\\\\Documents\\\\Codex\\\\2026-04-20-files-mentioned-by-the-user-group\\\\generated\\\\images\\\\live\\\\creativeproperties\\\\creative-semi-furnished-apartment-to-let\\\\image_3.jpeg\"", \""C:\\\\Users\\\\lepha\\\\Documents\\\\Codex\\\\2026-04-20-files-mentioned-by-the-user-group\\\\generated\\\\images\\\\live\\\\creativeproperties\\\\creative-semi-furnished-apartment-to-let\\\\image_4.jpeg\"", \""C:\\\\Users\\\\lepha\\\\Documents\\\\Codex\\\\2026-04-20-files-mentioned-by-the-user-group\\\\generated\\\\images\\\\live\\\\creativeproperties\\\\creative-semi-furnished-apartment-to-let\\\\image_5.jpeg\""]""",https://creativeproperties.co.ls/properties/semi-furnished-apartment-to-let/,Good,Traditional,Suburban,"""[\""yard\"", \""furnished\""]""",rent
creative-rental-property-upper-thamae,creativeproperties,Rental Property Upper Thamae,Upper Thamae Home,"Thepa ena ya mofuta wa house e fumaneha Maseru, Ha Thamae. E na le dikamore tse 3 le dibate tse 2 mme e fumaneha ka theko ya M 8,000. Tlotla ena e tshwanetse ho shejwa bakeng sa bareki ba batlang menyetla ya nnete Lesotho.",8000.0,LSL,Maseru,"Maseru, Ha Thamae",House,3,2,"""[\""C:\\\\Users\\\\lepha\\\\Documents\\\\Codex\\\\2026-04-20-files-mentioned-by-the-user-group\\\\generated\\\\images\\\\live\\\\creativeproperties\\\\creative-rental-property-upper-thamae\\\\image_1.png\"", \""C:\\\\Users\\\\lepha\\\\Documents\\\\Codex\\\\2026-04-20-files-mentioned-by-the-user-group\\\\generated\\\\images\\\\live\\\\creativeproperties\\\\creative-rental-property-upper-thamae\\\\image_2.jpeg\"", \""C:\\\\Users\\\\lepha\\\\Documents\\\\Codex\\\\2026-04-20-files-mentioned-by-the-user-group\\\\generated\\\\images\\\\live\\\\creativeproperties\\\\creative-rental-property-upper-thamae\\\\image_3.jpeg\""]""",https://creativeproperties.co.ls/properties/rental-property-upper-thamae/,Good,Traditional,Suburban,"""[\""yard\"", \""furnished\""]""",rent
creative-rental-townhouse-in-arrival-centre,creativeproperties,Rental TownHouse in Arrival Centre,Residential or Office Space,"Thepa ena ya mofuta wa townhouse e fumaneha Maseru, Arrival Center. E na le dikamore tse 3 le dibate tse 1 mme e fumaneha ka theko ya M 10,000. Tlotla ena e tshwanetse ho shejwa bakeng sa bareki ba batlang menyetla ya nnete Lesotho.",10000.0,LSL,Maseru,"Maseru, Arrival Center",Townhouse,3,1,"""[\""C:\\\\Users\\\\lepha\\\\Documents\\\\Codex\\\\2026-04-20-files-mentioned-by-the-user-group\\\\generated\\\\images\\\\live\\\\creativeproperties\\\\creative-rental-townhouse-in-arrival-centre\\\\image_1.png\"", \""C:\\\\Users\\\\lepha\\\\Documents\\\\Codex\\\\2026-04-20-files-mentioned-by-the-user-group\\\\generated\\\\images\\\\live\\\\creativeproperties\\\\creative-rental-townhouse-in-arrival-centre\\\\image_2.jpeg\"", \""C:\\\\Users\\\\lepha\\\\Documents\\\\Codex\\\\2026-04-20-files-mentioned-by-the-user-group\\\\generated\\\\images\\\\live\\\\creativeproperties\\\\creative-rental-townhouse-in-arrival-centre\\\\image_3.jpeg\"", \""C:\\\\Users\\\\lepha\\\\Documents\\\\Codex\\\\2026-04-20-files-mentioned-by-the-user-group\\\\generated\\\\images\\\\live\\\\creativeproperties\\\\creative-rental-townhouse-in-arrival-centre\\\\image_4.jpeg\"", \""C:\\\\Users\\\\lepha\\\\Documents\\\\Codex\\\\2026-04-20-files-mentioned-by-the-user-group\\\\generated\\\\images\\\\live\\\\creativeproperties\\\\creative-rental-townhouse-in-arrival-centre\\\\image_5.jpeg\""]""",https://creativeproperties.co.ls/properties/rental-townhouse-in-arrival-centre/,Good,Contemporary,Suburban,"""[\""yard\"", \""office-ready\"", \""furnished\""]""",rent
creative-duplex-for-office-space-only,creativeproperties,Duplex for Office Space Only!,Duplex Office Space to Let,"Thepa ena ya mofuta wa townhouse e fumaneha Mpilo. E na le dikamore tse 2 le dibate tse 1 mme e fumaneha ka theko ya M 8,000. Tlotla ena e tshwanetse ho shejwa bakeng sa bareki ba batlang menyetla ya nnete Lesotho.",8000.0,LSL,Mpilo,Mpilo,Townhouse,2,1,"""[\""C:\\\\Users\\\\lepha\\\\Documents\\\\Codex\\\\2026-04-20-files-mentioned-by-the-user-group\\\\generated\\\\images\\\\live\\\\creativeproperties\\\\creative-duplex-for-office-space-only\\\\image_1.png\"", \""C:\\\\Users\\\\lepha\\\\Documents\\\\Codex\\\\2026-04-20-files-mentioned-by-the-user-group\\\\generated\\\\images\\\\live\\\\creativeproperties\\\\creative-duplex-for-office-space-only\\\\image_2.jpeg\"", \""C:\\\\Users\\\\lepha\\\\Documents\\\\Codex\\\\2026-04-20-files-mentioned-by-the-user-group\\\\generated\\\\images\\\\live\\\\creativeproperties\\\\creative-duplex-for-office-space-only\\\\image_3.jpeg\"", \""C:\\\\Users\\\\lepha\\\\Documents\\\\Codex\\\\2026-04-20-files-mentioned-by-the-user-group\\\\generated\\\\images\\\\live\\\\creativeproperties\\\\creative-duplex-for-office-space-only\\\\image_4.jpeg\"", \""C:\\\\Users\\\\lepha\\\\Documents\\\\Codex\\\\2026-04-20-files-mentioned-by-the-user-group\\\\generated\\\\images\\\\live\\\\creativeproperties\\\\creative-duplex-for-office-space-only\\\\image_5.jpeg\""]""",https://creativeproperties.co.ls/properties/duplex-for-office-space-only/,Good,Contemporary,Suburban,"""[\""yard\"", \""office-ready\"", \""furnished\""]""",rent
creative-newly-renovated-home-for-rental,creativeproperties,Newly Renovated Home for Rental,Newly renovated home for rental,"Thepa ena ya mofuta wa house e fumaneha Hills View, Maseru, Hills View. E na le dikamore tse 3 le dibate tse 2 mme e fumaneha ka theko ya M 27,000. Tlotla ena e tshwanetse ho shejwa bakeng sa bareki ba batlang menyetla ya nnete Lesotho.",27000.0,LSL,Maseru,"Hills View, Maseru, Hills View",House,3,2,"""[\""C:\\\\Users\\\\lepha\\\\Documents\\\\Codex\\\\2026-04-20-files-mentioned-by-the-user-group\\\\generated\\\\images\\\\live\\\\creativeproperties\\\\creative-newly-renovated-home-for-rental\\\\image_1.png\"", \""C:\\\\Users\\\\lepha\\\\Documents\\\\Codex\\\\2026-04-20-files-mentioned-by-the-user-group\\\\generated\\\\images\\\\live\\\\creativeproperties\\\\creative-newly-renovated-home-for-rental\\\\image_2.jpeg\"", \""C:\\\\Users\\\\lepha\\\\Documents\\\\Codex\\\\2026-04-20-files-mentioned-by-the-user-group\\\\generated\\\\images\\\\live\\\\creativeproperties\\\\creative-newly-renovated-home-for-rental\\\\image_3.jpeg\"", \""C:\\\\Users\\\\lepha\\\\Documents\\\\Codex\\\\2026-04-20-files-mentioned-by-the-user-group\\\\generated\\\\images\\\\live\\\\creativeproperties\\\\creative-newly-renovated-home-for-rental\\\\image_4.jpeg\"", \""C:\\\\Users\\\\lepha\\\\Documents\\\\Codex\\\\2026-04-20-files-mentioned-by-the-user-group\\\\generated\\\\images\\\\live\\\\creativeproperties\\\\creative-newly-renovated-home-for-rental\\\\image_5.jpeg\""]""",https://creativeproperties.co.ls/properties/newly-renovated-home-for-rental/,New,Traditional,Hillside,"""[\""yard\"", \""furnished\""]""",rent
creative-new-housing-development-now-selling_under-construction,creativeproperties,New Housing Development Now Selling_Under Construction,Modern Contemporary Barn-Style Family Homes For Sale,"Thepa ena ya mofuta wa house e fumaneha Maseru, Lesia. E na le dikamore tse 3 le dibate tse 2 mme e fumaneha ka theko ya M 1,700,000. Tlotla ena e tshwanetse ho shejwa bakeng sa bareki ba batlang menyetla ya nnete Lesotho.",1700000.0,LSL,Maseru,"Maseru, Lesia",House,3,2,"""[\""C:\\\\Users\\\\lepha\\\\Documents\\\\Codex\\\\2026-04-20-files-mentioned-by-the-user-group\\\\generated\\\\images\\\\live\\\\creativeproperties\\\\creative-new-housing-development-now-selling_under-construction\\\\image_1.png\"", \""C:\\\\Users\\\\lepha\\\\Documents\\\\Codex\\\\2026-04-20-files-mentioned-by-the-user-group\\\\generated\\\\images\\\\live\\\\creativeproperties\\\\creative-new-housing-development-now-selling_under-construction\\\\image_2.jpeg\"", \""C:\\\\Users\\\\lepha\\\\Documents\\\\Codex\\\\2026-04-20-files-mentioned-by-the-user-group\\\\generated\\\\images\\\\live\\\\creativeproperties\\\\creative-new-housing-development-now-selling_under-construction\\\\image_3.jpeg\"", \""C:\\\\Users\\\\lepha\\\\Documents\\\\Codex\\\\2026-04-20-files-mentioned-by-the-user-group\\\\generated\\\\images\\\\live\\\\creativeproperties\\\\creative-new-housing-development-now-selling_under-construction\\\\image_4.jpeg\"", \""C:\\\\Users\\\\lepha\\\\Documents\\\\Codex\\\\2026-04-20-files-mentioned-by-the-user-group\\\\generated\\\\images\\\\live\\\\creativeproperties\\\\creative-new-housing-development-now-selling_under-construction\\\\image_5.jpeg\""]""",https://creativeproperties.co.ls/properties/new-housing-development-now-selling_under-construction/,New,Modern,Suburban,"""[\""yard\"", \""furnished\""]""",sale
creative-rental-home,creativeproperties,Rental Home,Beautiful Home for Rental,"Thepa ena ya mofuta wa house e fumaneha Maseru, Ha Matala. E na le dikamore tse 5 le dibate tse 4 mme e fumaneha ka theko ya M 15,000. Tlotla ena e tshwanetse ho shejwa bakeng sa bareki ba batlang menyetla ya nnete Lesotho.",15000.0,LSL,Maseru,"Maseru, Ha Matala",House,5,4,"""[\""C:\\\\Users\\\\lepha\\\\Documents\\\\Codex\\\\2026-04-20-files-mentioned-by-the-user-group\\\\generated\\\\images\\\\live\\\\creativeproperties\\\\creative-rental-home\\\\image_1.png\"", \""C:\\\\Users\\\\lepha\\\\Documents\\\\Codex\\\\2026-04-20-files-mentioned-by-the-user-group\\\\generated\\\\images\\\\live\\\\creativeproperties\\\\creative-rental-home\\\\image_2.jpeg\"", \""C:\\\\Users\\\\lepha\\\\Documents\\\\Codex\\\\2026-04-20-files-mentioned-by-the-user-group\\\\generated\\\\images\\\\live\\\\creativeproperties\\\\creative-rental-home\\\\image_3.jpeg\"", \""C:\\\\Users\\\\lepha\\\\Documents\\\\Codex\\\\2026-04-20-files-mentioned-by-the-user-group\\\\generated\\\\images\\\\live\\\\creativeproperties\\\\creative-rental-home\\\\image_4.jpeg\"", \""C:\\\\Users\\\\lepha\\\\Documents\\\\Codex\\\\2026-04-20-files-mentioned-by-the-user-group\\\\generated\\\\images\\\\live\\\\creativeproperties\\\\creative-rental-home\\\\image_5.jpeg\""]""",https://creativeproperties.co.ls/properties/rental-home/,Good,Traditional,Suburban,"""[\""yard\"", \""furnished\""]""",rent
creative-7251,creativeproperties,Rental Unit Arrival Centre,Rental Unit,"Thepa ena ya mofuta wa house e fumaneha Arrival Centre, Maseru, Arrival Center. E na le dikamore tse 2 le dibate tse 1 mme e fumaneha ka theko e sa hlaloswang. Tlotla ena e tshwanetse ho shejwa bakeng sa bareki ba batlang menyetla ya nnete Lesotho.",,LSL,Maseru,"Arrival Centre, Maseru, Arrival Center",House,2,1,"""[\""C:\\\\Users\\\\lepha\\\\Documents\\\\Codex\\\\2026-04-20-files-mentioned-by-the-user-group\\\\generated\\\\images\\\\live\\\\creativeproperties\\\\creative-7251\\\\image_1.png\"", \""C:\\\\Users\\\\lepha\\\\Documents\\\\Codex\\\\2026-04-20-files-mentioned-by-the-user-group\\\\generated\\\\images\\\\live\\\\creativeproperties\\\\creative-7251\\\\image_2.jpeg\"", \""C:\\\\Users\\\\lepha\\\\Documents\\\\Codex\\\\2026-04-20-files-mentioned-by-the-user-group\\\\generated\\\\images\\\\live\\\\creativeproperties\\\\creative-7251\\\\image_3.jpeg\"", \""C:\\\\Users\\\\lepha\\\\Documents\\\\Codex\\\\2026-04-20-files-mentioned-by-the-user-group\\\\generated\\\\images\\\\live\\\\creativeproperties\\\\creative-7251\\\\image_4.jpeg\"", \""C:\\\\Users\\\\lepha\\\\Documents\\\\Codex\\\\2026-04-20-files-mentioned-by-the-user-group\\\\generated\\\\images\\\\live\\\\creativeproperties\\\\creative-7251\\\\image_5.jpeg\""]""",https://creativeproperties.co.ls/properties/7251/,Good,Traditional,Suburban,"""[\""yard\"", \""furnished\""]""",rent
propmarket-55wgNg6vcMiZB1T01cRFN,propmarket,"2 Bedrooms, House","2 bedroom\nLounge\nDining \nKitchen with sink, bathroom with bathtub, \nToilet and basin located at Tsoapo le Bolila along tar road.","Thepa ena ya mofuta wa house e fumaneha Tsoapo Le Bolila, Maseru. E na le dikamore tse 2 le dibate tse 1 mme e fumaneha ka theko ya M 600,000. Tlotla ena e tshwanetse ho shejwa bakeng sa bareki ba batlang menyetla ya nnete Lesotho.",600000.0,LSL,Maseru,"Tsoapo Le Bolila, Maseru",House,2,1,"""[\""C:\\\\Users\\\\lepha\\\\Documents\\\\Codex\\\\2026-04-20-files-mentioned-by-the-user-group\\\\generated\\\\images\\\\live\\\\propmarket\\\\propmarket-55wgNg6vcMiZB1T01cRFN\\\\image_1.jpg\"", \""C:\\\\Users\\\\lepha\\\\Documents\\\\Codex\\\\2026-04-20-files-mentioned-by-the-user-group\\\\generated\\\\images\\\\live\\\\propmarket\\\\propmarket-55wgNg6vcMiZB1T01cRFN\\\\image_2.jpg\"", \""C:\\\\Users\\\\lepha\\\\Documents\\\\Codex\\\\2026-04-20-files-mentioned-by-the-user-group\\\\generated\\\\images\\\\live\\\\propmarket\\\\propmarket-55wgNg6vcMiZB1T01cRFN\\\\image_3.jpg\"", \""C:\\\\Users\\\\lepha\\\\Documents\\\\Codex\\\\2026-04-20-files-mentioned-by-the-user-group\\\\generated\\\\images\\\\live\\\\propmarket\\\\propmarket-55wgNg6vcMiZB1T01cRFN\\\\image_4.jpg\""]""",https://www.propmarket.co.ls/properties/55wgNg6vcMiZB1T01cRFN,Good,Traditional,Urban,"""[\""road access\"", \""tar road\"", \""bathtub\""]""",sale
propmarket--W_SCLUM4oeyqk-b1OnxZ,propmarket,"3 Bedrooms, House",Ha Foso \n3 minutes walk from main road\n3 bedroom \nDouble garage \n900 square meters\n,"Thepa ena ya mofuta wa house e fumaneha Ha Foso, Berea. E na le dikamore tse 3 le dibate tse 2 mme e fumaneha ka theko ya M 850,000. Tlotla ena e tshwanetse ho shejwa bakeng sa bareki ba batlang menyetla ya nnete Lesotho.",850000.0,LSL,Berea,"Ha Foso, Berea",House,3,2,"""[\""C:\\\\Users\\\\lepha\\\\Documents\\\\Codex\\\\2026-04-20-files-mentioned-by-the-user-group\\\\generated\\\\images\\\\live\\\\propmarket\\\\propmarket--W_SCLUM4oeyqk-b1OnxZ\\\\image_1.jpg\"", \""C:\\\\Users\\\\lepha\\\\Documents\\\\Codex\\\\2026-04-20-files-mentioned-by-the-user-group\\\\generated\\\\images\\\\live\\\\propmarket\\\\propmarket--W_SCLUM4oeyqk-b1OnxZ\\\\image_2.jpg\"", \""C:\\\\Users\\\\lepha\\\\Documents\\\\Codex\\\\2026-04-20-files-mentioned-by-the-user-group\\\\generated\\\\images\\\\live\\\\propmarket\\\\propmarket--W_SCLUM4oeyqk-b1OnxZ\\\\image_3.jpg\"", \""C:\\\\Users\\\\lepha\\\\Documents\\\\Codex\\\\2026-04-20-files-mentioned-by-the-user-group\\\\generated\\\\images\\\\live\\\\propmarket\\\\propmarket--W_SCLUM4oeyqk-b1OnxZ\\\\image_4.jpg\""]""",https://www.propmarket.co.ls/properties/-W_SCLUM4oeyqk-b1OnxZ,Good,Traditional,Suburban,"""[\""garage\"", \""road access\""]""",sale
propmarket-kPrkKpn3vWkkCZuvJ84Uv,propmarket,"4 Units, 2 Bedrooms, Duplex","4 duplex in the yard. Engoe le engoe ena le 5 rooms e leng sitting room, kitchen, 2 bedrooms and bathroom fitted.","Thepa ena ya mofuta wa townhouse e fumaneha Ha Matala, Maseru. E na le dikamore tse 2 le dibate tse 1 mme e fumaneha ka theko ya M 2,000,000. Tlotla ena e tshwanetse ho shejwa bakeng sa bareki ba batlang menyetla ya nnete Lesotho.",2000000.0,LSL,Maseru,"Ha Matala, Maseru",Townhouse,2,1,"""[\""C:\\\\Users\\\\lepha\\\\Documents\\\\Codex\\\\2026-04-20-files-mentioned-by-the-user-group\\\\generated\\\\images\\\\live\\\\propmarket\\\\propmarket-kPrkKpn3vWkkCZuvJ84Uv\\\\image_1.jpg\"", \""C:\\\\Users\\\\lepha\\\\Documents\\\\Codex\\\\2026-04-20-files-mentioned-by-the-user-group\\\\generated\\\\images\\\\live\\\\propmarket\\\\propmarket-kPrkKpn3vWkkCZuvJ84Uv\\\\image_2.jpg\"", \""C:\\\\Users\\\\lepha\\\\Documents\\\\Codex\\\\2026-04-20-files-mentioned-by-the-user-group\\\\generated\\\\images\\\\live\\\\propmarket\\\\propmarket-kPrkKpn3vWkkCZuvJ84Uv\\\\image_3.jpg\"", \""C:\\\\Users\\\\lepha\\\\Documents\\\\Codex\\\\2026-04-20-files-mentioned-by-the-user-group\\\\generated\\\\images\\\\live\\\\propmarket\\\\propmarket-kPrkKpn3vWkkCZuvJ84Uv\\\\image_4.jpg\""]""",https://www.propmarket.co.ls/properties/kPrkKpn3vWkkCZuvJ84Uv,Good,Family,Garden,"""[\""yard\""]""",sale
propmarket-oj_xuOc0uxThqwcxAWGEU,propmarket,Shopping Centre,"The shopping centre is located at Maseru South, with 100% Occupancy Rate.. It can be used as \n.Grocery shop\n.Offsales\n.Butchery\n.Pharmacy\n.Telephone/Computer Repair Shop\n.Botique Outlet\n.Fast Food outlet\n.\n\n","Thepa ena ya mofuta wa commercial e fumaneha Maseru South Village, Maseru. E na le sebaka sena le dibate tse 1 mme e fumaneha ka theko ya M 4,500,000. Tlotla ena e tshwanetse ho shejwa bakeng sa bareki ba batlang menyetla ya nnete Lesotho.",4500000.0,LSL,Maseru,"Maseru South Village, Maseru",Commercial,0,1,"""[\""C:\\\\Users\\\\lepha\\\\Documents\\\\Codex\\\\2026-04-20-files-mentioned-by-the-user-group\\\\generated\\\\images\\\\live\\\\propmarket\\\\propmarket-oj_xuOc0uxThqwcxAWGEU\\\\image_1.jpg\"", \""C:\\\\Users\\\\lepha\\\\Documents\\\\Codex\\\\2026-04-20-files-mentioned-by-the-user-group\\\\generated\\\\images\\\\live\\\\propmarket\\\\propmarket-oj_xuOc0uxThqwcxAWGEU\\\\image_2.jpg\"", \""C:\\\\Users\\\\lepha\\\\Documents\\\\Codex\\\\2026-04-20-files-mentioned-by-the-user-group\\\\generated\\\\images\\\\live\\\\propmarket\\\\propmarket-oj_xuOc0uxThqwcxAWGEU\\\\image_3.jpg\"", \""C:\\\\Users\\\\lepha\\\\Documents\\\\Codex\\\\2026-04-20-files-mentioned-by-the-user-group\\\\generated\\\\images\\\\live\\\\propmarket\\\\propmarket-oj_xuOc0uxThqwcxAWGEU\\\\image_4.jpg\""]""",https://www.propmarket.co.ls/properties/oj_xuOc0uxThqwcxAWGEU,Good,Contemporary,Urban,"""[]""",sale
propmarket-j7OKpdwoVzgjB5YPW6h7t,propmarket,"4 Bedrooms, House",This beautiful double story house is at Makhoakhoeng Ha Nnelese with just 2.6M,"Thepa ena ya mofuta wa house e fumaneha Makhoakhoeng, Maseru. E na le dikamore tse 4 le dibate tse 2 mme e fumaneha ka theko ya M 2,000,000. Tlotla ena e tshwanetse ho shejwa bakeng sa bareki ba batlang menyetla ya nnete Lesotho.",2000000.0,LSL,Maseru,"Makhoakhoeng, Maseru",House,4,2,"""[\""C:\\\\Users\\\\lepha\\\\Documents\\\\Codex\\\\2026-04-20-files-mentioned-by-the-user-group\\\\generated\\\\images\\\\live\\\\propmarket\\\\propmarket-j7OKpdwoVzgjB5YPW6h7t\\\\image_1.jpg\"", \""C:\\\\Users\\\\lepha\\\\Documents\\\\Codex\\\\2026-04-20-files-mentioned-by-the-user-group\\\\generated\\\\images\\\\live\\\\propmarket\\\\propmarket-j7OKpdwoVzgjB5YPW6h7t\\\\image_2.jpg\"", \""C:\\\\Users\\\\lepha\\\\Documents\\\\Codex\\\\2026-04-20-files-mentioned-by-the-user-group\\\\generated\\\\images\\\\live\\\\propmarket\\\\propmarket-j7OKpdwoVzgjB5YPW6h7t\\\\image_3.jpg\"", \""C:\\\\Users\\\\lepha\\\\Documents\\\\Codex\\\\2026-04-20-files-mentioned-by-the-user-group\\\\generated\\\\images\\\\live\\\\propmarket\\\\propmarket-j7OKpdwoVzgjB5YPW6h7t\\\\image_4.jpg\""]""",https://www.propmarket.co.ls/properties/j7OKpdwoVzgjB5YPW6h7t,Good,Traditional,Suburban,"""[]""",sale
propmarket-F4nO0XrUILj-vFaZTz-k3,propmarket,"3 Bedrooms, House","Welcome to this 3 bedroom house in Ha Lesia, e fana ka libedroom tse 3, bathroom tse 2 ,1 fitted with bathtub, shower head.\nSitting room, dining room, lease available, valuation report available, single garage, wall fencing, lockable gate","Thepa ena ya mofuta wa house e fumaneha Ha Lesia, Maseru. E na le dikamore tse 3 le dibate tse 2 mme e fumaneha ka theko ya M 1,700,000. Tlotla ena e tshwanetse ho shejwa bakeng sa bareki ba batlang menyetla ya nnete Lesotho.",1700000.0,LSL,Maseru,"Ha Lesia, Maseru",House,3,2,"""[\""C:\\\\Users\\\\lepha\\\\Documents\\\\Codex\\\\2026-04-20-files-mentioned-by-the-user-group\\\\generated\\\\images\\\\live\\\\propmarket\\\\propmarket-F4nO0XrUILj-vFaZTz-k3\\\\image_1.jpg\"", \""C:\\\\Users\\\\lepha\\\\Documents\\\\Codex\\\\2026-04-20-files-mentioned-by-the-user-group\\\\generated\\\\images\\\\live\\\\propmarket\\\\propmarket-F4nO0XrUILj-vFaZTz-k3\\\\image_2.jpg\"", \""C:\\\\Users\\\\lepha\\\\Documents\\\\Codex\\\\2026-04-20-files-mentioned-by-the-user-group\\\\generated\\\\images\\\\live\\\\propmarket\\\\propmarket-F4nO0XrUILj-vFaZTz-k3\\\\image_3.jpg\"", \""C:\\\\Users\\\\lepha\\\\Documents\\\\Codex\\\\2026-04-20-files-mentioned-by-the-user-group\\\\generated\\\\images\\\\live\\\\propmarket\\\\propmarket-F4nO0XrUILj-vFaZTz-k3\\\\image_4.jpg\""]""",https://www.propmarket.co.ls/properties/F4nO0XrUILj-vFaZTz-k3,Good,Traditional,Suburban,"""[\""garage\"", \""bathtub\"", \""shower\"", \""walled property\""]""",sale
propmarket-OIdYZElsdeDyv41F4x5il,propmarket,"3 Bedrooms, House",This three bedroomed house is in Thetsane West. It is fully fitted and furnished. It ia secured with a wall capped with electric wire and electric gate.,"Thepa ena ya mofuta wa house e fumaneha Thetsane West, Maseru. E na le dikamore tse 3 le dibate tse 3 mme e fumaneha ka theko ya M 25,000. Tlotla ena e tshwanetse ho shejwa bakeng sa bareki ba batlang menyetla ya nnete Lesotho.",25000.0,LSL,Maseru,"Thetsane West, Maseru",House,3,3,"""[\""C:\\\\Users\\\\lepha\\\\Documents\\\\Codex\\\\2026-04-20-files-mentioned-by-the-user-group\\\\generated\\\\images\\\\live\\\\propmarket\\\\propmarket-OIdYZElsdeDyv41F4x5il\\\\image_1.jpg\"", \""C:\\\\Users\\\\lepha\\\\Documents\\\\Codex\\\\2026-04-20-files-mentioned-by-the-user-group\\\\generated\\\\images\\\\live\\\\propmarket\\\\propmarket-OIdYZElsdeDyv41F4x5il\\\\image_2.jpg\"", \""C:\\\\Users\\\\lepha\\\\Documents\\\\Codex\\\\2026-04-20-files-mentioned-by-the-user-group\\\\generated\\\\images\\\\live\\\\propmarket\\\\propmarket-OIdYZElsdeDyv41F4x5il\\\\image_3.jpg\"", \""C:\\\\Users\\\\lepha\\\\Documents\\\\Codex\\\\2026-04-20-files-mentioned-by-the-user-group\\\\generated\\\\images\\\\live\\\\propmarket\\\\propmarket-OIdYZElsdeDyv41F4x5il\\\\image_4.jpg\""]""",https://www.propmarket.co.ls/properties/OIdYZElsdeDyv41F4x5il,Good,Traditional,Suburban,"""[\""furnished\"", \""walled property\""]""",rent
propmarket-0QFUac0OuPntEvs1dcaLz,propmarket,"2 Bedrooms, House",4 room house Qeme hHa Mohasoa. Form C e teng. Motlakase o teng le ona.,"Thepa ena ya mofuta wa house e fumaneha Ha Mohasoa, Maseru. E na le dikamore tse 2 le dibate tse 1 mme e fumaneha ka theko ya M 250,000. Tlotla ena e tshwanetse ho shejwa bakeng sa bareki ba batlang menyetla ya nnete Lesotho.",250000.0,LSL,Maseru,"Ha Mohasoa, Maseru",House,2,1,"""[\""C:\\\\Users\\\\lepha\\\\Documents\\\\Codex\\\\2026-04-20-files-mentioned-by-the-user-group\\\\generated\\\\images\\\\live\\\\propmarket\\\\propmarket-0QFUac0OuPntEvs1dcaLz\\\\image_1.jpg\""]""",https://www.propmarket.co.ls/properties/0QFUac0OuPntEvs1dcaLz,Good,Traditional,Suburban,"""[]""",sale
propmarket-R1EHwI39jo3u1vRoZT8zr,propmarket,"4 Bedrooms, House",4 Fully fitted bedrooms with master ensuite.\nseparate bathroom\nfitted kitchen\nlounge\ndining\ngarage\nspace for extension \nideal for both office and residential,"Thepa ena ya mofuta wa house e fumaneha Lower Thetsane, Maseru. E na le dikamore tse 4 le dibate tse 1 mme e fumaneha ka theko ya M 3,400,000. Tlotla ena e tshwanetse ho shejwa bakeng sa bareki ba batlang menyetla ya nnete Lesotho.",3400000.0,LSL,Maseru,"Lower Thetsane, Maseru",House,4,1,"""[\""C:\\\\Users\\\\lepha\\\\Documents\\\\Codex\\\\2026-04-20-files-mentioned-by-the-user-group\\\\generated\\\\images\\\\live\\\\propmarket\\\\propmarket-R1EHwI39jo3u1vRoZT8zr\\\\image_1.jpg\"", \""C:\\\\Users\\\\lepha\\\\Documents\\\\Codex\\\\2026-04-20-files-mentioned-by-the-user-group\\\\generated\\\\images\\\\live\\\\propmarket\\\\propmarket-R1EHwI39jo3u1vRoZT8zr\\\\image_2.jpg\"", \""C:\\\\Users\\\\lepha\\\\Documents\\\\Codex\\\\2026-04-20-files-mentioned-by-the-user-group\\\\generated\\\\images\\\\live\\\\propmarket\\\\propmarket-R1EHwI39jo3u1vRoZT8zr\\\\image_3.jpg\"", \""C:\\\\Users\\\\lepha\\\\Documents\\\\Codex\\\\2026-04-20-files-mentioned-by-the-user-group\\\\generated\\\\images\\\\live\\\\propmarket\\\\propmarket-R1EHwI39jo3u1vRoZT8zr\\\\image_4.jpg\""]""",https://www.propmarket.co.ls/properties/R1EHwI39jo3u1vRoZT8zr,Good,Contemporary,Suburban,"""[\""garage\"", \""office-ready\""]""",sale
propmarket-I49JRUkwwGMgsdO6f8JMf,propmarket,Village Shopping Complex,This vilage shopping complex is at Ha-Foso Lema with 4 units.,"Thepa ena ya mofuta wa commercial e fumaneha Ha Foso, Berea. E na le sebaka sena le dibate tse 1 mme e fumaneha ka theko ya M 1,500,000. Tlotla ena e tshwanetse ho shejwa bakeng sa bareki ba batlang menyetla ya nnete Lesotho.",1500000.0,LSL,Berea,"Ha Foso, Berea",Commercial,0,1,"""[\""C:\\\\Users\\\\lepha\\\\Documents\\\\Codex\\\\2026-04-20-files-mentioned-by-the-user-group\\\\generated\\\\images\\\\live\\\\propmarket\\\\propmarket-I49JRUkwwGMgsdO6f8JMf\\\\image_1.jpg\"", \""C:\\\\Users\\\\lepha\\\\Documents\\\\Codex\\\\2026-04-20-files-mentioned-by-the-user-group\\\\generated\\\\images\\\\live\\\\propmarket\\\\propmarket-I49JRUkwwGMgsdO6f8JMf\\\\image_2.jpg\"", \""C:\\\\Users\\\\lepha\\\\Documents\\\\Codex\\\\2026-04-20-files-mentioned-by-the-user-group\\\\generated\\\\images\\\\live\\\\propmarket\\\\propmarket-I49JRUkwwGMgsdO6f8JMf\\\\image_3.jpg\"", \""C:\\\\Users\\\\lepha\\\\Documents\\\\Codex\\\\2026-04-20-files-mentioned-by-the-user-group\\\\generated\\\\images\\\\live\\\\propmarket\\\\propmarket-I49JRUkwwGMgsdO6f8JMf\\\\image_4.jpg\""]""",https://www.propmarket.co.ls/properties/I49JRUkwwGMgsdO6f8JMf,Good,Contemporary,Urban,"""[]""",sale
propmarket-4Jzf7HXyRaHeAHAkf22QO,propmarket,"3 Bedrooms, House","3 bedroom house in Lithabaneng, 2 bathrooms","Thepa ena ya mofuta wa house e fumaneha Lithabaneng, Maseru. E na le dikamore tse 3 le dibate tse 2 mme e fumaneha ka theko ya M 1,200,000. Tlotla ena e tshwanetse ho shejwa bakeng sa bareki ba batlang menyetla ya nnete Lesotho.",1200000.0,LSL,Maseru,"Lithabaneng, Maseru",House,3,2,"""[\""C:\\\\Users\\\\lepha\\\\Documents\\\\Codex\\\\2026-04-20-files-mentioned-by-the-user-group\\\\generated\\\\images\\\\live\\\\propmarket\\\\propmarket-4Jzf7HXyRaHeAHAkf22QO\\\\image_1.jpg\""]""",https://www.propmarket.co.ls/properties/4Jzf7HXyRaHeAHAkf22QO,Good,Traditional,Suburban,"""[]""",sale
propmarket-N1X4WI2f98bpGHq_NFisR,propmarket,"3 Bedrooms, House","This is a double story, three roomed house at Ha Pena pena opposite Green City .It is fully fitted at 2m. It has a very tight security.","Thepa ena ya mofuta wa house e fumaneha Matebeleng (ha Penapena), Maseru. E na le dikamore tse 3 le dibate tse 2 mme e fumaneha ka theko ya M 2,000,000. Tlotla ena e tshwanetse ho shejwa bakeng sa bareki ba batlang menyetla ya nnete Lesotho.",2000000.0,LSL,Maseru,"Matebeleng (ha Penapena), Maseru",House,3,2,"""[\""C:\\\\Users\\\\lepha\\\\Documents\\\\Codex\\\\2026-04-20-files-mentioned-by-the-user-group\\\\generated\\\\images\\\\live\\\\propmarket\\\\propmarket-N1X4WI2f98bpGHq_NFisR\\\\image_1.jpg\"", \""C:\\\\Users\\\\lepha\\\\Documents\\\\Codex\\\\2026-04-20-files-mentioned-by-the-user-group\\\\generated\\\\images\\\\live\\\\propmarket\\\\propmarket-N1X4WI2f98bpGHq_NFisR\\\\image_2.jpg\"", \""C:\\\\Users\\\\lepha\\\\Documents\\\\Codex\\\\2026-04-20-files-mentioned-by-the-user-group\\\\generated\\\\images\\\\live\\\\propmarket\\\\propmarket-N1X4WI2f98bpGHq_NFisR\\\\image_3.jpg\"", \""C:\\\\Users\\\\lepha\\\\Documents\\\\Codex\\\\2026-04-20-files-mentioned-by-the-user-group\\\\generated\\\\images\\\\live\\\\propmarket\\\\propmarket-N1X4WI2f98bpGHq_NFisR\\\\image_4.jpg\""]""",https://www.propmarket.co.ls/properties/N1X4WI2f98bpGHq_NFisR,Good,Traditional,Urban,"""[\""security\""]""",sale
propmarket-XG8eL6O2ivKvbk3Mo9gPE,propmarket,"4 Bedrooms, House","This house is in Maseru Happy Villa and under\nconstruction, has 4 bedrooms with 4 ensuites and built-in closet. It also has open Lounge, Dinning room, kitchen and Sculler, one office or study room, a gym, double garage, guest toilet, a storeroom, a toilet for housemate, concrete patio, Swarland, aluminium windows and doors and wooden doors..floor area is 457sm.....at a total price of 6.35m","Thepa ena ya mofuta wa house e fumaneha Happy Villa, Maseru. E na le dikamore tse 4 le dibate tse 4 mme e fumaneha ka theko ya M 6,350,000. Tlotla ena e tshwanetse ho shejwa bakeng sa bareki ba batlang menyetla ya nnete Lesotho.",6350000.0,LSL,Maseru,"Happy Villa, Maseru",House,4,4,"""[\""C:\\\\Users\\\\lepha\\\\Documents\\\\Codex\\\\2026-04-20-files-mentioned-by-the-user-group\\\\generated\\\\images\\\\live\\\\propmarket\\\\propmarket-XG8eL6O2ivKvbk3Mo9gPE\\\\image_1.jpg\""]""",https://www.propmarket.co.ls/properties/XG8eL6O2ivKvbk3Mo9gPE,Good,Contemporary,Suburban,"""[\""garage\"", \""office-ready\""]""",sale
propmarket-cLapWASFVCs_QIY5vAVMY,propmarket,"3 Bedrooms, House",3 bedrooms \nTshifalimali \n5 minutes from tar road,"Thepa ena ya mofuta wa house e fumaneha Hlotse, Leribe. E na le dikamore tse 3 le dibate tse 2 mme e fumaneha ka theko ya M 950,000. Tlotla ena e tshwanetse ho shejwa bakeng sa bareki ba batlang menyetla ya nnete Lesotho.",950000.0,LSL,Leribe,"Hlotse, Leribe",House,3,2,"""[\""C:\\\\Users\\\\lepha\\\\Documents\\\\Codex\\\\2026-04-20-files-mentioned-by-the-user-group\\\\generated\\\\images\\\\live\\\\propmarket\\\\propmarket-cLapWASFVCs_QIY5vAVMY\\\\image_1.jpg\"", \""C:\\\\Users\\\\lepha\\\\Documents\\\\Codex\\\\2026-04-20-files-mentioned-by-the-user-group\\\\generated\\\\images\\\\live\\\\propmarket\\\\propmarket-cLapWASFVCs_QIY5vAVMY\\\\image_2.jpg\"", \""C:\\\\Users\\\\lepha\\\\Documents\\\\Codex\\\\2026-04-20-files-mentioned-by-the-user-group\\\\generated\\\\images\\\\live\\\\propmarket\\\\propmarket-cLapWASFVCs_QIY5vAVMY\\\\image_3.jpg\""]""",https://www.propmarket.co.ls/properties/cLapWASFVCs_QIY5vAVMY,Good,Traditional,Urban,"""[\""road access\"", \""tar road\""]""",sale
propmarket-Kk-pPDDSfjGKue_CCyHb7,propmarket,"3 Bedrooms, House",E bedrooms \nWater and electricity available,"Thepa ena ya mofuta wa house e fumaneha Masowe Iii, Maseru. E na le dikamore tse 3 le dibate tse 2 mme e fumaneha ka theko ya M 1,200,000. Tlotla ena e tshwanetse ho shejwa bakeng sa bareki ba batlang menyetla ya nnete Lesotho.",1200000.0,LSL,Maseru,"Masowe Iii, Maseru",House,3,2,"""[\""C:\\\\Users\\\\lepha\\\\Documents\\\\Codex\\\\2026-04-20-files-mentioned-by-the-user-group\\\\generated\\\\images\\\\live\\\\propmarket\\\\propmarket-Kk-pPDDSfjGKue_CCyHb7\\\\image_1.jpg\"", \""C:\\\\Users\\\\lepha\\\\Documents\\\\Codex\\\\2026-04-20-files-mentioned-by-the-user-group\\\\generated\\\\images\\\\live\\\\propmarket\\\\propmarket-Kk-pPDDSfjGKue_CCyHb7\\\\image_2.jpg\"", \""C:\\\\Users\\\\lepha\\\\Documents\\\\Codex\\\\2026-04-20-files-mentioned-by-the-user-group\\\\generated\\\\images\\\\live\\\\propmarket\\\\propmarket-Kk-pPDDSfjGKue_CCyHb7\\\\image_3.jpg\""]""",https://www.propmarket.co.ls/properties/Kk-pPDDSfjGKue_CCyHb7,Good,Traditional,Urban,"""[\""water connection\"", \""electricity\""]""",sale
propmarket-Vvj9IHQrQiaAykI1bpxTi,propmarket,Site,"This beautiful site is at Thetsane West with 588 sqm, it has exellent neighbourhood,exellent view, has a lease at just 600k.","Thepa ena ya mofuta wa site e fumaneha Thetsane West, Maseru. E na le sebaka sena mme e fumaneha ka theko ya M 600,000. Tlotla ena e tshwanetse ho shejwa bakeng sa bareki ba batlang menyetla ya nnete Lesotho.",600000.0,LSL,Maseru,"Thetsane West, Maseru",Site,0,0,"""[\""C:\\\\Users\\\\lepha\\\\Documents\\\\Codex\\\\2026-04-20-files-mentioned-by-the-user-group\\\\generated\\\\images\\\\live\\\\propmarket\\\\propmarket-Vvj9IHQrQiaAykI1bpxTi\\\\image_1.jpg\"", \""C:\\\\Users\\\\lepha\\\\Documents\\\\Codex\\\\2026-04-20-files-mentioned-by-the-user-group\\\\generated\\\\images\\\\live\\\\propmarket\\\\propmarket-Vvj9IHQrQiaAykI1bpxTi\\\\image_2.jpg\"", \""C:\\\\Users\\\\lepha\\\\Documents\\\\Codex\\\\2026-04-20-files-mentioned-by-the-user-group\\\\generated\\\\images\\\\live\\\\propmarket\\\\propmarket-Vvj9IHQrQiaAykI1bpxTi\\\\image_3.jpg\"", \""C:\\\\Users\\\\lepha\\\\Documents\\\\Codex\\\\2026-04-20-files-mentioned-by-the-user-group\\\\generated\\\\images\\\\live\\\\propmarket\\\\propmarket-Vvj9IHQrQiaAykI1bpxTi\\\\image_4.jpg\""]""",https://www.propmarket.co.ls/properties/Vvj9IHQrQiaAykI1bpxTi,Good,Traditional,Hillside,"""[]""",sale
propmarket-Xm4gDdTjpEarJdVGwcklo,propmarket,Shopo,This is a very big site in Nazareth before you reach the garage.. there is a shop and a bar at 450k and the price is negotiable..,"Thepa ena ya mofuta wa site e fumaneha Nazareth, Maseru. E na le sebaka sena mme e fumaneha ka theko ya M 450,000. Tlotla ena e tshwanetse ho shejwa bakeng sa bareki ba batlang menyetla ya nnete Lesotho.",450000.0,LSL,Maseru,"Nazareth, Maseru",Site,0,0,"""[\""C:\\\\Users\\\\lepha\\\\Documents\\\\Codex\\\\2026-04-20-files-mentioned-by-the-user-group\\\\generated\\\\images\\\\live\\\\propmarket\\\\propmarket-Xm4gDdTjpEarJdVGwcklo\\\\image_1.jpg\"", \""C:\\\\Users\\\\lepha\\\\Documents\\\\Codex\\\\2026-04-20-files-mentioned-by-the-user-group\\\\generated\\\\images\\\\live\\\\propmarket\\\\propmarket-Xm4gDdTjpEarJdVGwcklo\\\\image_2.jpg\"", \""C:\\\\Users\\\\lepha\\\\Documents\\\\Codex\\\\2026-04-20-files-mentioned-by-the-user-group\\\\generated\\\\images\\\\live\\\\propmarket\\\\propmarket-Xm4gDdTjpEarJdVGwcklo\\\\image_3.jpg\"", \""C:\\\\Users\\\\lepha\\\\Documents\\\\Codex\\\\2026-04-20-files-mentioned-by-the-user-group\\\\generated\\\\images\\\\live\\\\propmarket\\\\propmarket-Xm4gDdTjpEarJdVGwcklo\\\\image_4.jpg\""]""",https://www.propmarket.co.ls/properties/Xm4gDdTjpEarJdVGwcklo,Good,Contemporary,Urban,"""[\""garage\""]""",sale
propmarket-N_p5Bxk0pWrJ0ZwkMnuiG,propmarket,"3 Bedrooms, House",Good news 🌞\nA BEAUTIFUL HOUSE is For Sale masowe 4. Listed at 3.5M. \n3bedroomed (1 masterbedroom with ensuite)\n2 bathrooms\nPrivate toilet\nLounge\nPrivate lounge\nBuilt-in Kitchen\nFitted bedroom\nScullery\nDouble garage\nAutomated gate\nG4S security system\n19x 40 site\nGood neighbourhood \n3min from the road(Masowe 4) call: 69441833/58815922,"Thepa ena ya mofuta wa house e fumaneha Masowe Iii, Maseru. E na le dikamore tse 3 le dibate tse 1 mme e fumaneha ka theko ya M 3,500,000. Tlotla ena e tshwanetse ho shejwa bakeng sa bareki ba batlang menyetla ya nnete Lesotho.",3500000.0,LSL,Maseru,"Masowe Iii, Maseru",House,3,1,"""[\""C:\\\\Users\\\\lepha\\\\Documents\\\\Codex\\\\2026-04-20-files-mentioned-by-the-user-group\\\\generated\\\\images\\\\live\\\\propmarket\\\\propmarket-N_p5Bxk0pWrJ0ZwkMnuiG\\\\image_1.jpg\"", \""C:\\\\Users\\\\lepha\\\\Documents\\\\Codex\\\\2026-04-20-files-mentioned-by-the-user-group\\\\generated\\\\images\\\\live\\\\propmarket\\\\propmarket-N_p5Bxk0pWrJ0ZwkMnuiG\\\\image_2.jpg\"", \""C:\\\\Users\\\\lepha\\\\Documents\\\\Codex\\\\2026-04-20-files-mentioned-by-the-user-group\\\\generated\\\\images\\\\live\\\\propmarket\\\\propmarket-N_p5Bxk0pWrJ0ZwkMnuiG\\\\image_3.jpg\"", \""C:\\\\Users\\\\lepha\\\\Documents\\\\Codex\\\\2026-04-20-files-mentioned-by-the-user-group\\\\generated\\\\images\\\\live\\\\propmarket\\\\propmarket-N_p5Bxk0pWrJ0ZwkMnuiG\\\\image_4.jpg\""]""",https://www.propmarket.co.ls/properties/N_p5Bxk0pWrJ0ZwkMnuiG,New,Traditional,Suburban,"""[\""garage\"", \""road access\"", \""security\""]""",sale
propmarket-cMZbiTkolMW4BED2Igjd2,propmarket,"3 Bedrooms, House","A finished house for sale at Ha Matala Phase 2, Maseru along the tarred road sitting on 546 square meter, plot 3 bedrooms all fitted with cupboards, 2 bathrooms with master bedroom ensuite, guest toilet, kitchen, dining room, and lounge open plan, double garage, with automated doors, a detached laundry, servants quarters with toilet,2 gates of which 1 is automated, yard surroundings, paved.","Thepa ena ya mofuta wa house e fumaneha Ha Matala, Maseru. E na le dikamore tse 3 le dibate tse 2 mme e fumaneha ka theko ya M 2,500,000. Tlotla ena e tshwanetse ho shejwa bakeng sa bareki ba batlang menyetla ya nnete Lesotho.",2500000.0,LSL,Maseru,"Ha Matala, Maseru",House,3,2,"""[\""C:\\\\Users\\\\lepha\\\\Documents\\\\Codex\\\\2026-04-20-files-mentioned-by-the-user-group\\\\generated\\\\images\\\\live\\\\propmarket\\\\propmarket-cMZbiTkolMW4BED2Igjd2\\\\image_1.jpg\"", \""C:\\\\Users\\\\lepha\\\\Documents\\\\Codex\\\\2026-04-20-files-mentioned-by-the-user-group\\\\generated\\\\images\\\\live\\\\propmarket\\\\propmarket-cMZbiTkolMW4BED2Igjd2\\\\image_2.jpg\"", \""C:\\\\Users\\\\lepha\\\\Documents\\\\Codex\\\\2026-04-20-files-mentioned-by-the-user-group\\\\generated\\\\images\\\\live\\\\propmarket\\\\propmarket-cMZbiTkolMW4BED2Igjd2\\\\image_3.jpg\"", \""C:\\\\Users\\\\lepha\\\\Documents\\\\Codex\\\\2026-04-20-files-mentioned-by-the-user-group\\\\generated\\\\images\\\\live\\\\propmarket\\\\propmarket-cMZbiTkolMW4BED2Igjd2\\\\image_4.jpg\""]""",https://www.propmarket.co.ls/properties/cMZbiTkolMW4BED2Igjd2,Good,Family,Garden,"""[\""garage\"", \""yard\"", \""road access\"", \""tar road\""]""",sale
propmarket-tlOHVm7MK5jPwM8GrnZzU,propmarket,"2 Bedrooms, House","This beautiful house has 2 bedrooms, it is in Green City Maseru.. It is well furnished and fitted.","Thepa ena ya mofuta wa house e fumaneha Matebeleng (ha Penapena), Maseru. E na le dikamore tse 2 le dibate tse 2 mme e fumaneha ka theko ya M 1,250,000. Tlotla ena e tshwanetse ho shejwa bakeng sa bareki ba batlang menyetla ya nnete Lesotho.",1250000.0,LSL,Maseru,"Matebeleng (ha Penapena), Maseru",House,2,2,"""[\""C:\\\\Users\\\\lepha\\\\Documents\\\\Codex\\\\2026-04-20-files-mentioned-by-the-user-group\\\\generated\\\\images\\\\live\\\\propmarket\\\\propmarket-tlOHVm7MK5jPwM8GrnZzU\\\\image_1.jpg\"", \""C:\\\\Users\\\\lepha\\\\Documents\\\\Codex\\\\2026-04-20-files-mentioned-by-the-user-group\\\\generated\\\\images\\\\live\\\\propmarket\\\\propmarket-tlOHVm7MK5jPwM8GrnZzU\\\\image_2.jpg\"", \""C:\\\\Users\\\\lepha\\\\Documents\\\\Codex\\\\2026-04-20-files-mentioned-by-the-user-group\\\\generated\\\\images\\\\live\\\\propmarket\\\\propmarket-tlOHVm7MK5jPwM8GrnZzU\\\\image_3.jpg\"", \""C:\\\\Users\\\\lepha\\\\Documents\\\\Codex\\\\2026-04-20-files-mentioned-by-the-user-group\\\\generated\\\\images\\\\live\\\\propmarket\\\\propmarket-tlOHVm7MK5jPwM8GrnZzU\\\\image_4.jpg\"", \""C:\\\\Users\\\\lepha\\\\Documents\\\\Codex\\\\2026-04-20-files-mentioned-by-the-user-group\\\\generated\\\\images\\\\live\\\\propmarket\\\\propmarket-tlOHVm7MK5jPwM8GrnZzU\\\\image_5.jpg\""]""",https://www.propmarket.co.ls/properties/tlOHVm7MK5jPwM8GrnZzU,Good,Traditional,Urban,"""[\""furnished\""]""",sale
propmarket-TAauZyw_XaAMTcDGOCVox,propmarket,"3 Bedrooms, House",This well fitted and furnished house is at Green City Maseru at just 2.2m.,"Thepa ena ya mofuta wa house e fumaneha Matebeleng (ha Penapena), Maseru. E na le dikamore tse 3 le dibate tse 2 mme e fumaneha ka theko ya M 2,200,000. Tlotla ena e tshwanetse ho shejwa bakeng sa bareki ba batlang menyetla ya nnete Lesotho.",2200000.0,LSL,Maseru,"Matebeleng (ha Penapena), Maseru",House,3,2,"""[\""C:\\\\Users\\\\lepha\\\\Documents\\\\Codex\\\\2026-04-20-files-mentioned-by-the-user-group\\\\generated\\\\images\\\\live\\\\propmarket\\\\propmarket-TAauZyw_XaAMTcDGOCVox\\\\image_1.jpg\"", \""C:\\\\Users\\\\lepha\\\\Documents\\\\Codex\\\\2026-04-20-files-mentioned-by-the-user-group\\\\generated\\\\images\\\\live\\\\propmarket\\\\propmarket-TAauZyw_XaAMTcDGOCVox\\\\image_2.jpg\"", \""C:\\\\Users\\\\lepha\\\\Documents\\\\Codex\\\\2026-04-20-files-mentioned-by-the-user-group\\\\generated\\\\images\\\\live\\\\propmarket\\\\propmarket-TAauZyw_XaAMTcDGOCVox\\\\image_3.jpg\"", \""C:\\\\Users\\\\lepha\\\\Documents\\\\Codex\\\\2026-04-20-files-mentioned-by-the-user-group\\\\generated\\\\images\\\\live\\\\propmarket\\\\propmarket-TAauZyw_XaAMTcDGOCVox\\\\image_4.jpg\"", \""C:\\\\Users\\\\lepha\\\\Documents\\\\Codex\\\\2026-04-20-files-mentioned-by-the-user-group\\\\generated\\\\images\\\\live\\\\propmarket\\\\propmarket-TAauZyw_XaAMTcDGOCVox\\\\image_5.jpg\""]""",https://www.propmarket.co.ls/properties/TAauZyw_XaAMTcDGOCVox,Good,Traditional,Urban,"""[\""furnished\""]""",sale
propmarket-yDtmjWG-Q-xKbELGv4J8E,propmarket,"3 Bedrooms, House","This beautiful 8room house is at Masianokeng Lower Motloheloa, it has a lease. It has 3 bedrooms, 2 bathrooms 1 ensuite with walk-in closet, fitted kitchen, lounge with fireplace, double garage, house area(234sqm), the site area being 1115sqm.. it is 5 min from the main road.","Thepa ena ya mofuta wa house e fumaneha Ha Motloheloa, Maseru. E na le dikamore tse 3 le dibate tse 2 mme e fumaneha ka theko ya M 1,330,000. Tlotla ena e tshwanetse ho shejwa bakeng sa bareki ba batlang menyetla ya nnete Lesotho.",1330000.0,LSL,Maseru,"Ha Motloheloa, Maseru",House,3,2,"""[\""C:\\\\Users\\\\lepha\\\\Documents\\\\Codex\\\\2026-04-20-files-mentioned-by-the-user-group\\\\generated\\\\images\\\\live\\\\propmarket\\\\propmarket-yDtmjWG-Q-xKbELGv4J8E\\\\image_1.jpg\"", \""C:\\\\Users\\\\lepha\\\\Documents\\\\Codex\\\\2026-04-20-files-mentioned-by-the-user-group\\\\generated\\\\images\\\\live\\\\propmarket\\\\propmarket-yDtmjWG-Q-xKbELGv4J8E\\\\image_2.jpg\"", \""C:\\\\Users\\\\lepha\\\\Documents\\\\Codex\\\\2026-04-20-files-mentioned-by-the-user-group\\\\generated\\\\images\\\\live\\\\propmarket\\\\propmarket-yDtmjWG-Q-xKbELGv4J8E\\\\image_3.jpg\"", \""C:\\\\Users\\\\lepha\\\\Documents\\\\Codex\\\\2026-04-20-files-mentioned-by-the-user-group\\\\generated\\\\images\\\\live\\\\propmarket\\\\propmarket-yDtmjWG-Q-xKbELGv4J8E\\\\image_4.jpg\"", \""C:\\\\Users\\\\lepha\\\\Documents\\\\Codex\\\\2026-04-20-files-mentioned-by-the-user-group\\\\generated\\\\images\\\\live\\\\propmarket\\\\propmarket-yDtmjWG-Q-xKbELGv4J8E\\\\image_5.jpg\""]""",https://www.propmarket.co.ls/properties/yDtmjWG-Q-xKbELGv4J8E,Good,Traditional,Suburban,"""[\""garage\"", \""road access\""]""",sale
propmarket-24W37YfaY3ZCq1jfnZaik,propmarket,"4 Bedrooms, House","This double storey property is located at Sea-Point, Maseru about 5min from the road.\n\nIt has a big leased site of 1,299sqm and 11 spacious rooms.\n\nIt may be appropriated for either residential and/or commercial purposes as deemed fitting by the new owner.","Thepa ena ya mofuta wa house e fumaneha Sea Point, Maseru. E na le dikamore tse 4 le dibate tse 3 mme e fumaneha ka theko ya M 2,300,000. Tlotla ena e tshwanetse ho shejwa bakeng sa bareki ba batlang menyetla ya nnete Lesotho.",2300000.0,LSL,Maseru,"Sea Point, Maseru",House,4,3,"""[\""C:\\\\Users\\\\lepha\\\\Documents\\\\Codex\\\\2026-04-20-files-mentioned-by-the-user-group\\\\generated\\\\images\\\\live\\\\propmarket\\\\propmarket-24W37YfaY3ZCq1jfnZaik\\\\image_1.jpg\"", \""C:\\\\Users\\\\lepha\\\\Documents\\\\Codex\\\\2026-04-20-files-mentioned-by-the-user-group\\\\generated\\\\images\\\\live\\\\propmarket\\\\propmarket-24W37YfaY3ZCq1jfnZaik\\\\image_2.jpg\"", \""C:\\\\Users\\\\lepha\\\\Documents\\\\Codex\\\\2026-04-20-files-mentioned-by-the-user-group\\\\generated\\\\images\\\\live\\\\propmarket\\\\propmarket-24W37YfaY3ZCq1jfnZaik\\\\image_3.jpg\"", \""C:\\\\Users\\\\lepha\\\\Documents\\\\Codex\\\\2026-04-20-files-mentioned-by-the-user-group\\\\generated\\\\images\\\\live\\\\propmarket\\\\propmarket-24W37YfaY3ZCq1jfnZaik\\\\image_4.jpg\"", \""C:\\\\Users\\\\lepha\\\\Documents\\\\Codex\\\\2026-04-20-files-mentioned-by-the-user-group\\\\generated\\\\images\\\\live\\\\propmarket\\\\propmarket-24W37YfaY3ZCq1jfnZaik\\\\image_5.jpg\""]""",https://www.propmarket.co.ls/properties/24W37YfaY3ZCq1jfnZaik,New,Family,Suburban,"""[\""road access\""]""",sale
propmarket-Tc6ZRjEuTnPYdBTEdSG6M,propmarket,"2 Bedrooms, House","Located at Koalabata, \nIt is a beautiful house 5 roomed house with big site of 22 by 30m. It has a very neat interior with a ceramic and laminate flooring, as well as a fitted bathroom.","Thepa ena ya mofuta wa house e fumaneha Koalabata, Berea. E na le dikamore tse 2 le dibate tse 1 mme e fumaneha ka theko ya M 400,000. Tlotla ena e tshwanetse ho shejwa bakeng sa bareki ba batlang menyetla ya nnete Lesotho.",400000.0,LSL,Berea,"Koalabata, Berea",House,2,1,"""[\""C:\\\\Users\\\\lepha\\\\Documents\\\\Codex\\\\2026-04-20-files-mentioned-by-the-user-group\\\\generated\\\\images\\\\live\\\\propmarket\\\\propmarket-Tc6ZRjEuTnPYdBTEdSG6M\\\\image_1.jpg\"", \""C:\\\\Users\\\\lepha\\\\Documents\\\\Codex\\\\2026-04-20-files-mentioned-by-the-user-group\\\\generated\\\\images\\\\live\\\\propmarket\\\\propmarket-Tc6ZRjEuTnPYdBTEdSG6M\\\\image_2.jpg\"", \""C:\\\\Users\\\\lepha\\\\Documents\\\\Codex\\\\2026-04-20-files-mentioned-by-the-user-group\\\\generated\\\\images\\\\live\\\\propmarket\\\\propmarket-Tc6ZRjEuTnPYdBTEdSG6M\\\\image_3.jpg\"", \""C:\\\\Users\\\\lepha\\\\Documents\\\\Codex\\\\2026-04-20-files-mentioned-by-the-user-group\\\\generated\\\\images\\\\live\\\\propmarket\\\\propmarket-Tc6ZRjEuTnPYdBTEdSG6M\\\\image_4.jpg\"", \""C:\\\\Users\\\\lepha\\\\Documents\\\\Codex\\\\2026-04-20-files-mentioned-by-the-user-group\\\\generated\\\\images\\\\live\\\\propmarket\\\\propmarket-Tc6ZRjEuTnPYdBTEdSG6M\\\\image_5.jpg\""]""",https://www.propmarket.co.ls/properties/Tc6ZRjEuTnPYdBTEdSG6M,Good,Traditional,Suburban,"""[]""",sale
propmarket-8uq5URIlKh88PsVzl_XGq,propmarket,"8 Units, Malaene","we have this property in T.Y with a lease, electricity, toilet, ceiling, burglar doors and windows with the price 350k, and the price is negotiable..","Thepa ena ya mofuta wa house e fumaneha Teyateyaneng, Berea. E na le dikamore tse 2 le dibate tse 1 mme e fumaneha ka theko ya M 350,000. Tlotla ena e tshwanetse ho shejwa bakeng sa bareki ba batlang menyetla ya nnete Lesotho.",350000.0,LSL,Berea,"Teyateyaneng, Berea",House,2,1,"""[\""C:\\\\Users\\\\lepha\\\\Documents\\\\Codex\\\\2026-04-20-files-mentioned-by-the-user-group\\\\generated\\\\images\\\\live\\\\propmarket\\\\propmarket-8uq5URIlKh88PsVzl_XGq\\\\image_1.jpg\"", \""C:\\\\Users\\\\lepha\\\\Documents\\\\Codex\\\\2026-04-20-files-mentioned-by-the-user-group\\\\generated\\\\images\\\\live\\\\propmarket\\\\propmarket-8uq5URIlKh88PsVzl_XGq\\\\image_2.jpg\"", \""C:\\\\Users\\\\lepha\\\\Documents\\\\Codex\\\\2026-04-20-files-mentioned-by-the-user-group\\\\generated\\\\images\\\\live\\\\propmarket\\\\propmarket-8uq5URIlKh88PsVzl_XGq\\\\image_3.jpg\"", \""C:\\\\Users\\\\lepha\\\\Documents\\\\Codex\\\\2026-04-20-files-mentioned-by-the-user-group\\\\generated\\\\images\\\\live\\\\propmarket\\\\propmarket-8uq5URIlKh88PsVzl_XGq\\\\image_4.jpg\""]""",https://www.propmarket.co.ls/properties/8uq5URIlKh88PsVzl_XGq,Good,Traditional,Urban,"""[\""electricity\""]""",sale
propmarket-Ri6CHRmQ6lKLwrAgtmMQM,propmarket,"3 Bedrooms, House",Make this property useful by owning it.\n\n3 bedrooms in Masowe 2\n3 Bathrooms \nKitchen\nDining\nSitting room,"Thepa ena ya mofuta wa house e fumaneha Masowe Iii, Maseru. E na le dikamore tse 3 le dibate tse 3 mme e fumaneha ka theko ya M 1,800,000. Tlotla ena e tshwanetse ho shejwa bakeng sa bareki ba batlang menyetla ya nnete Lesotho.",1800000.0,LSL,Maseru,"Masowe Iii, Maseru",House,3,3,"""[\""C:\\\\Users\\\\lepha\\\\Documents\\\\Codex\\\\2026-04-20-files-mentioned-by-the-user-group\\\\generated\\\\images\\\\live\\\\propmarket\\\\propmarket-Ri6CHRmQ6lKLwrAgtmMQM\\\\image_1.jpg\"", \""C:\\\\Users\\\\lepha\\\\Documents\\\\Codex\\\\2026-04-20-files-mentioned-by-the-user-group\\\\generated\\\\images\\\\live\\\\propmarket\\\\propmarket-Ri6CHRmQ6lKLwrAgtmMQM\\\\image_2.jpg\"", \""C:\\\\Users\\\\lepha\\\\Documents\\\\Codex\\\\2026-04-20-files-mentioned-by-the-user-group\\\\generated\\\\images\\\\live\\\\propmarket\\\\propmarket-Ri6CHRmQ6lKLwrAgtmMQM\\\\image_3.jpg\"", \""C:\\\\Users\\\\lepha\\\\Documents\\\\Codex\\\\2026-04-20-files-mentioned-by-the-user-group\\\\generated\\\\images\\\\live\\\\propmarket\\\\propmarket-Ri6CHRmQ6lKLwrAgtmMQM\\\\image_4.jpg\"", \""C:\\\\Users\\\\lepha\\\\Documents\\\\Codex\\\\2026-04-20-files-mentioned-by-the-user-group\\\\generated\\\\images\\\\live\\\\propmarket\\\\propmarket-Ri6CHRmQ6lKLwrAgtmMQM\\\\image_5.jpg\""]""",https://www.propmarket.co.ls/properties/Ri6CHRmQ6lKLwrAgtmMQM,Good,Traditional,Suburban,"""[]""",sale
propmarket-xIf5GMbseSPtVlurr3EFE,propmarket,"3 Bedrooms, House","This house was recently built, it has 3 bedrooms fully fitted, a fully fitted kitchen, it is well fenced, with a gate, has a car port. at just 900k and the price is negotiable.","Thepa ena ya mofuta wa house e fumaneha Ha Tsolo, Maseru. E na le dikamore tse 3 le dibate tse 1 mme e fumaneha ka theko ya M 900,000. Tlotla ena e tshwanetse ho shejwa bakeng sa bareki ba batlang menyetla ya nnete Lesotho.",900000.0,LSL,Maseru,"Ha Tsolo, Maseru",House,3,1,"""[\""C:\\\\Users\\\\lepha\\\\Documents\\\\Codex\\\\2026-04-20-files-mentioned-by-the-user-group\\\\generated\\\\images\\\\live\\\\propmarket\\\\propmarket-xIf5GMbseSPtVlurr3EFE\\\\image_1.jpg\"", \""C:\\\\Users\\\\lepha\\\\Documents\\\\Codex\\\\2026-04-20-files-mentioned-by-the-user-group\\\\generated\\\\images\\\\live\\\\propmarket\\\\propmarket-xIf5GMbseSPtVlurr3EFE\\\\image_2.jpg\"", \""C:\\\\Users\\\\lepha\\\\Documents\\\\Codex\\\\2026-04-20-files-mentioned-by-the-user-group\\\\generated\\\\images\\\\live\\\\propmarket\\\\propmarket-xIf5GMbseSPtVlurr3EFE\\\\image_3.jpg\"", \""C:\\\\Users\\\\lepha\\\\Documents\\\\Codex\\\\2026-04-20-files-mentioned-by-the-user-group\\\\generated\\\\images\\\\live\\\\propmarket\\\\propmarket-xIf5GMbseSPtVlurr3EFE\\\\image_4.jpg\"", \""C:\\\\Users\\\\lepha\\\\Documents\\\\Codex\\\\2026-04-20-files-mentioned-by-the-user-group\\\\generated\\\\images\\\\live\\\\propmarket\\\\propmarket-xIf5GMbseSPtVlurr3EFE\\\\image_5.png\""]""",https://www.propmarket.co.ls/properties/xIf5GMbseSPtVlurr3EFE,Good,Traditional,Suburban,"""[]""",sale
propmarket-cX6b5MXT_4s7reyZHBU0T,propmarket,Site,Sites available at Sehlabeng near Lancers Gap High School have o feta Masoleng. \n\nSize: 40x30\nPrice :R60k negotiable \nLease available\nCall69441833/58815922,"Thepa ena ya mofuta wa site e fumaneha Sehlabeng (ha Ts'oene Lipohong), Berea. E na le sebaka sena mme e fumaneha ka theko ya M 60,000. Tlotla ena e tshwanetse ho shejwa bakeng sa bareki ba batlang menyetla ya nnete Lesotho.",60000.0,LSL,Berea,"Sehlabeng (ha Ts'oene Lipohong), Berea",Site,0,0,"""[\""C:\\\\Users\\\\lepha\\\\Documents\\\\Codex\\\\2026-04-20-files-mentioned-by-the-user-group\\\\generated\\\\images\\\\live\\\\propmarket\\\\propmarket-cX6b5MXT_4s7reyZHBU0T\\\\image_1.jpg\"", \""C:\\\\Users\\\\lepha\\\\Documents\\\\Codex\\\\2026-04-20-files-mentioned-by-the-user-group\\\\generated\\\\images\\\\live\\\\propmarket\\\\propmarket-cX6b5MXT_4s7reyZHBU0T\\\\image_2.jpg\"", \""C:\\\\Users\\\\lepha\\\\Documents\\\\Codex\\\\2026-04-20-files-mentioned-by-the-user-group\\\\generated\\\\images\\\\live\\\\propmarket\\\\propmarket-cX6b5MXT_4s7reyZHBU0T\\\\image_3.jpg\""]""",https://www.propmarket.co.ls/properties/cX6b5MXT_4s7reyZHBU0T,Good,Traditional,Urban,"""[\""near schools\""]""",sale
propmarket-q-t0GNqjdnLA-94mzjoub,propmarket,Site,This beautiful site is at Matsheng near Ha Foso It is a 30 by 20 site with 162k.. it also has a lease.,"Thepa ena ya mofuta wa site e fumaneha Ha Foso, Berea. E na le sebaka sena mme e fumaneha ka theko ya M 162,000. Tlotla ena e tshwanetse ho shejwa bakeng sa bareki ba batlang menyetla ya nnete Lesotho.",162000.0,LSL,Berea,"Ha Foso, Berea",Site,0,0,"""[\""C:\\\\Users\\\\lepha\\\\Documents\\\\Codex\\\\2026-04-20-files-mentioned-by-the-user-group\\\\generated\\\\images\\\\live\\\\propmarket\\\\propmarket-q-t0GNqjdnLA-94mzjoub\\\\image_1.jpg\"", \""C:\\\\Users\\\\lepha\\\\Documents\\\\Codex\\\\2026-04-20-files-mentioned-by-the-user-group\\\\generated\\\\images\\\\live\\\\propmarket\\\\propmarket-q-t0GNqjdnLA-94mzjoub\\\\image_2.jpg\"", \""C:\\\\Users\\\\lepha\\\\Documents\\\\Codex\\\\2026-04-20-files-mentioned-by-the-user-group\\\\generated\\\\images\\\\live\\\\propmarket\\\\propmarket-q-t0GNqjdnLA-94mzjoub\\\\image_3.jpg\""]""",https://www.propmarket.co.ls/properties/q-t0GNqjdnLA-94mzjoub,Good,Traditional,Suburban,"""[]""",sale
propmarket-dDPLER1KNyD4qwDzd4Ydd,propmarket,Site,"This site is very big, at Maputsoe Grossong e holima Seretse Khama.. it is a 30*25 site with electricity..it costs 120k.","Thepa ena ya mofuta wa site e fumaneha Maputsoe (ha Leaooa), Leribe. E na le sebaka sena mme e fumaneha ka theko ya M 120,000. Tlotla ena e tshwanetse ho shejwa bakeng sa bareki ba batlang menyetla ya nnete Lesotho.",120000.0,LSL,Leribe,"Maputsoe (ha Leaooa), Leribe",Site,0,0,"""[\""C:\\\\Users\\\\lepha\\\\Documents\\\\Codex\\\\2026-04-20-files-mentioned-by-the-user-group\\\\generated\\\\images\\\\live\\\\propmarket\\\\propmarket-dDPLER1KNyD4qwDzd4Ydd\\\\image_1.jpg\"", \""C:\\\\Users\\\\lepha\\\\Documents\\\\Codex\\\\2026-04-20-files-mentioned-by-the-user-group\\\\generated\\\\images\\\\live\\\\propmarket\\\\propmarket-dDPLER1KNyD4qwDzd4Ydd\\\\image_2.jpg\"", \""C:\\\\Users\\\\lepha\\\\Documents\\\\Codex\\\\2026-04-20-files-mentioned-by-the-user-group\\\\generated\\\\images\\\\live\\\\propmarket\\\\propmarket-dDPLER1KNyD4qwDzd4Ydd\\\\image_3.jpg\"", \""C:\\\\Users\\\\lepha\\\\Documents\\\\Codex\\\\2026-04-20-files-mentioned-by-the-user-group\\\\generated\\\\images\\\\live\\\\propmarket\\\\propmarket-dDPLER1KNyD4qwDzd4Ydd\\\\image_4.jpg\""]""",https://www.propmarket.co.ls/properties/dDPLER1KNyD4qwDzd4Ydd,Good,Traditional,Urban,"""[\""electricity\""]""",sale
propmarket-YeJOdv1same7Be9Pfqx6y,propmarket,"2 Bedrooms, House","This house is in Khubetsoana, a 2 bedrom house with a fitted bathroom and kitchen at 600k..","Thepa ena ya mofuta wa house e fumaneha Khubetsoana, Berea. E na le dikamore tse 2 le dibate tse 1 mme e fumaneha ka theko ya M 600,000. Tlotla ena e tshwanetse ho shejwa bakeng sa bareki ba batlang menyetla ya nnete Lesotho.",600000.0,LSL,Berea,"Khubetsoana, Berea",House,2,1,"""[\""C:\\\\Users\\\\lepha\\\\Documents\\\\Codex\\\\2026-04-20-files-mentioned-by-the-user-group\\\\generated\\\\images\\\\live\\\\propmarket\\\\propmarket-YeJOdv1same7Be9Pfqx6y\\\\image_1.jpg\"", \""C:\\\\Users\\\\lepha\\\\Documents\\\\Codex\\\\2026-04-20-files-mentioned-by-the-user-group\\\\generated\\\\images\\\\live\\\\propmarket\\\\propmarket-YeJOdv1same7Be9Pfqx6y\\\\image_2.jpg\"", \""C:\\\\Users\\\\lepha\\\\Documents\\\\Codex\\\\2026-04-20-files-mentioned-by-the-user-group\\\\generated\\\\images\\\\live\\\\propmarket\\\\propmarket-YeJOdv1same7Be9Pfqx6y\\\\image_3.jpg\"", \""C:\\\\Users\\\\lepha\\\\Documents\\\\Codex\\\\2026-04-20-files-mentioned-by-the-user-group\\\\generated\\\\images\\\\live\\\\propmarket\\\\propmarket-YeJOdv1same7Be9Pfqx6y\\\\image_4.jpg\"", \""C:\\\\Users\\\\lepha\\\\Documents\\\\Codex\\\\2026-04-20-files-mentioned-by-the-user-group\\\\generated\\\\images\\\\live\\\\propmarket\\\\propmarket-YeJOdv1same7Be9Pfqx6y\\\\image_5.jpg\""]""",https://www.propmarket.co.ls/properties/YeJOdv1same7Be9Pfqx6y,Good,Traditional,Suburban,"""[]""",sale
propmarket-k8AX2jh1R695RF-5UBAIV,propmarket,"2 Bedrooms, House",3 room,"Thepa ena ya mofuta wa house e fumaneha Maqhaka, Berea. E na le dikamore tse 2 le dibate tse 1 mme e fumaneha ka theko ya M 220,000. Tlotla ena e tshwanetse ho shejwa bakeng sa bareki ba batlang menyetla ya nnete Lesotho.",220000.0,LSL,Berea,"Maqhaka, Berea",House,2,1,"""[\""C:\\\\Users\\\\lepha\\\\Documents\\\\Codex\\\\2026-04-20-files-mentioned-by-the-user-group\\\\generated\\\\images\\\\live\\\\propmarket\\\\propmarket-k8AX2jh1R695RF-5UBAIV\\\\image_1.jpg\"", \""C:\\\\Users\\\\lepha\\\\Documents\\\\Codex\\\\2026-04-20-files-mentioned-by-the-user-group\\\\generated\\\\images\\\\live\\\\propmarket\\\\propmarket-k8AX2jh1R695RF-5UBAIV\\\\image_2.jpg\"", \""C:\\\\Users\\\\lepha\\\\Documents\\\\Codex\\\\2026-04-20-files-mentioned-by-the-user-group\\\\generated\\\\images\\\\live\\\\propmarket\\\\propmarket-k8AX2jh1R695RF-5UBAIV\\\\image_3.jpg\"", \""C:\\\\Users\\\\lepha\\\\Documents\\\\Codex\\\\2026-04-20-files-mentioned-by-the-user-group\\\\generated\\\\images\\\\live\\\\propmarket\\\\propmarket-k8AX2jh1R695RF-5UBAIV\\\\image_4.jpg\"", \""C:\\\\Users\\\\lepha\\\\Documents\\\\Codex\\\\2026-04-20-files-mentioned-by-the-user-group\\\\generated\\\\images\\\\live\\\\propmarket\\\\propmarket-k8AX2jh1R695RF-5UBAIV\\\\image_5.png\""]""",https://www.propmarket.co.ls/properties/k8AX2jh1R695RF-5UBAIV,Good,Traditional,Suburban,"""[]""",sale
propmarket-_zELaVV-BDUsJNyZbtujP,propmarket,"6 Units, Malaene",It's a wonderful achievement to have a HOME...\n\nLET'S HELP YOU FIND YOURS,"Thepa ena ya mofuta wa house e fumaneha Qoaling, Maseru. E na le dikamore tse 2 le dibate tse 1 mme e fumaneha ka theko ya M 600,000. Tlotla ena e tshwanetse ho shejwa bakeng sa bareki ba batlang menyetla ya nnete Lesotho.",600000.0,LSL,Maseru,"Qoaling, Maseru",House,2,1,"""[\""C:\\\\Users\\\\lepha\\\\Documents\\\\Codex\\\\2026-04-20-files-mentioned-by-the-user-group\\\\generated\\\\images\\\\live\\\\propmarket\\\\propmarket-_zELaVV-BDUsJNyZbtujP\\\\image_1.jpg\"", \""C:\\\\Users\\\\lepha\\\\Documents\\\\Codex\\\\2026-04-20-files-mentioned-by-the-user-group\\\\generated\\\\images\\\\live\\\\propmarket\\\\propmarket-_zELaVV-BDUsJNyZbtujP\\\\image_2.jpg\"", \""C:\\\\Users\\\\lepha\\\\Documents\\\\Codex\\\\2026-04-20-files-mentioned-by-the-user-group\\\\generated\\\\images\\\\live\\\\propmarket\\\\propmarket-_zELaVV-BDUsJNyZbtujP\\\\image_3.jpg\"", \""C:\\\\Users\\\\lepha\\\\Documents\\\\Codex\\\\2026-04-20-files-mentioned-by-the-user-group\\\\generated\\\\images\\\\live\\\\propmarket\\\\propmarket-_zELaVV-BDUsJNyZbtujP\\\\image_4.jpg\"", \""C:\\\\Users\\\\lepha\\\\Documents\\\\Codex\\\\2026-04-20-files-mentioned-by-the-user-group\\\\generated\\\\images\\\\live\\\\propmarket\\\\propmarket-_zELaVV-BDUsJNyZbtujP\\\\image_5.png\""]""",https://www.propmarket.co.ls/properties/_zELaVV-BDUsJNyZbtujP,Good,Traditional,Suburban,"""[]""",sale
propmarket-e2NFTtDz2NDVZ4h5U87Hr,propmarket,"3 Bedrooms, House",A newly built beautiful HOME,"Thepa ena ya mofuta wa house e fumaneha Pena Pena, Maseru. E na le dikamore tse 3 le dibate tse 2 mme e fumaneha ka theko ya M 1,400,000. Tlotla ena e tshwanetse ho shejwa bakeng sa bareki ba batlang menyetla ya nnete Lesotho.",1400000.0,LSL,Maseru,"Pena Pena, Maseru",House,3,2,"""[\""C:\\\\Users\\\\lepha\\\\Documents\\\\Codex\\\\2026-04-20-files-mentioned-by-the-user-group\\\\generated\\\\images\\\\live\\\\propmarket\\\\propmarket-e2NFTtDz2NDVZ4h5U87Hr\\\\image_1.jpg\"", \""C:\\\\Users\\\\lepha\\\\Documents\\\\Codex\\\\2026-04-20-files-mentioned-by-the-user-group\\\\generated\\\\images\\\\live\\\\propmarket\\\\propmarket-e2NFTtDz2NDVZ4h5U87Hr\\\\image_2.jpg\"", \""C:\\\\Users\\\\lepha\\\\Documents\\\\Codex\\\\2026-04-20-files-mentioned-by-the-user-group\\\\generated\\\\images\\\\live\\\\propmarket\\\\propmarket-e2NFTtDz2NDVZ4h5U87Hr\\\\image_3.jpg\"", \""C:\\\\Users\\\\lepha\\\\Documents\\\\Codex\\\\2026-04-20-files-mentioned-by-the-user-group\\\\generated\\\\images\\\\live\\\\propmarket\\\\propmarket-e2NFTtDz2NDVZ4h5U87Hr\\\\image_4.jpg\"", \""C:\\\\Users\\\\lepha\\\\Documents\\\\Codex\\\\2026-04-20-files-mentioned-by-the-user-group\\\\generated\\\\images\\\\live\\\\propmarket\\\\propmarket-e2NFTtDz2NDVZ4h5U87Hr\\\\image_5.jpg\""]""",https://www.propmarket.co.ls/properties/e2NFTtDz2NDVZ4h5U87Hr,New,Traditional,Suburban,"""[]""",sale
propmarket-UuhECTjkxd0jY3uFasnSj,propmarket,"2 Bedrooms, House",5 roomed house at Ha- Tsolo.. five to seven minutes from the road.. at the price 400k,"Thepa ena ya mofuta wa house e fumaneha Ha Tsolo, Maseru. E na le dikamore tse 2 le dibate tse 1 mme e fumaneha ka theko ya M 400,000. Tlotla ena e tshwanetse ho shejwa bakeng sa bareki ba batlang menyetla ya nnete Lesotho.",400000.0,LSL,Maseru,"Ha Tsolo, Maseru",House,2,1,"""[\""C:\\\\Users\\\\lepha\\\\Documents\\\\Codex\\\\2026-04-20-files-mentioned-by-the-user-group\\\\generated\\\\images\\\\live\\\\propmarket\\\\propmarket-UuhECTjkxd0jY3uFasnSj\\\\image_1.jpg\"", \""C:\\\\Users\\\\lepha\\\\Documents\\\\Codex\\\\2026-04-20-files-mentioned-by-the-user-group\\\\generated\\\\images\\\\live\\\\propmarket\\\\propmarket-UuhECTjkxd0jY3uFasnSj\\\\image_2.jpg\"", \""C:\\\\Users\\\\lepha\\\\Documents\\\\Codex\\\\2026-04-20-files-mentioned-by-the-user-group\\\\generated\\\\images\\\\live\\\\propmarket\\\\propmarket-UuhECTjkxd0jY3uFasnSj\\\\image_3.jpg\"", \""C:\\\\Users\\\\lepha\\\\Documents\\\\Codex\\\\2026-04-20-files-mentioned-by-the-user-group\\\\generated\\\\images\\\\live\\\\propmarket\\\\propmarket-UuhECTjkxd0jY3uFasnSj\\\\image_4.jpg\"", \""C:\\\\Users\\\\lepha\\\\Documents\\\\Codex\\\\2026-04-20-files-mentioned-by-the-user-group\\\\generated\\\\images\\\\live\\\\propmarket\\\\propmarket-UuhECTjkxd0jY3uFasnSj\\\\image_5.jpg\""]""",https://www.propmarket.co.ls/properties/UuhECTjkxd0jY3uFasnSj,Good,Traditional,Suburban,"""[\""road access\""]""",sale
propmarket-C9lcWgLNZxWHPX7Wj8iGv,propmarket,"2 Bedrooms, House","This house is at Koalabata, it has a fully fitted bathroom just 2 minutes from the road..425sqm at 550k.","Thepa ena ya mofuta wa house e fumaneha Koalabata, Berea. E na le dikamore tse 2 le dibate tse 1 mme e fumaneha ka theko ya M 550,000. Tlotla ena e tshwanetse ho shejwa bakeng sa bareki ba batlang menyetla ya nnete Lesotho.",550000.0,LSL,Berea,"Koalabata, Berea",House,2,1,"""[\""C:\\\\Users\\\\lepha\\\\Documents\\\\Codex\\\\2026-04-20-files-mentioned-by-the-user-group\\\\generated\\\\images\\\\live\\\\propmarket\\\\propmarket-C9lcWgLNZxWHPX7Wj8iGv\\\\image_1.jpg\"", \""C:\\\\Users\\\\lepha\\\\Documents\\\\Codex\\\\2026-04-20-files-mentioned-by-the-user-group\\\\generated\\\\images\\\\live\\\\propmarket\\\\propmarket-C9lcWgLNZxWHPX7Wj8iGv\\\\image_2.jpg\"", \""C:\\\\Users\\\\lepha\\\\Documents\\\\Codex\\\\2026-04-20-files-mentioned-by-the-user-group\\\\generated\\\\images\\\\live\\\\propmarket\\\\propmarket-C9lcWgLNZxWHPX7Wj8iGv\\\\image_3.jpg\"", \""C:\\\\Users\\\\lepha\\\\Documents\\\\Codex\\\\2026-04-20-files-mentioned-by-the-user-group\\\\generated\\\\images\\\\live\\\\propmarket\\\\propmarket-C9lcWgLNZxWHPX7Wj8iGv\\\\image_4.jpg\"", \""C:\\\\Users\\\\lepha\\\\Documents\\\\Codex\\\\2026-04-20-files-mentioned-by-the-user-group\\\\generated\\\\images\\\\live\\\\propmarket\\\\propmarket-C9lcWgLNZxWHPX7Wj8iGv\\\\image_5.jpg\""]""",https://www.propmarket.co.ls/properties/C9lcWgLNZxWHPX7Wj8iGv,Good,Traditional,Suburban,"""[\""road access\""]""",sale
propmarket-nc43EhrGALYvCzC6PP0Ay,propmarket,"3 Bedrooms, House","It is a 9 roomed house with 927sqm in Mazenod , with 550k","Thepa ena ya mofuta wa house e fumaneha Mazenod, Maseru. E na le dikamore tse 3 le dibate tse 1 mme e fumaneha ka theko ya M 650,000. Tlotla ena e tshwanetse ho shejwa bakeng sa bareki ba batlang menyetla ya nnete Lesotho.",650000.0,LSL,Maseru,"Mazenod, Maseru",House,3,1,"""[\""C:\\\\Users\\\\lepha\\\\Documents\\\\Codex\\\\2026-04-20-files-mentioned-by-the-user-group\\\\generated\\\\images\\\\live\\\\propmarket\\\\propmarket-nc43EhrGALYvCzC6PP0Ay\\\\image_1.jpg\"", \""C:\\\\Users\\\\lepha\\\\Documents\\\\Codex\\\\2026-04-20-files-mentioned-by-the-user-group\\\\generated\\\\images\\\\live\\\\propmarket\\\\propmarket-nc43EhrGALYvCzC6PP0Ay\\\\image_2.jpg\"", \""C:\\\\Users\\\\lepha\\\\Documents\\\\Codex\\\\2026-04-20-files-mentioned-by-the-user-group\\\\generated\\\\images\\\\live\\\\propmarket\\\\propmarket-nc43EhrGALYvCzC6PP0Ay\\\\image_3.jpg\"", \""C:\\\\Users\\\\lepha\\\\Documents\\\\Codex\\\\2026-04-20-files-mentioned-by-the-user-group\\\\generated\\\\images\\\\live\\\\propmarket\\\\propmarket-nc43EhrGALYvCzC6PP0Ay\\\\image_4.jpg\"", \""C:\\\\Users\\\\lepha\\\\Documents\\\\Codex\\\\2026-04-20-files-mentioned-by-the-user-group\\\\generated\\\\images\\\\live\\\\propmarket\\\\propmarket-nc43EhrGALYvCzC6PP0Ay\\\\image_5.jpg\""]""",https://www.propmarket.co.ls/properties/nc43EhrGALYvCzC6PP0Ay,Good,Traditional,Suburban,"""[]""",sale
propmarket-5NttMN-sRvwuo2K4rDYMW,propmarket,"3 Bedrooms, House",This is 8 roomed house at Naleli with a lease.. 618sqm with just 650k.,"Thepa ena ya mofuta wa house e fumaneha Naleli, Berea. E na le dikamore tse 3 le dibate tse 1 mme e fumaneha ka theko ya M 650,000. Tlotla ena e tshwanetse ho shejwa bakeng sa bareki ba batlang menyetla ya nnete Lesotho.",650000.0,LSL,Berea,"Naleli, Berea",House,3,1,"""[\""C:\\\\Users\\\\lepha\\\\Documents\\\\Codex\\\\2026-04-20-files-mentioned-by-the-user-group\\\\generated\\\\images\\\\live\\\\propmarket\\\\propmarket-5NttMN-sRvwuo2K4rDYMW\\\\image_1.jpg\"", \""C:\\\\Users\\\\lepha\\\\Documents\\\\Codex\\\\2026-04-20-files-mentioned-by-the-user-group\\\\generated\\\\images\\\\live\\\\propmarket\\\\propmarket-5NttMN-sRvwuo2K4rDYMW\\\\image_2.jpg\"", \""C:\\\\Users\\\\lepha\\\\Documents\\\\Codex\\\\2026-04-20-files-mentioned-by-the-user-group\\\\generated\\\\images\\\\live\\\\propmarket\\\\propmarket-5NttMN-sRvwuo2K4rDYMW\\\\image_3.jpg\"", \""C:\\\\Users\\\\lepha\\\\Documents\\\\Codex\\\\2026-04-20-files-mentioned-by-the-user-group\\\\generated\\\\images\\\\live\\\\propmarket\\\\propmarket-5NttMN-sRvwuo2K4rDYMW\\\\image_4.jpg\"", \""C:\\\\Users\\\\lepha\\\\Documents\\\\Codex\\\\2026-04-20-files-mentioned-by-the-user-group\\\\generated\\\\images\\\\live\\\\propmarket\\\\propmarket-5NttMN-sRvwuo2K4rDYMW\\\\image_5.jpg\""]""",https://www.propmarket.co.ls/properties/5NttMN-sRvwuo2K4rDYMW,Good,Traditional,Suburban,"""[]""",sale
propmarket-TtolD3XWIRLoyCVuHcihP,propmarket,Site,The site is at Qoatsaneng pela Mpilo Estates sena le form C..961.5 sqm,"Thepa ena ya mofuta wa site e fumaneha Qoatsaneng, Maseru. E na le sebaka sena mme e fumaneha ka theko ya M 850,000. Tlotla ena e tshwanetse ho shejwa bakeng sa bareki ba batlang menyetla ya nnete Lesotho.",850000.0,LSL,Maseru,"Qoatsaneng, Maseru",Site,0,0,"""[\""C:\\\\Users\\\\lepha\\\\Documents\\\\Codex\\\\2026-04-20-files-mentioned-by-the-user-group\\\\generated\\\\images\\\\live\\\\propmarket\\\\propmarket-TtolD3XWIRLoyCVuHcihP\\\\image_1.jpg\"", \""C:\\\\Users\\\\lepha\\\\Documents\\\\Codex\\\\2026-04-20-files-mentioned-by-the-user-group\\\\generated\\\\images\\\\live\\\\propmarket\\\\propmarket-TtolD3XWIRLoyCVuHcihP\\\\image_2.jpg\""]""",https://www.propmarket.co.ls/properties/TtolD3XWIRLoyCVuHcihP,Good,Traditional,Suburban,"""[]""",sale
propmarket-a_XSZfatKUY53228kTVOd,propmarket,Commercial,"This commercial site is at Ha-Mosalla, it has buildings in it.. you can turn it into B&B, it also has a tavern in the yard. Just 2 minutes to the tar road.. 1M negotiable.. There is a lease","Thepa ena ya mofuta wa site e fumaneha Ha Mosalla, Maseru. E na le sebaka sena mme e fumaneha ka theko ya M 1,000,000. Tlotla ena e tshwanetse ho shejwa bakeng sa bareki ba batlang menyetla ya nnete Lesotho.",1000000.0,LSL,Maseru,"Ha Mosalla, Maseru",Site,0,0,"""[\""C:\\\\Users\\\\lepha\\\\Documents\\\\Codex\\\\2026-04-20-files-mentioned-by-the-user-group\\\\generated\\\\images\\\\live\\\\propmarket\\\\propmarket-a_XSZfatKUY53228kTVOd\\\\image_1.jpg\"", \""C:\\\\Users\\\\lepha\\\\Documents\\\\Codex\\\\2026-04-20-files-mentioned-by-the-user-group\\\\generated\\\\images\\\\live\\\\propmarket\\\\propmarket-a_XSZfatKUY53228kTVOd\\\\image_2.jpg\"", \""C:\\\\Users\\\\lepha\\\\Documents\\\\Codex\\\\2026-04-20-files-mentioned-by-the-user-group\\\\generated\\\\images\\\\live\\\\propmarket\\\\propmarket-a_XSZfatKUY53228kTVOd\\\\image_3.jpg\"", \""C:\\\\Users\\\\lepha\\\\Documents\\\\Codex\\\\2026-04-20-files-mentioned-by-the-user-group\\\\generated\\\\images\\\\live\\\\propmarket\\\\propmarket-a_XSZfatKUY53228kTVOd\\\\image_4.jpg\""]""",https://www.propmarket.co.ls/properties/a_XSZfatKUY53228kTVOd,Good,Family,Garden,"""[\""yard\"", \""road access\"", \""tar road\""]""",sale
propmarket-8GL2YSoWJfkJYfbOYKDl1,propmarket,"2 Bedrooms, House","Ntlo ena e Nazareth Ha Phaloane, with a Form C.. motlakase o teng ka 200k fela..","Thepa ena ya mofuta wa house e fumaneha Ha Phaloane, Maseru. E na le dikamore tse 2 le dibate tse 1 mme e fumaneha ka theko ya M 200,000. Tlotla ena e tshwanetse ho shejwa bakeng sa bareki ba batlang menyetla ya nnete Lesotho.",200000.0,LSL,Maseru,"Ha Phaloane, Maseru",House,2,1,"""[\""C:\\\\Users\\\\lepha\\\\Documents\\\\Codex\\\\2026-04-20-files-mentioned-by-the-user-group\\\\generated\\\\images\\\\live\\\\propmarket\\\\propmarket-8GL2YSoWJfkJYfbOYKDl1\\\\image_1.jpg\"", \""C:\\\\Users\\\\lepha\\\\Documents\\\\Codex\\\\2026-04-20-files-mentioned-by-the-user-group\\\\generated\\\\images\\\\live\\\\propmarket\\\\propmarket-8GL2YSoWJfkJYfbOYKDl1\\\\image_2.jpg\"", \""C:\\\\Users\\\\lepha\\\\Documents\\\\Codex\\\\2026-04-20-files-mentioned-by-the-user-group\\\\generated\\\\images\\\\live\\\\propmarket\\\\propmarket-8GL2YSoWJfkJYfbOYKDl1\\\\image_3.jpg\"", \""C:\\\\Users\\\\lepha\\\\Documents\\\\Codex\\\\2026-04-20-files-mentioned-by-the-user-group\\\\generated\\\\images\\\\live\\\\propmarket\\\\propmarket-8GL2YSoWJfkJYfbOYKDl1\\\\image_4.jpg\""]""",https://www.propmarket.co.ls/properties/8GL2YSoWJfkJYfbOYKDl1,Good,Traditional,Suburban,"""[]""",sale
propmarket-P5wCSRy0hN0gSnRWVGpie,propmarket,Site,"This site is at Motimposo at 150k ha re seha, ha se feletse ke 300k..It has a lease.","Thepa ena ya mofuta wa site e fumaneha Motimposo, Maseru. E na le sebaka sena mme e fumaneha ka theko ya M 150,000. Tlotla ena e tshwanetse ho shejwa bakeng sa bareki ba batlang menyetla ya nnete Lesotho.",150000.0,LSL,Maseru,"Motimposo, Maseru",Site,0,0,"""[\""C:\\\\Users\\\\lepha\\\\Documents\\\\Codex\\\\2026-04-20-files-mentioned-by-the-user-group\\\\generated\\\\images\\\\live\\\\propmarket\\\\propmarket-P5wCSRy0hN0gSnRWVGpie\\\\image_1.jpg\"", \""C:\\\\Users\\\\lepha\\\\Documents\\\\Codex\\\\2026-04-20-files-mentioned-by-the-user-group\\\\generated\\\\images\\\\live\\\\propmarket\\\\propmarket-P5wCSRy0hN0gSnRWVGpie\\\\image_2.jpg\"", \""C:\\\\Users\\\\lepha\\\\Documents\\\\Codex\\\\2026-04-20-files-mentioned-by-the-user-group\\\\generated\\\\images\\\\live\\\\propmarket\\\\propmarket-P5wCSRy0hN0gSnRWVGpie\\\\image_3.jpg\""]""",https://www.propmarket.co.ls/properties/P5wCSRy0hN0gSnRWVGpie,Good,Traditional,Suburban,"""[]""",sale
propmarket-T7DEuA--o2VWCXfCg3FE2,propmarket,"1 Bedroom, House",This is a 2 roomed house Koalabata e pela Sekamaneng ka 150k and negotiable..Form C e teng.. metsi le motlakase li pela jarete..,"Thepa ena ya mofuta wa house e fumaneha Koalabata, Berea. E na le dikamore tse 1 le dibate tse 1 mme e fumaneha ka theko ya M 150,000. Tlotla ena e tshwanetse ho shejwa bakeng sa bareki ba batlang menyetla ya nnete Lesotho.",150000.0,LSL,Berea,"Koalabata, Berea",House,1,1,"""[\""C:\\\\Users\\\\lepha\\\\Documents\\\\Codex\\\\2026-04-20-files-mentioned-by-the-user-group\\\\generated\\\\images\\\\live\\\\propmarket\\\\propmarket-T7DEuA--o2VWCXfCg3FE2\\\\image_1.jpg\"", \""C:\\\\Users\\\\lepha\\\\Documents\\\\Codex\\\\2026-04-20-files-mentioned-by-the-user-group\\\\generated\\\\images\\\\live\\\\propmarket\\\\propmarket-T7DEuA--o2VWCXfCg3FE2\\\\image_2.jpg\"", \""C:\\\\Users\\\\lepha\\\\Documents\\\\Codex\\\\2026-04-20-files-mentioned-by-the-user-group\\\\generated\\\\images\\\\live\\\\propmarket\\\\propmarket-T7DEuA--o2VWCXfCg3FE2\\\\image_3.jpg\"", \""C:\\\\Users\\\\lepha\\\\Documents\\\\Codex\\\\2026-04-20-files-mentioned-by-the-user-group\\\\generated\\\\images\\\\live\\\\propmarket\\\\propmarket-T7DEuA--o2VWCXfCg3FE2\\\\image_4.jpg\""]""",https://www.propmarket.co.ls/properties/T7DEuA--o2VWCXfCg3FE2,Good,Traditional,Suburban,"""[]""",sale
propmarket-VOfuPWdDqZF7vTq7W0rd5,propmarket,Warehouse,"This warehouse is at Ha Foso, ena le li office, 2 pavementmakers,brickmaker, 2 trucks,.. site ke 7900 sqm","Thepa ena ya mofuta wa house e fumaneha Koalabata, Berea. E na le dikamore tse 2 le dibate tse 1 mme e fumaneha ka theko ya M 9,000,000. Tlotla ena e tshwanetse ho shejwa bakeng sa bareki ba batlang menyetla ya nnete Lesotho.",9000000.0,LSL,Berea,"Koalabata, Berea",House,2,1,"""[\""C:\\\\Users\\\\lepha\\\\Documents\\\\Codex\\\\2026-04-20-files-mentioned-by-the-user-group\\\\generated\\\\images\\\\live\\\\propmarket\\\\propmarket-VOfuPWdDqZF7vTq7W0rd5\\\\image_1.jpg\"", \""C:\\\\Users\\\\lepha\\\\Documents\\\\Codex\\\\2026-04-20-files-mentioned-by-the-user-group\\\\generated\\\\images\\\\live\\\\propmarket\\\\propmarket-VOfuPWdDqZF7vTq7W0rd5\\\\image_2.jpg\""]""",https://www.propmarket.co.ls/properties/VOfuPWdDqZF7vTq7W0rd5,Good,Contemporary,Suburban,"""[\""office-ready\""]""",sale
propmarket-iTxYHd19YkRxk68-z4Gg1,propmarket,"5 Bedrooms, House","This beautiful house is at Masowe 3, it has 5 bedrooms and fully fitted at 2.5m","Thepa ena ya mofuta wa house e fumaneha Masowe Iii, Maseru. E na le dikamore tse 5 le dibate tse 3 mme e fumaneha ka theko ya M 2,500,000. Tlotla ena e tshwanetse ho shejwa bakeng sa bareki ba batlang menyetla ya nnete Lesotho.",2500000.0,LSL,Maseru,"Masowe Iii, Maseru",House,5,3,"""[\""C:\\\\Users\\\\lepha\\\\Documents\\\\Codex\\\\2026-04-20-files-mentioned-by-the-user-group\\\\generated\\\\images\\\\live\\\\propmarket\\\\propmarket-iTxYHd19YkRxk68-z4Gg1\\\\image_1.jpg\"", \""C:\\\\Users\\\\lepha\\\\Documents\\\\Codex\\\\2026-04-20-files-mentioned-by-the-user-group\\\\generated\\\\images\\\\live\\\\propmarket\\\\propmarket-iTxYHd19YkRxk68-z4Gg1\\\\image_2.jpg\"", \""C:\\\\Users\\\\lepha\\\\Documents\\\\Codex\\\\2026-04-20-files-mentioned-by-the-user-group\\\\generated\\\\images\\\\live\\\\propmarket\\\\propmarket-iTxYHd19YkRxk68-z4Gg1\\\\image_3.jpg\"", \""C:\\\\Users\\\\lepha\\\\Documents\\\\Codex\\\\2026-04-20-files-mentioned-by-the-user-group\\\\generated\\\\images\\\\live\\\\propmarket\\\\propmarket-iTxYHd19YkRxk68-z4Gg1\\\\image_4.jpg\""]""",https://www.propmarket.co.ls/properties/iTxYHd19YkRxk68-z4Gg1,Good,Traditional,Suburban,"""[]""",sale
propmarket-L7hVSZnnjb2Co0kKutvdA,propmarket,"3 Bedrooms, House",Three-bedroom house in Thetsane West.\n\nDouble garage\nKitchen\nLounge,"Thepa ena ya mofuta wa house e fumaneha Thetsane West, Maseru. E na le dikamore tse 3 le dibate tse 1 mme e fumaneha ka theko ya M 2,500,000. Tlotla ena e tshwanetse ho shejwa bakeng sa bareki ba batlang menyetla ya nnete Lesotho.",2500000.0,LSL,Maseru,"Thetsane West, Maseru",House,3,1,"""[\""C:\\\\Users\\\\lepha\\\\Documents\\\\Codex\\\\2026-04-20-files-mentioned-by-the-user-group\\\\generated\\\\images\\\\live\\\\propmarket\\\\propmarket-L7hVSZnnjb2Co0kKutvdA\\\\image_1.jpg\"", \""C:\\\\Users\\\\lepha\\\\Documents\\\\Codex\\\\2026-04-20-files-mentioned-by-the-user-group\\\\generated\\\\images\\\\live\\\\propmarket\\\\propmarket-L7hVSZnnjb2Co0kKutvdA\\\\image_2.jpg\"", \""C:\\\\Users\\\\lepha\\\\Documents\\\\Codex\\\\2026-04-20-files-mentioned-by-the-user-group\\\\generated\\\\images\\\\live\\\\propmarket\\\\propmarket-L7hVSZnnjb2Co0kKutvdA\\\\image_3.jpg\"", \""C:\\\\Users\\\\lepha\\\\Documents\\\\Codex\\\\2026-04-20-files-mentioned-by-the-user-group\\\\generated\\\\images\\\\live\\\\propmarket\\\\propmarket-L7hVSZnnjb2Co0kKutvdA\\\\image_4.jpg\""]""",https://www.propmarket.co.ls/properties/L7hVSZnnjb2Co0kKutvdA,Good,Traditional,Suburban,"""[\""garage\""]""",sale
propmarket-lCYntDzFvj7rDtdWMxuwa,propmarket,"4 Bedrooms, House",Double Storey house.\n\n,"Thepa ena ya mofuta wa house e fumaneha Ladybrand, Mantsopa Local Municipality. E na le dikamore tse 4 le dibate tse 1 mme e fumaneha ka theko ya M 3,500,000. Tlotla ena e tshwanetse ho shejwa bakeng sa bareki ba batlang menyetla ya nnete Lesotho.",3500000.0,LSL,Mantsopa Local Municipality,"Ladybrand, Mantsopa Local Municipality",House,4,1,"""[\""C:\\\\Users\\\\lepha\\\\Documents\\\\Codex\\\\2026-04-20-files-mentioned-by-the-user-group\\\\generated\\\\images\\\\live\\\\propmarket\\\\propmarket-lCYntDzFvj7rDtdWMxuwa\\\\image_1.jpg\"", \""C:\\\\Users\\\\lepha\\\\Documents\\\\Codex\\\\2026-04-20-files-mentioned-by-the-user-group\\\\generated\\\\images\\\\live\\\\propmarket\\\\propmarket-lCYntDzFvj7rDtdWMxuwa\\\\image_2.jpg\"", \""C:\\\\Users\\\\lepha\\\\Documents\\\\Codex\\\\2026-04-20-files-mentioned-by-the-user-group\\\\generated\\\\images\\\\live\\\\propmarket\\\\propmarket-lCYntDzFvj7rDtdWMxuwa\\\\image_3.jpg\""]""",https://www.propmarket.co.ls/properties/lCYntDzFvj7rDtdWMxuwa,Good,Traditional,Suburban,"""[]""",sale
propmarket-pc_MMQtVKLqoGm2esl_IC,propmarket,Village Shopping Complex,"The mini shopping complex is at Koalabata near Koalabata Primary at just 2m...It consists of 900sqm commercial site ,four double rentals, mini storage, internet shop, butchery, pharmacy, offsales, big supermarket/warehouse,","Thepa ena ya mofuta wa house e fumaneha Koalabata, Berea. E na le dikamore tse 2 le dibate tse 1 mme e fumaneha ka theko ya M 2,000,000. Tlotla ena e tshwanetse ho shejwa bakeng sa bareki ba batlang menyetla ya nnete Lesotho.",2000000.0,LSL,Berea,"Koalabata, Berea",House,2,1,"""[\""C:\\\\Users\\\\lepha\\\\Documents\\\\Codex\\\\2026-04-20-files-mentioned-by-the-user-group\\\\generated\\\\images\\\\live\\\\propmarket\\\\propmarket-pc_MMQtVKLqoGm2esl_IC\\\\image_1.jpg\"", \""C:\\\\Users\\\\lepha\\\\Documents\\\\Codex\\\\2026-04-20-files-mentioned-by-the-user-group\\\\generated\\\\images\\\\live\\\\propmarket\\\\propmarket-pc_MMQtVKLqoGm2esl_IC\\\\image_2.jpg\"", \""C:\\\\Users\\\\lepha\\\\Documents\\\\Codex\\\\2026-04-20-files-mentioned-by-the-user-group\\\\generated\\\\images\\\\live\\\\propmarket\\\\propmarket-pc_MMQtVKLqoGm2esl_IC\\\\image_3.jpg\"", \""C:\\\\Users\\\\lepha\\\\Documents\\\\Codex\\\\2026-04-20-files-mentioned-by-the-user-group\\\\generated\\\\images\\\\live\\\\propmarket\\\\propmarket-pc_MMQtVKLqoGm2esl_IC\\\\image_4.jpg\""]""",https://www.propmarket.co.ls/properties/pc_MMQtVKLqoGm2esl_IC,Good,Contemporary,Urban,"""[]""",sale
propmarket-bth9PHwYL2oRa7FORo96t,propmarket,"4 Bedrooms, House","Double storey in Lower Thetsane \n\nSpacious kitchen fitted fully.\n\nTwo lounges.\n\n2 Master Bedrooms with ensuite 1 in ground floor, 1 in first floor.\n\nTwo other bedrooms with shared bathroom and shower.\n\nStudy room,\n\nAll windows and doors fitted with security.\n\nElectrified fence, 1 sliding gate and 1 swing gate all motorized.\n\nPedestrian gate with mag lock. 4 balconies.\n\nWater back up, electricity-back up.\n\nGuard house, beautiful landscape, Underground heater.\n","Thepa ena ya mofuta wa house e fumaneha Lower Thetsane, Maseru. E na le dikamore tse 4 le dibate tse 4 mme e fumaneha ka theko ya M 7,500,000. Tlotla ena e tshwanetse ho shejwa bakeng sa bareki ba batlang menyetla ya nnete Lesotho.",7500000.0,LSL,Maseru,"Lower Thetsane, Maseru",House,4,4,"""[\""C:\\\\Users\\\\lepha\\\\Documents\\\\Codex\\\\2026-04-20-files-mentioned-by-the-user-group\\\\generated\\\\images\\\\live\\\\propmarket\\\\propmarket-bth9PHwYL2oRa7FORo96t\\\\image_1.jpg\"", \""C:\\\\Users\\\\lepha\\\\Documents\\\\Codex\\\\2026-04-20-files-mentioned-by-the-user-group\\\\generated\\\\images\\\\live\\\\propmarket\\\\propmarket-bth9PHwYL2oRa7FORo96t\\\\image_2.jpg\"", \""C:\\\\Users\\\\lepha\\\\Documents\\\\Codex\\\\2026-04-20-files-mentioned-by-the-user-group\\\\generated\\\\images\\\\live\\\\propmarket\\\\propmarket-bth9PHwYL2oRa7FORo96t\\\\image_3.jpg\"", \""C:\\\\Users\\\\lepha\\\\Documents\\\\Codex\\\\2026-04-20-files-mentioned-by-the-user-group\\\\generated\\\\images\\\\live\\\\propmarket\\\\propmarket-bth9PHwYL2oRa7FORo96t\\\\image_4.jpg\"", \""C:\\\\Users\\\\lepha\\\\Documents\\\\Codex\\\\2026-04-20-files-mentioned-by-the-user-group\\\\generated\\\\images\\\\live\\\\propmarket\\\\propmarket-bth9PHwYL2oRa7FORo96t\\\\image_5.jpg\""]""",https://www.propmarket.co.ls/properties/bth9PHwYL2oRa7FORo96t,Good,Family,Urban,"""[\""water connection\"", \""electricity\"", \""security\"", \""shower\""]""",sale
propmarket-N8hWF5lZHzYQi0zfdtLMd,propmarket,"4 Bedrooms, House",Semi-finished house \n6 room\n5 minutes walk from tar road,"Thepa ena ya mofuta wa house e fumaneha Ha Makhalanyane, Quthing. E na le dikamore tse 4 le dibate tse 1 mme e fumaneha ka theko ya M 300,000. Tlotla ena e tshwanetse ho shejwa bakeng sa bareki ba batlang menyetla ya nnete Lesotho.",300000.0,LSL,Quthing,"Ha Makhalanyane, Quthing",House,4,1,"""[\""C:\\\\Users\\\\lepha\\\\Documents\\\\Codex\\\\2026-04-20-files-mentioned-by-the-user-group\\\\generated\\\\images\\\\live\\\\propmarket\\\\propmarket-N8hWF5lZHzYQi0zfdtLMd\\\\image_1.jpg\""]""",https://www.propmarket.co.ls/properties/N8hWF5lZHzYQi0zfdtLMd,Good,Traditional,Urban,"""[\""road access\"", \""tar road\""]""",sale
propmarket-RAORp0t2ifmx-wUA_bz7j,propmarket,"4 Bedrooms, House",4 bedroom house in Masowe 1\nM10 000.00 per month\nM10 000.00 Deposit,"Thepa ena ya mofuta wa house e fumaneha Masowe 1b Secondary School, Maseru. E na le dikamore tse 4 le dibate tse 3 mme e fumaneha ka theko ya M 10,000. Tlotla ena e tshwanetse ho shejwa bakeng sa bareki ba batlang menyetla ya nnete Lesotho.",10000.0,LSL,Maseru,"Masowe 1b Secondary School, Maseru",House,4,3,"""[\""C:\\\\Users\\\\lepha\\\\Documents\\\\Codex\\\\2026-04-20-files-mentioned-by-the-user-group\\\\generated\\\\images\\\\live\\\\propmarket\\\\propmarket-RAORp0t2ifmx-wUA_bz7j\\\\image_1.jpg\"", \""C:\\\\Users\\\\lepha\\\\Documents\\\\Codex\\\\2026-04-20-files-mentioned-by-the-user-group\\\\generated\\\\images\\\\live\\\\propmarket\\\\propmarket-RAORp0t2ifmx-wUA_bz7j\\\\image_2.jpg\"", \""C:\\\\Users\\\\lepha\\\\Documents\\\\Codex\\\\2026-04-20-files-mentioned-by-the-user-group\\\\generated\\\\images\\\\live\\\\propmarket\\\\propmarket-RAORp0t2ifmx-wUA_bz7j\\\\image_3.jpg\"", \""C:\\\\Users\\\\lepha\\\\Documents\\\\Codex\\\\2026-04-20-files-mentioned-by-the-user-group\\\\generated\\\\images\\\\live\\\\propmarket\\\\propmarket-RAORp0t2ifmx-wUA_bz7j\\\\image_4.png\""]""",https://www.propmarket.co.ls/properties/RAORp0t2ifmx-wUA_bz7j,Good,Traditional,Urban,"""[\""near schools\"", \""road access\""]""",rent
propmarket-iuFHBDeub5jDil8NgqcPI,propmarket,School,This is a non-running school in T.Y..It is a big site of approximately 34000sqm ...selling price 1.5m,"Thepa ena ya mofuta wa site e fumaneha Teyateyaneng, Berea. E na le sebaka sena mme e fumaneha ka theko ya M 1,500,000. Tlotla ena e tshwanetse ho shejwa bakeng sa bareki ba batlang menyetla ya nnete Lesotho.",1500000.0,LSL,Berea,"Teyateyaneng, Berea",Site,0,0,"""[\""C:\\\\Users\\\\lepha\\\\Documents\\\\Codex\\\\2026-04-20-files-mentioned-by-the-user-group\\\\generated\\\\images\\\\live\\\\propmarket\\\\propmarket-iuFHBDeub5jDil8NgqcPI\\\\image_1.jpg\"", \""C:\\\\Users\\\\lepha\\\\Documents\\\\Codex\\\\2026-04-20-files-mentioned-by-the-user-group\\\\generated\\\\images\\\\live\\\\propmarket\\\\propmarket-iuFHBDeub5jDil8NgqcPI\\\\image_2.jpg\"", \""C:\\\\Users\\\\lepha\\\\Documents\\\\Codex\\\\2026-04-20-files-mentioned-by-the-user-group\\\\generated\\\\images\\\\live\\\\propmarket\\\\propmarket-iuFHBDeub5jDil8NgqcPI\\\\image_3.jpg\"", \""C:\\\\Users\\\\lepha\\\\Documents\\\\Codex\\\\2026-04-20-files-mentioned-by-the-user-group\\\\generated\\\\images\\\\live\\\\propmarket\\\\propmarket-iuFHBDeub5jDil8NgqcPI\\\\image_4.jpg\""]""",https://www.propmarket.co.ls/properties/iuFHBDeub5jDil8NgqcPI,Good,Traditional,Urban,"""[\""near schools\""]""",sale
propmarket-iIpAxXYSFy6r0duzALZ7K,propmarket,Public Bar,"A public bar/Mahlokoaneng at Naleli opposite Maria 'Mabasotho...Has a public bar, Butchery/Chesanyama, Food outlet ..It's a 900sqm site and still operational with good customer base....It costs 1.5m but you can pay 400k and settle the remaining balance in 12months.","Thepa ena ya mofuta wa site e fumaneha Naleli, Berea. E na le sebaka sena mme e fumaneha ka theko ya M 1,500,000. Tlotla ena e tshwanetse ho shejwa bakeng sa bareki ba batlang menyetla ya nnete Lesotho.",1500000.0,LSL,Berea,"Naleli, Berea",Site,0,0,"""[\""C:\\\\Users\\\\lepha\\\\Documents\\\\Codex\\\\2026-04-20-files-mentioned-by-the-user-group\\\\generated\\\\images\\\\live\\\\propmarket\\\\propmarket-iIpAxXYSFy6r0duzALZ7K\\\\image_1.jpg\"", \""C:\\\\Users\\\\lepha\\\\Documents\\\\Codex\\\\2026-04-20-files-mentioned-by-the-user-group\\\\generated\\\\images\\\\live\\\\propmarket\\\\propmarket-iIpAxXYSFy6r0duzALZ7K\\\\image_2.jpg\"", \""C:\\\\Users\\\\lepha\\\\Documents\\\\Codex\\\\2026-04-20-files-mentioned-by-the-user-group\\\\generated\\\\images\\\\live\\\\propmarket\\\\propmarket-iIpAxXYSFy6r0duzALZ7K\\\\image_3.jpg\"", \""C:\\\\Users\\\\lepha\\\\Documents\\\\Codex\\\\2026-04-20-files-mentioned-by-the-user-group\\\\generated\\\\images\\\\live\\\\propmarket\\\\propmarket-iIpAxXYSFy6r0duzALZ7K\\\\image_4.jpg\""]""",https://www.propmarket.co.ls/properties/iIpAxXYSFy6r0duzALZ7K,Good,Traditional,Suburban,"""[]""",sale
propmarket-OjeCEvzbGRz8FYBJXcoRc,propmarket,"3 Bedrooms, House",This beautiful 3bedroomed house is located at Ha-Thetsane Lesia and it is fully fitted..valuation report ke 1900000 and selling price is 1150000.,"Thepa ena ya mofuta wa house e fumaneha Lower Thetsane, Maseru. E na le dikamore tse 3 le dibate tse 2 mme e fumaneha ka theko ya M 1,150,000. Tlotla ena e tshwanetse ho shejwa bakeng sa bareki ba batlang menyetla ya nnete Lesotho.",1150000.0,LSL,Maseru,"Lower Thetsane, Maseru",House,3,2,"""[\""C:\\\\Users\\\\lepha\\\\Documents\\\\Codex\\\\2026-04-20-files-mentioned-by-the-user-group\\\\generated\\\\images\\\\live\\\\propmarket\\\\propmarket-OjeCEvzbGRz8FYBJXcoRc\\\\image_1.jpg\"", \""C:\\\\Users\\\\lepha\\\\Documents\\\\Codex\\\\2026-04-20-files-mentioned-by-the-user-group\\\\generated\\\\images\\\\live\\\\propmarket\\\\propmarket-OjeCEvzbGRz8FYBJXcoRc\\\\image_2.jpg\"", \""C:\\\\Users\\\\lepha\\\\Documents\\\\Codex\\\\2026-04-20-files-mentioned-by-the-user-group\\\\generated\\\\images\\\\live\\\\propmarket\\\\propmarket-OjeCEvzbGRz8FYBJXcoRc\\\\image_3.jpg\"", \""C:\\\\Users\\\\lepha\\\\Documents\\\\Codex\\\\2026-04-20-files-mentioned-by-the-user-group\\\\generated\\\\images\\\\live\\\\propmarket\\\\propmarket-OjeCEvzbGRz8FYBJXcoRc\\\\image_4.jpg\""]""",https://www.propmarket.co.ls/properties/OjeCEvzbGRz8FYBJXcoRc,Good,Traditional,Suburban,"""[]""",sale
propmarket-Hq04C66rubfEhhoXnqFtj,propmarket,"7 Bedrooms, House",Two standalone houses in one yard with massive yard.\n First house is four bedroomed \n Second house is three bedroomed house \n All houses are fully fitted,"Thepa ena ya mofuta wa house e fumaneha Ladybrand, Mantsopa Local Municipality. E na le dikamore tse 7 le dibate tse 4 mme e fumaneha ka theko ya M 3,500,000. Tlotla ena e tshwanetse ho shejwa bakeng sa bareki ba batlang menyetla ya nnete Lesotho.",3500000.0,LSL,Mantsopa Local Municipality,"Ladybrand, Mantsopa Local Municipality",House,7,4,"""[\""C:\\\\Users\\\\lepha\\\\Documents\\\\Codex\\\\2026-04-20-files-mentioned-by-the-user-group\\\\generated\\\\images\\\\live\\\\propmarket\\\\propmarket-Hq04C66rubfEhhoXnqFtj\\\\image_1.jpg\"", \""C:\\\\Users\\\\lepha\\\\Documents\\\\Codex\\\\2026-04-20-files-mentioned-by-the-user-group\\\\generated\\\\images\\\\live\\\\propmarket\\\\propmarket-Hq04C66rubfEhhoXnqFtj\\\\image_2.jpg\"", \""C:\\\\Users\\\\lepha\\\\Documents\\\\Codex\\\\2026-04-20-files-mentioned-by-the-user-group\\\\generated\\\\images\\\\live\\\\propmarket\\\\propmarket-Hq04C66rubfEhhoXnqFtj\\\\image_3.jpg\"", \""C:\\\\Users\\\\lepha\\\\Documents\\\\Codex\\\\2026-04-20-files-mentioned-by-the-user-group\\\\generated\\\\images\\\\live\\\\propmarket\\\\propmarket-Hq04C66rubfEhhoXnqFtj\\\\image_4.jpg\""]""",https://www.propmarket.co.ls/properties/Hq04C66rubfEhhoXnqFtj,Good,Family,Garden,"""[\""yard\""]""",sale
propmarket-CjMDJxYj7gYwhhmzGJLQZ,propmarket,"3 Bedrooms, Commercial",- 5000sqm land\n- 3 x bedroomed house\n- 2 room flat\n- 1 x bar\n- 1 x workshop\n- 1 x storeroom\n- 1 x (10m x 10m office) \n- Borehole \n- A big piece of the land still undeveloped\n- Situated in an industrial area alongside the main road. \n,"Thepa ena ya mofuta wa apartment e fumaneha Ladybrand, Mantsopa Local Municipality. E na le dikamore tse 3 le dibate tse 1 mme e fumaneha ka theko ya M 1,600,000. Tlotla ena e tshwanetse ho shejwa bakeng sa bareki ba batlang menyetla ya nnete Lesotho.",1600000.0,LSL,Mantsopa Local Municipality,"Ladybrand, Mantsopa Local Municipality",Apartment,3,1,"""[\""C:\\\\Users\\\\lepha\\\\Documents\\\\Codex\\\\2026-04-20-files-mentioned-by-the-user-group\\\\generated\\\\images\\\\live\\\\propmarket\\\\propmarket-CjMDJxYj7gYwhhmzGJLQZ\\\\image_1.jpg\"", \""C:\\\\Users\\\\lepha\\\\Documents\\\\Codex\\\\2026-04-20-files-mentioned-by-the-user-group\\\\generated\\\\images\\\\live\\\\propmarket\\\\propmarket-CjMDJxYj7gYwhhmzGJLQZ\\\\image_2.jpg\"", \""C:\\\\Users\\\\lepha\\\\Documents\\\\Codex\\\\2026-04-20-files-mentioned-by-the-user-group\\\\generated\\\\images\\\\live\\\\propmarket\\\\propmarket-CjMDJxYj7gYwhhmzGJLQZ\\\\image_3.jpg\"", \""C:\\\\Users\\\\lepha\\\\Documents\\\\Codex\\\\2026-04-20-files-mentioned-by-the-user-group\\\\generated\\\\images\\\\live\\\\propmarket\\\\propmarket-CjMDJxYj7gYwhhmzGJLQZ\\\\image_4.jpg\""]""",https://www.propmarket.co.ls/properties/CjMDJxYj7gYwhhmzGJLQZ,Good,Contemporary,Urban,"""[\""road access\"", \""office-ready\""]""",sale
propmarket-pIzIYZOeKgTJCjKglp7TL,propmarket,"5 Bedrooms, House",House for sale in Masowe1 Extension.\nSite Area 900sqm\n\nMain house 245\nDouble garage\nKitchen\nLaundry \nLounge\nDinning \n3 bedroom\n1 bathroom and ensuite\nVisitors toilet\n\nCottage 70.5 \nKitchen and lounge \n2 bedroom\nCommon bathroom\n,"Thepa ena ya mofuta wa house e fumaneha Masowe Iii, Maseru. E na le dikamore tse 5 le dibate tse 2 mme e fumaneha ka theko ya M 2,500,000. Tlotla ena e tshwanetse ho shejwa bakeng sa bareki ba batlang menyetla ya nnete Lesotho.",2500000.0,LSL,Maseru,"Masowe Iii, Maseru",House,5,2,"""[\""C:\\\\Users\\\\lepha\\\\Documents\\\\Codex\\\\2026-04-20-files-mentioned-by-the-user-group\\\\generated\\\\images\\\\live\\\\propmarket\\\\propmarket-pIzIYZOeKgTJCjKglp7TL\\\\image_1.jpg\"", \""C:\\\\Users\\\\lepha\\\\Documents\\\\Codex\\\\2026-04-20-files-mentioned-by-the-user-group\\\\generated\\\\images\\\\live\\\\propmarket\\\\propmarket-pIzIYZOeKgTJCjKglp7TL\\\\image_2.jpg\"", \""C:\\\\Users\\\\lepha\\\\Documents\\\\Codex\\\\2026-04-20-files-mentioned-by-the-user-group\\\\generated\\\\images\\\\live\\\\propmarket\\\\propmarket-pIzIYZOeKgTJCjKglp7TL\\\\image_3.jpg\"", \""C:\\\\Users\\\\lepha\\\\Documents\\\\Codex\\\\2026-04-20-files-mentioned-by-the-user-group\\\\generated\\\\images\\\\live\\\\propmarket\\\\propmarket-pIzIYZOeKgTJCjKglp7TL\\\\image_4.jpg\""]""",https://www.propmarket.co.ls/properties/pIzIYZOeKgTJCjKglp7TL,Good,Traditional,Suburban,"""[\""garage\""]""",sale
propmarket-WUMcplI44uaZO1iSoAQ4S,propmarket,"1 Bedroom, House","This beautiful house is at Ha-Leqele pela Moreneng Ha Khechane, the plot size is 783 sqm with the available lease..at just 380k.","Thepa ena ya mofuta wa house e fumaneha Ha Leqele, Maseru. E na le dikamore tse 1 le dibate tse 1 mme e fumaneha ka theko ya M 380,000. Tlotla ena e tshwanetse ho shejwa bakeng sa bareki ba batlang menyetla ya nnete Lesotho.",380000.0,LSL,Maseru,"Ha Leqele, Maseru",House,1,1,"""[\""C:\\\\Users\\\\lepha\\\\Documents\\\\Codex\\\\2026-04-20-files-mentioned-by-the-user-group\\\\generated\\\\images\\\\live\\\\propmarket\\\\propmarket-WUMcplI44uaZO1iSoAQ4S\\\\image_1.jpg\"", \""C:\\\\Users\\\\lepha\\\\Documents\\\\Codex\\\\2026-04-20-files-mentioned-by-the-user-group\\\\generated\\\\images\\\\live\\\\propmarket\\\\propmarket-WUMcplI44uaZO1iSoAQ4S\\\\image_2.jpg\"", \""C:\\\\Users\\\\lepha\\\\Documents\\\\Codex\\\\2026-04-20-files-mentioned-by-the-user-group\\\\generated\\\\images\\\\live\\\\propmarket\\\\propmarket-WUMcplI44uaZO1iSoAQ4S\\\\image_3.png\""]""",https://www.propmarket.co.ls/properties/WUMcplI44uaZO1iSoAQ4S,Good,Traditional,Suburban,"""[]""",sale
propmarket-TGGtwzXu1PaT221Z8WCKM,propmarket,"4 Bedrooms, House","This is a four bedroom house at Semphetenyane not far from the main road..It is fully fitted, selling price 1.5m but highly negotiable with cash..For cash you can pay 800k and see the balance later on..","Thepa ena ya mofuta wa house e fumaneha Semphetenyane, Maseru. E na le dikamore tse 4 le dibate tse 3 mme e fumaneha ka theko ya M 1,500,000. Tlotla ena e tshwanetse ho shejwa bakeng sa bareki ba batlang menyetla ya nnete Lesotho.",1500000.0,LSL,Maseru,"Semphetenyane, Maseru",House,4,3,"""[\""C:\\\\Users\\\\lepha\\\\Documents\\\\Codex\\\\2026-04-20-files-mentioned-by-the-user-group\\\\generated\\\\images\\\\live\\\\propmarket\\\\propmarket-TGGtwzXu1PaT221Z8WCKM\\\\image_1.jpg\"", \""C:\\\\Users\\\\lepha\\\\Documents\\\\Codex\\\\2026-04-20-files-mentioned-by-the-user-group\\\\generated\\\\images\\\\live\\\\propmarket\\\\propmarket-TGGtwzXu1PaT221Z8WCKM\\\\image_2.jpg\"", \""C:\\\\Users\\\\lepha\\\\Documents\\\\Codex\\\\2026-04-20-files-mentioned-by-the-user-group\\\\generated\\\\images\\\\live\\\\propmarket\\\\propmarket-TGGtwzXu1PaT221Z8WCKM\\\\image_3.jpg\"", \""C:\\\\Users\\\\lepha\\\\Documents\\\\Codex\\\\2026-04-20-files-mentioned-by-the-user-group\\\\generated\\\\images\\\\live\\\\propmarket\\\\propmarket-TGGtwzXu1PaT221Z8WCKM\\\\image_4.jpg\""]""",https://www.propmarket.co.ls/properties/TGGtwzXu1PaT221Z8WCKM,Good,Traditional,Suburban,"""[\""road access\""]""",sale
propmarket-op0asF1YrwW5Iphyt5FK6,propmarket,"3 Bedrooms, House",Three bedroomed house for sale at Lower Thamae selling with 2 roomed house. At 844k,"Thepa ena ya mofuta wa house e fumaneha Lower Thamae, Maseru. E na le dikamore tse 3 le dibate tse 1 mme e fumaneha ka theko ya M 844,000. Tlotla ena e tshwanetse ho shejwa bakeng sa bareki ba batlang menyetla ya nnete Lesotho.",844000.0,LSL,Maseru,"Lower Thamae, Maseru",House,3,1,"""[\""C:\\\\Users\\\\lepha\\\\Documents\\\\Codex\\\\2026-04-20-files-mentioned-by-the-user-group\\\\generated\\\\images\\\\live\\\\propmarket\\\\propmarket-op0asF1YrwW5Iphyt5FK6\\\\image_1.jpg\"", \""C:\\\\Users\\\\lepha\\\\Documents\\\\Codex\\\\2026-04-20-files-mentioned-by-the-user-group\\\\generated\\\\images\\\\live\\\\propmarket\\\\propmarket-op0asF1YrwW5Iphyt5FK6\\\\image_2.jpg\"", \""C:\\\\Users\\\\lepha\\\\Documents\\\\Codex\\\\2026-04-20-files-mentioned-by-the-user-group\\\\generated\\\\images\\\\live\\\\propmarket\\\\propmarket-op0asF1YrwW5Iphyt5FK6\\\\image_3.jpg\""]""",https://www.propmarket.co.ls/properties/op0asF1YrwW5Iphyt5FK6,Good,Traditional,Suburban,"""[]""",sale
propmarket-1gpWZhyNaDKwyXXVRS0MZ,propmarket,"3 Bedrooms, House","We have a beautiful house at Tshenola, a 3 bedroomed house with a kitchen, dining room ,lounge, bathroom, lease e teng.. e boetse ena le 2room kathoko and a double garage...at just 1m and negotiable..","Thepa ena ya mofuta wa house e fumaneha Motse Mocha Ts'enola, Maseru. E na le dikamore tse 3 le dibate tse 1 mme e fumaneha ka theko ya M 1,000,000. Tlotla ena e tshwanetse ho shejwa bakeng sa bareki ba batlang menyetla ya nnete Lesotho.",1000000.0,LSL,Maseru,"Motse Mocha Ts'enola, Maseru",House,3,1,"""[\""C:\\\\Users\\\\lepha\\\\Documents\\\\Codex\\\\2026-04-20-files-mentioned-by-the-user-group\\\\generated\\\\images\\\\live\\\\propmarket\\\\propmarket-1gpWZhyNaDKwyXXVRS0MZ\\\\image_1.jpg\"", \""C:\\\\Users\\\\lepha\\\\Documents\\\\Codex\\\\2026-04-20-files-mentioned-by-the-user-group\\\\generated\\\\images\\\\live\\\\propmarket\\\\propmarket-1gpWZhyNaDKwyXXVRS0MZ\\\\image_2.jpg\"", \""C:\\\\Users\\\\lepha\\\\Documents\\\\Codex\\\\2026-04-20-files-mentioned-by-the-user-group\\\\generated\\\\images\\\\live\\\\propmarket\\\\propmarket-1gpWZhyNaDKwyXXVRS0MZ\\\\image_3.jpg\"", \""C:\\\\Users\\\\lepha\\\\Documents\\\\Codex\\\\2026-04-20-files-mentioned-by-the-user-group\\\\generated\\\\images\\\\live\\\\propmarket\\\\propmarket-1gpWZhyNaDKwyXXVRS0MZ\\\\image_4.jpg\"", \""C:\\\\Users\\\\lepha\\\\Documents\\\\Codex\\\\2026-04-20-files-mentioned-by-the-user-group\\\\generated\\\\images\\\\live\\\\propmarket\\\\propmarket-1gpWZhyNaDKwyXXVRS0MZ\\\\image_5.jpg\""]""",https://www.propmarket.co.ls/properties/1gpWZhyNaDKwyXXVRS0MZ,Good,Traditional,Suburban,"""[\""garage\""]""",sale
propmarket-Gxks2QBu3POkSKy6LSrVn,propmarket,"2 Bedrooms, House",It's a wonderful achievement to have a HOME...\n\nLET'S HELP YOU FIND YOURS,"Thepa ena ya mofuta wa house e fumaneha Mazenod, Maseru. E na le dikamore tse 2 le dibate tse 1 mme e fumaneha ka theko ya M 790,000. Tlotla ena e tshwanetse ho shejwa bakeng sa bareki ba batlang menyetla ya nnete Lesotho.",790000.0,LSL,Maseru,"Mazenod, Maseru",House,2,1,"""[\""C:\\\\Users\\\\lepha\\\\Documents\\\\Codex\\\\2026-04-20-files-mentioned-by-the-user-group\\\\generated\\\\images\\\\live\\\\propmarket\\\\propmarket-Gxks2QBu3POkSKy6LSrVn\\\\image_1.jpg\"", \""C:\\\\Users\\\\lepha\\\\Documents\\\\Codex\\\\2026-04-20-files-mentioned-by-the-user-group\\\\generated\\\\images\\\\live\\\\propmarket\\\\propmarket-Gxks2QBu3POkSKy6LSrVn\\\\image_2.jpg\"", \""C:\\\\Users\\\\lepha\\\\Documents\\\\Codex\\\\2026-04-20-files-mentioned-by-the-user-group\\\\generated\\\\images\\\\live\\\\propmarket\\\\propmarket-Gxks2QBu3POkSKy6LSrVn\\\\image_3.jpg\"", \""C:\\\\Users\\\\lepha\\\\Documents\\\\Codex\\\\2026-04-20-files-mentioned-by-the-user-group\\\\generated\\\\images\\\\live\\\\propmarket\\\\propmarket-Gxks2QBu3POkSKy6LSrVn\\\\image_4.jpg\"", \""C:\\\\Users\\\\lepha\\\\Documents\\\\Codex\\\\2026-04-20-files-mentioned-by-the-user-group\\\\generated\\\\images\\\\live\\\\propmarket\\\\propmarket-Gxks2QBu3POkSKy6LSrVn\\\\image_5.png\""]""",https://www.propmarket.co.ls/properties/Gxks2QBu3POkSKy6LSrVn,Good,Traditional,Suburban,"""[]""",sale
propmarket-862McOr-9ckYlIzwbWrUX,propmarket,"6 Units, Malaene","Malaena ana a 6, a Semphetenyane, ke 250k, a ntsa luloa, ho pataloa 400","Thepa ena ya mofuta wa house e fumaneha Semphetenyane, Maseru. E na le dikamore tse 2 le dibate tse 1 mme e fumaneha ka theko ya M 250,000. Tlotla ena e tshwanetse ho shejwa bakeng sa bareki ba batlang menyetla ya nnete Lesotho.",250000.0,LSL,Maseru,"Semphetenyane, Maseru",House,2,1,"""[\""C:\\\\Users\\\\lepha\\\\Documents\\\\Codex\\\\2026-04-20-files-mentioned-by-the-user-group\\\\generated\\\\images\\\\live\\\\propmarket\\\\propmarket-862McOr-9ckYlIzwbWrUX\\\\image_1.jpg\""]""",https://www.propmarket.co.ls/properties/862McOr-9ckYlIzwbWrUX,Good,Traditional,Suburban,"""[]""",sale
propmarket-unyPQK3bFX8Fq3cwWcuI6,propmarket,"3 Units, 3 Bedrooms, Duplex",3 Units of Duplexs in Ha Nnelese \n\nWater and electricity li teng.\n\ncontact me for viewing,"Thepa ena ya mofuta wa townhouse e fumaneha Ha Nelese, Maseru. E na le dikamore tse 3 le dibate tse 3 mme e fumaneha ka theko ya M 1,200,000. Tlotla ena e tshwanetse ho shejwa bakeng sa bareki ba batlang menyetla ya nnete Lesotho.",1200000.0,LSL,Maseru,"Ha Nelese, Maseru",Townhouse,3,3,"""[\""C:\\\\Users\\\\lepha\\\\Documents\\\\Codex\\\\2026-04-20-files-mentioned-by-the-user-group\\\\generated\\\\images\\\\live\\\\propmarket\\\\propmarket-unyPQK3bFX8Fq3cwWcuI6\\\\image_1.jpg\"", \""C:\\\\Users\\\\lepha\\\\Documents\\\\Codex\\\\2026-04-20-files-mentioned-by-the-user-group\\\\generated\\\\images\\\\live\\\\propmarket\\\\propmarket-unyPQK3bFX8Fq3cwWcuI6\\\\image_2.jpg\"", \""C:\\\\Users\\\\lepha\\\\Documents\\\\Codex\\\\2026-04-20-files-mentioned-by-the-user-group\\\\generated\\\\images\\\\live\\\\propmarket\\\\propmarket-unyPQK3bFX8Fq3cwWcuI6\\\\image_3.jpg\"", \""C:\\\\Users\\\\lepha\\\\Documents\\\\Codex\\\\2026-04-20-files-mentioned-by-the-user-group\\\\generated\\\\images\\\\live\\\\propmarket\\\\propmarket-unyPQK3bFX8Fq3cwWcuI6\\\\image_4.jpg\""]""",https://www.propmarket.co.ls/properties/unyPQK3bFX8Fq3cwWcuI6,Good,Traditional,Hillside,"""[\""water connection\"", \""electricity\""]""",sale
propmarket-5zvnXL81fkjHImUjJGCx8,propmarket,"13 Units, Cottages",We have this 13 room single cottages at Ha-Tsolo pela Ha -Lekhooa..they have 2 outside cottages.. just at 700k,"Thepa ena ya mofuta wa cottage e fumaneha Ha Tsolo, Maseru. E na le dikamore tse 2 le dibate tse 1 mme e fumaneha ka theko ya M 700,000. Tlotla ena e tshwanetse ho shejwa bakeng sa bareki ba batlang menyetla ya nnete Lesotho.",700000.0,LSL,Maseru,"Ha Tsolo, Maseru",Cottage,2,1,"""[\""C:\\\\Users\\\\lepha\\\\Documents\\\\Codex\\\\2026-04-20-files-mentioned-by-the-user-group\\\\generated\\\\images\\\\live\\\\propmarket\\\\propmarket-5zvnXL81fkjHImUjJGCx8\\\\image_1.jpg\"", \""C:\\\\Users\\\\lepha\\\\Documents\\\\Codex\\\\2026-04-20-files-mentioned-by-the-user-group\\\\generated\\\\images\\\\live\\\\propmarket\\\\propmarket-5zvnXL81fkjHImUjJGCx8\\\\image_2.jpg\""]""",https://www.propmarket.co.ls/properties/5zvnXL81fkjHImUjJGCx8,Good,Traditional,Suburban,"""[]""",sale
propmarket-bH8pKVrhThHrUZ_5URuQ-,propmarket,"3 Bedrooms, House",A 6 roomed house at Tshenola at 400k.. 800sqm,"Thepa ena ya mofuta wa house e fumaneha Sekoting Ts'enola, Maseru. E na le dikamore tse 3 le dibate tse 1 mme e fumaneha ka theko ya M 400,000. Tlotla ena e tshwanetse ho shejwa bakeng sa bareki ba batlang menyetla ya nnete Lesotho.",400000.0,LSL,Maseru,"Sekoting Ts'enola, Maseru",House,3,1,"""[\""C:\\\\Users\\\\lepha\\\\Documents\\\\Codex\\\\2026-04-20-files-mentioned-by-the-user-group\\\\generated\\\\images\\\\live\\\\propmarket\\\\propmarket-bH8pKVrhThHrUZ_5URuQ-\\\\image_1.jpg\"", \""C:\\\\Users\\\\lepha\\\\Documents\\\\Codex\\\\2026-04-20-files-mentioned-by-the-user-group\\\\generated\\\\images\\\\live\\\\propmarket\\\\propmarket-bH8pKVrhThHrUZ_5URuQ-\\\\image_2.jpg\"", \""C:\\\\Users\\\\lepha\\\\Documents\\\\Codex\\\\2026-04-20-files-mentioned-by-the-user-group\\\\generated\\\\images\\\\live\\\\propmarket\\\\propmarket-bH8pKVrhThHrUZ_5URuQ-\\\\image_3.jpg\"", \""C:\\\\Users\\\\lepha\\\\Documents\\\\Codex\\\\2026-04-20-files-mentioned-by-the-user-group\\\\generated\\\\images\\\\live\\\\propmarket\\\\propmarket-bH8pKVrhThHrUZ_5URuQ-\\\\image_4.jpg\""]""",https://www.propmarket.co.ls/properties/bH8pKVrhThHrUZ_5URuQ-,Good,Traditional,Suburban,"""[]""",sale
propmarket-G4ZhE5jlCc4y-iw0Kl3d5,propmarket,House,5 roomed house at Ha TShosane at 160k with a lease.,"Thepa ena ya mofuta wa house e fumaneha Ha Ts'osane, Maseru. E na le dikamore tse 2 le dibate tse 1 mme e fumaneha ka theko ya M 160,000. Tlotla ena e tshwanetse ho shejwa bakeng sa bareki ba batlang menyetla ya nnete Lesotho.",160000.0,LSL,Maseru,"Ha Ts'osane, Maseru",House,2,1,"""[\""C:\\\\Users\\\\lepha\\\\Documents\\\\Codex\\\\2026-04-20-files-mentioned-by-the-user-group\\\\generated\\\\images\\\\live\\\\propmarket\\\\propmarket-G4ZhE5jlCc4y-iw0Kl3d5\\\\image_1.jpg\"", \""C:\\\\Users\\\\lepha\\\\Documents\\\\Codex\\\\2026-04-20-files-mentioned-by-the-user-group\\\\generated\\\\images\\\\live\\\\propmarket\\\\propmarket-G4ZhE5jlCc4y-iw0Kl3d5\\\\image_2.jpg\"", \""C:\\\\Users\\\\lepha\\\\Documents\\\\Codex\\\\2026-04-20-files-mentioned-by-the-user-group\\\\generated\\\\images\\\\live\\\\propmarket\\\\propmarket-G4ZhE5jlCc4y-iw0Kl3d5\\\\image_3.jpg\"", \""C:\\\\Users\\\\lepha\\\\Documents\\\\Codex\\\\2026-04-20-files-mentioned-by-the-user-group\\\\generated\\\\images\\\\live\\\\propmarket\\\\propmarket-G4ZhE5jlCc4y-iw0Kl3d5\\\\image_4.jpg\"", \""C:\\\\Users\\\\lepha\\\\Documents\\\\Codex\\\\2026-04-20-files-mentioned-by-the-user-group\\\\generated\\\\images\\\\live\\\\propmarket\\\\propmarket-G4ZhE5jlCc4y-iw0Kl3d5\\\\image_5.jpg\""]""",https://www.propmarket.co.ls/properties/G4ZhE5jlCc4y-iw0Kl3d5,Good,Traditional,Suburban,"""[]""",sale
propmarket-tm9zmb1Cj-5VmgarS2eJA,propmarket,"3 Bedrooms, House","Double Storey house in Masowe 3 for rentral..3 bedroom (master ensuite) Common bathroom(shower & bathtub), Open plan modern kitchen, Lounge ,Garage & Car port, Paved surrounding, lockable gate... I min walk to tar road. Rent at 12k","Thepa ena ya mofuta wa house e fumaneha Masowe Iii, Maseru. E na le dikamore tse 3 le dibate tse 1 mme e fumaneha ka theko ya M 12,000. Tlotla ena e tshwanetse ho shejwa bakeng sa bareki ba batlang menyetla ya nnete Lesotho.",12000.0,LSL,Maseru,"Masowe Iii, Maseru",House,3,1,"""[\""C:\\\\Users\\\\lepha\\\\Documents\\\\Codex\\\\2026-04-20-files-mentioned-by-the-user-group\\\\generated\\\\images\\\\live\\\\propmarket\\\\propmarket-tm9zmb1Cj-5VmgarS2eJA\\\\image_1.jpg\"", \""C:\\\\Users\\\\lepha\\\\Documents\\\\Codex\\\\2026-04-20-files-mentioned-by-the-user-group\\\\generated\\\\images\\\\live\\\\propmarket\\\\propmarket-tm9zmb1Cj-5VmgarS2eJA\\\\image_2.jpg\"", \""C:\\\\Users\\\\lepha\\\\Documents\\\\Codex\\\\2026-04-20-files-mentioned-by-the-user-group\\\\generated\\\\images\\\\live\\\\propmarket\\\\propmarket-tm9zmb1Cj-5VmgarS2eJA\\\\image_3.jpg\"", \""C:\\\\Users\\\\lepha\\\\Documents\\\\Codex\\\\2026-04-20-files-mentioned-by-the-user-group\\\\generated\\\\images\\\\live\\\\propmarket\\\\propmarket-tm9zmb1Cj-5VmgarS2eJA\\\\image_4.jpg\"", \""C:\\\\Users\\\\lepha\\\\Documents\\\\Codex\\\\2026-04-20-files-mentioned-by-the-user-group\\\\generated\\\\images\\\\live\\\\propmarket\\\\propmarket-tm9zmb1Cj-5VmgarS2eJA\\\\image_5.jpg\""]""",https://www.propmarket.co.ls/properties/tm9zmb1Cj-5VmgarS2eJA,New,Modern,Urban,"""[\""garage\"", \""road access\"", \""tar road\"", \""bathtub\"", \""shower\""]""",rent
propmarket-S_WJ4Sx28S7mw4FnZ1aIR,propmarket,Warehouse,"The warehouse is located in Ha Hoohlo Florida, at 40k per month","Thepa ena ya mofuta wa house e fumaneha Ha Hoohlo, Maseru. E na le dikamore tse 2 le dibate tse 1 mme e fumaneha ka theko ya M 40,000. Tlotla ena e tshwanetse ho shejwa bakeng sa bareki ba batlang menyetla ya nnete Lesotho.",40000.0,LSL,Maseru,"Ha Hoohlo, Maseru",House,2,1,"""[\""C:\\\\Users\\\\lepha\\\\Documents\\\\Codex\\\\2026-04-20-files-mentioned-by-the-user-group\\\\generated\\\\images\\\\live\\\\propmarket\\\\propmarket-S_WJ4Sx28S7mw4FnZ1aIR\\\\image_1.jpg\"", \""C:\\\\Users\\\\lepha\\\\Documents\\\\Codex\\\\2026-04-20-files-mentioned-by-the-user-group\\\\generated\\\\images\\\\live\\\\propmarket\\\\propmarket-S_WJ4Sx28S7mw4FnZ1aIR\\\\image_2.jpg\"", \""C:\\\\Users\\\\lepha\\\\Documents\\\\Codex\\\\2026-04-20-files-mentioned-by-the-user-group\\\\generated\\\\images\\\\live\\\\propmarket\\\\propmarket-S_WJ4Sx28S7mw4FnZ1aIR\\\\image_3.jpg\"", \""C:\\\\Users\\\\lepha\\\\Documents\\\\Codex\\\\2026-04-20-files-mentioned-by-the-user-group\\\\generated\\\\images\\\\live\\\\propmarket\\\\propmarket-S_WJ4Sx28S7mw4FnZ1aIR\\\\image_4.jpg\""]""",https://www.propmarket.co.ls/properties/S_WJ4Sx28S7mw4FnZ1aIR,Good,Traditional,Suburban,"""[]""",rent
propmarket-RbW35KXLaP0DV8IG6iip3,propmarket,"3 Bedrooms, House","We have this beautiful rentable house at Masowe 3 available from the 1st July.. it is a 3bedroomed house preferably expatriates or companies but individual families are accepted.. companies 30k to 35k.. Expatriates and individual families 25 to 30k.. the range is an open negotiation.. security is half of the rent for individuals and expatriates.. Automated gate, all bedrooms and kitchen fittted..2 bathrooms with 1 ensuite, wall fenced, open plan lounge and dining","Thepa ena ya mofuta wa house e fumaneha Masowe Iii, Maseru. E na le dikamore tse 3 le dibate tse 1 mme e fumaneha ka theko ya M 25,000. Tlotla ena e tshwanetse ho shejwa bakeng sa bareki ba batlang menyetla ya nnete Lesotho.",25000.0,LSL,Maseru,"Masowe Iii, Maseru",House,3,1,"""[\""C:\\\\Users\\\\lepha\\\\Documents\\\\Codex\\\\2026-04-20-files-mentioned-by-the-user-group\\\\generated\\\\images\\\\live\\\\propmarket\\\\propmarket-RbW35KXLaP0DV8IG6iip3\\\\image_1.jpg\"", \""C:\\\\Users\\\\lepha\\\\Documents\\\\Codex\\\\2026-04-20-files-mentioned-by-the-user-group\\\\generated\\\\images\\\\live\\\\propmarket\\\\propmarket-RbW35KXLaP0DV8IG6iip3\\\\image_2.jpg\"", \""C:\\\\Users\\\\lepha\\\\Documents\\\\Codex\\\\2026-04-20-files-mentioned-by-the-user-group\\\\generated\\\\images\\\\live\\\\propmarket\\\\propmarket-RbW35KXLaP0DV8IG6iip3\\\\image_3.jpg\"", \""C:\\\\Users\\\\lepha\\\\Documents\\\\Codex\\\\2026-04-20-files-mentioned-by-the-user-group\\\\generated\\\\images\\\\live\\\\propmarket\\\\propmarket-RbW35KXLaP0DV8IG6iip3\\\\image_4.jpg\""]""",https://www.propmarket.co.ls/properties/RbW35KXLaP0DV8IG6iip3,Good,Traditional,Suburban,"""[\""security\"", \""walled property\""]""",rent
propmarket-s_hj4oYl975CEdifUzZCH,propmarket,House,We are selling a 6 roomed house plus 5 doubles at Mathokoane Maseru at 1.7m,"Thepa ena ya mofuta wa house e fumaneha Mathokoane, Leribe. E na le dikamore tse 2 le dibate tse 1 mme e fumaneha ka theko ya M 1,700,000. Tlotla ena e tshwanetse ho shejwa bakeng sa bareki ba batlang menyetla ya nnete Lesotho.",1700000.0,LSL,Leribe,"Mathokoane, Leribe",House,2,1,"""[\""C:\\\\Users\\\\lepha\\\\Documents\\\\Codex\\\\2026-04-20-files-mentioned-by-the-user-group\\\\generated\\\\images\\\\live\\\\propmarket\\\\propmarket-s_hj4oYl975CEdifUzZCH\\\\image_1.jpg\"", \""C:\\\\Users\\\\lepha\\\\Documents\\\\Codex\\\\2026-04-20-files-mentioned-by-the-user-group\\\\generated\\\\images\\\\live\\\\propmarket\\\\propmarket-s_hj4oYl975CEdifUzZCH\\\\image_2.jpg\"", \""C:\\\\Users\\\\lepha\\\\Documents\\\\Codex\\\\2026-04-20-files-mentioned-by-the-user-group\\\\generated\\\\images\\\\live\\\\propmarket\\\\propmarket-s_hj4oYl975CEdifUzZCH\\\\image_3.jpg\"", \""C:\\\\Users\\\\lepha\\\\Documents\\\\Codex\\\\2026-04-20-files-mentioned-by-the-user-group\\\\generated\\\\images\\\\live\\\\propmarket\\\\propmarket-s_hj4oYl975CEdifUzZCH\\\\image_4.jpg\"", \""C:\\\\Users\\\\lepha\\\\Documents\\\\Codex\\\\2026-04-20-files-mentioned-by-the-user-group\\\\generated\\\\images\\\\live\\\\propmarket\\\\propmarket-s_hj4oYl975CEdifUzZCH\\\\image_5.jpg\""]""",https://www.propmarket.co.ls/properties/s_hj4oYl975CEdifUzZCH,Good,Traditional,Suburban,"""[]""",sale
propmarket-Bc9FR1yIShoqxKfCinFFv,propmarket,"3 Bedrooms, House",This newly built house is at Semphetenyane Phillips at 1.3m...It is a 3bedroomed house with a single garage.,"Thepa ena ya mofuta wa house e fumaneha Semphetenyane, Maseru. E na le dikamore tse 3 le dibate tse 1 mme e fumaneha ka theko ya M 1,300,000. Tlotla ena e tshwanetse ho shejwa bakeng sa bareki ba batlang menyetla ya nnete Lesotho.",1300000.0,LSL,Maseru,"Semphetenyane, Maseru",House,3,1,"""[\""C:\\\\Users\\\\lepha\\\\Documents\\\\Codex\\\\2026-04-20-files-mentioned-by-the-user-group\\\\generated\\\\images\\\\live\\\\propmarket\\\\propmarket-Bc9FR1yIShoqxKfCinFFv\\\\image_1.jpg\"", \""C:\\\\Users\\\\lepha\\\\Documents\\\\Codex\\\\2026-04-20-files-mentioned-by-the-user-group\\\\generated\\\\images\\\\live\\\\propmarket\\\\propmarket-Bc9FR1yIShoqxKfCinFFv\\\\image_2.jpg\"", \""C:\\\\Users\\\\lepha\\\\Documents\\\\Codex\\\\2026-04-20-files-mentioned-by-the-user-group\\\\generated\\\\images\\\\live\\\\propmarket\\\\propmarket-Bc9FR1yIShoqxKfCinFFv\\\\image_3.jpg\"", \""C:\\\\Users\\\\lepha\\\\Documents\\\\Codex\\\\2026-04-20-files-mentioned-by-the-user-group\\\\generated\\\\images\\\\live\\\\propmarket\\\\propmarket-Bc9FR1yIShoqxKfCinFFv\\\\image_4.jpg\"", \""C:\\\\Users\\\\lepha\\\\Documents\\\\Codex\\\\2026-04-20-files-mentioned-by-the-user-group\\\\generated\\\\images\\\\live\\\\propmarket\\\\propmarket-Bc9FR1yIShoqxKfCinFFv\\\\image_5.jpg\""]""",https://www.propmarket.co.ls/properties/Bc9FR1yIShoqxKfCinFFv,New,Traditional,Hillside,"""[\""garage\""]""",sale
propmarket-XRScC5K9_jkwCS0jizNOv,propmarket,Site,"We have this big land Investment in Thaba-Bosiu Maseru pela Central Bank site e boholo ba 8 acres at atleast 550k. The price is slightly negotiable, metsi a teng le motlakase.. U ka seha litsha kapa ua etsa likhoebo..","Thepa ena ya mofuta wa site e fumaneha Thaba Bosiu, Maseru. E na le sebaka sena mme e fumaneha ka theko ya M 550,000. Tlotla ena e tshwanetse ho shejwa bakeng sa bareki ba batlang menyetla ya nnete Lesotho.",550000.0,LSL,Maseru,"Thaba Bosiu, Maseru",Site,0,0,"""[\""C:\\\\Users\\\\lepha\\\\Documents\\\\Codex\\\\2026-04-20-files-mentioned-by-the-user-group\\\\generated\\\\images\\\\live\\\\propmarket\\\\propmarket-XRScC5K9_jkwCS0jizNOv\\\\image_1.jpg\"", \""C:\\\\Users\\\\lepha\\\\Documents\\\\Codex\\\\2026-04-20-files-mentioned-by-the-user-group\\\\generated\\\\images\\\\live\\\\propmarket\\\\propmarket-XRScC5K9_jkwCS0jizNOv\\\\image_2.jpg\"", \""C:\\\\Users\\\\lepha\\\\Documents\\\\Codex\\\\2026-04-20-files-mentioned-by-the-user-group\\\\generated\\\\images\\\\live\\\\propmarket\\\\propmarket-XRScC5K9_jkwCS0jizNOv\\\\image_3.jpg\"", \""C:\\\\Users\\\\lepha\\\\Documents\\\\Codex\\\\2026-04-20-files-mentioned-by-the-user-group\\\\generated\\\\images\\\\live\\\\propmarket\\\\propmarket-XRScC5K9_jkwCS0jizNOv\\\\image_4.jpg\""]""",https://www.propmarket.co.ls/properties/XRScC5K9_jkwCS0jizNOv,Good,Traditional,Urban,"""[]""",sale
propmarket-81l4_NDWdSkfdHzXFJwUq,propmarket,"2 Bedrooms, House",2min walk from tar road\nNo water and electricity,"Thepa ena ya mofuta wa house e fumaneha Lekokoaneng, Berea. E na le dikamore tse 2 le dibate tse 1 mme e fumaneha ka theko ya M 110,000. Tlotla ena e tshwanetse ho shejwa bakeng sa bareki ba batlang menyetla ya nnete Lesotho.",110000.0,LSL,Berea,"Lekokoaneng, Berea",House,2,1,"""[\""C:\\\\Users\\\\lepha\\\\Documents\\\\Codex\\\\2026-04-20-files-mentioned-by-the-user-group\\\\generated\\\\images\\\\live\\\\propmarket\\\\propmarket-81l4_NDWdSkfdHzXFJwUq\\\\image_1.jpg\""]""",https://www.propmarket.co.ls/properties/81l4_NDWdSkfdHzXFJwUq,Good,Traditional,Urban,"""[\""water connection\"", \""electricity\"", \""road access\"", \""tar road\""]""",sale
propmarket-VI0BdkpH1CqmVWmHDSEgY,propmarket,"3 Bedrooms, House",Along tar road \nPerimeter walls \nLockable gate,"Thepa ena ya mofuta wa house e fumaneha Masowe 1b Secondary School, Maseru. E na le dikamore tse 3 le dibate tse 2 mme e fumaneha ka theko ya M 1,300,000. Tlotla ena e tshwanetse ho shejwa bakeng sa bareki ba batlang menyetla ya nnete Lesotho.",1300000.0,LSL,Maseru,"Masowe 1b Secondary School, Maseru",House,3,2,"""[\""C:\\\\Users\\\\lepha\\\\Documents\\\\Codex\\\\2026-04-20-files-mentioned-by-the-user-group\\\\generated\\\\images\\\\live\\\\propmarket\\\\propmarket-VI0BdkpH1CqmVWmHDSEgY\\\\image_1.jpg\""]""",https://www.propmarket.co.ls/properties/VI0BdkpH1CqmVWmHDSEgY,Good,Traditional,Urban,"""[\""near schools\"", \""road access\"", \""tar road\"", \""walled property\""]""",sale
propmarket-0Z6gqKQWMADgOJGE2Dfp_,propmarket,"3 Bedrooms, House",Recently built \nHas car port,"Thepa ena ya mofuta wa house e fumaneha Ha Tsolo, Maseru. E na le dikamore tse 3 le dibate tse 1 mme e fumaneha ka theko ya M 900,000. Tlotla ena e tshwanetse ho shejwa bakeng sa bareki ba batlang menyetla ya nnete Lesotho.",900000.0,LSL,Maseru,"Ha Tsolo, Maseru",House,3,1,"""[\""C:\\\\Users\\\\lepha\\\\Documents\\\\Codex\\\\2026-04-20-files-mentioned-by-the-user-group\\\\generated\\\\images\\\\live\\\\propmarket\\\\propmarket-0Z6gqKQWMADgOJGE2Dfp_\\\\image_1.jpg\""]""",https://www.propmarket.co.ls/properties/0Z6gqKQWMADgOJGE2Dfp_,Good,Traditional,Suburban,"""[]""",sale
propmarket-1sNerhHis5nYLKoZsIRM-,propmarket,Site,Hillside 734sqm Lekhalong,"Thepa ena ya mofuta wa site e fumaneha Thetsane, Maseru. E na le sebaka sena mme e fumaneha ka theko ya M 110,000. Tlotla ena e tshwanetse ho shejwa bakeng sa bareki ba batlang menyetla ya nnete Lesotho.",110000.0,LSL,Maseru,"Thetsane, Maseru",Site,0,0,"""[\""C:\\\\Users\\\\lepha\\\\Documents\\\\Codex\\\\2026-04-20-files-mentioned-by-the-user-group\\\\generated\\\\images\\\\live\\\\propmarket\\\\propmarket-1sNerhHis5nYLKoZsIRM-\\\\image_1.jpg\"", \""C:\\\\Users\\\\lepha\\\\Documents\\\\Codex\\\\2026-04-20-files-mentioned-by-the-user-group\\\\generated\\\\images\\\\live\\\\propmarket\\\\propmarket-1sNerhHis5nYLKoZsIRM-\\\\image_2.jpg\"", \""C:\\\\Users\\\\lepha\\\\Documents\\\\Codex\\\\2026-04-20-files-mentioned-by-the-user-group\\\\generated\\\\images\\\\live\\\\propmarket\\\\propmarket-1sNerhHis5nYLKoZsIRM-\\\\image_3.jpg\"", \""C:\\\\Users\\\\lepha\\\\Documents\\\\Codex\\\\2026-04-20-files-mentioned-by-the-user-group\\\\generated\\\\images\\\\live\\\\propmarket\\\\propmarket-1sNerhHis5nYLKoZsIRM-\\\\image_4.jpg\"", \""C:\\\\Users\\\\lepha\\\\Documents\\\\Codex\\\\2026-04-20-files-mentioned-by-the-user-group\\\\generated\\\\images\\\\live\\\\propmarket\\\\propmarket-1sNerhHis5nYLKoZsIRM-\\\\image_5.png\""]""",https://www.propmarket.co.ls/properties/1sNerhHis5nYLKoZsIRM-,Good,Traditional,Hillside,"""[\""road access\""]""",sale
propmarket-u-14C-3d-sdq2TljmObYC,propmarket,"3 Bedrooms, House","First time buyers your time has come.\n\nWelcome to this amazing 3 bedroom Townhouse in Ha Maribane,\n2 bathrooms, 2 of them offers a shower, and a bathtub,\n\nContact us for viewing today.\nOpen plan kitchen and lounger, single garage and braai place.","Thepa ena ya mofuta wa townhouse e fumaneha Berea District, Berea. E na le dikamore tse 3 le dibate tse 2 mme e fumaneha ka theko ya M 1,400,000. Tlotla ena e tshwanetse ho shejwa bakeng sa bareki ba batlang menyetla ya nnete Lesotho.",1400000.0,LSL,Berea,"Berea District, Berea",Townhouse,3,2,"""[\""C:\\\\Users\\\\lepha\\\\Documents\\\\Codex\\\\2026-04-20-files-mentioned-by-the-user-group\\\\generated\\\\images\\\\live\\\\propmarket\\\\propmarket-u-14C-3d-sdq2TljmObYC\\\\image_1.jpg\"", \""C:\\\\Users\\\\lepha\\\\Documents\\\\Codex\\\\2026-04-20-files-mentioned-by-the-user-group\\\\generated\\\\images\\\\live\\\\propmarket\\\\propmarket-u-14C-3d-sdq2TljmObYC\\\\image_2.jpg\"", \""C:\\\\Users\\\\lepha\\\\Documents\\\\Codex\\\\2026-04-20-files-mentioned-by-the-user-group\\\\generated\\\\images\\\\live\\\\propmarket\\\\propmarket-u-14C-3d-sdq2TljmObYC\\\\image_3.jpg\"", \""C:\\\\Users\\\\lepha\\\\Documents\\\\Codex\\\\2026-04-20-files-mentioned-by-the-user-group\\\\generated\\\\images\\\\live\\\\propmarket\\\\propmarket-u-14C-3d-sdq2TljmObYC\\\\image_4.jpg\""]""",https://www.propmarket.co.ls/properties/u-14C-3d-sdq2TljmObYC,Good,Traditional,Hillside,"""[\""garage\"", \""bathtub\"", \""shower\""]""",sale
propmarket-hw6n6Mf06YMilWhDjAv98,propmarket,"3 Bedrooms, House","this newly built house is in Masowe 1, it has three bedrooms and a masterbedroom ensuite, spacious fitted kitchen and two bathrooms ,lounge ,dinning room, single garage, well paved surroundings, high boundary wall at just 1.5m","Thepa ena ya mofuta wa house e fumaneha Masowe 1b Secondary School, Maseru. E na le dikamore tse 3 le dibate tse 1 mme e fumaneha ka theko ya M 1,500,000. Tlotla ena e tshwanetse ho shejwa bakeng sa bareki ba batlang menyetla ya nnete Lesotho.",1500000.0,LSL,Maseru,"Masowe 1b Secondary School, Maseru",House,3,1,"""[\""C:\\\\Users\\\\lepha\\\\Documents\\\\Codex\\\\2026-04-20-files-mentioned-by-the-user-group\\\\generated\\\\images\\\\live\\\\propmarket\\\\propmarket-hw6n6Mf06YMilWhDjAv98\\\\image_1.jpg\"", \""C:\\\\Users\\\\lepha\\\\Documents\\\\Codex\\\\2026-04-20-files-mentioned-by-the-user-group\\\\generated\\\\images\\\\live\\\\propmarket\\\\propmarket-hw6n6Mf06YMilWhDjAv98\\\\image_2.jpg\"", \""C:\\\\Users\\\\lepha\\\\Documents\\\\Codex\\\\2026-04-20-files-mentioned-by-the-user-group\\\\generated\\\\images\\\\live\\\\propmarket\\\\propmarket-hw6n6Mf06YMilWhDjAv98\\\\image_3.jpg\"", \""C:\\\\Users\\\\lepha\\\\Documents\\\\Codex\\\\2026-04-20-files-mentioned-by-the-user-group\\\\generated\\\\images\\\\live\\\\propmarket\\\\propmarket-hw6n6Mf06YMilWhDjAv98\\\\image_4.jpg\""]""",https://www.propmarket.co.ls/properties/hw6n6Mf06YMilWhDjAv98,New,Family,Urban,"""[\""garage\"", \""near schools\"", \""road access\"", \""walled property\""]""",sale
propmarket-h6TS1Gk63_zZvuZl9UZb-,propmarket,Site,This site is at Upper Thamae pela Ha-Qhomane just 2 minutes from the main road..se pela metsi le motlakase at just 80k,"Thepa ena ya mofuta wa site e fumaneha Upper Thamae, Maseru. E na le sebaka sena mme e fumaneha ka theko ya M 85,000. Tlotla ena e tshwanetse ho shejwa bakeng sa bareki ba batlang menyetla ya nnete Lesotho.",85000.0,LSL,Maseru,"Upper Thamae, Maseru",Site,0,0,"""[\""C:\\\\Users\\\\lepha\\\\Documents\\\\Codex\\\\2026-04-20-files-mentioned-by-the-user-group\\\\generated\\\\images\\\\live\\\\propmarket\\\\propmarket-h6TS1Gk63_zZvuZl9UZb-\\\\image_1.jpg\"", \""C:\\\\Users\\\\lepha\\\\Documents\\\\Codex\\\\2026-04-20-files-mentioned-by-the-user-group\\\\generated\\\\images\\\\live\\\\propmarket\\\\propmarket-h6TS1Gk63_zZvuZl9UZb-\\\\image_2.jpg\""]""",https://www.propmarket.co.ls/properties/h6TS1Gk63_zZvuZl9UZb-,Good,Traditional,Suburban,"""[\""road access\""]""",sale
propmarket-5zACiX0rDl2j0hsFvx5_6,propmarket,Site,Site Ha- Leburu pela Peka Health Center,"Thepa ena ya mofuta wa site e fumaneha Peka, Leribe. E na le sebaka sena mme e fumaneha ka theko ya M 25,000. Tlotla ena e tshwanetse ho shejwa bakeng sa bareki ba batlang menyetla ya nnete Lesotho.",25000.0,LSL,Leribe,"Peka, Leribe",Site,0,0,"""[\""C:\\\\Users\\\\lepha\\\\Documents\\\\Codex\\\\2026-04-20-files-mentioned-by-the-user-group\\\\generated\\\\images\\\\live\\\\propmarket\\\\propmarket-5zACiX0rDl2j0hsFvx5_6\\\\image_1.jpg\"", \""C:\\\\Users\\\\lepha\\\\Documents\\\\Codex\\\\2026-04-20-files-mentioned-by-the-user-group\\\\generated\\\\images\\\\live\\\\propmarket\\\\propmarket-5zACiX0rDl2j0hsFvx5_6\\\\image_2.jpg\"", \""C:\\\\Users\\\\lepha\\\\Documents\\\\Codex\\\\2026-04-20-files-mentioned-by-the-user-group\\\\generated\\\\images\\\\live\\\\propmarket\\\\propmarket-5zACiX0rDl2j0hsFvx5_6\\\\image_3.jpg\"", \""C:\\\\Users\\\\lepha\\\\Documents\\\\Codex\\\\2026-04-20-files-mentioned-by-the-user-group\\\\generated\\\\images\\\\live\\\\propmarket\\\\propmarket-5zACiX0rDl2j0hsFvx5_6\\\\image_4.jpg\"", \""C:\\\\Users\\\\lepha\\\\Documents\\\\Codex\\\\2026-04-20-files-mentioned-by-the-user-group\\\\generated\\\\images\\\\live\\\\propmarket\\\\propmarket-5zACiX0rDl2j0hsFvx5_6\\\\image_5.jpg\""]""",https://www.propmarket.co.ls/properties/5zACiX0rDl2j0hsFvx5_6,Good,Traditional,Suburban,"""[]""",sale
propmarket-9b9PGp4HnpljXDMmFt8oz,propmarket,"3 Bedrooms, House","This house is at Green City Maseru, it has 3 bedrooms, master bedroomwith ensuite + walk in closet, two bwdroomswith sharing bathroom, kitchen and lounge open plan, single garage, water , sewer and electricity connection","Thepa ena ya mofuta wa house e fumaneha Green City, Maseru. E na le dikamore tse 3 le dibate tse 2 mme e fumaneha ka theko ya M 1,400,000. Tlotla ena e tshwanetse ho shejwa bakeng sa bareki ba batlang menyetla ya nnete Lesotho.",1400000.0,LSL,Maseru,"Green City, Maseru",House,3,2,"""[\""C:\\\\Users\\\\lepha\\\\Documents\\\\Codex\\\\2026-04-20-files-mentioned-by-the-user-group\\\\generated\\\\images\\\\live\\\\propmarket\\\\propmarket-9b9PGp4HnpljXDMmFt8oz\\\\image_1.jpg\"", \""C:\\\\Users\\\\lepha\\\\Documents\\\\Codex\\\\2026-04-20-files-mentioned-by-the-user-group\\\\generated\\\\images\\\\live\\\\propmarket\\\\propmarket-9b9PGp4HnpljXDMmFt8oz\\\\image_2.jpg\"", \""C:\\\\Users\\\\lepha\\\\Documents\\\\Codex\\\\2026-04-20-files-mentioned-by-the-user-group\\\\generated\\\\images\\\\live\\\\propmarket\\\\propmarket-9b9PGp4HnpljXDMmFt8oz\\\\image_3.jpg\"", \""C:\\\\Users\\\\lepha\\\\Documents\\\\Codex\\\\2026-04-20-files-mentioned-by-the-user-group\\\\generated\\\\images\\\\live\\\\propmarket\\\\propmarket-9b9PGp4HnpljXDMmFt8oz\\\\image_4.jpg\"", \""C:\\\\Users\\\\lepha\\\\Documents\\\\Codex\\\\2026-04-20-files-mentioned-by-the-user-group\\\\generated\\\\images\\\\live\\\\propmarket\\\\propmarket-9b9PGp4HnpljXDMmFt8oz\\\\image_5.jpg\""]""",https://www.propmarket.co.ls/properties/9b9PGp4HnpljXDMmFt8oz,Good,Traditional,Urban,"""[\""water connection\"", \""electricity\"", \""garage\""]""",sale
propmarket-vlDoZlvOdaM3fOelOmiv8,propmarket,Duplex,•One bachelor and one duplex\n•All fitted both kitchens and bedrooms \n•bathroom has bath tubs and shower in one unit\n•Leased\n•4 min to the tar road\nAsking Price 950k,"Thepa ena ya mofuta wa apartment e fumaneha Ha Mabote, Maseru. E na le dikamore tse 2 le dibate tse 1 mme e fumaneha ka theko ya M 950,000. Tlotla ena e tshwanetse ho shejwa bakeng sa bareki ba batlang menyetla ya nnete Lesotho.",950000.0,LSL,Maseru,"Ha Mabote, Maseru",Apartment,2,1,"""[\""C:\\\\Users\\\\lepha\\\\Documents\\\\Codex\\\\2026-04-20-files-mentioned-by-the-user-group\\\\generated\\\\images\\\\live\\\\propmarket\\\\propmarket-vlDoZlvOdaM3fOelOmiv8\\\\image_1.jpg\"", \""C:\\\\Users\\\\lepha\\\\Documents\\\\Codex\\\\2026-04-20-files-mentioned-by-the-user-group\\\\generated\\\\images\\\\live\\\\propmarket\\\\propmarket-vlDoZlvOdaM3fOelOmiv8\\\\image_2.jpg\"", \""C:\\\\Users\\\\lepha\\\\Documents\\\\Codex\\\\2026-04-20-files-mentioned-by-the-user-group\\\\generated\\\\images\\\\live\\\\propmarket\\\\propmarket-vlDoZlvOdaM3fOelOmiv8\\\\image_3.jpg\"", \""C:\\\\Users\\\\lepha\\\\Documents\\\\Codex\\\\2026-04-20-files-mentioned-by-the-user-group\\\\generated\\\\images\\\\live\\\\propmarket\\\\propmarket-vlDoZlvOdaM3fOelOmiv8\\\\image_4.jpg\"", \""C:\\\\Users\\\\lepha\\\\Documents\\\\Codex\\\\2026-04-20-files-mentioned-by-the-user-group\\\\generated\\\\images\\\\live\\\\propmarket\\\\propmarket-vlDoZlvOdaM3fOelOmiv8\\\\image_5.png\""]""",https://www.propmarket.co.ls/properties/vlDoZlvOdaM3fOelOmiv8,Good,Traditional,Urban,"""[\""road access\"", \""tar road\"", \""shower\""]""",sale
propmarket-SiDHc0YvePC_fzWHiFisO,propmarket,"3 Bedrooms, House",This beautiful 7roomed house is in Mazenod with 3 bedrooms,"Thepa ena ya mofuta wa house e fumaneha Mazenod, Maseru. E na le dikamore tse 3 le dibate tse 1 mme e fumaneha ka theko ya M 814,000. Tlotla ena e tshwanetse ho shejwa bakeng sa bareki ba batlang menyetla ya nnete Lesotho.",814000.0,LSL,Maseru,"Mazenod, Maseru",House,3,1,"""[\""C:\\\\Users\\\\lepha\\\\Documents\\\\Codex\\\\2026-04-20-files-mentioned-by-the-user-group\\\\generated\\\\images\\\\live\\\\propmarket\\\\propmarket-SiDHc0YvePC_fzWHiFisO\\\\image_1.jpg\"", \""C:\\\\Users\\\\lepha\\\\Documents\\\\Codex\\\\2026-04-20-files-mentioned-by-the-user-group\\\\generated\\\\images\\\\live\\\\propmarket\\\\propmarket-SiDHc0YvePC_fzWHiFisO\\\\image_2.jpg\"", \""C:\\\\Users\\\\lepha\\\\Documents\\\\Codex\\\\2026-04-20-files-mentioned-by-the-user-group\\\\generated\\\\images\\\\live\\\\propmarket\\\\propmarket-SiDHc0YvePC_fzWHiFisO\\\\image_3.jpg\"", \""C:\\\\Users\\\\lepha\\\\Documents\\\\Codex\\\\2026-04-20-files-mentioned-by-the-user-group\\\\generated\\\\images\\\\live\\\\propmarket\\\\propmarket-SiDHc0YvePC_fzWHiFisO\\\\image_4.jpg\""]""",https://www.propmarket.co.ls/properties/SiDHc0YvePC_fzWHiFisO,Good,Traditional,Suburban,"""[]""",sale
propmarket-xi929LSpoSctBQ62vW2j2,propmarket,"3 Units, Office","Offices to let in Maseru West,\nThis is ideal for small businesses, any kind of meetings and trainings,\n\nWe have hourly rates, \nWeekly rates\nMonthly rates and Annual rates.\n\nWe have kitchen, bathrooms for both genders, free wifi. contact us today to book.","Thepa ena ya mofuta wa commercial e fumaneha Maseru West, Maseru. E na le dikamore tse 2 le dibate tse 1 mme e fumaneha ka theko ya M 925. Tlotla ena e tshwanetse ho shejwa bakeng sa bareki ba batlang menyetla ya nnete Lesotho.",925.0,LSL,Maseru,"Maseru West, Maseru",Commercial,2,1,"""[\""C:\\\\Users\\\\lepha\\\\Documents\\\\Codex\\\\2026-04-20-files-mentioned-by-the-user-group\\\\generated\\\\images\\\\live\\\\propmarket\\\\propmarket-xi929LSpoSctBQ62vW2j2\\\\image_1.jpg\"", \""C:\\\\Users\\\\lepha\\\\Documents\\\\Codex\\\\2026-04-20-files-mentioned-by-the-user-group\\\\generated\\\\images\\\\live\\\\propmarket\\\\propmarket-xi929LSpoSctBQ62vW2j2\\\\image_2.jpg\"", \""C:\\\\Users\\\\lepha\\\\Documents\\\\Codex\\\\2026-04-20-files-mentioned-by-the-user-group\\\\generated\\\\images\\\\live\\\\propmarket\\\\propmarket-xi929LSpoSctBQ62vW2j2\\\\image_3.jpg\"", \""C:\\\\Users\\\\lepha\\\\Documents\\\\Codex\\\\2026-04-20-files-mentioned-by-the-user-group\\\\generated\\\\images\\\\live\\\\propmarket\\\\propmarket-xi929LSpoSctBQ62vW2j2\\\\image_4.jpg\"", \""C:\\\\Users\\\\lepha\\\\Documents\\\\Codex\\\\2026-04-20-files-mentioned-by-the-user-group\\\\generated\\\\images\\\\live\\\\propmarket\\\\propmarket-xi929LSpoSctBQ62vW2j2\\\\image_5.jpg\""]""",https://www.propmarket.co.ls/properties/xi929LSpoSctBQ62vW2j2,Good,Contemporary,Suburban,"""[\""office-ready\""]""",rent
propmarket-a8l8pgWNjuxoe13ONlO9J,propmarket,"1 Bedroom, House","We have this 3 roomed house at Ha-Abia Maseru, at just 280k the site is 744sqm","Thepa ena ya mofuta wa house e fumaneha Ha Abia, Maseru. E na le dikamore tse 1 le dibate tse 1 mme e fumaneha ka theko ya M 280,000. Tlotla ena e tshwanetse ho shejwa bakeng sa bareki ba batlang menyetla ya nnete Lesotho.",280000.0,LSL,Maseru,"Ha Abia, Maseru",House,1,1,"""[\""C:\\\\Users\\\\lepha\\\\Documents\\\\Codex\\\\2026-04-20-files-mentioned-by-the-user-group\\\\generated\\\\images\\\\live\\\\propmarket\\\\propmarket-a8l8pgWNjuxoe13ONlO9J\\\\image_1.jpg\"", \""C:\\\\Users\\\\lepha\\\\Documents\\\\Codex\\\\2026-04-20-files-mentioned-by-the-user-group\\\\generated\\\\images\\\\live\\\\propmarket\\\\propmarket-a8l8pgWNjuxoe13ONlO9J\\\\image_2.jpg\"", \""C:\\\\Users\\\\lepha\\\\Documents\\\\Codex\\\\2026-04-20-files-mentioned-by-the-user-group\\\\generated\\\\images\\\\live\\\\propmarket\\\\propmarket-a8l8pgWNjuxoe13ONlO9J\\\\image_3.jpg\"", \""C:\\\\Users\\\\lepha\\\\Documents\\\\Codex\\\\2026-04-20-files-mentioned-by-the-user-group\\\\generated\\\\images\\\\live\\\\propmarket\\\\propmarket-a8l8pgWNjuxoe13ONlO9J\\\\image_4.jpg\"", \""C:\\\\Users\\\\lepha\\\\Documents\\\\Codex\\\\2026-04-20-files-mentioned-by-the-user-group\\\\generated\\\\images\\\\live\\\\propmarket\\\\propmarket-a8l8pgWNjuxoe13ONlO9J\\\\image_5.jpg\""]""",https://www.propmarket.co.ls/properties/a8l8pgWNjuxoe13ONlO9J,Good,Traditional,Suburban,"""[]""",sale
propmarket-8rZgyZbU6bmT9rIxBpxPt,propmarket,"2 Bedrooms, House","We have this 6 roomed houses at Mohalalitoe Maseru at 650k, the site is 1111 sqm","Thepa ena ya mofuta wa house e fumaneha Mohalalitoe, Maseru. E na le dikamore tse 2 le dibate tse 1 mme e fumaneha ka theko ya M 650,000. Tlotla ena e tshwanetse ho shejwa bakeng sa bareki ba batlang menyetla ya nnete Lesotho.",650000.0,LSL,Maseru,"Mohalalitoe, Maseru",House,2,1,"""[\""C:\\\\Users\\\\lepha\\\\Documents\\\\Codex\\\\2026-04-20-files-mentioned-by-the-user-group\\\\generated\\\\images\\\\live\\\\propmarket\\\\propmarket-8rZgyZbU6bmT9rIxBpxPt\\\\image_1.jpg\"", \""C:\\\\Users\\\\lepha\\\\Documents\\\\Codex\\\\2026-04-20-files-mentioned-by-the-user-group\\\\generated\\\\images\\\\live\\\\propmarket\\\\propmarket-8rZgyZbU6bmT9rIxBpxPt\\\\image_2.jpg\"", \""C:\\\\Users\\\\lepha\\\\Documents\\\\Codex\\\\2026-04-20-files-mentioned-by-the-user-group\\\\generated\\\\images\\\\live\\\\propmarket\\\\propmarket-8rZgyZbU6bmT9rIxBpxPt\\\\image_3.jpg\"", \""C:\\\\Users\\\\lepha\\\\Documents\\\\Codex\\\\2026-04-20-files-mentioned-by-the-user-group\\\\generated\\\\images\\\\live\\\\propmarket\\\\propmarket-8rZgyZbU6bmT9rIxBpxPt\\\\image_4.jpg\"", \""C:\\\\Users\\\\lepha\\\\Documents\\\\Codex\\\\2026-04-20-files-mentioned-by-the-user-group\\\\generated\\\\images\\\\live\\\\propmarket\\\\propmarket-8rZgyZbU6bmT9rIxBpxPt\\\\image_5.jpg\""]""",https://www.propmarket.co.ls/properties/8rZgyZbU6bmT9rIxBpxPt,Good,Traditional,Suburban,"""[]""",sale
propmarket-QbeZ-VczfHeoc_RfAOdRx,propmarket,House,We have a standalone duplex with 5 doubles at just 850k,"Thepa ena ya mofuta wa townhouse e fumaneha Mazenod, Maseru. E na le dikamore tse 2 le dibate tse 1 mme e fumaneha ka theko ya M 850,000. Tlotla ena e tshwanetse ho shejwa bakeng sa bareki ba batlang menyetla ya nnete Lesotho.",850000.0,LSL,Maseru,"Mazenod, Maseru",Townhouse,2,1,"""[\""C:\\\\Users\\\\lepha\\\\Documents\\\\Codex\\\\2026-04-20-files-mentioned-by-the-user-group\\\\generated\\\\images\\\\live\\\\propmarket\\\\propmarket-QbeZ-VczfHeoc_RfAOdRx\\\\image_1.jpg\"", \""C:\\\\Users\\\\lepha\\\\Documents\\\\Codex\\\\2026-04-20-files-mentioned-by-the-user-group\\\\generated\\\\images\\\\live\\\\propmarket\\\\propmarket-QbeZ-VczfHeoc_RfAOdRx\\\\image_2.jpg\"", \""C:\\\\Users\\\\lepha\\\\Documents\\\\Codex\\\\2026-04-20-files-mentioned-by-the-user-group\\\\generated\\\\images\\\\live\\\\propmarket\\\\propmarket-QbeZ-VczfHeoc_RfAOdRx\\\\image_3.jpg\"", \""C:\\\\Users\\\\lepha\\\\Documents\\\\Codex\\\\2026-04-20-files-mentioned-by-the-user-group\\\\generated\\\\images\\\\live\\\\propmarket\\\\propmarket-QbeZ-VczfHeoc_RfAOdRx\\\\image_4.jpg\""]""",https://www.propmarket.co.ls/properties/QbeZ-VczfHeoc_RfAOdRx,Good,Traditional,Suburban,"""[]""",sale
propmarket-Z4z-og29aKZ4wE7APAStn,propmarket,"2 Bedrooms, House","We have this 4 roomed house at Sekamaneng at 270k, it has 2 bedrooms and it is leased, the site is 400sqm.","Thepa ena ya mofuta wa house e fumaneha Sekamaneng, Berea. E na le dikamore tse 2 le dibate tse 1 mme e fumaneha ka theko ya M 270,000. Tlotla ena e tshwanetse ho shejwa bakeng sa bareki ba batlang menyetla ya nnete Lesotho.",270000.0,LSL,Berea,"Sekamaneng, Berea",House,2,1,"""[\""C:\\\\Users\\\\lepha\\\\Documents\\\\Codex\\\\2026-04-20-files-mentioned-by-the-user-group\\\\generated\\\\images\\\\live\\\\propmarket\\\\propmarket-Z4z-og29aKZ4wE7APAStn\\\\image_1.jpg\"", \""C:\\\\Users\\\\lepha\\\\Documents\\\\Codex\\\\2026-04-20-files-mentioned-by-the-user-group\\\\generated\\\\images\\\\live\\\\propmarket\\\\propmarket-Z4z-og29aKZ4wE7APAStn\\\\image_2.jpg\"", \""C:\\\\Users\\\\lepha\\\\Documents\\\\Codex\\\\2026-04-20-files-mentioned-by-the-user-group\\\\generated\\\\images\\\\live\\\\propmarket\\\\propmarket-Z4z-og29aKZ4wE7APAStn\\\\image_3.jpg\"", \""C:\\\\Users\\\\lepha\\\\Documents\\\\Codex\\\\2026-04-20-files-mentioned-by-the-user-group\\\\generated\\\\images\\\\live\\\\propmarket\\\\propmarket-Z4z-og29aKZ4wE7APAStn\\\\image_4.jpg\"", \""C:\\\\Users\\\\lepha\\\\Documents\\\\Codex\\\\2026-04-20-files-mentioned-by-the-user-group\\\\generated\\\\images\\\\live\\\\propmarket\\\\propmarket-Z4z-og29aKZ4wE7APAStn\\\\image_5.jpg\""]""",https://www.propmarket.co.ls/properties/Z4z-og29aKZ4wE7APAStn,Good,Traditional,Suburban,"""[]""",sale
propmarket-cRZnCvUgMgClhFBk9JbKi,propmarket,House,"We have this beautiful house in Quthing Sekantshing.\n- 2 bedroomed house with a bathroom\n- the site is leased, 617sqm \n\nAsking Price ✨ M550k","Thepa ena ya mofuta wa house e fumaneha Quthing District, Quthing. E na le dikamore tse 2 le dibate tse 1 mme e fumaneha ka theko ya M 650,000. Tlotla ena e tshwanetse ho shejwa bakeng sa bareki ba batlang menyetla ya nnete Lesotho.",650000.0,LSL,Quthing,"Quthing District, Quthing",House,2,1,"""[\""C:\\\\Users\\\\lepha\\\\Documents\\\\Codex\\\\2026-04-20-files-mentioned-by-the-user-group\\\\generated\\\\images\\\\live\\\\propmarket\\\\propmarket-cRZnCvUgMgClhFBk9JbKi\\\\image_1.jpg\"", \""C:\\\\Users\\\\lepha\\\\Documents\\\\Codex\\\\2026-04-20-files-mentioned-by-the-user-group\\\\generated\\\\images\\\\live\\\\propmarket\\\\propmarket-cRZnCvUgMgClhFBk9JbKi\\\\image_2.jpg\"", \""C:\\\\Users\\\\lepha\\\\Documents\\\\Codex\\\\2026-04-20-files-mentioned-by-the-user-group\\\\generated\\\\images\\\\live\\\\propmarket\\\\propmarket-cRZnCvUgMgClhFBk9JbKi\\\\image_3.jpg\"", \""C:\\\\Users\\\\lepha\\\\Documents\\\\Codex\\\\2026-04-20-files-mentioned-by-the-user-group\\\\generated\\\\images\\\\live\\\\propmarket\\\\propmarket-cRZnCvUgMgClhFBk9JbKi\\\\image_4.jpg\"", \""C:\\\\Users\\\\lepha\\\\Documents\\\\Codex\\\\2026-04-20-files-mentioned-by-the-user-group\\\\generated\\\\images\\\\live\\\\propmarket\\\\propmarket-cRZnCvUgMgClhFBk9JbKi\\\\image_5.jpg\""]""",https://www.propmarket.co.ls/properties/cRZnCvUgMgClhFBk9JbKi,Good,Traditional,Suburban,"""[]""",sale
propmarket-KhjqZ43BkP-Yiv-WUXeeH,propmarket,"2 Bedrooms, House","This 2 bedroomed house is at Thaba Bosiu Liholong, it has a form C..it has kitchen, sitting room at just 350k the site is 774sqm","Thepa ena ya mofuta wa house e fumaneha Thaba Bosiu, Maseru. E na le dikamore tse 2 mme e fumaneha ka theko ya M 350,000. Tlotla ena e tshwanetse ho shejwa bakeng sa bareki ba batlang menyetla ya nnete Lesotho.",350000.0,LSL,Maseru,"Thaba Bosiu, Maseru",House,2,0,"""[\""C:\\\\Users\\\\lepha\\\\Documents\\\\Codex\\\\2026-04-20-files-mentioned-by-the-user-group\\\\generated\\\\images\\\\live\\\\propmarket\\\\propmarket-KhjqZ43BkP-Yiv-WUXeeH\\\\image_1.jpg\"", \""C:\\\\Users\\\\lepha\\\\Documents\\\\Codex\\\\2026-04-20-files-mentioned-by-the-user-group\\\\generated\\\\images\\\\live\\\\propmarket\\\\propmarket-KhjqZ43BkP-Yiv-WUXeeH\\\\image_2.jpg\"", \""C:\\\\Users\\\\lepha\\\\Documents\\\\Codex\\\\2026-04-20-files-mentioned-by-the-user-group\\\\generated\\\\images\\\\live\\\\propmarket\\\\propmarket-KhjqZ43BkP-Yiv-WUXeeH\\\\image_3.jpg\"", \""C:\\\\Users\\\\lepha\\\\Documents\\\\Codex\\\\2026-04-20-files-mentioned-by-the-user-group\\\\generated\\\\images\\\\live\\\\propmarket\\\\propmarket-KhjqZ43BkP-Yiv-WUXeeH\\\\image_4.jpg\""]""",https://www.propmarket.co.ls/properties/KhjqZ43BkP-Yiv-WUXeeH,Good,Traditional,Suburban,"""[]""",sale
propmarket-gOyBBUCYzdayGGsaQvIbB,propmarket,Commercial,"This mini complex is at Naleli Sekamaneng, just near the main road at just 500k,it consists of a shop, pharmacy and a salon.","Thepa ena ya mofuta wa commercial e fumaneha Naleli, Berea. E na le dikamore tse 2 le dibate tse 1 mme e fumaneha ka theko ya M 500,000. Tlotla ena e tshwanetse ho shejwa bakeng sa bareki ba batlang menyetla ya nnete Lesotho.",500000.0,LSL,Berea,"Naleli, Berea",Commercial,2,1,"""[\""C:\\\\Users\\\\lepha\\\\Documents\\\\Codex\\\\2026-04-20-files-mentioned-by-the-user-group\\\\generated\\\\images\\\\live\\\\propmarket\\\\propmarket-gOyBBUCYzdayGGsaQvIbB\\\\image_1.jpg\"", \""C:\\\\Users\\\\lepha\\\\Documents\\\\Codex\\\\2026-04-20-files-mentioned-by-the-user-group\\\\generated\\\\images\\\\live\\\\propmarket\\\\propmarket-gOyBBUCYzdayGGsaQvIbB\\\\image_2.jpg\"", \""C:\\\\Users\\\\lepha\\\\Documents\\\\Codex\\\\2026-04-20-files-mentioned-by-the-user-group\\\\generated\\\\images\\\\live\\\\propmarket\\\\propmarket-gOyBBUCYzdayGGsaQvIbB\\\\image_3.jpg\"", \""C:\\\\Users\\\\lepha\\\\Documents\\\\Codex\\\\2026-04-20-files-mentioned-by-the-user-group\\\\generated\\\\images\\\\live\\\\propmarket\\\\propmarket-gOyBBUCYzdayGGsaQvIbB\\\\image_4.jpg\""]""",https://www.propmarket.co.ls/properties/gOyBBUCYzdayGGsaQvIbB,Good,Contemporary,Urban,"""[\""road access\""]""",sale
propmarket-XbwR3wWbTxaHnZpaG1tAp,propmarket,Site,"Buy yousel a sitefor cash and get a free house plan.\n\nLisite tsena li Marabeng tlasa tant Lilaphalapha re na le tse mmaloa, uena khetha seo o sebatlang feela, ke size tse fapaneng tse latelang.\n\nM60K\nM65K\nM68K\nM75K\nM80K","Thepa ena ya mofuta wa house e fumaneha Marabeng, Berea. E na le dikamore tse 2 le dibate tse 1 mme e fumaneha ka theko ya M 60,000. Tlotla ena e tshwanetse ho shejwa bakeng sa bareki ba batlang menyetla ya nnete Lesotho.",60000.0,LSL,Berea,"Marabeng, Berea",House,2,1,"""[\""C:\\\\Users\\\\lepha\\\\Documents\\\\Codex\\\\2026-04-20-files-mentioned-by-the-user-group\\\\generated\\\\images\\\\live\\\\propmarket\\\\propmarket-XbwR3wWbTxaHnZpaG1tAp\\\\image_1.jpg\"", \""C:\\\\Users\\\\lepha\\\\Documents\\\\Codex\\\\2026-04-20-files-mentioned-by-the-user-group\\\\generated\\\\images\\\\live\\\\propmarket\\\\propmarket-XbwR3wWbTxaHnZpaG1tAp\\\\image_2.jpg\""]""",https://www.propmarket.co.ls/properties/XbwR3wWbTxaHnZpaG1tAp,Good,Traditional,Suburban,"""[]""",sale
propmarket-Hzm_mf988kJzAKRheNqab,propmarket,Site,30 by 30 site in Maqhaka\nNo lease empa ke Form C \n5M= minutes to the main road\nsingle room ka jareteng,"Thepa ena ya mofuta wa site e fumaneha Maqhaka, Berea. E na le sebaka sena mme e fumaneha ka theko ya M 110,000. Tlotla ena e tshwanetse ho shejwa bakeng sa bareki ba batlang menyetla ya nnete Lesotho.",110000.0,LSL,Berea,"Maqhaka, Berea",Site,0,0,"""[\""C:\\\\Users\\\\lepha\\\\Documents\\\\Codex\\\\2026-04-20-files-mentioned-by-the-user-group\\\\generated\\\\images\\\\live\\\\propmarket\\\\propmarket-Hzm_mf988kJzAKRheNqab\\\\image_1.jpg\"", \""C:\\\\Users\\\\lepha\\\\Documents\\\\Codex\\\\2026-04-20-files-mentioned-by-the-user-group\\\\generated\\\\images\\\\live\\\\propmarket\\\\propmarket-Hzm_mf988kJzAKRheNqab\\\\image_2.jpg\""]""",https://www.propmarket.co.ls/properties/Hzm_mf988kJzAKRheNqab,Good,Traditional,Suburban,"""[\""road access\""]""",sale
propmarket-zGSKI5MMls1YUGneoRJ_Y,propmarket,"3 Bedrooms, House",We have this 7 roomed house in Mohale's Hoek Mesitsaneng with 576 sqm near town,"Thepa ena ya mofuta wa house e fumaneha Mesitsaneng, Mohale's Hoek District. E na le dikamore tse 3 le dibate tse 1 mme e fumaneha ka theko ya M 350,000. Tlotla ena e tshwanetse ho shejwa bakeng sa bareki ba batlang menyetla ya nnete Lesotho.",350000.0,LSL,Mohale's Hoek,"Mesitsaneng, Mohale's Hoek District",House,3,1,"""[\""C:\\\\Users\\\\lepha\\\\Documents\\\\Codex\\\\2026-04-20-files-mentioned-by-the-user-group\\\\generated\\\\images\\\\live\\\\propmarket\\\\propmarket-zGSKI5MMls1YUGneoRJ_Y\\\\image_1.jpg\"", \""C:\\\\Users\\\\lepha\\\\Documents\\\\Codex\\\\2026-04-20-files-mentioned-by-the-user-group\\\\generated\\\\images\\\\live\\\\propmarket\\\\propmarket-zGSKI5MMls1YUGneoRJ_Y\\\\image_2.jpg\"", \""C:\\\\Users\\\\lepha\\\\Documents\\\\Codex\\\\2026-04-20-files-mentioned-by-the-user-group\\\\generated\\\\images\\\\live\\\\propmarket\\\\propmarket-zGSKI5MMls1YUGneoRJ_Y\\\\image_3.jpg\"", \""C:\\\\Users\\\\lepha\\\\Documents\\\\Codex\\\\2026-04-20-files-mentioned-by-the-user-group\\\\generated\\\\images\\\\live\\\\propmarket\\\\propmarket-zGSKI5MMls1YUGneoRJ_Y\\\\image_4.jpg\"", \""C:\\\\Users\\\\lepha\\\\Documents\\\\Codex\\\\2026-04-20-files-mentioned-by-the-user-group\\\\generated\\\\images\\\\live\\\\propmarket\\\\propmarket-zGSKI5MMls1YUGneoRJ_Y\\\\image_5.jpg\""]""",https://www.propmarket.co.ls/properties/zGSKI5MMls1YUGneoRJ_Y,Good,Traditional,Urban,"""[]""",sale
propmarket-i4Vz-XCzrv8T7dnrdKke_,propmarket,Commercial,"The site is located at Ha Tikoe, about 2 minutes' walk from Maseru Private Academy it is on the opposite side","Thepa ena ya mofuta wa site e fumaneha Ha Tsolo, Maseru. E na le sebaka sena mme e fumaneha ka theko ya M 1,900,000. Tlotla ena e tshwanetse ho shejwa bakeng sa bareki ba batlang menyetla ya nnete Lesotho.",1900000.0,LSL,Maseru,"Ha Tsolo, Maseru",Site,0,0,"""[\""C:\\\\Users\\\\lepha\\\\Documents\\\\Codex\\\\2026-04-20-files-mentioned-by-the-user-group\\\\generated\\\\images\\\\live\\\\propmarket\\\\propmarket-i4Vz-XCzrv8T7dnrdKke_\\\\image_1.jpg\"", \""C:\\\\Users\\\\lepha\\\\Documents\\\\Codex\\\\2026-04-20-files-mentioned-by-the-user-group\\\\generated\\\\images\\\\live\\\\propmarket\\\\propmarket-i4Vz-XCzrv8T7dnrdKke_\\\\image_2.jpg\"", \""C:\\\\Users\\\\lepha\\\\Documents\\\\Codex\\\\2026-04-20-files-mentioned-by-the-user-group\\\\generated\\\\images\\\\live\\\\propmarket\\\\propmarket-i4Vz-XCzrv8T7dnrdKke_\\\\image_3.jpg\"", \""C:\\\\Users\\\\lepha\\\\Documents\\\\Codex\\\\2026-04-20-files-mentioned-by-the-user-group\\\\generated\\\\images\\\\live\\\\propmarket\\\\propmarket-i4Vz-XCzrv8T7dnrdKke_\\\\image_4.jpg\"", \""C:\\\\Users\\\\lepha\\\\Documents\\\\Codex\\\\2026-04-20-files-mentioned-by-the-user-group\\\\generated\\\\images\\\\live\\\\propmarket\\\\propmarket-i4Vz-XCzrv8T7dnrdKke_\\\\image_5.jpg\""]""",https://www.propmarket.co.ls/properties/i4Vz-XCzrv8T7dnrdKke_,Good,Contemporary,Suburban,"""[]""",sale
propmarket-lhabbYFlMj9gF2mViiWtw,propmarket,"2 Units, 3 Bedrooms, House",HA MABOTE\n2 HOUSES IN ONE YARD \nHOUSE NO 1MAIN HOUSE\n 3 FULLY FITTED BEDROOMS ALL ENSUITES\nSTUDY\nLOUNGE\nDINING\nFULLY FITTED KITCHEN \nDOUBLE GARAGE\n\nHOUSE NO 2\n 2 FULLY FITTED BEDROOMS\nSEPARATE BATHROOM\nOPEN PLAN KITCHEN AND LOUNGE \nSTOREROOM \n\n* BIG YARD WITH BEAUTIFUL LANDSCAPES \n*AUTOMATED GATE,"Thepa ena ya mofuta wa house e fumaneha Ha Mabote, Berea. E na le dikamore tse 3 le dibate tse 3 mme e fumaneha ka theko ya M 3,200,000. Tlotla ena e tshwanetse ho shejwa bakeng sa bareki ba batlang menyetla ya nnete Lesotho.",3200000.0,LSL,Berea,"Ha Mabote, Berea",House,3,3,"""[\""C:\\\\Users\\\\lepha\\\\Documents\\\\Codex\\\\2026-04-20-files-mentioned-by-the-user-group\\\\generated\\\\images\\\\live\\\\propmarket\\\\propmarket-lhabbYFlMj9gF2mViiWtw\\\\image_1.jpg\"", \""C:\\\\Users\\\\lepha\\\\Documents\\\\Codex\\\\2026-04-20-files-mentioned-by-the-user-group\\\\generated\\\\images\\\\live\\\\propmarket\\\\propmarket-lhabbYFlMj9gF2mViiWtw\\\\image_2.jpg\"", \""C:\\\\Users\\\\lepha\\\\Documents\\\\Codex\\\\2026-04-20-files-mentioned-by-the-user-group\\\\generated\\\\images\\\\live\\\\propmarket\\\\propmarket-lhabbYFlMj9gF2mViiWtw\\\\image_3.jpg\"", \""C:\\\\Users\\\\lepha\\\\Documents\\\\Codex\\\\2026-04-20-files-mentioned-by-the-user-group\\\\generated\\\\images\\\\live\\\\propmarket\\\\propmarket-lhabbYFlMj9gF2mViiWtw\\\\image_4.jpg\""]""",https://www.propmarket.co.ls/properties/lhabbYFlMj9gF2mViiWtw,Good,Family,Garden,"""[\""garage\"", \""yard\""]""",sale
propmarket-ULpaoTct4UkIKVByFe5-m,propmarket,"3 Bedrooms, House","🏘️3Bedroomed Double Story for Sale📢\n\n📍Masowe 4, surbubs Maseru\n🌟Ground Floor🌟\n✅️Lounge with open Kitchen \n✅️Bedroom with Ensuite\n🌟1st Floor🌟 \n✅️Lounge with 2 Balconies \n✅️Master Bedroom with En-suite with shower & balcony\n✅️Common bedroom ensuite with shower - balcony\n✅️Laminated flooring in bedrooms \n✅️Ceramic in all other rooms\n✅️1.8m Wall height with electric fence\n✅️Paving whole compound with auto Gate\n✅️Double open garage\n✅️Plot Size 778m² \n💰Asking Price M2.5 million (Neg) \n\n📲☎️(+266) 59107030","Thepa ena ya mofuta wa house e fumaneha Masowe Street, Mbizo. E na le dikamore tse 3 le dibate tse 3 mme e fumaneha ka theko ya M 2,500,000. Tlotla ena e tshwanetse ho shejwa bakeng sa bareki ba batlang menyetla ya nnete Lesotho.",2500000.0,LSL,Mbizo,"Masowe Street, Mbizo",House,3,3,"""[\""C:\\\\Users\\\\lepha\\\\Documents\\\\Codex\\\\2026-04-20-files-mentioned-by-the-user-group\\\\generated\\\\images\\\\live\\\\propmarket\\\\propmarket-ULpaoTct4UkIKVByFe5-m\\\\image_1.jpg\"", \""C:\\\\Users\\\\lepha\\\\Documents\\\\Codex\\\\2026-04-20-files-mentioned-by-the-user-group\\\\generated\\\\images\\\\live\\\\propmarket\\\\propmarket-ULpaoTct4UkIKVByFe5-m\\\\image_2.jpg\"", \""C:\\\\Users\\\\lepha\\\\Documents\\\\Codex\\\\2026-04-20-files-mentioned-by-the-user-group\\\\generated\\\\images\\\\live\\\\propmarket\\\\propmarket-ULpaoTct4UkIKVByFe5-m\\\\image_3.jpg\"", \""C:\\\\Users\\\\lepha\\\\Documents\\\\Codex\\\\2026-04-20-files-mentioned-by-the-user-group\\\\generated\\\\images\\\\live\\\\propmarket\\\\propmarket-ULpaoTct4UkIKVByFe5-m\\\\image_4.jpg\"", \""C:\\\\Users\\\\lepha\\\\Documents\\\\Codex\\\\2026-04-20-files-mentioned-by-the-user-group\\\\generated\\\\images\\\\live\\\\propmarket\\\\propmarket-ULpaoTct4UkIKVByFe5-m\\\\image_5.png\""]""",https://www.propmarket.co.ls/properties/ULpaoTct4UkIKVByFe5-m,Good,Traditional,Suburban,"""[\""garage\"", \""shower\"", \""walled property\""]""",sale
propmarket-YTDwRUx3zHKcaHbabWIha,propmarket,"3 Units, Village Shopping Complex",🏢INVESTMENT PROPERTY FOR SALE📢\n📍Naleli\nAsking Price 500k\nSite: 254.88 sqm\nNear the main road\nLeased,"Thepa ena ya mofuta wa site e fumaneha Naleli, Berea. E na le sebaka sena mme e fumaneha ka theko ya M 500,000. Tlotla ena e tshwanetse ho shejwa bakeng sa bareki ba batlang menyetla ya nnete Lesotho.",500000.0,LSL,Berea,"Naleli, Berea",Site,0,0,"""[\""C:\\\\Users\\\\lepha\\\\Documents\\\\Codex\\\\2026-04-20-files-mentioned-by-the-user-group\\\\generated\\\\images\\\\live\\\\propmarket\\\\propmarket-YTDwRUx3zHKcaHbabWIha\\\\image_1.jpg\"", \""C:\\\\Users\\\\lepha\\\\Documents\\\\Codex\\\\2026-04-20-files-mentioned-by-the-user-group\\\\generated\\\\images\\\\live\\\\propmarket\\\\propmarket-YTDwRUx3zHKcaHbabWIha\\\\image_2.jpg\"", \""C:\\\\Users\\\\lepha\\\\Documents\\\\Codex\\\\2026-04-20-files-mentioned-by-the-user-group\\\\generated\\\\images\\\\live\\\\propmarket\\\\propmarket-YTDwRUx3zHKcaHbabWIha\\\\image_3.jpg\"", \""C:\\\\Users\\\\lepha\\\\Documents\\\\Codex\\\\2026-04-20-files-mentioned-by-the-user-group\\\\generated\\\\images\\\\live\\\\propmarket\\\\propmarket-YTDwRUx3zHKcaHbabWIha\\\\image_4.jpg\"", \""C:\\\\Users\\\\lepha\\\\Documents\\\\Codex\\\\2026-04-20-files-mentioned-by-the-user-group\\\\generated\\\\images\\\\live\\\\propmarket\\\\propmarket-YTDwRUx3zHKcaHbabWIha\\\\image_5.png\""]""",https://www.propmarket.co.ls/properties/YTDwRUx3zHKcaHbabWIha,Good,Contemporary,Suburban,"""[\""road access\""]""",sale
propmarket-edfhLQc1l43TE6yfto4ak,propmarket,Guest House,"We are Salisha Bed and Breakfast at Masowe 2... single=660, double 860, twin=910 and executive room 1200","Thepa ena ya mofuta wa house e fumaneha Masowe 1b Secondary School, Maseru. E na le dikamore tse 2 le dibate tse 1 mme e fumaneha ka theko ya M 660. Tlotla ena e tshwanetse ho shejwa bakeng sa bareki ba batlang menyetla ya nnete Lesotho.",660.0,LSL,Maseru,"Masowe 1b Secondary School, Maseru",House,2,1,"""[\""C:\\\\Users\\\\lepha\\\\Documents\\\\Codex\\\\2026-04-20-files-mentioned-by-the-user-group\\\\generated\\\\images\\\\live\\\\propmarket\\\\propmarket-edfhLQc1l43TE6yfto4ak\\\\image_1.jpg\"", \""C:\\\\Users\\\\lepha\\\\Documents\\\\Codex\\\\2026-04-20-files-mentioned-by-the-user-group\\\\generated\\\\images\\\\live\\\\propmarket\\\\propmarket-edfhLQc1l43TE6yfto4ak\\\\image_2.jpg\"", \""C:\\\\Users\\\\lepha\\\\Documents\\\\Codex\\\\2026-04-20-files-mentioned-by-the-user-group\\\\generated\\\\images\\\\live\\\\propmarket\\\\propmarket-edfhLQc1l43TE6yfto4ak\\\\image_3.jpg\"", \""C:\\\\Users\\\\lepha\\\\Documents\\\\Codex\\\\2026-04-20-files-mentioned-by-the-user-group\\\\generated\\\\images\\\\live\\\\propmarket\\\\propmarket-edfhLQc1l43TE6yfto4ak\\\\image_4.jpg\""]""",https://www.propmarket.co.ls/properties/edfhLQc1l43TE6yfto4ak,Good,Traditional,Urban,"""[\""near schools\"", \""road access\""]""",rent
propmarket-YXVKHMOFsUcM8ViZ0MQVa,propmarket,Site,"10 sites from size of 332.2sqm to 1262sqm prices from M28000 to M60000, Mabuthile Thota Moli about 30 minutes ho ea lifemeng tse ncha","Thepa ena ya mofuta wa site e fumaneha Butha Buthe District, Lesotho. E na le sebaka sena mme e fumaneha ka theko ya M 28,000. Tlotla ena e tshwanetse ho shejwa bakeng sa bareki ba batlang menyetla ya nnete Lesotho.",28000.0,LSL,Lesotho,"Butha Buthe District, Lesotho",Site,0,0,"""[\""C:\\\\Users\\\\lepha\\\\Documents\\\\Codex\\\\2026-04-20-files-mentioned-by-the-user-group\\\\generated\\\\images\\\\live\\\\propmarket\\\\propmarket-YXVKHMOFsUcM8ViZ0MQVa\\\\image_1.jpg\"", \""C:\\\\Users\\\\lepha\\\\Documents\\\\Codex\\\\2026-04-20-files-mentioned-by-the-user-group\\\\generated\\\\images\\\\live\\\\propmarket\\\\propmarket-YXVKHMOFsUcM8ViZ0MQVa\\\\image_2.jpg\"", \""C:\\\\Users\\\\lepha\\\\Documents\\\\Codex\\\\2026-04-20-files-mentioned-by-the-user-group\\\\generated\\\\images\\\\live\\\\propmarket\\\\propmarket-YXVKHMOFsUcM8ViZ0MQVa\\\\image_3.jpg\"", \""C:\\\\Users\\\\lepha\\\\Documents\\\\Codex\\\\2026-04-20-files-mentioned-by-the-user-group\\\\generated\\\\images\\\\live\\\\propmarket\\\\propmarket-YXVKHMOFsUcM8ViZ0MQVa\\\\image_4.jpg\"", \""C:\\\\Users\\\\lepha\\\\Documents\\\\Codex\\\\2026-04-20-files-mentioned-by-the-user-group\\\\generated\\\\images\\\\live\\\\propmarket\\\\propmarket-YXVKHMOFsUcM8ViZ0MQVa\\\\image_5.jpg\""]""",https://www.propmarket.co.ls/properties/YXVKHMOFsUcM8ViZ0MQVa,Good,Traditional,Suburban,"""[]""",sale
propmarket-m88CryXG8k0xW5dSWWbeP,propmarket,Site,"Site e pela lebala la bolo la Matukeng about 10 minutes to the clinic, about5 minutesto main road","Thepa ena ya mofuta wa site e fumaneha Matukeng, Maseru. E na le sebaka sena mme e fumaneha ka theko ya M 55,000. Tlotla ena e tshwanetse ho shejwa bakeng sa bareki ba batlang menyetla ya nnete Lesotho.",55000.0,LSL,Maseru,"Matukeng, Maseru",Site,0,0,"""[\""C:\\\\Users\\\\lepha\\\\Documents\\\\Codex\\\\2026-04-20-files-mentioned-by-the-user-group\\\\generated\\\\images\\\\live\\\\propmarket\\\\propmarket-m88CryXG8k0xW5dSWWbeP\\\\image_1.jpg\"", \""C:\\\\Users\\\\lepha\\\\Documents\\\\Codex\\\\2026-04-20-files-mentioned-by-the-user-group\\\\generated\\\\images\\\\live\\\\propmarket\\\\propmarket-m88CryXG8k0xW5dSWWbeP\\\\image_2.jpg\"", \""C:\\\\Users\\\\lepha\\\\Documents\\\\Codex\\\\2026-04-20-files-mentioned-by-the-user-group\\\\generated\\\\images\\\\live\\\\propmarket\\\\propmarket-m88CryXG8k0xW5dSWWbeP\\\\image_3.jpg\"", \""C:\\\\Users\\\\lepha\\\\Documents\\\\Codex\\\\2026-04-20-files-mentioned-by-the-user-group\\\\generated\\\\images\\\\live\\\\propmarket\\\\propmarket-m88CryXG8k0xW5dSWWbeP\\\\image_4.jpg\"", \""C:\\\\Users\\\\lepha\\\\Documents\\\\Codex\\\\2026-04-20-files-mentioned-by-the-user-group\\\\generated\\\\images\\\\live\\\\propmarket\\\\propmarket-m88CryXG8k0xW5dSWWbeP\\\\image_5.jpg\""]""",https://www.propmarket.co.ls/properties/m88CryXG8k0xW5dSWWbeP,Good,Traditional,Suburban,"""[\""road access\""]""",sale
propmarket-FNCZZ2TyT7trV3bklxrX_,propmarket,Guest House,"In Katlehong Maseru.\n\nLooking for the perfect getaway?? Look no further! At Greater Heights Guest House, we pride ourselves on providing the best hospitality service and cozy rooms that make you feel right at home.\n\nSingle M600.00 breakfast includes breakfast \nDouble M750.00 lunch includes breakfast \nExecutive room M 850.00 includes breakfast.\n\nFree WIFI, Conference Hall, On site parking, dining area and bar, LCD flat screens and private boardroom. \n","Thepa ena ya mofuta wa apartment e fumaneha Katlehong, Maseru. E na le dikamore tse 2 le dibate tse 1 mme e fumaneha ka theko ya M 750. Tlotla ena e tshwanetse ho shejwa bakeng sa bareki ba batlang menyetla ya nnete Lesotho.",750.0,LSL,Maseru,"Katlehong, Maseru",Apartment,2,1,"""[\""C:\\\\Users\\\\lepha\\\\Documents\\\\Codex\\\\2026-04-20-files-mentioned-by-the-user-group\\\\generated\\\\images\\\\live\\\\propmarket\\\\propmarket-FNCZZ2TyT7trV3bklxrX_\\\\image_1.jpg\"", \""C:\\\\Users\\\\lepha\\\\Documents\\\\Codex\\\\2026-04-20-files-mentioned-by-the-user-group\\\\generated\\\\images\\\\live\\\\propmarket\\\\propmarket-FNCZZ2TyT7trV3bklxrX_\\\\image_2.jpg\"", \""C:\\\\Users\\\\lepha\\\\Documents\\\\Codex\\\\2026-04-20-files-mentioned-by-the-user-group\\\\generated\\\\images\\\\live\\\\propmarket\\\\propmarket-FNCZZ2TyT7trV3bklxrX_\\\\image_3.jpg\"", \""C:\\\\Users\\\\lepha\\\\Documents\\\\Codex\\\\2026-04-20-files-mentioned-by-the-user-group\\\\generated\\\\images\\\\live\\\\propmarket\\\\propmarket-FNCZZ2TyT7trV3bklxrX_\\\\image_4.jpg\""]""",https://www.propmarket.co.ls/properties/FNCZZ2TyT7trV3bklxrX_,Good,Traditional,Suburban,"""[\""parking\""]""",rent
propmarket-Jt0Cc35_yXnppB3KQQRT4,propmarket,Guest House,New Heights guest house \n\nKhubetsoana location Lerakong \n\nSingle M 500.00\nDouble M650.00\nIf you are looking for a place to call home when you are away from home please contact us today.,"Thepa ena ya mofuta wa house e fumaneha Khubetsoana, Maseru. E na le sebaka sena mme e fumaneha ka theko ya M 500. Tlotla ena e tshwanetse ho shejwa bakeng sa bareki ba batlang menyetla ya nnete Lesotho.",500.0,LSL,Maseru,"Khubetsoana, Maseru",House,0,0,"""[\""C:\\\\Users\\\\lepha\\\\Documents\\\\Codex\\\\2026-04-20-files-mentioned-by-the-user-group\\\\generated\\\\images\\\\live\\\\propmarket\\\\propmarket-Jt0Cc35_yXnppB3KQQRT4\\\\image_1.jpg\"", \""C:\\\\Users\\\\lepha\\\\Documents\\\\Codex\\\\2026-04-20-files-mentioned-by-the-user-group\\\\generated\\\\images\\\\live\\\\propmarket\\\\propmarket-Jt0Cc35_yXnppB3KQQRT4\\\\image_2.jpg\"", \""C:\\\\Users\\\\lepha\\\\Documents\\\\Codex\\\\2026-04-20-files-mentioned-by-the-user-group\\\\generated\\\\images\\\\live\\\\propmarket\\\\propmarket-Jt0Cc35_yXnppB3KQQRT4\\\\image_3.jpg\"", \""C:\\\\Users\\\\lepha\\\\Documents\\\\Codex\\\\2026-04-20-files-mentioned-by-the-user-group\\\\generated\\\\images\\\\live\\\\propmarket\\\\propmarket-Jt0Cc35_yXnppB3KQQRT4\\\\image_4.jpg\""]""",https://www.propmarket.co.ls/properties/Jt0Cc35_yXnppB3KQQRT4,New,Traditional,Suburban,"""[]""",rent
propmarket-PwDOUZbr8JLv22JJ4DtXu,propmarket,Site,"The site is at Ha-Teko Matebeleng, se pela metsi le motlakase and it is 638sqm at just 45k","Thepa ena ya mofuta wa site e fumaneha Teko, Maseru. E na le sebaka sena mme e fumaneha ka theko ya M 45,000. Tlotla ena e tshwanetse ho shejwa bakeng sa bareki ba batlang menyetla ya nnete Lesotho.",45000.0,LSL,Maseru,"Teko, Maseru",Site,0,0,"""[\""C:\\\\Users\\\\lepha\\\\Documents\\\\Codex\\\\2026-04-20-files-mentioned-by-the-user-group\\\\generated\\\\images\\\\live\\\\propmarket\\\\propmarket-PwDOUZbr8JLv22JJ4DtXu\\\\image_1.jpg\"", \""C:\\\\Users\\\\lepha\\\\Documents\\\\Codex\\\\2026-04-20-files-mentioned-by-the-user-group\\\\generated\\\\images\\\\live\\\\propmarket\\\\propmarket-PwDOUZbr8JLv22JJ4DtXu\\\\image_2.jpg\"", \""C:\\\\Users\\\\lepha\\\\Documents\\\\Codex\\\\2026-04-20-files-mentioned-by-the-user-group\\\\generated\\\\images\\\\live\\\\propmarket\\\\propmarket-PwDOUZbr8JLv22JJ4DtXu\\\\image_3.jpg\"", \""C:\\\\Users\\\\lepha\\\\Documents\\\\Codex\\\\2026-04-20-files-mentioned-by-the-user-group\\\\generated\\\\images\\\\live\\\\propmarket\\\\propmarket-PwDOUZbr8JLv22JJ4DtXu\\\\image_4.jpg\""]""",https://www.propmarket.co.ls/properties/PwDOUZbr8JLv22JJ4DtXu,Good,Traditional,Suburban,"""[]""",sale
propmarket-G3UCeX817Q6FWj27vP106,propmarket,Site,"The site is 513sqm with a 2 roomed house, it is located near The Mart tlasa ha ntate Kamoli but ka sideng ea The Mart","Thepa ena ya mofuta wa house e fumaneha Ha Matala, Maseru. E na le dikamore tse 2 le dibate tse 1 mme e fumaneha ka theko ya M 190,000. Tlotla ena e tshwanetse ho shejwa bakeng sa bareki ba batlang menyetla ya nnete Lesotho.",190000.0,LSL,Maseru,"Ha Matala, Maseru",House,2,1,"""[\""C:\\\\Users\\\\lepha\\\\Documents\\\\Codex\\\\2026-04-20-files-mentioned-by-the-user-group\\\\generated\\\\images\\\\live\\\\propmarket\\\\propmarket-G3UCeX817Q6FWj27vP106\\\\image_1.jpg\"", \""C:\\\\Users\\\\lepha\\\\Documents\\\\Codex\\\\2026-04-20-files-mentioned-by-the-user-group\\\\generated\\\\images\\\\live\\\\propmarket\\\\propmarket-G3UCeX817Q6FWj27vP106\\\\image_2.jpg\"", \""C:\\\\Users\\\\lepha\\\\Documents\\\\Codex\\\\2026-04-20-files-mentioned-by-the-user-group\\\\generated\\\\images\\\\live\\\\propmarket\\\\propmarket-G3UCeX817Q6FWj27vP106\\\\image_3.jpg\""]""",https://www.propmarket.co.ls/properties/G3UCeX817Q6FWj27vP106,Good,Traditional,Suburban,"""[]""",sale
propmarket-HxWkDZLJ0BgaJ2C-W4q11,propmarket,Site,"648 Square meters in Masowe 3, Water and Electricity li teng haufi haholo. \n\nLooking for a site that you can build your dream home? Do not hesitate to contact me today for a viewing.\nLease is available \n\n","Thepa ena ya mofuta wa house e fumaneha Masowe 1b Secondary School, Maseru. E na le dikamore tse 2 le dibate tse 1 mme e fumaneha ka theko ya M 250,000. Tlotla ena e tshwanetse ho shejwa bakeng sa bareki ba batlang menyetla ya nnete Lesotho.",250000.0,LSL,Maseru,"Masowe 1b Secondary School, Maseru",House,2,1,"""[\""C:\\\\Users\\\\lepha\\\\Documents\\\\Codex\\\\2026-04-20-files-mentioned-by-the-user-group\\\\generated\\\\images\\\\live\\\\propmarket\\\\propmarket-HxWkDZLJ0BgaJ2C-W4q11\\\\image_1.jpg\"", \""C:\\\\Users\\\\lepha\\\\Documents\\\\Codex\\\\2026-04-20-files-mentioned-by-the-user-group\\\\generated\\\\images\\\\live\\\\propmarket\\\\propmarket-HxWkDZLJ0BgaJ2C-W4q11\\\\image_2.jpg\"", \""C:\\\\Users\\\\lepha\\\\Documents\\\\Codex\\\\2026-04-20-files-mentioned-by-the-user-group\\\\generated\\\\images\\\\live\\\\propmarket\\\\propmarket-HxWkDZLJ0BgaJ2C-W4q11\\\\image_3.jpg\"", \""C:\\\\Users\\\\lepha\\\\Documents\\\\Codex\\\\2026-04-20-files-mentioned-by-the-user-group\\\\generated\\\\images\\\\live\\\\propmarket\\\\propmarket-HxWkDZLJ0BgaJ2C-W4q11\\\\image_4.jpg\""]""",https://www.propmarket.co.ls/properties/HxWkDZLJ0BgaJ2C-W4q11,Good,Traditional,Hillside,"""[\""water connection\"", \""electricity\"", \""near schools\"", \""road access\""]""",sale
propmarket-ezFcsmhLYIMyJm9JcqdbJ,propmarket,"6 Units, 1 Bedroom, Malaene",6 unfinished doubles with bathrooms\n30x30 LEASED,"Thepa ena ya mofuta wa house e fumaneha Berea District, Berea. E na le dikamore tse 1 le dibate tse 1 mme e fumaneha ka theko ya M 190,000. Tlotla ena e tshwanetse ho shejwa bakeng sa bareki ba batlang menyetla ya nnete Lesotho.",190000.0,LSL,Berea,"Berea District, Berea",House,1,1,"""[\""C:\\\\Users\\\\lepha\\\\Documents\\\\Codex\\\\2026-04-20-files-mentioned-by-the-user-group\\\\generated\\\\images\\\\live\\\\propmarket\\\\propmarket-ezFcsmhLYIMyJm9JcqdbJ\\\\image_1.jpg\"", \""C:\\\\Users\\\\lepha\\\\Documents\\\\Codex\\\\2026-04-20-files-mentioned-by-the-user-group\\\\generated\\\\images\\\\live\\\\propmarket\\\\propmarket-ezFcsmhLYIMyJm9JcqdbJ\\\\image_2.jpg\"", \""C:\\\\Users\\\\lepha\\\\Documents\\\\Codex\\\\2026-04-20-files-mentioned-by-the-user-group\\\\generated\\\\images\\\\live\\\\propmarket\\\\propmarket-ezFcsmhLYIMyJm9JcqdbJ\\\\image_3.jpg\"", \""C:\\\\Users\\\\lepha\\\\Documents\\\\Codex\\\\2026-04-20-files-mentioned-by-the-user-group\\\\generated\\\\images\\\\live\\\\propmarket\\\\propmarket-ezFcsmhLYIMyJm9JcqdbJ\\\\image_4.png\""]""",https://www.propmarket.co.ls/properties/ezFcsmhLYIMyJm9JcqdbJ,Renovation Needed,Traditional,Suburban,"""[]""",sale
propmarket-ql_iSXC4Uy4KYLWVTr0QL,propmarket,"6 Units, 1 Bedroom, Malaene","6 doubles\nLeased site, 1468sqm","Thepa ena ya mofuta wa site e fumaneha Qoaling, Maseru. E na le dikamore tse 1 mme e fumaneha ka theko ya M 600,000. Tlotla ena e tshwanetse ho shejwa bakeng sa bareki ba batlang menyetla ya nnete Lesotho.",600000.0,LSL,Maseru,"Qoaling, Maseru",Site,1,0,"""[\""C:\\\\Users\\\\lepha\\\\Documents\\\\Codex\\\\2026-04-20-files-mentioned-by-the-user-group\\\\generated\\\\images\\\\live\\\\propmarket\\\\propmarket-ql_iSXC4Uy4KYLWVTr0QL\\\\image_1.jpg\"", \""C:\\\\Users\\\\lepha\\\\Documents\\\\Codex\\\\2026-04-20-files-mentioned-by-the-user-group\\\\generated\\\\images\\\\live\\\\propmarket\\\\propmarket-ql_iSXC4Uy4KYLWVTr0QL\\\\image_2.jpg\"", \""C:\\\\Users\\\\lepha\\\\Documents\\\\Codex\\\\2026-04-20-files-mentioned-by-the-user-group\\\\generated\\\\images\\\\live\\\\propmarket\\\\propmarket-ql_iSXC4Uy4KYLWVTr0QL\\\\image_3.jpg\"", \""C:\\\\Users\\\\lepha\\\\Documents\\\\Codex\\\\2026-04-20-files-mentioned-by-the-user-group\\\\generated\\\\images\\\\live\\\\propmarket\\\\propmarket-ql_iSXC4Uy4KYLWVTr0QL\\\\image_4.png\""]""",https://www.propmarket.co.ls/properties/ql_iSXC4Uy4KYLWVTr0QL,Good,Traditional,Suburban,"""[]""",sale
propmarket-jLsW5pAWor5DGdiQLz3Ks,propmarket,"1 Unit, House",Ha-Teko 2 Room\n28x24 Form C,"Thepa ena ya mofuta wa house e fumaneha Maseru District, Maseru. E na le dikamore tse 2 le dibate tse 1 mme e fumaneha ka theko ya M 150,000. Tlotla ena e tshwanetse ho shejwa bakeng sa bareki ba batlang menyetla ya nnete Lesotho.",150000.0,LSL,Maseru,"Maseru District, Maseru",House,2,1,"""[\""C:\\\\Users\\\\lepha\\\\Documents\\\\Codex\\\\2026-04-20-files-mentioned-by-the-user-group\\\\generated\\\\images\\\\live\\\\propmarket\\\\propmarket-jLsW5pAWor5DGdiQLz3Ks\\\\image_1.jpg\"", \""C:\\\\Users\\\\lepha\\\\Documents\\\\Codex\\\\2026-04-20-files-mentioned-by-the-user-group\\\\generated\\\\images\\\\live\\\\propmarket\\\\propmarket-jLsW5pAWor5DGdiQLz3Ks\\\\image_2.jpg\"", \""C:\\\\Users\\\\lepha\\\\Documents\\\\Codex\\\\2026-04-20-files-mentioned-by-the-user-group\\\\generated\\\\images\\\\live\\\\propmarket\\\\propmarket-jLsW5pAWor5DGdiQLz3Ks\\\\image_3.jpg\"", \""C:\\\\Users\\\\lepha\\\\Documents\\\\Codex\\\\2026-04-20-files-mentioned-by-the-user-group\\\\generated\\\\images\\\\live\\\\propmarket\\\\propmarket-jLsW5pAWor5DGdiQLz3Ks\\\\image_4.png\""]""",https://www.propmarket.co.ls/properties/jLsW5pAWor5DGdiQLz3Ks,Good,Traditional,Suburban,"""[]""",sale
propmarket-oZ10EYWc9-jd1wJzXxr9x,propmarket,"3 Bedrooms, House",We have this newly built 3-bedroomed house in Masowe 2 at 1.8m.,"Thepa ena ya mofuta wa house e fumaneha Masowe 1b Secondary School, Maseru. E na le dikamore tse 3 le dibate tse 1 mme e fumaneha ka theko ya M 1,800,000. Tlotla ena e tshwanetse ho shejwa bakeng sa bareki ba batlang menyetla ya nnete Lesotho.",1800000.0,LSL,Maseru,"Masowe 1b Secondary School, Maseru",House,3,1,"""[\""C:\\\\Users\\\\lepha\\\\Documents\\\\Codex\\\\2026-04-20-files-mentioned-by-the-user-group\\\\generated\\\\images\\\\live\\\\propmarket\\\\propmarket-oZ10EYWc9-jd1wJzXxr9x\\\\image_1.jpg\"", \""C:\\\\Users\\\\lepha\\\\Documents\\\\Codex\\\\2026-04-20-files-mentioned-by-the-user-group\\\\generated\\\\images\\\\live\\\\propmarket\\\\propmarket-oZ10EYWc9-jd1wJzXxr9x\\\\image_2.jpg\"", \""C:\\\\Users\\\\lepha\\\\Documents\\\\Codex\\\\2026-04-20-files-mentioned-by-the-user-group\\\\generated\\\\images\\\\live\\\\propmarket\\\\propmarket-oZ10EYWc9-jd1wJzXxr9x\\\\image_3.jpg\"", \""C:\\\\Users\\\\lepha\\\\Documents\\\\Codex\\\\2026-04-20-files-mentioned-by-the-user-group\\\\generated\\\\images\\\\live\\\\propmarket\\\\propmarket-oZ10EYWc9-jd1wJzXxr9x\\\\image_4.jpg\""]""",https://www.propmarket.co.ls/properties/oZ10EYWc9-jd1wJzXxr9x,New,Traditional,Urban,"""[\""near schools\"", \""road access\""]""",sale
propmarket-lOGKyLOJwiTcvUEBxfOd2,propmarket,House,The house is at Masowe 1 at just 1.3m,"Thepa ena ya mofuta wa house e fumaneha Masowe 1b Secondary School, Maseru. E na le dikamore tse 2 le dibate tse 1 mme e fumaneha ka theko ya M 1,300,000. Tlotla ena e tshwanetse ho shejwa bakeng sa bareki ba batlang menyetla ya nnete Lesotho.",1300000.0,LSL,Maseru,"Masowe 1b Secondary School, Maseru",House,2,1,"""[\""C:\\\\Users\\\\lepha\\\\Documents\\\\Codex\\\\2026-04-20-files-mentioned-by-the-user-group\\\\generated\\\\images\\\\live\\\\propmarket\\\\propmarket-lOGKyLOJwiTcvUEBxfOd2\\\\image_1.jpg\"", \""C:\\\\Users\\\\lepha\\\\Documents\\\\Codex\\\\2026-04-20-files-mentioned-by-the-user-group\\\\generated\\\\images\\\\live\\\\propmarket\\\\propmarket-lOGKyLOJwiTcvUEBxfOd2\\\\image_2.jpg\"", \""C:\\\\Users\\\\lepha\\\\Documents\\\\Codex\\\\2026-04-20-files-mentioned-by-the-user-group\\\\generated\\\\images\\\\live\\\\propmarket\\\\propmarket-lOGKyLOJwiTcvUEBxfOd2\\\\image_3.jpg\"", \""C:\\\\Users\\\\lepha\\\\Documents\\\\Codex\\\\2026-04-20-files-mentioned-by-the-user-group\\\\generated\\\\images\\\\live\\\\propmarket\\\\propmarket-lOGKyLOJwiTcvUEBxfOd2\\\\image_4.jpg\""]""",https://www.propmarket.co.ls/properties/lOGKyLOJwiTcvUEBxfOd2,Good,Traditional,Urban,"""[\""near schools\"", \""road access\""]""",sale
propmarket-l3VzwxdRctomL_kOBoNk6,propmarket,Commercial,"This huge property is at Ha-Motloheloa Ntshelle at 4m and it is negotiable, u nkella le tsohle including trucks and business houses.","Thepa ena ya mofuta wa house e fumaneha Ha Motloheloa, Maseru. E na le dikamore tse 2 le dibate tse 1 mme e fumaneha ka theko ya M 4,000,000. Tlotla ena e tshwanetse ho shejwa bakeng sa bareki ba batlang menyetla ya nnete Lesotho.",4000000.0,LSL,Maseru,"Ha Motloheloa, Maseru",House,2,1,"""[\""C:\\\\Users\\\\lepha\\\\Documents\\\\Codex\\\\2026-04-20-files-mentioned-by-the-user-group\\\\generated\\\\images\\\\live\\\\propmarket\\\\propmarket-l3VzwxdRctomL_kOBoNk6\\\\image_1.jpg\"", \""C:\\\\Users\\\\lepha\\\\Documents\\\\Codex\\\\2026-04-20-files-mentioned-by-the-user-group\\\\generated\\\\images\\\\live\\\\propmarket\\\\propmarket-l3VzwxdRctomL_kOBoNk6\\\\image_2.jpg\"", \""C:\\\\Users\\\\lepha\\\\Documents\\\\Codex\\\\2026-04-20-files-mentioned-by-the-user-group\\\\generated\\\\images\\\\live\\\\propmarket\\\\propmarket-l3VzwxdRctomL_kOBoNk6\\\\image_3.jpg\"", \""C:\\\\Users\\\\lepha\\\\Documents\\\\Codex\\\\2026-04-20-files-mentioned-by-the-user-group\\\\generated\\\\images\\\\live\\\\propmarket\\\\propmarket-l3VzwxdRctomL_kOBoNk6\\\\image_4.jpg\""]""",https://www.propmarket.co.ls/properties/l3VzwxdRctomL_kOBoNk6,Good,Contemporary,Suburban,"""[]""",sale
propmarket-hnALgHUVxkGWG9QqHXv2y,propmarket,"2 Bedrooms, House","This house is at Ha-Matala near Seboka Primary le Lekhotleng. Fully fitted, common bathroom with shower and a toilet, 2 bedrooms but main bedroom not fitted, a garage, extra room separate, logable automated gate, living room, fire place at 1m negotiable.","Thepa ena ya mofuta wa house e fumaneha Ha Matala, Maseru. E na le dikamore tse 2 le dibate tse 1 mme e fumaneha ka theko ya M 1,000,000. Tlotla ena e tshwanetse ho shejwa bakeng sa bareki ba batlang menyetla ya nnete Lesotho.",1000000.0,LSL,Maseru,"Ha Matala, Maseru",House,2,1,"""[\""C:\\\\Users\\\\lepha\\\\Documents\\\\Codex\\\\2026-04-20-files-mentioned-by-the-user-group\\\\generated\\\\images\\\\live\\\\propmarket\\\\propmarket-hnALgHUVxkGWG9QqHXv2y\\\\image_1.jpg\"", \""C:\\\\Users\\\\lepha\\\\Documents\\\\Codex\\\\2026-04-20-files-mentioned-by-the-user-group\\\\generated\\\\images\\\\live\\\\propmarket\\\\propmarket-hnALgHUVxkGWG9QqHXv2y\\\\image_2.jpg\"", \""C:\\\\Users\\\\lepha\\\\Documents\\\\Codex\\\\2026-04-20-files-mentioned-by-the-user-group\\\\generated\\\\images\\\\live\\\\propmarket\\\\propmarket-hnALgHUVxkGWG9QqHXv2y\\\\image_3.jpg\"", \""C:\\\\Users\\\\lepha\\\\Documents\\\\Codex\\\\2026-04-20-files-mentioned-by-the-user-group\\\\generated\\\\images\\\\live\\\\propmarket\\\\propmarket-hnALgHUVxkGWG9QqHXv2y\\\\image_4.jpg\""]""",https://www.propmarket.co.ls/properties/hnALgHUVxkGWG9QqHXv2y,Good,Traditional,Suburban,"""[\""garage\"", \""shower\""]""",sale
propmarket-sdrhzPv_vZxCa8OS0OkZN,propmarket,Site,Fumana litsha Maqhaka Makola\n📌Tlasa Kereke\n✅️R42k - 32.9m by 17.9m\n✅️20m by 20m - R47k\n✅️22m by 20m - R52k\n\n📌Pela High Veld\n✅️ R36k - 22m by 20m\n✅️ R41k - 24m by 19m\n✅️ R51k - 26m by 21m\n\nC/W 5945 5829 for more details and site visits,"Thepa ena ya mofuta wa site e fumaneha Maqhaka, Berea. E na le sebaka sena mme e fumaneha ka theko ya M 36,000. Tlotla ena e tshwanetse ho shejwa bakeng sa bareki ba batlang menyetla ya nnete Lesotho.",36000.0,LSL,Berea,"Maqhaka, Berea",Site,0,0,"""[\""C:\\\\Users\\\\lepha\\\\Documents\\\\Codex\\\\2026-04-20-files-mentioned-by-the-user-group\\\\generated\\\\images\\\\live\\\\propmarket\\\\propmarket-sdrhzPv_vZxCa8OS0OkZN\\\\image_1.jpg\"", \""C:\\\\Users\\\\lepha\\\\Documents\\\\Codex\\\\2026-04-20-files-mentioned-by-the-user-group\\\\generated\\\\images\\\\live\\\\propmarket\\\\propmarket-sdrhzPv_vZxCa8OS0OkZN\\\\image_2.jpg\"", \""C:\\\\Users\\\\lepha\\\\Documents\\\\Codex\\\\2026-04-20-files-mentioned-by-the-user-group\\\\generated\\\\images\\\\live\\\\propmarket\\\\propmarket-sdrhzPv_vZxCa8OS0OkZN\\\\image_3.jpg\""]""",https://www.propmarket.co.ls/properties/sdrhzPv_vZxCa8OS0OkZN,Good,Traditional,Suburban,"""[]""",sale
propmarket-QVq2pNyEur75hseYq9XEs,propmarket,"2 Units, 2 Bedrooms, House","Property for sale Ha Matala Urban Area at R370K, water and electricity connected, in a 501sqm leased site. 4 rooms house and a 2 rooms house aside, 3 minutes from tar road. 6 minutes to Matala Local Court. No ceiling fitted, not tile fitted. C/W 59455829 for more details and viewing.","Thepa ena ya mofuta wa house e fumaneha Ha Matala, Maseru. E na le dikamore tse 2 le dibate tse 1 mme e fumaneha ka theko ya M 370,000. Tlotla ena e tshwanetse ho shejwa bakeng sa bareki ba batlang menyetla ya nnete Lesotho.",370000.0,LSL,Maseru,"Ha Matala, Maseru",House,2,1,"""[\""C:\\\\Users\\\\lepha\\\\Documents\\\\Codex\\\\2026-04-20-files-mentioned-by-the-user-group\\\\generated\\\\images\\\\live\\\\propmarket\\\\propmarket-QVq2pNyEur75hseYq9XEs\\\\image_1.jpg\"", \""C:\\\\Users\\\\lepha\\\\Documents\\\\Codex\\\\2026-04-20-files-mentioned-by-the-user-group\\\\generated\\\\images\\\\live\\\\propmarket\\\\propmarket-QVq2pNyEur75hseYq9XEs\\\\image_2.jpg\"", \""C:\\\\Users\\\\lepha\\\\Documents\\\\Codex\\\\2026-04-20-files-mentioned-by-the-user-group\\\\generated\\\\images\\\\live\\\\propmarket\\\\propmarket-QVq2pNyEur75hseYq9XEs\\\\image_3.jpg\""]""",https://www.propmarket.co.ls/properties/QVq2pNyEur75hseYq9XEs,Good,Traditional,Hillside,"""[\""water connection\"", \""electricity\"", \""road access\"", \""tar road\""]""",sale
propmarket-HMzCy_iEx4DdEDNa5LpqW,propmarket,Site,Litša li teng for sale Motheo 3 moo motse o fellang\nmotlakase o haufi \n12 - 15/20 mins from main road\n20m by 20m - R50k\n22m by 20m - R52k\n23m by 20m - R53k\n23m by 21m - R55k\n25m by 22m - R57k\n26m by 22m - R65k\n26m by 25m - R70k\n\nC/W 5945 5829 for more details and site visits.,"Thepa ena ya mofuta wa site e fumaneha Maseru, Maseru. E na le sebaka sena mme e fumaneha ka theko ya M 50,000. Tlotla ena e tshwanetse ho shejwa bakeng sa bareki ba batlang menyetla ya nnete Lesotho.",50000.0,LSL,Maseru,"Maseru, Maseru",Site,0,0,"""[\""C:\\\\Users\\\\lepha\\\\Documents\\\\Codex\\\\2026-04-20-files-mentioned-by-the-user-group\\\\generated\\\\images\\\\live\\\\propmarket\\\\propmarket-HMzCy_iEx4DdEDNa5LpqW\\\\image_1.jpg\"", \""C:\\\\Users\\\\lepha\\\\Documents\\\\Codex\\\\2026-04-20-files-mentioned-by-the-user-group\\\\generated\\\\images\\\\live\\\\propmarket\\\\propmarket-HMzCy_iEx4DdEDNa5LpqW\\\\image_2.jpg\"", \""C:\\\\Users\\\\lepha\\\\Documents\\\\Codex\\\\2026-04-20-files-mentioned-by-the-user-group\\\\generated\\\\images\\\\live\\\\propmarket\\\\propmarket-HMzCy_iEx4DdEDNa5LpqW\\\\image_3.jpg\""]""",https://www.propmarket.co.ls/properties/HMzCy_iEx4DdEDNa5LpqW,Good,Traditional,Suburban,"""[\""road access\""]""",sale
propmarket-Yx4W-xVoCZDc4FQpmmPuG,propmarket,Site,"Fumana litsha tse rekisoang Ha Mosalla Sekantshing,\n20m by 20m - R17k\n21m by 20m - R18k\n22m by 20m - R19k\n23m by 20m - R20k\n30m by 16m - R21k\n40m by 17m - R23k\n\n25m by 20m - R19k\n29m by 22m - R23k \n30m by 22m - R24k\n26m by 20m - R25k\n\n24m by 20m - R28.5k\n24m by 23m - R33.5k\n\n22mby 20m - R30k (special)\n27m by 2m - R35k\n\nRena le tse ling hape Ha Makhwathi thoteng from R40k to R50k\n22m by 22m - R40k, one left\n23m by 24m - R50k, five left.\nWater closer\n10 mins from main road\n","Thepa ena ya mofuta wa site e fumaneha Ha Mosalla, Maseru. E na le sebaka sena mme e fumaneha ka theko ya M 17,000. Tlotla ena e tshwanetse ho shejwa bakeng sa bareki ba batlang menyetla ya nnete Lesotho.",17000.0,LSL,Maseru,"Ha Mosalla, Maseru",Site,0,0,"""[\""C:\\\\Users\\\\lepha\\\\Documents\\\\Codex\\\\2026-04-20-files-mentioned-by-the-user-group\\\\generated\\\\images\\\\live\\\\propmarket\\\\propmarket-Yx4W-xVoCZDc4FQpmmPuG\\\\image_1.jpg\"", \""C:\\\\Users\\\\lepha\\\\Documents\\\\Codex\\\\2026-04-20-files-mentioned-by-the-user-group\\\\generated\\\\images\\\\live\\\\propmarket\\\\propmarket-Yx4W-xVoCZDc4FQpmmPuG\\\\image_2.jpg\"", \""C:\\\\Users\\\\lepha\\\\Documents\\\\Codex\\\\2026-04-20-files-mentioned-by-the-user-group\\\\generated\\\\images\\\\live\\\\propmarket\\\\propmarket-Yx4W-xVoCZDc4FQpmmPuG\\\\image_3.jpg\"", \""C:\\\\Users\\\\lepha\\\\Documents\\\\Codex\\\\2026-04-20-files-mentioned-by-the-user-group\\\\generated\\\\images\\\\live\\\\propmarket\\\\propmarket-Yx4W-xVoCZDc4FQpmmPuG\\\\image_4.jpg\""]""",https://www.propmarket.co.ls/properties/Yx4W-xVoCZDc4FQpmmPuG,Good,Traditional,Suburban,"""[\""water connection\"", \""road access\""]""",sale
propmarket-Jo4jKD37BIIyWohyU3Ubu,propmarket,Site,Baruting\n21m by 20m - R21k\n36m by 21m - R31k\n\nHa Ralimo (moo ho hlahelletseng le Ha Makhoathi 15-20mins drive from main road\n20m by 20m - R14k\n24m by 21m - R15k\n40m by 18m - R16k\n\nHa Ralimo \n5 - 8 mins from main road\n32m by 18m - R28k\n35m by 18m - 32k\n39m by 18m - R36k\n\n23m by 18m - R21k\n22m by 20m - R26k\n41m by 20m - R36k\n\nSehlabeng Mosenekeng\n3 - 5 mins from main road\n23m by 22m - R16k\n23m by 23m - R19k\n24m by 22m - R21k\n24m by 23m - R22k\n27m by 22m - R24k\n27m by 23m - R26k\n\nC/W 5945 5829 for more details and site visits. \n23m,"Thepa ena ya mofuta wa site e fumaneha Sehlabeng (ha Ts'oene Lipohong), Berea. E na le sebaka sena mme e fumaneha ka theko ya M 15,000. Tlotla ena e tshwanetse ho shejwa bakeng sa bareki ba batlang menyetla ya nnete Lesotho.",15000.0,LSL,Berea,"Sehlabeng (ha Ts'oene Lipohong), Berea",Site,0,0,"""[\""C:\\\\Users\\\\lepha\\\\Documents\\\\Codex\\\\2026-04-20-files-mentioned-by-the-user-group\\\\generated\\\\images\\\\live\\\\propmarket\\\\propmarket-Jo4jKD37BIIyWohyU3Ubu\\\\image_1.jpg\""]""",https://www.propmarket.co.ls/properties/Jo4jKD37BIIyWohyU3Ubu,Good,Traditional,Suburban,"""[\""road access\""]""",sale
propmarket-tPWv32Y-qCsM46i7tAUHy,propmarket,"1 Unit, 4 Bedrooms, House",4 bedroomed house Thetsane Lecoop available for rental\nRent 14k \nReadily available,"Thepa ena ya mofuta wa house e fumaneha Thetsane, Maseru. E na le dikamore tse 4 le dibate tse 2 mme e fumaneha ka theko ya M 14,000. Tlotla ena e tshwanetse ho shejwa bakeng sa bareki ba batlang menyetla ya nnete Lesotho.",14000.0,LSL,Maseru,"Thetsane, Maseru",House,4,2,"""[\""C:\\\\Users\\\\lepha\\\\Documents\\\\Codex\\\\2026-04-20-files-mentioned-by-the-user-group\\\\generated\\\\images\\\\live\\\\propmarket\\\\propmarket-tPWv32Y-qCsM46i7tAUHy\\\\image_1.jpg\"", \""C:\\\\Users\\\\lepha\\\\Documents\\\\Codex\\\\2026-04-20-files-mentioned-by-the-user-group\\\\generated\\\\images\\\\live\\\\propmarket\\\\propmarket-tPWv32Y-qCsM46i7tAUHy\\\\image_2.jpg\"", \""C:\\\\Users\\\\lepha\\\\Documents\\\\Codex\\\\2026-04-20-files-mentioned-by-the-user-group\\\\generated\\\\images\\\\live\\\\propmarket\\\\propmarket-tPWv32Y-qCsM46i7tAUHy\\\\image_3.jpg\"", \""C:\\\\Users\\\\lepha\\\\Documents\\\\Codex\\\\2026-04-20-files-mentioned-by-the-user-group\\\\generated\\\\images\\\\live\\\\propmarket\\\\propmarket-tPWv32Y-qCsM46i7tAUHy\\\\image_4.jpg\"", \""C:\\\\Users\\\\lepha\\\\Documents\\\\Codex\\\\2026-04-20-files-mentioned-by-the-user-group\\\\generated\\\\images\\\\live\\\\propmarket\\\\propmarket-tPWv32Y-qCsM46i7tAUHy\\\\image_5.jpg\""]""",https://www.propmarket.co.ls/properties/tPWv32Y-qCsM46i7tAUHy,Good,Traditional,Suburban,"""[\""road access\""]""",rent
propmarket-56sZ3iLD1S70wZWA1ZbGJ,propmarket,Office,"ground floor, 34sqm area of 2 offices, rent 10.5k plus 10.5k security. agent fees apply","Thepa ena ya mofuta wa commercial e fumaneha Mohalalitoe, Maseru. E na le dikamore tse 2 le dibate tse 1 mme e fumaneha ka theko ya M 10,500. Tlotla ena e tshwanetse ho shejwa bakeng sa bareki ba batlang menyetla ya nnete Lesotho.",10500.0,LSL,Maseru,"Mohalalitoe, Maseru",Commercial,2,1,"""[\""C:\\\\Users\\\\lepha\\\\Documents\\\\Codex\\\\2026-04-20-files-mentioned-by-the-user-group\\\\generated\\\\images\\\\live\\\\propmarket\\\\propmarket-56sZ3iLD1S70wZWA1ZbGJ\\\\image_1.jpg\"", \""C:\\\\Users\\\\lepha\\\\Documents\\\\Codex\\\\2026-04-20-files-mentioned-by-the-user-group\\\\generated\\\\images\\\\live\\\\propmarket\\\\propmarket-56sZ3iLD1S70wZWA1ZbGJ\\\\image_2.jpg\"", \""C:\\\\Users\\\\lepha\\\\Documents\\\\Codex\\\\2026-04-20-files-mentioned-by-the-user-group\\\\generated\\\\images\\\\live\\\\propmarket\\\\propmarket-56sZ3iLD1S70wZWA1ZbGJ\\\\image_3.jpg\""]""",https://www.propmarket.co.ls/properties/56sZ3iLD1S70wZWA1ZbGJ,Good,Contemporary,Suburban,"""[\""office-ready\"", \""security\""]""",rent
propmarket-_eshoYx6_Q5mssqQIF1L6,propmarket,House,"We have this newly built house and cottage with 2 beds at Masowe 1, at 2.5m negotiable","Thepa ena ya mofuta wa house e fumaneha Masowe 1b Secondary School, Maseru. E na le dikamore tse 2 le dibate tse 1 mme e fumaneha ka theko ya M 2,000,000. Tlotla ena e tshwanetse ho shejwa bakeng sa bareki ba batlang menyetla ya nnete Lesotho.",2000000.0,LSL,Maseru,"Masowe 1b Secondary School, Maseru",House,2,1,"""[\""C:\\\\Users\\\\lepha\\\\Documents\\\\Codex\\\\2026-04-20-files-mentioned-by-the-user-group\\\\generated\\\\images\\\\live\\\\propmarket\\\\propmarket-_eshoYx6_Q5mssqQIF1L6\\\\image_1.jpg\"", \""C:\\\\Users\\\\lepha\\\\Documents\\\\Codex\\\\2026-04-20-files-mentioned-by-the-user-group\\\\generated\\\\images\\\\live\\\\propmarket\\\\propmarket-_eshoYx6_Q5mssqQIF1L6\\\\image_2.jpg\""]""",https://www.propmarket.co.ls/properties/_eshoYx6_Q5mssqQIF1L6,New,Traditional,Urban,"""[\""near schools\"", \""road access\""]""",sale
propmarket-5qrCqzjLXFXLgrZJHKTns,propmarket,Site,We have this big site at Tshenola Motse-Mocha ..3 double rooms,"Thepa ena ya mofuta wa site e fumaneha Motse Mocha (ts'enola), Maseru. E na le sebaka sena mme e fumaneha ka theko ya M 230,000. Tlotla ena e tshwanetse ho shejwa bakeng sa bareki ba batlang menyetla ya nnete Lesotho.",230000.0,LSL,Maseru,"Motse Mocha (ts'enola), Maseru",Site,0,0,"""[\""C:\\\\Users\\\\lepha\\\\Documents\\\\Codex\\\\2026-04-20-files-mentioned-by-the-user-group\\\\generated\\\\images\\\\live\\\\propmarket\\\\propmarket-5qrCqzjLXFXLgrZJHKTns\\\\image_1.jpg\"", \""C:\\\\Users\\\\lepha\\\\Documents\\\\Codex\\\\2026-04-20-files-mentioned-by-the-user-group\\\\generated\\\\images\\\\live\\\\propmarket\\\\propmarket-5qrCqzjLXFXLgrZJHKTns\\\\image_2.jpg\"", \""C:\\\\Users\\\\lepha\\\\Documents\\\\Codex\\\\2026-04-20-files-mentioned-by-the-user-group\\\\generated\\\\images\\\\live\\\\propmarket\\\\propmarket-5qrCqzjLXFXLgrZJHKTns\\\\image_3.jpg\"", \""C:\\\\Users\\\\lepha\\\\Documents\\\\Codex\\\\2026-04-20-files-mentioned-by-the-user-group\\\\generated\\\\images\\\\live\\\\propmarket\\\\propmarket-5qrCqzjLXFXLgrZJHKTns\\\\image_4.jpg\""]""",https://www.propmarket.co.ls/properties/5qrCqzjLXFXLgrZJHKTns,Good,Traditional,Suburban,"""[]""",sale
propmarket-0rTOdjf-bhLSeg5GJV8dm,propmarket,"5 Units, Malaene","We have these 5 unfinished double rooms at Lesia, Ha-Thetsane, tlasa Lesia High School, the site is 600 sqm with a lease.. at just 250k le toilet e teng..","Thepa ena ya mofuta wa site e fumaneha Ha Lesia, Maseru. E na le sebaka sena mme e fumaneha ka theko ya M 250,000. Tlotla ena e tshwanetse ho shejwa bakeng sa bareki ba batlang menyetla ya nnete Lesotho.",250000.0,LSL,Maseru,"Ha Lesia, Maseru",Site,0,0,"""[\""C:\\\\Users\\\\lepha\\\\Documents\\\\Codex\\\\2026-04-20-files-mentioned-by-the-user-group\\\\generated\\\\images\\\\live\\\\propmarket\\\\propmarket-0rTOdjf-bhLSeg5GJV8dm\\\\image_1.jpg\"", \""C:\\\\Users\\\\lepha\\\\Documents\\\\Codex\\\\2026-04-20-files-mentioned-by-the-user-group\\\\generated\\\\images\\\\live\\\\propmarket\\\\propmarket-0rTOdjf-bhLSeg5GJV8dm\\\\image_2.jpg\"", \""C:\\\\Users\\\\lepha\\\\Documents\\\\Codex\\\\2026-04-20-files-mentioned-by-the-user-group\\\\generated\\\\images\\\\live\\\\propmarket\\\\propmarket-0rTOdjf-bhLSeg5GJV8dm\\\\image_3.jpg\"", \""C:\\\\Users\\\\lepha\\\\Documents\\\\Codex\\\\2026-04-20-files-mentioned-by-the-user-group\\\\generated\\\\images\\\\live\\\\propmarket\\\\propmarket-0rTOdjf-bhLSeg5GJV8dm\\\\image_4.jpg\""]""",https://www.propmarket.co.ls/properties/0rTOdjf-bhLSeg5GJV8dm,Renovation Needed,Traditional,Urban,"""[\""near schools\""]""",sale
propmarket-XT3Hd_BRf6nZBclclWKgg,propmarket,"1 Unit, 2 Bedrooms, House","<p>🏬HIGHLY-WELL SECURED COMMERCIAL / STANDALONE HOUSE FOR RENTAL </p><p>📍Hillsview, Maseru </p><p>SPECIFICATIONS: </p><p>•Devil's Fork with Lockable and Automated Steel Gate.</p><p> •Kitchen Fitted with Only Zinc.</p><p> •2 Fully Fitted Bedroomed.</p><p> •2 Bathrooms (Fitted with Showers, Basins + Toilets ) </p><p>💰Rent R7000 plus equivalent security deposit. </p><p>❎Waterbill, Electricity and Garden Cleaner FEE excluded from Rent. </p><p>• Sufficient Parking Space. </p><p>⏰10 Minutes walk to Maseru Mall</p>","Thepa ena ya mofuta wa house e fumaneha Hillsview, Maseru. E na le dikamore tse 2 le dibate tse 2 mme e fumaneha ka theko ya M 7,000. Tlotla ena e tshwanetse ho shejwa bakeng sa bareki ba batlang menyetla ya nnete Lesotho.",7000.0,LSL,Maseru,"Hillsview, Maseru",House,2,2,"""[\""C:\\\\Users\\\\lepha\\\\Documents\\\\Codex\\\\2026-04-20-files-mentioned-by-the-user-group\\\\generated\\\\images\\\\live\\\\propmarket\\\\propmarket-XT3Hd_BRf6nZBclclWKgg\\\\image_1.jpg\"", \""C:\\\\Users\\\\lepha\\\\Documents\\\\Codex\\\\2026-04-20-files-mentioned-by-the-user-group\\\\generated\\\\images\\\\live\\\\propmarket\\\\propmarket-XT3Hd_BRf6nZBclclWKgg\\\\image_2.jpg\"", \""C:\\\\Users\\\\lepha\\\\Documents\\\\Codex\\\\2026-04-20-files-mentioned-by-the-user-group\\\\generated\\\\images\\\\live\\\\propmarket\\\\propmarket-XT3Hd_BRf6nZBclclWKgg\\\\image_3.jpg\"", \""C:\\\\Users\\\\lepha\\\\Documents\\\\Codex\\\\2026-04-20-files-mentioned-by-the-user-group\\\\generated\\\\images\\\\live\\\\propmarket\\\\propmarket-XT3Hd_BRf6nZBclclWKgg\\\\image_4.jpg\"", \""C:\\\\Users\\\\lepha\\\\Documents\\\\Codex\\\\2026-04-20-files-mentioned-by-the-user-group\\\\generated\\\\images\\\\live\\\\propmarket\\\\propmarket-XT3Hd_BRf6nZBclclWKgg\\\\image_5.jpg\""]""",https://www.propmarket.co.ls/properties/XT3Hd_BRf6nZBclclWKgg,Good,Family,Garden,"""[\""water connection\"", \""electricity\"", \""parking\"", \""garden\"", \""security\"", \""shower\""]""",rent
propmarket-8CyrAl8AaWvJFTVj_bvpt,propmarket,Malaene,"We have these 5 double rooms at T.Y Motse Mocha kamora sepetlele, pela Forestry..","Thepa ena ya mofuta wa house e fumaneha Teyateyaneng, Berea. E na le dikamore tse 2 le dibate tse 1 mme e fumaneha ka theko ya M 430,000. Tlotla ena e tshwanetse ho shejwa bakeng sa bareki ba batlang menyetla ya nnete Lesotho.",430000.0,LSL,Berea,"Teyateyaneng, Berea",House,2,1,"""[\""C:\\\\Users\\\\lepha\\\\Documents\\\\Codex\\\\2026-04-20-files-mentioned-by-the-user-group\\\\generated\\\\images\\\\live\\\\propmarket\\\\propmarket-8CyrAl8AaWvJFTVj_bvpt\\\\image_1.jpg\"", \""C:\\\\Users\\\\lepha\\\\Documents\\\\Codex\\\\2026-04-20-files-mentioned-by-the-user-group\\\\generated\\\\images\\\\live\\\\propmarket\\\\propmarket-8CyrAl8AaWvJFTVj_bvpt\\\\image_2.jpg\"", \""C:\\\\Users\\\\lepha\\\\Documents\\\\Codex\\\\2026-04-20-files-mentioned-by-the-user-group\\\\generated\\\\images\\\\live\\\\propmarket\\\\propmarket-8CyrAl8AaWvJFTVj_bvpt\\\\image_3.jpg\""]""",https://www.propmarket.co.ls/properties/8CyrAl8AaWvJFTVj_bvpt,Good,Traditional,Suburban,"""[]""",sale
propmarket-0188LutnrlZW-s-GzAeoH,propmarket,Site,The site is near Maseru Private Hospital,"Thepa ena ya mofuta wa site e fumaneha Ha Tsolo, Maseru. E na le sebaka sena mme e fumaneha ka theko ya M 1,500,000. Tlotla ena e tshwanetse ho shejwa bakeng sa bareki ba batlang menyetla ya nnete Lesotho.",1500000.0,LSL,Maseru,"Ha Tsolo, Maseru",Site,0,0,"""[\""C:\\\\Users\\\\lepha\\\\Documents\\\\Codex\\\\2026-04-20-files-mentioned-by-the-user-group\\\\generated\\\\images\\\\live\\\\propmarket\\\\propmarket-0188LutnrlZW-s-GzAeoH\\\\image_1.jpg\"", \""C:\\\\Users\\\\lepha\\\\Documents\\\\Codex\\\\2026-04-20-files-mentioned-by-the-user-group\\\\generated\\\\images\\\\live\\\\propmarket\\\\propmarket-0188LutnrlZW-s-GzAeoH\\\\image_2.jpg\"", \""C:\\\\Users\\\\lepha\\\\Documents\\\\Codex\\\\2026-04-20-files-mentioned-by-the-user-group\\\\generated\\\\images\\\\live\\\\propmarket\\\\propmarket-0188LutnrlZW-s-GzAeoH\\\\image_3.jpg\"", \""C:\\\\Users\\\\lepha\\\\Documents\\\\Codex\\\\2026-04-20-files-mentioned-by-the-user-group\\\\generated\\\\images\\\\live\\\\propmarket\\\\propmarket-0188LutnrlZW-s-GzAeoH\\\\image_4.jpg\"", \""C:\\\\Users\\\\lepha\\\\Documents\\\\Codex\\\\2026-04-20-files-mentioned-by-the-user-group\\\\generated\\\\images\\\\live\\\\propmarket\\\\propmarket-0188LutnrlZW-s-GzAeoH\\\\image_5.jpg\""]""",https://www.propmarket.co.ls/properties/0188LutnrlZW-s-GzAeoH,Good,Traditional,Suburban,"""[]""",sale
propmarket-6ChSfY21cy2p-5spQ204I,propmarket,Site,Site opposite Maseru Private Academy near Southline,"Thepa ena ya mofuta wa site e fumaneha Ha Tsolo, Maseru. E na le sebaka sena mme e fumaneha ka theko ya M 2,000,000. Tlotla ena e tshwanetse ho shejwa bakeng sa bareki ba batlang menyetla ya nnete Lesotho.",2000000.0,LSL,Maseru,"Ha Tsolo, Maseru",Site,0,0,"""[\""C:\\\\Users\\\\lepha\\\\Documents\\\\Codex\\\\2026-04-20-files-mentioned-by-the-user-group\\\\generated\\\\images\\\\live\\\\propmarket\\\\propmarket-6ChSfY21cy2p-5spQ204I\\\\image_1.jpg\"", \""C:\\\\Users\\\\lepha\\\\Documents\\\\Codex\\\\2026-04-20-files-mentioned-by-the-user-group\\\\generated\\\\images\\\\live\\\\propmarket\\\\propmarket-6ChSfY21cy2p-5spQ204I\\\\image_2.jpg\"", \""C:\\\\Users\\\\lepha\\\\Documents\\\\Codex\\\\2026-04-20-files-mentioned-by-the-user-group\\\\generated\\\\images\\\\live\\\\propmarket\\\\propmarket-6ChSfY21cy2p-5spQ204I\\\\image_3.jpg\"", \""C:\\\\Users\\\\lepha\\\\Documents\\\\Codex\\\\2026-04-20-files-mentioned-by-the-user-group\\\\generated\\\\images\\\\live\\\\propmarket\\\\propmarket-6ChSfY21cy2p-5spQ204I\\\\image_4.jpg\"", \""C:\\\\Users\\\\lepha\\\\Documents\\\\Codex\\\\2026-04-20-files-mentioned-by-the-user-group\\\\generated\\\\images\\\\live\\\\propmarket\\\\propmarket-6ChSfY21cy2p-5spQ204I\\\\image_5.jpg\""]""",https://www.propmarket.co.ls/properties/6ChSfY21cy2p-5spQ204I,Good,Traditional,Suburban,"""[]""",sale
propmarket-wssVndlTI_WCuNbcTEZKg,propmarket,"2 Units, House","We have this big beautiful house with a separate building which can be turned into a shop in Maputsoe Ha-Mmathata in the urban area, 529 sqm area and the lease is available.","Thepa ena ya mofuta wa house e fumaneha Ha Maputsoe, Leribe. E na le dikamore tse 2 le dibate tse 1 mme e fumaneha ka theko ya M 750,000. Tlotla ena e tshwanetse ho shejwa bakeng sa bareki ba batlang menyetla ya nnete Lesotho.",750000.0,LSL,Leribe,"Ha Maputsoe, Leribe",House,2,1,"""[\""C:\\\\Users\\\\lepha\\\\Documents\\\\Codex\\\\2026-04-20-files-mentioned-by-the-user-group\\\\generated\\\\images\\\\live\\\\propmarket\\\\propmarket-wssVndlTI_WCuNbcTEZKg\\\\image_1.jpg\"", \""C:\\\\Users\\\\lepha\\\\Documents\\\\Codex\\\\2026-04-20-files-mentioned-by-the-user-group\\\\generated\\\\images\\\\live\\\\propmarket\\\\propmarket-wssVndlTI_WCuNbcTEZKg\\\\image_2.jpg\"", \""C:\\\\Users\\\\lepha\\\\Documents\\\\Codex\\\\2026-04-20-files-mentioned-by-the-user-group\\\\generated\\\\images\\\\live\\\\propmarket\\\\propmarket-wssVndlTI_WCuNbcTEZKg\\\\image_3.jpg\"", \""C:\\\\Users\\\\lepha\\\\Documents\\\\Codex\\\\2026-04-20-files-mentioned-by-the-user-group\\\\generated\\\\images\\\\live\\\\propmarket\\\\propmarket-wssVndlTI_WCuNbcTEZKg\\\\image_4.jpg\""]""",https://www.propmarket.co.ls/properties/wssVndlTI_WCuNbcTEZKg,Good,Contemporary,Urban,"""[]""",sale
propmarket-jT41y7YNeO5qGQ0Dj8lR0,propmarket,Ts'imo,A very big field at Masowe 2 at 3.5 m negotiable,"Thepa ena ya mofuta wa house e fumaneha Masowe 1b Secondary School, Maseru. E na le dikamore tse 2 le dibate tse 1 mme e fumaneha ka theko ya M 3,500,000. Tlotla ena e tshwanetse ho shejwa bakeng sa bareki ba batlang menyetla ya nnete Lesotho.",3500000.0,LSL,Maseru,"Masowe 1b Secondary School, Maseru",House,2,1,"""[\""C:\\\\Users\\\\lepha\\\\Documents\\\\Codex\\\\2026-04-20-files-mentioned-by-the-user-group\\\\generated\\\\images\\\\live\\\\propmarket\\\\propmarket-jT41y7YNeO5qGQ0Dj8lR0\\\\image_1.jpg\"", \""C:\\\\Users\\\\lepha\\\\Documents\\\\Codex\\\\2026-04-20-files-mentioned-by-the-user-group\\\\generated\\\\images\\\\live\\\\propmarket\\\\propmarket-jT41y7YNeO5qGQ0Dj8lR0\\\\image_2.jpg\"", \""C:\\\\Users\\\\lepha\\\\Documents\\\\Codex\\\\2026-04-20-files-mentioned-by-the-user-group\\\\generated\\\\images\\\\live\\\\propmarket\\\\propmarket-jT41y7YNeO5qGQ0Dj8lR0\\\\image_3.jpg\"", \""C:\\\\Users\\\\lepha\\\\Documents\\\\Codex\\\\2026-04-20-files-mentioned-by-the-user-group\\\\generated\\\\images\\\\live\\\\propmarket\\\\propmarket-jT41y7YNeO5qGQ0Dj8lR0\\\\image_4.jpg\""]""",https://www.propmarket.co.ls/properties/jT41y7YNeO5qGQ0Dj8lR0,Good,Traditional,Urban,"""[\""near schools\"", \""road access\""]""",sale
propmarket-1TGCSDZG8y-BouNt6g0B6,propmarket,"3 Units, Malaene","Malaene ana a macha-cha Maputsoe Ha-Maqele, not yet wired , ana le form C, se pela tsela and ke 900 sqm at just 280k","Thepa ena ya mofuta wa house e fumaneha Ha Maqele, Leribe. E na le dikamore tse 2 le dibate tse 1 mme e fumaneha ka theko ya M 280,000. Tlotla ena e tshwanetse ho shejwa bakeng sa bareki ba batlang menyetla ya nnete Lesotho.",280000.0,LSL,Leribe,"Ha Maqele, Leribe",House,2,1,"""[\""C:\\\\Users\\\\lepha\\\\Documents\\\\Codex\\\\2026-04-20-files-mentioned-by-the-user-group\\\\generated\\\\images\\\\live\\\\propmarket\\\\propmarket-1TGCSDZG8y-BouNt6g0B6\\\\image_1.jpg\"", \""C:\\\\Users\\\\lepha\\\\Documents\\\\Codex\\\\2026-04-20-files-mentioned-by-the-user-group\\\\generated\\\\images\\\\live\\\\propmarket\\\\propmarket-1TGCSDZG8y-BouNt6g0B6\\\\image_2.jpg\"", \""C:\\\\Users\\\\lepha\\\\Documents\\\\Codex\\\\2026-04-20-files-mentioned-by-the-user-group\\\\generated\\\\images\\\\live\\\\propmarket\\\\propmarket-1TGCSDZG8y-BouNt6g0B6\\\\image_3.jpg\"", \""C:\\\\Users\\\\lepha\\\\Documents\\\\Codex\\\\2026-04-20-files-mentioned-by-the-user-group\\\\generated\\\\images\\\\live\\\\propmarket\\\\propmarket-1TGCSDZG8y-BouNt6g0B6\\\\image_4.jpg\""]""",https://www.propmarket.co.ls/properties/1TGCSDZG8y-BouNt6g0B6,Good,Traditional,Suburban,"""[]""",sale
propmarket-mrNXjggdJORKMuy1xzCJR,propmarket,House,the house is at Ha-thetsane Linakotseng and it is unfitted at just 900k,"Thepa ena ya mofuta wa house e fumaneha Linakotseng, Maseru. E na le dikamore tse 2 le dibate tse 1 mme e fumaneha ka theko ya M 900,000. Tlotla ena e tshwanetse ho shejwa bakeng sa bareki ba batlang menyetla ya nnete Lesotho.",900000.0,LSL,Maseru,"Linakotseng, Maseru",House,2,1,"""[\""C:\\\\Users\\\\lepha\\\\Documents\\\\Codex\\\\2026-04-20-files-mentioned-by-the-user-group\\\\generated\\\\images\\\\live\\\\propmarket\\\\propmarket-mrNXjggdJORKMuy1xzCJR\\\\image_1.jpg\"", \""C:\\\\Users\\\\lepha\\\\Documents\\\\Codex\\\\2026-04-20-files-mentioned-by-the-user-group\\\\generated\\\\images\\\\live\\\\propmarket\\\\propmarket-mrNXjggdJORKMuy1xzCJR\\\\image_2.jpg\""]""",https://www.propmarket.co.ls/properties/mrNXjggdJORKMuy1xzCJR,Good,Traditional,Suburban,"""[]""",sale
propmarket-1TpIGvkFQG08fdE-GeXki,propmarket,Commercial,We have this 10000sqm site at Sehlabeng and it has a lease at just 1.3m,"Thepa ena ya mofuta wa site e fumaneha Sehlabeng (ha Ts'oene Lipohong), Berea. E na le sebaka sena mme e fumaneha ka theko ya M 1,300,000. Tlotla ena e tshwanetse ho shejwa bakeng sa bareki ba batlang menyetla ya nnete Lesotho.",1300000.0,LSL,Berea,"Sehlabeng (ha Ts'oene Lipohong), Berea",Site,0,0,"""[\""C:\\\\Users\\\\lepha\\\\Documents\\\\Codex\\\\2026-04-20-files-mentioned-by-the-user-group\\\\generated\\\\images\\\\live\\\\propmarket\\\\propmarket-1TpIGvkFQG08fdE-GeXki\\\\image_1.jpg\""]""",https://www.propmarket.co.ls/properties/1TpIGvkFQG08fdE-GeXki,Good,Contemporary,Suburban,"""[]""",sale
propmarket-6MZ5bxvKORBi0Mj3TBbIF,propmarket,Village Shopping Complex,We have this mini complex at Ha Tsolo Usave Ha Tsolo Maseru at 1.5 m..Tenants are already there,"Thepa ena ya mofuta wa commercial e fumaneha Usave, Maseru. E na le dikamore tse 2 le dibate tse 1 mme e fumaneha ka theko ya M 1,500,000. Tlotla ena e tshwanetse ho shejwa bakeng sa bareki ba batlang menyetla ya nnete Lesotho.",1500000.0,LSL,Maseru,"Usave, Maseru",Commercial,2,1,"""[\""C:\\\\Users\\\\lepha\\\\Documents\\\\Codex\\\\2026-04-20-files-mentioned-by-the-user-group\\\\generated\\\\images\\\\live\\\\propmarket\\\\propmarket-6MZ5bxvKORBi0Mj3TBbIF\\\\image_1.jpg\""]""",https://www.propmarket.co.ls/properties/6MZ5bxvKORBi0Mj3TBbIF,Good,Contemporary,Suburban,"""[\""road access\""]""",sale
propmarket-qnZ6-VLOzgo6LrvuzSSGn,propmarket,Site,"Site Linakotseng near Lesotho Housing Project, there is an option of paying in three months with the price of M45000","Thepa ena ya mofuta wa site e fumaneha Ha Tsolo, Maseru. E na le sebaka sena mme e fumaneha ka theko ya M 35,000. Tlotla ena e tshwanetse ho shejwa bakeng sa bareki ba batlang menyetla ya nnete Lesotho.",35000.0,LSL,Maseru,"Ha Tsolo, Maseru",Site,0,0,"""[\""C:\\\\Users\\\\lepha\\\\Documents\\\\Codex\\\\2026-04-20-files-mentioned-by-the-user-group\\\\generated\\\\images\\\\live\\\\propmarket\\\\propmarket-qnZ6-VLOzgo6LrvuzSSGn\\\\image_1.jpg\"", \""C:\\\\Users\\\\lepha\\\\Documents\\\\Codex\\\\2026-04-20-files-mentioned-by-the-user-group\\\\generated\\\\images\\\\live\\\\propmarket\\\\propmarket-qnZ6-VLOzgo6LrvuzSSGn\\\\image_2.jpg\"", \""C:\\\\Users\\\\lepha\\\\Documents\\\\Codex\\\\2026-04-20-files-mentioned-by-the-user-group\\\\generated\\\\images\\\\live\\\\propmarket\\\\propmarket-qnZ6-VLOzgo6LrvuzSSGn\\\\image_3.jpg\"", \""C:\\\\Users\\\\lepha\\\\Documents\\\\Codex\\\\2026-04-20-files-mentioned-by-the-user-group\\\\generated\\\\images\\\\live\\\\propmarket\\\\propmarket-qnZ6-VLOzgo6LrvuzSSGn\\\\image_4.jpg\"", \""C:\\\\Users\\\\lepha\\\\Documents\\\\Codex\\\\2026-04-20-files-mentioned-by-the-user-group\\\\generated\\\\images\\\\live\\\\propmarket\\\\propmarket-qnZ6-VLOzgo6LrvuzSSGn\\\\image_5.png\""]""",https://www.propmarket.co.ls/properties/qnZ6-VLOzgo6LrvuzSSGn,Good,Traditional,Suburban,"""[]""",sale
propmarket-1m6yiIhqoyyiUv9yQaiJO,propmarket,"21 Bedrooms, Guest House","Investors Take note!!!!!!\n\nGuesthouse for sale in Likileng Butha Buthe.\n\nThis guesthouse is being auctioned on the 19 of September 2025.\n\nPlace High Court of Lesotho Northen Division at 9 am.\n\nIf you are looking for a place to make you daily income this is your opportunity!!!! \nThis guesthouse offers 21 bedrooms.\n\nGround floor offers reception, passage, toilets, kitchen, conference hall.\n\nFirst floor, 5 hotel rooms with en suite bathrooms.\nSecond floor 6 guest room. \n\nStandard rooms 11 Rate M800 per night\nExecutive rooms X5 M950 per night\nFamily rooms X5 M900 per night \nLunch X5\nDinner X5\nConference call X5\n\nCall today and make use of this amazing investment opportunity.\n","Thepa ena ya mofuta wa house e fumaneha Likileng(paballong), Reserve (butha Buthe). E na le dikamore tse 21 le dibate tse 11 mme e fumaneha ka theko ya M 5,000,000. Tlotla ena e tshwanetse ho shejwa bakeng sa bareki ba batlang menyetla ya nnete Lesotho.",5000000.0,LSL,Reserve (Butha Buthe),"Likileng(paballong), Reserve (butha Buthe)",House,21,11,"""[\""C:\\\\Users\\\\lepha\\\\Documents\\\\Codex\\\\2026-04-20-files-mentioned-by-the-user-group\\\\generated\\\\images\\\\live\\\\propmarket\\\\propmarket-1m6yiIhqoyyiUv9yQaiJO\\\\image_1.jpg\"", \""C:\\\\Users\\\\lepha\\\\Documents\\\\Codex\\\\2026-04-20-files-mentioned-by-the-user-group\\\\generated\\\\images\\\\live\\\\propmarket\\\\propmarket-1m6yiIhqoyyiUv9yQaiJO\\\\image_2.jpg\"", \""C:\\\\Users\\\\lepha\\\\Documents\\\\Codex\\\\2026-04-20-files-mentioned-by-the-user-group\\\\generated\\\\images\\\\live\\\\propmarket\\\\propmarket-1m6yiIhqoyyiUv9yQaiJO\\\\image_3.jpg\"", \""C:\\\\Users\\\\lepha\\\\Documents\\\\Codex\\\\2026-04-20-files-mentioned-by-the-user-group\\\\generated\\\\images\\\\live\\\\propmarket\\\\propmarket-1m6yiIhqoyyiUv9yQaiJO\\\\image_4.jpg\""]""",https://www.propmarket.co.ls/properties/1m6yiIhqoyyiUv9yQaiJO,Good,Family,Suburban,"""[]""",sale
propmarket-c18KGg9RbJAL1pydd6pBr,propmarket,Site,"We have this site at Ha-Pita Ntshirele pela Phatlalla.. The site is 560sqm pela metsi le motlakase at just 60k, it has a good neighborhood.","Thepa ena ya mofuta wa site e fumaneha Ha Pita, Maseru. E na le sebaka sena mme e fumaneha ka theko ya M 60,000. Tlotla ena e tshwanetse ho shejwa bakeng sa bareki ba batlang menyetla ya nnete Lesotho.",60000.0,LSL,Maseru,"Ha Pita, Maseru",Site,0,0,"""[\""C:\\\\Users\\\\lepha\\\\Documents\\\\Codex\\\\2026-04-20-files-mentioned-by-the-user-group\\\\generated\\\\images\\\\live\\\\propmarket\\\\propmarket-c18KGg9RbJAL1pydd6pBr\\\\image_1.jpg\"", \""C:\\\\Users\\\\lepha\\\\Documents\\\\Codex\\\\2026-04-20-files-mentioned-by-the-user-group\\\\generated\\\\images\\\\live\\\\propmarket\\\\propmarket-c18KGg9RbJAL1pydd6pBr\\\\image_2.jpg\"", \""C:\\\\Users\\\\lepha\\\\Documents\\\\Codex\\\\2026-04-20-files-mentioned-by-the-user-group\\\\generated\\\\images\\\\live\\\\propmarket\\\\propmarket-c18KGg9RbJAL1pydd6pBr\\\\image_3.jpg\"", \""C:\\\\Users\\\\lepha\\\\Documents\\\\Codex\\\\2026-04-20-files-mentioned-by-the-user-group\\\\generated\\\\images\\\\live\\\\propmarket\\\\propmarket-c18KGg9RbJAL1pydd6pBr\\\\image_4.jpg\""]""",https://www.propmarket.co.ls/properties/c18KGg9RbJAL1pydd6pBr,Good,Traditional,Suburban,"""[]""",sale
propmarket-xCJ9fuicyQRzWK5mXpAjJ,propmarket,"2 Bedrooms, House","This house is at Sekamaneng pela ha ntate Ramothamo, five minutes to the main road at just 385k, it has a lease","Thepa ena ya mofuta wa house e fumaneha Sekamaneng, Berea. E na le dikamore tse 2 le dibate tse 1 mme e fumaneha ka theko ya M 385,000. Tlotla ena e tshwanetse ho shejwa bakeng sa bareki ba batlang menyetla ya nnete Lesotho.",385000.0,LSL,Berea,"Sekamaneng, Berea",House,2,1,"""[\""C:\\\\Users\\\\lepha\\\\Documents\\\\Codex\\\\2026-04-20-files-mentioned-by-the-user-group\\\\generated\\\\images\\\\live\\\\propmarket\\\\propmarket-xCJ9fuicyQRzWK5mXpAjJ\\\\image_1.jpg\"", \""C:\\\\Users\\\\lepha\\\\Documents\\\\Codex\\\\2026-04-20-files-mentioned-by-the-user-group\\\\generated\\\\images\\\\live\\\\propmarket\\\\propmarket-xCJ9fuicyQRzWK5mXpAjJ\\\\image_2.jpg\"", \""C:\\\\Users\\\\lepha\\\\Documents\\\\Codex\\\\2026-04-20-files-mentioned-by-the-user-group\\\\generated\\\\images\\\\live\\\\propmarket\\\\propmarket-xCJ9fuicyQRzWK5mXpAjJ\\\\image_3.jpg\"", \""C:\\\\Users\\\\lepha\\\\Documents\\\\Codex\\\\2026-04-20-files-mentioned-by-the-user-group\\\\generated\\\\images\\\\live\\\\propmarket\\\\propmarket-xCJ9fuicyQRzWK5mXpAjJ\\\\image_4.jpg\""]""",https://www.propmarket.co.ls/properties/xCJ9fuicyQRzWK5mXpAjJ,Good,Traditional,Suburban,"""[\""road access\""]""",sale
propmarket-mlusWTRLTAAQBjLoM0cWM,propmarket,Site,Tshimo e pela lifeme tsa Phillips ha o tshela noka,"Thepa ena ya mofuta wa site e fumaneha Teko, Maseru. E na le sebaka sena mme e fumaneha ka theko ya M 250,000. Tlotla ena e tshwanetse ho shejwa bakeng sa bareki ba batlang menyetla ya nnete Lesotho.",250000.0,LSL,Maseru,"Teko, Maseru",Site,0,0,"""[\""C:\\\\Users\\\\lepha\\\\Documents\\\\Codex\\\\2026-04-20-files-mentioned-by-the-user-group\\\\generated\\\\images\\\\live\\\\propmarket\\\\propmarket-mlusWTRLTAAQBjLoM0cWM\\\\image_1.jpg\"", \""C:\\\\Users\\\\lepha\\\\Documents\\\\Codex\\\\2026-04-20-files-mentioned-by-the-user-group\\\\generated\\\\images\\\\live\\\\propmarket\\\\propmarket-mlusWTRLTAAQBjLoM0cWM\\\\image_2.jpg\"", \""C:\\\\Users\\\\lepha\\\\Documents\\\\Codex\\\\2026-04-20-files-mentioned-by-the-user-group\\\\generated\\\\images\\\\live\\\\propmarket\\\\propmarket-mlusWTRLTAAQBjLoM0cWM\\\\image_3.jpg\"", \""C:\\\\Users\\\\lepha\\\\Documents\\\\Codex\\\\2026-04-20-files-mentioned-by-the-user-group\\\\generated\\\\images\\\\live\\\\propmarket\\\\propmarket-mlusWTRLTAAQBjLoM0cWM\\\\image_4.jpg\"", \""C:\\\\Users\\\\lepha\\\\Documents\\\\Codex\\\\2026-04-20-files-mentioned-by-the-user-group\\\\generated\\\\images\\\\live\\\\propmarket\\\\propmarket-mlusWTRLTAAQBjLoM0cWM\\\\image_5.png\""]""",https://www.propmarket.co.ls/properties/mlusWTRLTAAQBjLoM0cWM,Good,Traditional,Hillside,"""[]""",sale
propmarket-O5odO8OaNdZ-DmbkJ0mjS,propmarket,"1 Unit, 4 Bedrooms, House","<p>A Double Story house for sale</p><p>Located in Green City Maseru Lesotho. </p><p>4Bedroomed House, Master ensuit and 2 Bathrooms, Double Garage and spacious yard. NB: The price is to elevate due to some upgrading taking place.</p>","Thepa ena ya mofuta wa house e fumaneha Matebeleng (ha Penapena), Maseru. E na le dikamore tse 4 le dibate tse 3 mme e fumaneha ka theko ya M 8,000,000. Tlotla ena e tshwanetse ho shejwa bakeng sa bareki ba batlang menyetla ya nnete Lesotho.",8000000.0,LSL,Maseru,"Matebeleng (ha Penapena), Maseru",House,4,3,"""[\""C:\\\\Users\\\\lepha\\\\Documents\\\\Codex\\\\2026-04-20-files-mentioned-by-the-user-group\\\\generated\\\\images\\\\live\\\\propmarket\\\\propmarket-O5odO8OaNdZ-DmbkJ0mjS\\\\image_1.jpg\"", \""C:\\\\Users\\\\lepha\\\\Documents\\\\Codex\\\\2026-04-20-files-mentioned-by-the-user-group\\\\generated\\\\images\\\\live\\\\propmarket\\\\propmarket-O5odO8OaNdZ-DmbkJ0mjS\\\\image_2.jpg\"", \""C:\\\\Users\\\\lepha\\\\Documents\\\\Codex\\\\2026-04-20-files-mentioned-by-the-user-group\\\\generated\\\\images\\\\live\\\\propmarket\\\\propmarket-O5odO8OaNdZ-DmbkJ0mjS\\\\image_3.jpg\"", \""C:\\\\Users\\\\lepha\\\\Documents\\\\Codex\\\\2026-04-20-files-mentioned-by-the-user-group\\\\generated\\\\images\\\\live\\\\propmarket\\\\propmarket-O5odO8OaNdZ-DmbkJ0mjS\\\\image_4.jpg\"", \""C:\\\\Users\\\\lepha\\\\Documents\\\\Codex\\\\2026-04-20-files-mentioned-by-the-user-group\\\\generated\\\\images\\\\live\\\\propmarket\\\\propmarket-O5odO8OaNdZ-DmbkJ0mjS\\\\image_5.jpg\""]""",https://www.propmarket.co.ls/properties/O5odO8OaNdZ-DmbkJ0mjS,Good,Family,Garden,"""[\""garage\"", \""yard\""]""",sale
propmarket-9TVOR113vm0u2plg3fZDR,propmarket,"6 Units, Malaene","<p><strong>These 6 double rooms are at Hlotse Sebothoane in Leribe district, water and electricity available.. at just 550k</strong></p>","Thepa ena ya mofuta wa house e fumaneha Sebothoane, Leribe. E na le dikamore tse 2 le dibate tse 1 mme e fumaneha ka theko ya M 550,000. Tlotla ena e tshwanetse ho shejwa bakeng sa bareki ba batlang menyetla ya nnete Lesotho.",550000.0,LSL,Leribe,"Sebothoane, Leribe",House,2,1,"""[\""C:\\\\Users\\\\lepha\\\\Documents\\\\Codex\\\\2026-04-20-files-mentioned-by-the-user-group\\\\generated\\\\images\\\\live\\\\propmarket\\\\propmarket-9TVOR113vm0u2plg3fZDR\\\\image_1.jpg\"", \""C:\\\\Users\\\\lepha\\\\Documents\\\\Codex\\\\2026-04-20-files-mentioned-by-the-user-group\\\\generated\\\\images\\\\live\\\\propmarket\\\\propmarket-9TVOR113vm0u2plg3fZDR\\\\image_2.jpg\"", \""C:\\\\Users\\\\lepha\\\\Documents\\\\Codex\\\\2026-04-20-files-mentioned-by-the-user-group\\\\generated\\\\images\\\\live\\\\propmarket\\\\propmarket-9TVOR113vm0u2plg3fZDR\\\\image_3.png\""]""",https://www.propmarket.co.ls/properties/9TVOR113vm0u2plg3fZDR,Good,Traditional,Urban,"""[\""water connection\"", \""electricity\""]""",sale
propmarket-SHzbMRolHH_oHOXcKZhBh,propmarket,"1 Unit, 1 Bedroom, House","<p>HOUSE FOR SALE MASOWE 3</p><p> •1 bedroom</p><p> •Lounge</p><p> •Kitchen fitted </p><p>•Large hallway </p><p>• Fenced with devils fork</p><p> • Sewer line available </p><p>💰Price 450,000</p>","Thepa ena ya mofuta wa house e fumaneha Masowe 1b Secondary School, Maseru. E na le dikamore tse 1 le dibate tse 1 mme e fumaneha ka theko ya M 450,000. Tlotla ena e tshwanetse ho shejwa bakeng sa bareki ba batlang menyetla ya nnete Lesotho.",450000.0,LSL,Maseru,"Masowe 1b Secondary School, Maseru",House,1,1,"""[\""C:\\\\Users\\\\lepha\\\\Documents\\\\Codex\\\\2026-04-20-files-mentioned-by-the-user-group\\\\generated\\\\images\\\\live\\\\propmarket\\\\propmarket-SHzbMRolHH_oHOXcKZhBh\\\\image_1.jpg\"", \""C:\\\\Users\\\\lepha\\\\Documents\\\\Codex\\\\2026-04-20-files-mentioned-by-the-user-group\\\\generated\\\\images\\\\live\\\\propmarket\\\\propmarket-SHzbMRolHH_oHOXcKZhBh\\\\image_2.jpg\"", \""C:\\\\Users\\\\lepha\\\\Documents\\\\Codex\\\\2026-04-20-files-mentioned-by-the-user-group\\\\generated\\\\images\\\\live\\\\propmarket\\\\propmarket-SHzbMRolHH_oHOXcKZhBh\\\\image_3.jpg\"", \""C:\\\\Users\\\\lepha\\\\Documents\\\\Codex\\\\2026-04-20-files-mentioned-by-the-user-group\\\\generated\\\\images\\\\live\\\\propmarket\\\\propmarket-SHzbMRolHH_oHOXcKZhBh\\\\image_4.jpg\"", \""C:\\\\Users\\\\lepha\\\\Documents\\\\Codex\\\\2026-04-20-files-mentioned-by-the-user-group\\\\generated\\\\images\\\\live\\\\propmarket\\\\propmarket-SHzbMRolHH_oHOXcKZhBh\\\\image_5.png\""]""",https://www.propmarket.co.ls/properties/SHzbMRolHH_oHOXcKZhBh,Good,Traditional,Urban,"""[\""near schools\"", \""road access\""]""",sale
propmarket-Ykwq3hSjs-KFTfo1fFmoq,propmarket,"3 Units, Malaene","<p>These 3 single rooms are on sale at 132k, located at Pitseng Ha-Makhata going to Phelisanong..</p>","Thepa ena ya mofuta wa house e fumaneha Pitseng, Leribe. E na le dikamore tse 2 le dibate tse 1 mme e fumaneha ka theko ya M 132,000. Tlotla ena e tshwanetse ho shejwa bakeng sa bareki ba batlang menyetla ya nnete Lesotho.",132000.0,LSL,Leribe,"Pitseng, Leribe",House,2,1,"""[\""C:\\\\Users\\\\lepha\\\\Documents\\\\Codex\\\\2026-04-20-files-mentioned-by-the-user-group\\\\generated\\\\images\\\\live\\\\propmarket\\\\propmarket-Ykwq3hSjs-KFTfo1fFmoq\\\\image_1.jpg\"", \""C:\\\\Users\\\\lepha\\\\Documents\\\\Codex\\\\2026-04-20-files-mentioned-by-the-user-group\\\\generated\\\\images\\\\live\\\\propmarket\\\\propmarket-Ykwq3hSjs-KFTfo1fFmoq\\\\image_2.jpg\"", \""C:\\\\Users\\\\lepha\\\\Documents\\\\Codex\\\\2026-04-20-files-mentioned-by-the-user-group\\\\generated\\\\images\\\\live\\\\propmarket\\\\propmarket-Ykwq3hSjs-KFTfo1fFmoq\\\\image_3.png\""]""",https://www.propmarket.co.ls/properties/Ykwq3hSjs-KFTfo1fFmoq,Good,Traditional,Suburban,"""[]""",sale
propmarket-jYRqjv3EjxrYIwAjXc-9B,propmarket,Site,<p>Site Ha Teko Matebeleng pela Likatola Horseriding and Adventure</p>,"Thepa ena ya mofuta wa site e fumaneha Teko, Maseru. E na le sebaka sena mme e fumaneha ka theko ya M 50,000. Tlotla ena e tshwanetse ho shejwa bakeng sa bareki ba batlang menyetla ya nnete Lesotho.",50000.0,LSL,Maseru,"Teko, Maseru",Site,0,0,"""[\""C:\\\\Users\\\\lepha\\\\Documents\\\\Codex\\\\2026-04-20-files-mentioned-by-the-user-group\\\\generated\\\\images\\\\live\\\\propmarket\\\\propmarket-jYRqjv3EjxrYIwAjXc-9B\\\\image_1.jpg\"", \""C:\\\\Users\\\\lepha\\\\Documents\\\\Codex\\\\2026-04-20-files-mentioned-by-the-user-group\\\\generated\\\\images\\\\live\\\\propmarket\\\\propmarket-jYRqjv3EjxrYIwAjXc-9B\\\\image_2.jpg\"", \""C:\\\\Users\\\\lepha\\\\Documents\\\\Codex\\\\2026-04-20-files-mentioned-by-the-user-group\\\\generated\\\\images\\\\live\\\\propmarket\\\\propmarket-jYRqjv3EjxrYIwAjXc-9B\\\\image_3.jpg\"", \""C:\\\\Users\\\\lepha\\\\Documents\\\\Codex\\\\2026-04-20-files-mentioned-by-the-user-group\\\\generated\\\\images\\\\live\\\\propmarket\\\\propmarket-jYRqjv3EjxrYIwAjXc-9B\\\\image_4.jpg\"", \""C:\\\\Users\\\\lepha\\\\Documents\\\\Codex\\\\2026-04-20-files-mentioned-by-the-user-group\\\\generated\\\\images\\\\live\\\\propmarket\\\\propmarket-jYRqjv3EjxrYIwAjXc-9B\\\\image_5.jpg\""]""",https://www.propmarket.co.ls/properties/jYRqjv3EjxrYIwAjXc-9B,Good,Traditional,Suburban,"""[]""",sale
propmarket-eyupxMjDNRIcyflLvTFNd,propmarket,Site,<p>Site Ha Tshiame pakeng tsa Masowe 2 le Masowe 3</p>,"Thepa ena ya mofuta wa site e fumaneha Ha Tikoe, Maseru. E na le sebaka sena mme e fumaneha ka theko ya M 80,000. Tlotla ena e tshwanetse ho shejwa bakeng sa bareki ba batlang menyetla ya nnete Lesotho.",80000.0,LSL,Maseru,"Ha Tikoe, Maseru",Site,0,0,"""[\""C:\\\\Users\\\\lepha\\\\Documents\\\\Codex\\\\2026-04-20-files-mentioned-by-the-user-group\\\\generated\\\\images\\\\live\\\\propmarket\\\\propmarket-eyupxMjDNRIcyflLvTFNd\\\\image_1.jpg\"", \""C:\\\\Users\\\\lepha\\\\Documents\\\\Codex\\\\2026-04-20-files-mentioned-by-the-user-group\\\\generated\\\\images\\\\live\\\\propmarket\\\\propmarket-eyupxMjDNRIcyflLvTFNd\\\\image_2.jpg\"", \""C:\\\\Users\\\\lepha\\\\Documents\\\\Codex\\\\2026-04-20-files-mentioned-by-the-user-group\\\\generated\\\\images\\\\live\\\\propmarket\\\\propmarket-eyupxMjDNRIcyflLvTFNd\\\\image_3.jpg\"", \""C:\\\\Users\\\\lepha\\\\Documents\\\\Codex\\\\2026-04-20-files-mentioned-by-the-user-group\\\\generated\\\\images\\\\live\\\\propmarket\\\\propmarket-eyupxMjDNRIcyflLvTFNd\\\\image_4.jpg\"", \""C:\\\\Users\\\\lepha\\\\Documents\\\\Codex\\\\2026-04-20-files-mentioned-by-the-user-group\\\\generated\\\\images\\\\live\\\\propmarket\\\\propmarket-eyupxMjDNRIcyflLvTFNd\\\\image_5.jpg\""]""",https://www.propmarket.co.ls/properties/eyupxMjDNRIcyflLvTFNd,Good,Traditional,Suburban,"""[]""",sale
propmarket-OvKX0vFoL9BCXgddpDgW5,propmarket,"1 Unit, 3 Bedrooms, House","<p>This newly built 3 bedroom house is located in Masowe 1 Extension , Fully fitted, Kitchen, Lounge, Single garage, Paved, Wall fenced, Master bedroom is en-suite, 1 Common bathroom, 450sqm land</p><p></p><p>Lease available</p><p>💰1, 500 000</p>","Thepa ena ya mofuta wa house e fumaneha Masowe 1b Secondary School, Maseru. E na le dikamore tse 3 le dibate tse 2 mme e fumaneha ka theko ya M 1,500,000. Tlotla ena e tshwanetse ho shejwa bakeng sa bareki ba batlang menyetla ya nnete Lesotho.",1500000.0,LSL,Maseru,"Masowe 1b Secondary School, Maseru",House,3,2,"""[\""C:\\\\Users\\\\lepha\\\\Documents\\\\Codex\\\\2026-04-20-files-mentioned-by-the-user-group\\\\generated\\\\images\\\\live\\\\propmarket\\\\propmarket-OvKX0vFoL9BCXgddpDgW5\\\\image_1.jpg\"", \""C:\\\\Users\\\\lepha\\\\Documents\\\\Codex\\\\2026-04-20-files-mentioned-by-the-user-group\\\\generated\\\\images\\\\live\\\\propmarket\\\\propmarket-OvKX0vFoL9BCXgddpDgW5\\\\image_2.jpg\"", \""C:\\\\Users\\\\lepha\\\\Documents\\\\Codex\\\\2026-04-20-files-mentioned-by-the-user-group\\\\generated\\\\images\\\\live\\\\propmarket\\\\propmarket-OvKX0vFoL9BCXgddpDgW5\\\\image_3.jpg\"", \""C:\\\\Users\\\\lepha\\\\Documents\\\\Codex\\\\2026-04-20-files-mentioned-by-the-user-group\\\\generated\\\\images\\\\live\\\\propmarket\\\\propmarket-OvKX0vFoL9BCXgddpDgW5\\\\image_4.jpg\"", \""C:\\\\Users\\\\lepha\\\\Documents\\\\Codex\\\\2026-04-20-files-mentioned-by-the-user-group\\\\generated\\\\images\\\\live\\\\propmarket\\\\propmarket-OvKX0vFoL9BCXgddpDgW5\\\\image_5.jpg\""]""",https://www.propmarket.co.ls/properties/OvKX0vFoL9BCXgddpDgW5,New,Traditional,Urban,"""[\""garage\"", \""near schools\"", \""road access\"", \""walled property\""]""",sale
propmarket-8UbkD91JM_6VVQgnpULnx,propmarket,Site,<p>Ts'imo ena e Mokhethoaneng Libuping</p>,"Thepa ena ya mofuta wa site e fumaneha Ha Majara, Maseru. E na le sebaka sena mme e fumaneha ka theko ya M 120,000. Tlotla ena e tshwanetse ho shejwa bakeng sa bareki ba batlang menyetla ya nnete Lesotho.",120000.0,LSL,Maseru,"Ha Majara, Maseru",Site,0,0,"""[\""C:\\\\Users\\\\lepha\\\\Documents\\\\Codex\\\\2026-04-20-files-mentioned-by-the-user-group\\\\generated\\\\images\\\\live\\\\propmarket\\\\propmarket-8UbkD91JM_6VVQgnpULnx\\\\image_1.jpg\"", \""C:\\\\Users\\\\lepha\\\\Documents\\\\Codex\\\\2026-04-20-files-mentioned-by-the-user-group\\\\generated\\\\images\\\\live\\\\propmarket\\\\propmarket-8UbkD91JM_6VVQgnpULnx\\\\image_2.jpg\"", \""C:\\\\Users\\\\lepha\\\\Documents\\\\Codex\\\\2026-04-20-files-mentioned-by-the-user-group\\\\generated\\\\images\\\\live\\\\propmarket\\\\propmarket-8UbkD91JM_6VVQgnpULnx\\\\image_3.jpg\"", \""C:\\\\Users\\\\lepha\\\\Documents\\\\Codex\\\\2026-04-20-files-mentioned-by-the-user-group\\\\generated\\\\images\\\\live\\\\propmarket\\\\propmarket-8UbkD91JM_6VVQgnpULnx\\\\image_4.jpg\"", \""C:\\\\Users\\\\lepha\\\\Documents\\\\Codex\\\\2026-04-20-files-mentioned-by-the-user-group\\\\generated\\\\images\\\\live\\\\propmarket\\\\propmarket-8UbkD91JM_6VVQgnpULnx\\\\image_5.png\""]""",https://www.propmarket.co.ls/properties/8UbkD91JM_6VVQgnpULnx,Good,Traditional,Suburban,"""[]""",sale
propmarket-T80coq4ZCv5wilIHiNhAS,propmarket,"1 Unit, 3 Bedrooms, House",<p>🏡HOUSE AVAILABLE FOR SALE M880 000.00</p><p></p><p>KHUBETSOANA LECORP </p><p></p><p>✅️3 Bedrooms</p><p></p><p>✅️Bathroom</p><p></p><p>✅️Kitchen</p><p></p><p>✅️Lounge</p><p></p><p>✅️Garage</p><p></p>,"Thepa ena ya mofuta wa house e fumaneha Khubetsoana, Berea. E na le dikamore tse 3 le dibate tse 1 mme e fumaneha ka theko ya M 880,000. Tlotla ena e tshwanetse ho shejwa bakeng sa bareki ba batlang menyetla ya nnete Lesotho.",880000.0,LSL,Berea,"Khubetsoana, Berea",House,3,1,"""[\""C:\\\\Users\\\\lepha\\\\Documents\\\\Codex\\\\2026-04-20-files-mentioned-by-the-user-group\\\\generated\\\\images\\\\live\\\\propmarket\\\\propmarket-T80coq4ZCv5wilIHiNhAS\\\\image_1.jpg\"", \""C:\\\\Users\\\\lepha\\\\Documents\\\\Codex\\\\2026-04-20-files-mentioned-by-the-user-group\\\\generated\\\\images\\\\live\\\\propmarket\\\\propmarket-T80coq4ZCv5wilIHiNhAS\\\\image_2.jpg\"", \""C:\\\\Users\\\\lepha\\\\Documents\\\\Codex\\\\2026-04-20-files-mentioned-by-the-user-group\\\\generated\\\\images\\\\live\\\\propmarket\\\\propmarket-T80coq4ZCv5wilIHiNhAS\\\\image_3.jpg\"", \""C:\\\\Users\\\\lepha\\\\Documents\\\\Codex\\\\2026-04-20-files-mentioned-by-the-user-group\\\\generated\\\\images\\\\live\\\\propmarket\\\\propmarket-T80coq4ZCv5wilIHiNhAS\\\\image_4.jpg\"", \""C:\\\\Users\\\\lepha\\\\Documents\\\\Codex\\\\2026-04-20-files-mentioned-by-the-user-group\\\\generated\\\\images\\\\live\\\\propmarket\\\\propmarket-T80coq4ZCv5wilIHiNhAS\\\\image_5.jpg\""]""",https://www.propmarket.co.ls/properties/T80coq4ZCv5wilIHiNhAS,Good,Traditional,Suburban,"""[\""garage\""]""",sale
propmarket-4XjZvx02GUGgPxbTk5Jml,propmarket,"1 Unit, 4 Bedrooms, House","<p>This beautiful house is located in Thetsane West , Maseru Lesotho. It's a 4 Bedroom House </p><p>Master bedroom has Gym,en-suite,office space, walk-in-closet and an exit door to the backyard</p><p>Another bedroom is en-suite </p><p>Common bathroom </p><p>Kitchen </p><p>Lounge,dining </p><p>Cinema room,</p><p>Kitchen’s Cullery </p><p>Double garage(Automated Door)</p><p>Automated gate </p><p>Paved yard</p><p>Car port</p><p>Wall and palisade fence </p><p>Entertainment room </p><p>Only uses solar power </p><p>800sqm plot size </p><p>Lease available</p><p>Selling Price 10million </p>","Thepa ena ya mofuta wa house e fumaneha Thetsane West, Maseru. E na le dikamore tse 4 le dibate tse 3 mme e fumaneha ka theko ya M 8,800,000. Tlotla ena e tshwanetse ho shejwa bakeng sa bareki ba batlang menyetla ya nnete Lesotho.",8800000.0,LSL,Maseru,"Thetsane West, Maseru",House,4,3,"""[\""C:\\\\Users\\\\lepha\\\\Documents\\\\Codex\\\\2026-04-20-files-mentioned-by-the-user-group\\\\generated\\\\images\\\\live\\\\propmarket\\\\propmarket-4XjZvx02GUGgPxbTk5Jml\\\\image_1.jpg\"", \""C:\\\\Users\\\\lepha\\\\Documents\\\\Codex\\\\2026-04-20-files-mentioned-by-the-user-group\\\\generated\\\\images\\\\live\\\\propmarket\\\\propmarket-4XjZvx02GUGgPxbTk5Jml\\\\image_2.jpg\"", \""C:\\\\Users\\\\lepha\\\\Documents\\\\Codex\\\\2026-04-20-files-mentioned-by-the-user-group\\\\generated\\\\images\\\\live\\\\propmarket\\\\propmarket-4XjZvx02GUGgPxbTk5Jml\\\\image_3.jpg\"", \""C:\\\\Users\\\\lepha\\\\Documents\\\\Codex\\\\2026-04-20-files-mentioned-by-the-user-group\\\\generated\\\\images\\\\live\\\\propmarket\\\\propmarket-4XjZvx02GUGgPxbTk5Jml\\\\image_4.jpg\"", \""C:\\\\Users\\\\lepha\\\\Documents\\\\Codex\\\\2026-04-20-files-mentioned-by-the-user-group\\\\generated\\\\images\\\\live\\\\propmarket\\\\propmarket-4XjZvx02GUGgPxbTk5Jml\\\\image_5.jpg\""]""",https://www.propmarket.co.ls/properties/4XjZvx02GUGgPxbTk5Jml,Good,Family,Garden,"""[\""garage\"", \""yard\"", \""office-ready\"", \""walled property\""]""",sale
propmarket-E4N0towfYF4KFHPNuqXQB,propmarket,Site,<p>We have this very big site in Linakotseng Maseru..it is a 5800 sqm.</p>,"Thepa ena ya mofuta wa site e fumaneha Linakotseng, Maseru. E na le sebaka sena mme e fumaneha ka theko ya M 280,000. Tlotla ena e tshwanetse ho shejwa bakeng sa bareki ba batlang menyetla ya nnete Lesotho.",280000.0,LSL,Maseru,"Linakotseng, Maseru",Site,0,0,"""[\""C:\\\\Users\\\\lepha\\\\Documents\\\\Codex\\\\2026-04-20-files-mentioned-by-the-user-group\\\\generated\\\\images\\\\live\\\\propmarket\\\\propmarket-E4N0towfYF4KFHPNuqXQB\\\\image_1.jpg\"", \""C:\\\\Users\\\\lepha\\\\Documents\\\\Codex\\\\2026-04-20-files-mentioned-by-the-user-group\\\\generated\\\\images\\\\live\\\\propmarket\\\\propmarket-E4N0towfYF4KFHPNuqXQB\\\\image_2.jpg\"", \""C:\\\\Users\\\\lepha\\\\Documents\\\\Codex\\\\2026-04-20-files-mentioned-by-the-user-group\\\\generated\\\\images\\\\live\\\\propmarket\\\\propmarket-E4N0towfYF4KFHPNuqXQB\\\\image_3.jpg\"", \""C:\\\\Users\\\\lepha\\\\Documents\\\\Codex\\\\2026-04-20-files-mentioned-by-the-user-group\\\\generated\\\\images\\\\live\\\\propmarket\\\\propmarket-E4N0towfYF4KFHPNuqXQB\\\\image_4.jpg\""]""",https://www.propmarket.co.ls/properties/E4N0towfYF4KFHPNuqXQB,Good,Traditional,Suburban,"""[]""",sale
propmarket-tdL-rKw4-ymvh-umJYD2m,propmarket,Site,<p>We have these sites at Ha-Bosofo at 50k up to 65k depending on the size of the site</p>,"Thepa ena ya mofuta wa site e fumaneha Ha Bosofo, Maseru. E na le sebaka sena mme e fumaneha ka theko ya M 50,000. Tlotla ena e tshwanetse ho shejwa bakeng sa bareki ba batlang menyetla ya nnete Lesotho.",50000.0,LSL,Maseru,"Ha Bosofo, Maseru",Site,0,0,"""[\""C:\\\\Users\\\\lepha\\\\Documents\\\\Codex\\\\2026-04-20-files-mentioned-by-the-user-group\\\\generated\\\\images\\\\live\\\\propmarket\\\\propmarket-tdL-rKw4-ymvh-umJYD2m\\\\image_1.jpg\"", \""C:\\\\Users\\\\lepha\\\\Documents\\\\Codex\\\\2026-04-20-files-mentioned-by-the-user-group\\\\generated\\\\images\\\\live\\\\propmarket\\\\propmarket-tdL-rKw4-ymvh-umJYD2m\\\\image_2.jpg\""]""",https://www.propmarket.co.ls/properties/tdL-rKw4-ymvh-umJYD2m,Good,Traditional,Suburban,"""[]""",sale
propmarket-m9QjRcxQJVRg1g2MaiFdv,propmarket,"1 Unit, 3 Bedrooms, House","<p>🏠HOUSE FOR SALE MASOWE ONE🏠</p><p>✅️Master bedroom</p><p></p><p>✅️Shower bath toilet</p><p>Fitted.</p><p></p><p>✅️3 Bedrooms All fitted.</p><p></p><p>✅️Guests toilet</p><p></p><p>✅️fitted guest bathroom Children Shower</p><p></p><p>✅️Open plan kitchen (not fitted)</p><p></p><p>✅️sitting room</p><p></p><p>✅️Double garage</p><p></p><p>✅️Front yard is Paved and there is a boma for different occasions.</p><p></p><p>✅️Lawn at backyard</p><p></p><p>💰ASKING PRICE M1,500 000</p><p>Price reduced to M1,380 000</p><p></p>","Thepa ena ya mofuta wa house e fumaneha Masowe 1b Secondary School, Maseru. E na le dikamore tse 3 le dibate tse 2 mme e fumaneha ka theko ya M 1,380,000. Tlotla ena e tshwanetse ho shejwa bakeng sa bareki ba batlang menyetla ya nnete Lesotho.",1380000.0,LSL,Maseru,"Masowe 1b Secondary School, Maseru",House,3,2,"""[\""C:\\\\Users\\\\lepha\\\\Documents\\\\Codex\\\\2026-04-20-files-mentioned-by-the-user-group\\\\generated\\\\images\\\\live\\\\propmarket\\\\propmarket-m9QjRcxQJVRg1g2MaiFdv\\\\image_1.jpg\"", \""C:\\\\Users\\\\lepha\\\\Documents\\\\Codex\\\\2026-04-20-files-mentioned-by-the-user-group\\\\generated\\\\images\\\\live\\\\propmarket\\\\propmarket-m9QjRcxQJVRg1g2MaiFdv\\\\image_2.jpg\"", \""C:\\\\Users\\\\lepha\\\\Documents\\\\Codex\\\\2026-04-20-files-mentioned-by-the-user-group\\\\generated\\\\images\\\\live\\\\propmarket\\\\propmarket-m9QjRcxQJVRg1g2MaiFdv\\\\image_3.jpg\"", \""C:\\\\Users\\\\lepha\\\\Documents\\\\Codex\\\\2026-04-20-files-mentioned-by-the-user-group\\\\generated\\\\images\\\\live\\\\propmarket\\\\propmarket-m9QjRcxQJVRg1g2MaiFdv\\\\image_4.jpg\"", \""C:\\\\Users\\\\lepha\\\\Documents\\\\Codex\\\\2026-04-20-files-mentioned-by-the-user-group\\\\generated\\\\images\\\\live\\\\propmarket\\\\propmarket-m9QjRcxQJVRg1g2MaiFdv\\\\image_5.jpg\""]""",https://www.propmarket.co.ls/properties/m9QjRcxQJVRg1g2MaiFdv,Good,Family,Garden,"""[\""garage\"", \""yard\"", \""near schools\"", \""road access\"", \""shower\""]""",sale
propmarket-3RnybDOD-2YqSMafIGIAh,propmarket,"2 Bedrooms, House","<p>The house is for rental at Maseru West Lepoqo Street..It consists of 2 large bedrooms, 1 bathroom with a shower, open plan kitchen and lounge.. Open parking in the yard.</p><p>Prepaid electricity, water and gardening excluded from rental.. M7 500 per month.. The security is 7.5k</p>","Thepa ena ya mofuta wa house e fumaneha Maseru West, Maseru. E na le dikamore tse 2 le dibate tse 1 mme e fumaneha ka theko ya M 7,500. Tlotla ena e tshwanetse ho shejwa bakeng sa bareki ba batlang menyetla ya nnete Lesotho.",7500.0,LSL,Maseru,"Maseru West, Maseru",House,2,1,"""[\""C:\\\\Users\\\\lepha\\\\Documents\\\\Codex\\\\2026-04-20-files-mentioned-by-the-user-group\\\\generated\\\\images\\\\live\\\\propmarket\\\\propmarket-3RnybDOD-2YqSMafIGIAh\\\\image_1.jpg\"", \""C:\\\\Users\\\\lepha\\\\Documents\\\\Codex\\\\2026-04-20-files-mentioned-by-the-user-group\\\\generated\\\\images\\\\live\\\\propmarket\\\\propmarket-3RnybDOD-2YqSMafIGIAh\\\\image_2.jpg\"", \""C:\\\\Users\\\\lepha\\\\Documents\\\\Codex\\\\2026-04-20-files-mentioned-by-the-user-group\\\\generated\\\\images\\\\live\\\\propmarket\\\\propmarket-3RnybDOD-2YqSMafIGIAh\\\\image_3.jpg\"", \""C:\\\\Users\\\\lepha\\\\Documents\\\\Codex\\\\2026-04-20-files-mentioned-by-the-user-group\\\\generated\\\\images\\\\live\\\\propmarket\\\\propmarket-3RnybDOD-2YqSMafIGIAh\\\\image_4.jpg\""]""",https://www.propmarket.co.ls/properties/3RnybDOD-2YqSMafIGIAh,Good,Family,Garden,"""[\""water connection\"", \""electricity\"", \""parking\"", \""garden\"", \""yard\"", \""security\"", \""shower\""]""",rent
propmarket-jWqWDunZpClxwr50640ud,propmarket,Village Shopping Complex,"<p>We are selling this mini complex at Ha-Matala at 700k negotiable, the collection of rent monthly is over 10k.</p>","Thepa ena ya mofuta wa commercial e fumaneha Ha Matala, Maseru. E na le dikamore tse 2 le dibate tse 1 mme e fumaneha ka theko ya M 700,000. Tlotla ena e tshwanetse ho shejwa bakeng sa bareki ba batlang menyetla ya nnete Lesotho.",700000.0,LSL,Maseru,"Ha Matala, Maseru",Commercial,2,1,"""[\""C:\\\\Users\\\\lepha\\\\Documents\\\\Codex\\\\2026-04-20-files-mentioned-by-the-user-group\\\\generated\\\\images\\\\live\\\\propmarket\\\\propmarket-jWqWDunZpClxwr50640ud\\\\image_1.jpg\"", \""C:\\\\Users\\\\lepha\\\\Documents\\\\Codex\\\\2026-04-20-files-mentioned-by-the-user-group\\\\generated\\\\images\\\\live\\\\propmarket\\\\propmarket-jWqWDunZpClxwr50640ud\\\\image_2.jpg\"", \""C:\\\\Users\\\\lepha\\\\Documents\\\\Codex\\\\2026-04-20-files-mentioned-by-the-user-group\\\\generated\\\\images\\\\live\\\\propmarket\\\\propmarket-jWqWDunZpClxwr50640ud\\\\image_3.jpg\"", \""C:\\\\Users\\\\lepha\\\\Documents\\\\Codex\\\\2026-04-20-files-mentioned-by-the-user-group\\\\generated\\\\images\\\\live\\\\propmarket\\\\propmarket-jWqWDunZpClxwr50640ud\\\\image_4.jpg\""]""",https://www.propmarket.co.ls/properties/jWqWDunZpClxwr50640ud,Good,Contemporary,Suburban,"""[]""",sale
propmarket-nls9QlmJwLy4dpocbUFiM,propmarket,"2 Bedrooms, House",<p>The house is at Masowe 1. It has 2 bedrooms at just 900k with avery biiig yard.</p>,"Thepa ena ya mofuta wa house e fumaneha Masowe 1b Secondary School, Maseru. E na le dikamore tse 2 le dibate tse 1 mme e fumaneha ka theko ya M 900,000. Tlotla ena e tshwanetse ho shejwa bakeng sa bareki ba batlang menyetla ya nnete Lesotho.",900000.0,LSL,Maseru,"Masowe 1b Secondary School, Maseru",House,2,1,"""[\""C:\\\\Users\\\\lepha\\\\Documents\\\\Codex\\\\2026-04-20-files-mentioned-by-the-user-group\\\\generated\\\\images\\\\live\\\\propmarket\\\\propmarket-nls9QlmJwLy4dpocbUFiM\\\\image_1.jpg\"", \""C:\\\\Users\\\\lepha\\\\Documents\\\\Codex\\\\2026-04-20-files-mentioned-by-the-user-group\\\\generated\\\\images\\\\live\\\\propmarket\\\\propmarket-nls9QlmJwLy4dpocbUFiM\\\\image_2.jpg\"", \""C:\\\\Users\\\\lepha\\\\Documents\\\\Codex\\\\2026-04-20-files-mentioned-by-the-user-group\\\\generated\\\\images\\\\live\\\\propmarket\\\\propmarket-nls9QlmJwLy4dpocbUFiM\\\\image_3.jpg\"", \""C:\\\\Users\\\\lepha\\\\Documents\\\\Codex\\\\2026-04-20-files-mentioned-by-the-user-group\\\\generated\\\\images\\\\live\\\\propmarket\\\\propmarket-nls9QlmJwLy4dpocbUFiM\\\\image_4.jpg\""]""",https://www.propmarket.co.ls/properties/nls9QlmJwLy4dpocbUFiM,Good,Family,Garden,"""[\""yard\"", \""near schools\"", \""road access\""]""",sale
propmarket-nBh-J6zgL-wG9t3lBDTP1,propmarket,House,"<p>This newly built house is at Masowe 1 Extension, 3 bedroomed, fully fitted and master En-suite, Lounge-kitchen(Open plan), Paved outside, wall fenced, Solar Geyser, Single garage, a site of 450 sqm..The lease is available.. located at Masowe 1 Extension at 1.5m</p>","Thepa ena ya mofuta wa house e fumaneha Masowe 1b Secondary School, Maseru. E na le dikamore tse 2 le dibate tse 1 mme e fumaneha ka theko ya M 1,500,000. Tlotla ena e tshwanetse ho shejwa bakeng sa bareki ba batlang menyetla ya nnete Lesotho.",1500000.0,LSL,Maseru,"Masowe 1b Secondary School, Maseru",House,2,1,"""[\""C:\\\\Users\\\\lepha\\\\Documents\\\\Codex\\\\2026-04-20-files-mentioned-by-the-user-group\\\\generated\\\\images\\\\live\\\\propmarket\\\\propmarket-nBh-J6zgL-wG9t3lBDTP1\\\\image_1.jpg\"", \""C:\\\\Users\\\\lepha\\\\Documents\\\\Codex\\\\2026-04-20-files-mentioned-by-the-user-group\\\\generated\\\\images\\\\live\\\\propmarket\\\\propmarket-nBh-J6zgL-wG9t3lBDTP1\\\\image_2.jpg\"", \""C:\\\\Users\\\\lepha\\\\Documents\\\\Codex\\\\2026-04-20-files-mentioned-by-the-user-group\\\\generated\\\\images\\\\live\\\\propmarket\\\\propmarket-nBh-J6zgL-wG9t3lBDTP1\\\\image_3.jpg\"", \""C:\\\\Users\\\\lepha\\\\Documents\\\\Codex\\\\2026-04-20-files-mentioned-by-the-user-group\\\\generated\\\\images\\\\live\\\\propmarket\\\\propmarket-nBh-J6zgL-wG9t3lBDTP1\\\\image_4.jpg\""]""",https://www.propmarket.co.ls/properties/nBh-J6zgL-wG9t3lBDTP1,New,Traditional,Urban,"""[\""garage\"", \""near schools\"", \""road access\"", \""walled property\""]""",sale
propmarket-hCPDxP403-hDVKphWcEOa,propmarket,Site,"<p>We have this beautiful site at Ha-Matala pela Lekhotleng at 350k, 640 sqm in size..The lease is available.. </p>","Thepa ena ya mofuta wa site e fumaneha Ha Matala, Maseru. E na le sebaka sena mme e fumaneha ka theko ya M 350,000. Tlotla ena e tshwanetse ho shejwa bakeng sa bareki ba batlang menyetla ya nnete Lesotho.",350000.0,LSL,Maseru,"Ha Matala, Maseru",Site,0,0,"""[\""C:\\\\Users\\\\lepha\\\\Documents\\\\Codex\\\\2026-04-20-files-mentioned-by-the-user-group\\\\generated\\\\images\\\\live\\\\propmarket\\\\propmarket-hCPDxP403-hDVKphWcEOa\\\\image_1.jpg\"", \""C:\\\\Users\\\\lepha\\\\Documents\\\\Codex\\\\2026-04-20-files-mentioned-by-the-user-group\\\\generated\\\\images\\\\live\\\\propmarket\\\\propmarket-hCPDxP403-hDVKphWcEOa\\\\image_2.jpg\"", \""C:\\\\Users\\\\lepha\\\\Documents\\\\Codex\\\\2026-04-20-files-mentioned-by-the-user-group\\\\generated\\\\images\\\\live\\\\propmarket\\\\propmarket-hCPDxP403-hDVKphWcEOa\\\\image_3.jpg\"", \""C:\\\\Users\\\\lepha\\\\Documents\\\\Codex\\\\2026-04-20-files-mentioned-by-the-user-group\\\\generated\\\\images\\\\live\\\\propmarket\\\\propmarket-hCPDxP403-hDVKphWcEOa\\\\image_4.jpg\""]""",https://www.propmarket.co.ls/properties/hCPDxP403-hDVKphWcEOa,Good,Traditional,Suburban,"""[]""",sale
propmarket-l5AZS5MGZGzwtbKIzLZv0,propmarket,"1 Bedroom, House","<p>3 rooms house ...kitchen with stove, one bedroom, bathroom not fitted, sitting room</p><p>Mokhoro in the yard</p><p>Toilet outside</p><p>Water and electricity available </p><p>About 5 minutes to main road </p>","Thepa ena ya mofuta wa house e fumaneha Semphetenyane, Maseru. E na le dikamore tse 1 le dibate tse 1 mme e fumaneha ka theko ya M 360,000. Tlotla ena e tshwanetse ho shejwa bakeng sa bareki ba batlang menyetla ya nnete Lesotho.",360000.0,LSL,Maseru,"Semphetenyane, Maseru",House,1,1,"""[\""C:\\\\Users\\\\lepha\\\\Documents\\\\Codex\\\\2026-04-20-files-mentioned-by-the-user-group\\\\generated\\\\images\\\\live\\\\propmarket\\\\propmarket-l5AZS5MGZGzwtbKIzLZv0\\\\image_1.jpg\"", \""C:\\\\Users\\\\lepha\\\\Documents\\\\Codex\\\\2026-04-20-files-mentioned-by-the-user-group\\\\generated\\\\images\\\\live\\\\propmarket\\\\propmarket-l5AZS5MGZGzwtbKIzLZv0\\\\image_2.jpg\"", \""C:\\\\Users\\\\lepha\\\\Documents\\\\Codex\\\\2026-04-20-files-mentioned-by-the-user-group\\\\generated\\\\images\\\\live\\\\propmarket\\\\propmarket-l5AZS5MGZGzwtbKIzLZv0\\\\image_3.jpg\"", \""C:\\\\Users\\\\lepha\\\\Documents\\\\Codex\\\\2026-04-20-files-mentioned-by-the-user-group\\\\generated\\\\images\\\\live\\\\propmarket\\\\propmarket-l5AZS5MGZGzwtbKIzLZv0\\\\image_4.jpg\"", \""C:\\\\Users\\\\lepha\\\\Documents\\\\Codex\\\\2026-04-20-files-mentioned-by-the-user-group\\\\generated\\\\images\\\\live\\\\propmarket\\\\propmarket-l5AZS5MGZGzwtbKIzLZv0\\\\image_5.jpg\""]""",https://www.propmarket.co.ls/properties/l5AZS5MGZGzwtbKIzLZv0,Good,Family,Garden,"""[\""water connection\"", \""electricity\"", \""yard\"", \""road access\""]""",sale
propmarket-V-eQx510BlSdIgyH-L0Yq,propmarket,Site,<p>Site ena e tlasa NHTC ena le ntlo ea 2 room ea lejoe le lerako ka setene </p>,"Thepa ena ya mofuta wa site e fumaneha Mosikong / Lepereng (ts'enola), Maseru. E na le sebaka sena mme e fumaneha ka theko ya M 70,000. Tlotla ena e tshwanetse ho shejwa bakeng sa bareki ba batlang menyetla ya nnete Lesotho.",70000.0,LSL,Maseru,"Mosikong / Lepereng (ts'enola), Maseru",Site,0,0,"""[\""C:\\\\Users\\\\lepha\\\\Documents\\\\Codex\\\\2026-04-20-files-mentioned-by-the-user-group\\\\generated\\\\images\\\\live\\\\propmarket\\\\propmarket-V-eQx510BlSdIgyH-L0Yq\\\\image_1.jpg\"", \""C:\\\\Users\\\\lepha\\\\Documents\\\\Codex\\\\2026-04-20-files-mentioned-by-the-user-group\\\\generated\\\\images\\\\live\\\\propmarket\\\\propmarket-V-eQx510BlSdIgyH-L0Yq\\\\image_2.jpg\"", \""C:\\\\Users\\\\lepha\\\\Documents\\\\Codex\\\\2026-04-20-files-mentioned-by-the-user-group\\\\generated\\\\images\\\\live\\\\propmarket\\\\propmarket-V-eQx510BlSdIgyH-L0Yq\\\\image_3.jpg\"", \""C:\\\\Users\\\\lepha\\\\Documents\\\\Codex\\\\2026-04-20-files-mentioned-by-the-user-group\\\\generated\\\\images\\\\live\\\\propmarket\\\\propmarket-V-eQx510BlSdIgyH-L0Yq\\\\image_4.jpg\"", \""C:\\\\Users\\\\lepha\\\\Documents\\\\Codex\\\\2026-04-20-files-mentioned-by-the-user-group\\\\generated\\\\images\\\\live\\\\propmarket\\\\propmarket-V-eQx510BlSdIgyH-L0Yq\\\\image_5.jpg\""]""",https://www.propmarket.co.ls/properties/V-eQx510BlSdIgyH-L0Yq,Good,Traditional,Suburban,"""[]""",sale
propmarket-PDWnAR2u0A0Wnz53FjQoC,propmarket,Site,<p>Site ena e ka holima sekolo seo ho thoeng ke Star Classic ke sebaka se setle haholo beatiful view </p>,"Thepa ena ya mofuta wa site e fumaneha Ha Tikoe, Maseru. E na le sebaka sena mme e fumaneha ka theko ya M 120,000. Tlotla ena e tshwanetse ho shejwa bakeng sa bareki ba batlang menyetla ya nnete Lesotho.",120000.0,LSL,Maseru,"Ha Tikoe, Maseru",Site,0,0,"""[\""C:\\\\Users\\\\lepha\\\\Documents\\\\Codex\\\\2026-04-20-files-mentioned-by-the-user-group\\\\generated\\\\images\\\\live\\\\propmarket\\\\propmarket-PDWnAR2u0A0Wnz53FjQoC\\\\image_1.jpg\"", \""C:\\\\Users\\\\lepha\\\\Documents\\\\Codex\\\\2026-04-20-files-mentioned-by-the-user-group\\\\generated\\\\images\\\\live\\\\propmarket\\\\propmarket-PDWnAR2u0A0Wnz53FjQoC\\\\image_2.jpg\"", \""C:\\\\Users\\\\lepha\\\\Documents\\\\Codex\\\\2026-04-20-files-mentioned-by-the-user-group\\\\generated\\\\images\\\\live\\\\propmarket\\\\propmarket-PDWnAR2u0A0Wnz53FjQoC\\\\image_3.jpg\"", \""C:\\\\Users\\\\lepha\\\\Documents\\\\Codex\\\\2026-04-20-files-mentioned-by-the-user-group\\\\generated\\\\images\\\\live\\\\propmarket\\\\propmarket-PDWnAR2u0A0Wnz53FjQoC\\\\image_4.jpg\"", \""C:\\\\Users\\\\lepha\\\\Documents\\\\Codex\\\\2026-04-20-files-mentioned-by-the-user-group\\\\generated\\\\images\\\\live\\\\propmarket\\\\propmarket-PDWnAR2u0A0Wnz53FjQoC\\\\image_5.png\""]""",https://www.propmarket.co.ls/properties/PDWnAR2u0A0Wnz53FjQoC,Good,Traditional,Hillside,"""[\""tar road\""]""",sale
propmarket-ja9gqmVOVSWsiUiMvnC4D,propmarket,"3 Bedrooms, House","<p><strong><u>Ntlo e sa fellang Ty Ha Nkalimeng.</u></strong></p><p></p><p>2 room eona e felletse mme e koaleile. Ke liroom tse ling fela tse sa fellang. Empa ho so kentsoe samente ho eona ho litsoe.</p><p></p><p>Buoa le nna hore olo e bona tsatsing lena.</p><p>Tse so fele ke 2 bedrooms, sitting room, bathroom, garage </p>","Thepa ena ya mofuta wa house e fumaneha Berea District, Berea. E na le dikamore tse 3 le dibate tse 1 mme e fumaneha ka theko ya M 280,000. Tlotla ena e tshwanetse ho shejwa bakeng sa bareki ba batlang menyetla ya nnete Lesotho.",280000.0,LSL,Berea,"Berea District, Berea",House,3,1,"""[\""C:\\\\Users\\\\lepha\\\\Documents\\\\Codex\\\\2026-04-20-files-mentioned-by-the-user-group\\\\generated\\\\images\\\\live\\\\propmarket\\\\propmarket-ja9gqmVOVSWsiUiMvnC4D\\\\image_1.jpg\"", \""C:\\\\Users\\\\lepha\\\\Documents\\\\Codex\\\\2026-04-20-files-mentioned-by-the-user-group\\\\generated\\\\images\\\\live\\\\propmarket\\\\propmarket-ja9gqmVOVSWsiUiMvnC4D\\\\image_2.jpg\"", \""C:\\\\Users\\\\lepha\\\\Documents\\\\Codex\\\\2026-04-20-files-mentioned-by-the-user-group\\\\generated\\\\images\\\\live\\\\propmarket\\\\propmarket-ja9gqmVOVSWsiUiMvnC4D\\\\image_3.jpg\"", \""C:\\\\Users\\\\lepha\\\\Documents\\\\Codex\\\\2026-04-20-files-mentioned-by-the-user-group\\\\generated\\\\images\\\\live\\\\propmarket\\\\propmarket-ja9gqmVOVSWsiUiMvnC4D\\\\image_4.jpg\""]""",https://www.propmarket.co.ls/properties/ja9gqmVOVSWsiUiMvnC4D,Good,Traditional,Suburban,"""[\""garage\""]""",sale
propmarket-GhWFPgYytJEJAsrpaxrR9,propmarket,Site,"<p>We have this site at Lipelaneng Botha-Bothe, it is a 24*20 sqm site at just 30k.. It is a sub-divided site..the origional site has a form C2.</p>","Thepa ena ya mofuta wa site e fumaneha Lipelaneng, Butha Buthe. E na le sebaka sena mme e fumaneha ka theko ya M 35,000. Tlotla ena e tshwanetse ho shejwa bakeng sa bareki ba batlang menyetla ya nnete Lesotho.",35000.0,LSL,Butha Buthe,"Lipelaneng, Butha Buthe",Site,0,0,"""[\""C:\\\\Users\\\\lepha\\\\Documents\\\\Codex\\\\2026-04-20-files-mentioned-by-the-user-group\\\\generated\\\\images\\\\live\\\\propmarket\\\\propmarket-GhWFPgYytJEJAsrpaxrR9\\\\image_1.jpg\"", \""C:\\\\Users\\\\lepha\\\\Documents\\\\Codex\\\\2026-04-20-files-mentioned-by-the-user-group\\\\generated\\\\images\\\\live\\\\propmarket\\\\propmarket-GhWFPgYytJEJAsrpaxrR9\\\\image_2.png\""]""",https://www.propmarket.co.ls/properties/GhWFPgYytJEJAsrpaxrR9,Good,Traditional,Suburban,"""[]""",sale
propmarket-N4Ts_AJ1GcMR0tlxlBUt4,propmarket,Site,<p>We have this site at Sea-Point Maseru at just 900k..It ia a 1000sqm site.</p>,"Thepa ena ya mofuta wa site e fumaneha Sea Point, Maseru. E na le sebaka sena mme e fumaneha ka theko ya M 950,000. Tlotla ena e tshwanetse ho shejwa bakeng sa bareki ba batlang menyetla ya nnete Lesotho.",950000.0,LSL,Maseru,"Sea Point, Maseru",Site,0,0,"""[\""C:\\\\Users\\\\lepha\\\\Documents\\\\Codex\\\\2026-04-20-files-mentioned-by-the-user-group\\\\generated\\\\images\\\\live\\\\propmarket\\\\propmarket-N4Ts_AJ1GcMR0tlxlBUt4\\\\image_1.jpg\"", \""C:\\\\Users\\\\lepha\\\\Documents\\\\Codex\\\\2026-04-20-files-mentioned-by-the-user-group\\\\generated\\\\images\\\\live\\\\propmarket\\\\propmarket-N4Ts_AJ1GcMR0tlxlBUt4\\\\image_2.jpg\""]""",https://www.propmarket.co.ls/properties/N4Ts_AJ1GcMR0tlxlBUt4,Good,Traditional,Suburban,"""[]""",sale
propmarket-koAjyqx2CBEE9cLC1YdK7,propmarket,House,"<p>We have this very cheap house at Mautsoe Ha-Maqele, e haufi haholo le tsela at just 160k</p>","Thepa ena ya mofuta wa house e fumaneha Ha Maqele, Leribe. E na le dikamore tse 2 le dibate tse 1 mme e fumaneha ka theko ya M 160,000. Tlotla ena e tshwanetse ho shejwa bakeng sa bareki ba batlang menyetla ya nnete Lesotho.",160000.0,LSL,Leribe,"Ha Maqele, Leribe",House,2,1,"""[\""C:\\\\Users\\\\lepha\\\\Documents\\\\Codex\\\\2026-04-20-files-mentioned-by-the-user-group\\\\generated\\\\images\\\\live\\\\propmarket\\\\propmarket-koAjyqx2CBEE9cLC1YdK7\\\\image_1.jpg\"", \""C:\\\\Users\\\\lepha\\\\Documents\\\\Codex\\\\2026-04-20-files-mentioned-by-the-user-group\\\\generated\\\\images\\\\live\\\\propmarket\\\\propmarket-koAjyqx2CBEE9cLC1YdK7\\\\image_2.jpg\""]""",https://www.propmarket.co.ls/properties/koAjyqx2CBEE9cLC1YdK7,Good,Traditional,Suburban,"""[]""",sale
propmarket-XvIngChWMiLyNmmUYOK-8,propmarket,"4 Bedrooms, House","<p>We have this biig house at Upper Thamae Maseru.. ena le malaene: 4 double rooms as well as 7 single rooms..The house has four bedrooms, sitting room, dining room, a room taking you to the garage, 2 toilets and a bathroom, laundry room, pantry, kitchen and a passage.</p>","Thepa ena ya mofuta wa house e fumaneha Upper Thamae, Maseru. E na le dikamore tse 4 le dibate tse 1 mme e fumaneha ka theko ya M 1,450,000. Tlotla ena e tshwanetse ho shejwa bakeng sa bareki ba batlang menyetla ya nnete Lesotho.",1450000.0,LSL,Maseru,"Upper Thamae, Maseru",House,4,1,"""[\""C:\\\\Users\\\\lepha\\\\Documents\\\\Codex\\\\2026-04-20-files-mentioned-by-the-user-group\\\\generated\\\\images\\\\live\\\\propmarket\\\\propmarket-XvIngChWMiLyNmmUYOK-8\\\\image_1.jpg\"", \""C:\\\\Users\\\\lepha\\\\Documents\\\\Codex\\\\2026-04-20-files-mentioned-by-the-user-group\\\\generated\\\\images\\\\live\\\\propmarket\\\\propmarket-XvIngChWMiLyNmmUYOK-8\\\\image_2.jpg\"", \""C:\\\\Users\\\\lepha\\\\Documents\\\\Codex\\\\2026-04-20-files-mentioned-by-the-user-group\\\\generated\\\\images\\\\live\\\\propmarket\\\\propmarket-XvIngChWMiLyNmmUYOK-8\\\\image_3.jpg\"", \""C:\\\\Users\\\\lepha\\\\Documents\\\\Codex\\\\2026-04-20-files-mentioned-by-the-user-group\\\\generated\\\\images\\\\live\\\\propmarket\\\\propmarket-XvIngChWMiLyNmmUYOK-8\\\\image_4.jpg\""]""",https://www.propmarket.co.ls/properties/XvIngChWMiLyNmmUYOK-8,Good,Traditional,Suburban,"""[\""garage\""]""",sale
propmarket-wmw4pWtyUFyxDl1649sUh,propmarket,Site,<p>🏳SITE FOR SALE KOLONYAMA </p><p>📍Pela Emanuel English Medium </p><p>●2minutes to tar road </p><p>●Electricity and Water Available </p><p>●900 sqm</p><p>●Developed (lerako la 3 room)</p><p>●Form C</p><p>💰90k </p><p></p>,"Thepa ena ya mofuta wa site e fumaneha Kolonyama, Leribe. E na le sebaka sena mme e fumaneha ka theko ya M 90,000. Tlotla ena e tshwanetse ho shejwa bakeng sa bareki ba batlang menyetla ya nnete Lesotho.",90000.0,LSL,Leribe,"Kolonyama, Leribe",Site,0,0,"""[\""C:\\\\Users\\\\lepha\\\\Documents\\\\Codex\\\\2026-04-20-files-mentioned-by-the-user-group\\\\generated\\\\images\\\\live\\\\propmarket\\\\propmarket-wmw4pWtyUFyxDl1649sUh\\\\image_1.jpg\"", \""C:\\\\Users\\\\lepha\\\\Documents\\\\Codex\\\\2026-04-20-files-mentioned-by-the-user-group\\\\generated\\\\images\\\\live\\\\propmarket\\\\propmarket-wmw4pWtyUFyxDl1649sUh\\\\image_2.jpg\"", \""C:\\\\Users\\\\lepha\\\\Documents\\\\Codex\\\\2026-04-20-files-mentioned-by-the-user-group\\\\generated\\\\images\\\\live\\\\propmarket\\\\propmarket-wmw4pWtyUFyxDl1649sUh\\\\image_3.png\""]""",https://www.propmarket.co.ls/properties/wmw4pWtyUFyxDl1649sUh,Good,Traditional,Urban,"""[\""water connection\"", \""electricity\"", \""road access\"", \""tar road\""]""",sale
propmarket-cwPCp7ogNzR_vRmgUunOc,propmarket,Site,"<p>A good Site Available for sale , situated in Ha Mabote , Near Mabote Police station. From site to the road. It is 800sqm amounting to 350k. For further inquiries and viewing please contact me here please +266 59107030</p>","Thepa ena ya mofuta wa site e fumaneha Mabote, Berea. E na le sebaka sena mme e fumaneha ka theko ya M 350,000. Tlotla ena e tshwanetse ho shejwa bakeng sa bareki ba batlang menyetla ya nnete Lesotho.",350000.0,LSL,Berea,"Mabote, Berea",Site,0,0,"""[\""C:\\\\Users\\\\lepha\\\\Documents\\\\Codex\\\\2026-04-20-files-mentioned-by-the-user-group\\\\generated\\\\images\\\\live\\\\propmarket\\\\propmarket-cwPCp7ogNzR_vRmgUunOc\\\\image_1.jpg\"", \""C:\\\\Users\\\\lepha\\\\Documents\\\\Codex\\\\2026-04-20-files-mentioned-by-the-user-group\\\\generated\\\\images\\\\live\\\\propmarket\\\\propmarket-cwPCp7ogNzR_vRmgUunOc\\\\image_2.jpg\"", \""C:\\\\Users\\\\lepha\\\\Documents\\\\Codex\\\\2026-04-20-files-mentioned-by-the-user-group\\\\generated\\\\images\\\\live\\\\propmarket\\\\propmarket-cwPCp7ogNzR_vRmgUunOc\\\\image_3.png\""]""",https://www.propmarket.co.ls/properties/cwPCp7ogNzR_vRmgUunOc,Good,Traditional,Hillside,"""[\""road access\""]""",sale
propmarket-Y9Po5j9kflvO6NB_zs4h9,propmarket,Site,<p>Sites tsena li Ha Pena Pena opposite Green City le Botho University</p><p>Boholo ba tsona bo lipake tsa 400sqm le 800sqm</p><p></p>,"Thepa ena ya mofuta wa site e fumaneha Ha Abia, Maseru. E na le sebaka sena mme e fumaneha ka theko ya M 120,000. Tlotla ena e tshwanetse ho shejwa bakeng sa bareki ba batlang menyetla ya nnete Lesotho.",120000.0,LSL,Maseru,"Ha Abia, Maseru",Site,0,0,"""[\""C:\\\\Users\\\\lepha\\\\Documents\\\\Codex\\\\2026-04-20-files-mentioned-by-the-user-group\\\\generated\\\\images\\\\live\\\\propmarket\\\\propmarket-Y9Po5j9kflvO6NB_zs4h9\\\\image_1.jpg\"", \""C:\\\\Users\\\\lepha\\\\Documents\\\\Codex\\\\2026-04-20-files-mentioned-by-the-user-group\\\\generated\\\\images\\\\live\\\\propmarket\\\\propmarket-Y9Po5j9kflvO6NB_zs4h9\\\\image_2.jpg\"", \""C:\\\\Users\\\\lepha\\\\Documents\\\\Codex\\\\2026-04-20-files-mentioned-by-the-user-group\\\\generated\\\\images\\\\live\\\\propmarket\\\\propmarket-Y9Po5j9kflvO6NB_zs4h9\\\\image_3.jpg\"", \""C:\\\\Users\\\\lepha\\\\Documents\\\\Codex\\\\2026-04-20-files-mentioned-by-the-user-group\\\\generated\\\\images\\\\live\\\\propmarket\\\\propmarket-Y9Po5j9kflvO6NB_zs4h9\\\\image_4.jpg\"", \""C:\\\\Users\\\\lepha\\\\Documents\\\\Codex\\\\2026-04-20-files-mentioned-by-the-user-group\\\\generated\\\\images\\\\live\\\\propmarket\\\\propmarket-Y9Po5j9kflvO6NB_zs4h9\\\\image_5.jpg\""]""",https://www.propmarket.co.ls/properties/Y9Po5j9kflvO6NB_zs4h9,Good,Traditional,Urban,"""[]""",sale
propmarket-iLxt6RazP-ERv25YCuPtc,propmarket,Site,<p>Ts'imo ena e Ha Makhomo ha u qeta ho feta khorong tseleng e eang Metolong</p>,"Thepa ena ya mofuta wa site e fumaneha Metolong Ha Makotoko, Maseru. E na le sebaka sena mme e fumaneha ka theko ya M 100,000. Tlotla ena e tshwanetse ho shejwa bakeng sa bareki ba batlang menyetla ya nnete Lesotho.",100000.0,LSL,Maseru,"Metolong Ha Makotoko, Maseru",Site,0,0,"""[\""C:\\\\Users\\\\lepha\\\\Documents\\\\Codex\\\\2026-04-20-files-mentioned-by-the-user-group\\\\generated\\\\images\\\\live\\\\propmarket\\\\propmarket-iLxt6RazP-ERv25YCuPtc\\\\image_1.jpg\"", \""C:\\\\Users\\\\lepha\\\\Documents\\\\Codex\\\\2026-04-20-files-mentioned-by-the-user-group\\\\generated\\\\images\\\\live\\\\propmarket\\\\propmarket-iLxt6RazP-ERv25YCuPtc\\\\image_2.jpg\"", \""C:\\\\Users\\\\lepha\\\\Documents\\\\Codex\\\\2026-04-20-files-mentioned-by-the-user-group\\\\generated\\\\images\\\\live\\\\propmarket\\\\propmarket-iLxt6RazP-ERv25YCuPtc\\\\image_3.png\""]""",https://www.propmarket.co.ls/properties/iLxt6RazP-ERv25YCuPtc,Good,Traditional,Suburban,"""[]""",sale
propmarket-TUaE0cyzIAhHsP_D87lFn,propmarket,Site,<p>Ts'imo ena e Ha Makhomo ha u qeta ho feta khorong tseleng e eang Metolong</p><p>E ntle haholo bakeng sa temo e kholo</p>,"Thepa ena ya mofuta wa site e fumaneha Metolong Ha Makotoko, Maseru. E na le sebaka sena mme e fumaneha ka theko ya M 280,000. Tlotla ena e tshwanetse ho shejwa bakeng sa bareki ba batlang menyetla ya nnete Lesotho.",280000.0,LSL,Maseru,"Metolong Ha Makotoko, Maseru",Site,0,0,"""[\""C:\\\\Users\\\\lepha\\\\Documents\\\\Codex\\\\2026-04-20-files-mentioned-by-the-user-group\\\\generated\\\\images\\\\live\\\\propmarket\\\\propmarket-TUaE0cyzIAhHsP_D87lFn\\\\image_1.jpg\"", \""C:\\\\Users\\\\lepha\\\\Documents\\\\Codex\\\\2026-04-20-files-mentioned-by-the-user-group\\\\generated\\\\images\\\\live\\\\propmarket\\\\propmarket-TUaE0cyzIAhHsP_D87lFn\\\\image_2.jpg\"", \""C:\\\\Users\\\\lepha\\\\Documents\\\\Codex\\\\2026-04-20-files-mentioned-by-the-user-group\\\\generated\\\\images\\\\live\\\\propmarket\\\\propmarket-TUaE0cyzIAhHsP_D87lFn\\\\image_3.png\""]""",https://www.propmarket.co.ls/properties/TUaE0cyzIAhHsP_D87lFn,Good,Traditional,Suburban,"""[]""",sale
propmarket-KMeb_ngqmeHEhth1Ue1eQ,propmarket,House,"<p>Ntlo ena e so fele e fumaneha Linakotseng </p><p>Ke lerako la 3 bedrooms, bathroom le open plan ea sitting room le kitchen</p><p>Ho sa tsoa ruleloa haufinyane</p>","Thepa ena ya mofuta wa house e fumaneha Ha Tsolo, Maseru. E na le dikamore tse 2 le dibate tse 1 mme e fumaneha ka theko ya M 220,000. Tlotla ena e tshwanetse ho shejwa bakeng sa bareki ba batlang menyetla ya nnete Lesotho.",220000.0,LSL,Maseru,"Ha Tsolo, Maseru",House,2,1,"""[\""C:\\\\Users\\\\lepha\\\\Documents\\\\Codex\\\\2026-04-20-files-mentioned-by-the-user-group\\\\generated\\\\images\\\\live\\\\propmarket\\\\propmarket-KMeb_ngqmeHEhth1Ue1eQ\\\\image_1.jpg\"", \""C:\\\\Users\\\\lepha\\\\Documents\\\\Codex\\\\2026-04-20-files-mentioned-by-the-user-group\\\\generated\\\\images\\\\live\\\\propmarket\\\\propmarket-KMeb_ngqmeHEhth1Ue1eQ\\\\image_2.jpg\"", \""C:\\\\Users\\\\lepha\\\\Documents\\\\Codex\\\\2026-04-20-files-mentioned-by-the-user-group\\\\generated\\\\images\\\\live\\\\propmarket\\\\propmarket-KMeb_ngqmeHEhth1Ue1eQ\\\\image_3.jpg\"", \""C:\\\\Users\\\\lepha\\\\Documents\\\\Codex\\\\2026-04-20-files-mentioned-by-the-user-group\\\\generated\\\\images\\\\live\\\\propmarket\\\\propmarket-KMeb_ngqmeHEhth1Ue1eQ\\\\image_4.jpg\"", \""C:\\\\Users\\\\lepha\\\\Documents\\\\Codex\\\\2026-04-20-files-mentioned-by-the-user-group\\\\generated\\\\images\\\\live\\\\propmarket\\\\propmarket-KMeb_ngqmeHEhth1Ue1eQ\\\\image_5.jpg\""]""",https://www.propmarket.co.ls/properties/KMeb_ngqmeHEhth1Ue1eQ,Good,Traditional,Suburban,"""[]""",sale
propmarket-IYJW418V9raGndz6_Ict0,propmarket,"1 Unit, 4 Bedrooms, House","<p>📢Double Storey House 🏠 For sale!📢</p><p>📍Ha-Foso Lebenkeleng, Berea Lesotho</p><p>💸ASKING PRICE AS PER EVALUATION REPORT 💸</p><p>•Fitted 2 Bedrooms on 1st floor and ground floor</p><p>•Master Bedroom with walk-in closet and ensuite</p><p>•Kitchen with scullery with fitted shelves and dishwasher</p><p>•Open plan type dining 🍽 and sitting room</p><p>•Study 📖/Office</p><p>•2 x double garages situated on the front and rear</p><p>•Access to balcony</p><p>•Lease Available, Plot Size: 936m²</p><p>•Perimeter Wall 🧱 Fenced</p><p>•Automated Gate situated from and rear</p><p>NB: EVALUATION REPORT @ R5.9million </p><p>AVAILBALE dated 1st October 2025</p><p>Asking Price R4.5million </p><p></p>","Thepa ena ya mofuta wa house e fumaneha Ha Foso Encroachment Boundary, Berea. E na le dikamore tse 4 le dibate tse 3 mme e fumaneha ka theko ya M 4,500,000. Tlotla ena e tshwanetse ho shejwa bakeng sa bareki ba batlang menyetla ya nnete Lesotho.",4500000.0,LSL,Berea,"Ha Foso Encroachment Boundary, Berea",House,4,3,"""[\""C:\\\\Users\\\\lepha\\\\Documents\\\\Codex\\\\2026-04-20-files-mentioned-by-the-user-group\\\\generated\\\\images\\\\live\\\\propmarket\\\\propmarket-IYJW418V9raGndz6_Ict0\\\\image_1.jpg\"", \""C:\\\\Users\\\\lepha\\\\Documents\\\\Codex\\\\2026-04-20-files-mentioned-by-the-user-group\\\\generated\\\\images\\\\live\\\\propmarket\\\\propmarket-IYJW418V9raGndz6_Ict0\\\\image_2.jpg\"", \""C:\\\\Users\\\\lepha\\\\Documents\\\\Codex\\\\2026-04-20-files-mentioned-by-the-user-group\\\\generated\\\\images\\\\live\\\\propmarket\\\\propmarket-IYJW418V9raGndz6_Ict0\\\\image_3.jpg\"", \""C:\\\\Users\\\\lepha\\\\Documents\\\\Codex\\\\2026-04-20-files-mentioned-by-the-user-group\\\\generated\\\\images\\\\live\\\\propmarket\\\\propmarket-IYJW418V9raGndz6_Ict0\\\\image_4.jpg\"", \""C:\\\\Users\\\\lepha\\\\Documents\\\\Codex\\\\2026-04-20-files-mentioned-by-the-user-group\\\\generated\\\\images\\\\live\\\\propmarket\\\\propmarket-IYJW418V9raGndz6_Ict0\\\\image_5.jpg\""]""",https://www.propmarket.co.ls/properties/IYJW418V9raGndz6_Ict0,Good,Contemporary,Suburban,"""[\""garage\"", \""office-ready\"", \""walled property\""]""",sale
propmarket-Y05g7baITID25N3SEnYbU,propmarket,"4 Bedrooms, House","<p>4 bedroomed house with Lounge, fitted kitchen and fitted bathroom</p>","Thepa ena ya mofuta wa house e fumaneha Ha Molemane (teyateyaneng), Berea. E na le dikamore tse 4 le dibate tse 1 mme e fumaneha ka theko ya M 550,000. Tlotla ena e tshwanetse ho shejwa bakeng sa bareki ba batlang menyetla ya nnete Lesotho.",550000.0,LSL,Berea,"Ha Molemane (teyateyaneng), Berea",House,4,1,"""[\""C:\\\\Users\\\\lepha\\\\Documents\\\\Codex\\\\2026-04-20-files-mentioned-by-the-user-group\\\\generated\\\\images\\\\live\\\\propmarket\\\\propmarket-Y05g7baITID25N3SEnYbU\\\\image_1.jpg\"", \""C:\\\\Users\\\\lepha\\\\Documents\\\\Codex\\\\2026-04-20-files-mentioned-by-the-user-group\\\\generated\\\\images\\\\live\\\\propmarket\\\\propmarket-Y05g7baITID25N3SEnYbU\\\\image_2.jpg\"", \""C:\\\\Users\\\\lepha\\\\Documents\\\\Codex\\\\2026-04-20-files-mentioned-by-the-user-group\\\\generated\\\\images\\\\live\\\\propmarket\\\\propmarket-Y05g7baITID25N3SEnYbU\\\\image_3.jpg\"", \""C:\\\\Users\\\\lepha\\\\Documents\\\\Codex\\\\2026-04-20-files-mentioned-by-the-user-group\\\\generated\\\\images\\\\live\\\\propmarket\\\\propmarket-Y05g7baITID25N3SEnYbU\\\\image_4.jpg\"", \""C:\\\\Users\\\\lepha\\\\Documents\\\\Codex\\\\2026-04-20-files-mentioned-by-the-user-group\\\\generated\\\\images\\\\live\\\\propmarket\\\\propmarket-Y05g7baITID25N3SEnYbU\\\\image_5.jpg\""]""",https://www.propmarket.co.ls/properties/Y05g7baITID25N3SEnYbU,Good,Traditional,Suburban,"""[]""",sale
propmarket-03tGL-LyZ-z9na20N8WHN,propmarket,Malaene,"<p>We have this property at Ha Pita Ha Seleso pela Maloti Supermarket.. Ke li single tse 15,not fat from the road just 2 minutes.. 825k</p>","Thepa ena ya mofuta wa house e fumaneha Ha Pita, Maseru. E na le dikamore tse 2 le dibate tse 1 mme e fumaneha ka theko ya M 825,000. Tlotla ena e tshwanetse ho shejwa bakeng sa bareki ba batlang menyetla ya nnete Lesotho.",825000.0,LSL,Maseru,"Ha Pita, Maseru",House,2,1,"""[\""C:\\\\Users\\\\lepha\\\\Documents\\\\Codex\\\\2026-04-20-files-mentioned-by-the-user-group\\\\generated\\\\images\\\\live\\\\propmarket\\\\propmarket-03tGL-LyZ-z9na20N8WHN\\\\image_1.jpg\"", \""C:\\\\Users\\\\lepha\\\\Documents\\\\Codex\\\\2026-04-20-files-mentioned-by-the-user-group\\\\generated\\\\images\\\\live\\\\propmarket\\\\propmarket-03tGL-LyZ-z9na20N8WHN\\\\image_2.jpg\"", \""C:\\\\Users\\\\lepha\\\\Documents\\\\Codex\\\\2026-04-20-files-mentioned-by-the-user-group\\\\generated\\\\images\\\\live\\\\propmarket\\\\propmarket-03tGL-LyZ-z9na20N8WHN\\\\image_3.jpg\"", \""C:\\\\Users\\\\lepha\\\\Documents\\\\Codex\\\\2026-04-20-files-mentioned-by-the-user-group\\\\generated\\\\images\\\\live\\\\propmarket\\\\propmarket-03tGL-LyZ-z9na20N8WHN\\\\image_4.jpg\"", \""C:\\\\Users\\\\lepha\\\\Documents\\\\Codex\\\\2026-04-20-files-mentioned-by-the-user-group\\\\generated\\\\images\\\\live\\\\propmarket\\\\propmarket-03tGL-LyZ-z9na20N8WHN\\\\image_5.png\""]""",https://www.propmarket.co.ls/properties/03tGL-LyZ-z9na20N8WHN,Good,Traditional,Suburban,"""[\""road access\""]""",sale
propmarket-N7iOScs5tKKdgvqG0rt5O,propmarket,Site,"<p>Site e ntle haholo Berea tlasa Boipabolo Junior School,pela Fun City</p><p>Good neighborhood ho pela tsela</p>","Thepa ena ya mofuta wa site e fumaneha Ha Foso, Berea. E na le sebaka sena mme e fumaneha ka theko ya M 150,000. Tlotla ena e tshwanetse ho shejwa bakeng sa bareki ba batlang menyetla ya nnete Lesotho.",150000.0,LSL,Berea,"Ha Foso, Berea",Site,0,0,"""[\""C:\\\\Users\\\\lepha\\\\Documents\\\\Codex\\\\2026-04-20-files-mentioned-by-the-user-group\\\\generated\\\\images\\\\live\\\\propmarket\\\\propmarket-N7iOScs5tKKdgvqG0rt5O\\\\image_1.jpg\"", \""C:\\\\Users\\\\lepha\\\\Documents\\\\Codex\\\\2026-04-20-files-mentioned-by-the-user-group\\\\generated\\\\images\\\\live\\\\propmarket\\\\propmarket-N7iOScs5tKKdgvqG0rt5O\\\\image_2.jpg\"", \""C:\\\\Users\\\\lepha\\\\Documents\\\\Codex\\\\2026-04-20-files-mentioned-by-the-user-group\\\\generated\\\\images\\\\live\\\\propmarket\\\\propmarket-N7iOScs5tKKdgvqG0rt5O\\\\image_3.jpg\"", \""C:\\\\Users\\\\lepha\\\\Documents\\\\Codex\\\\2026-04-20-files-mentioned-by-the-user-group\\\\generated\\\\images\\\\live\\\\propmarket\\\\propmarket-N7iOScs5tKKdgvqG0rt5O\\\\image_4.jpg\"", \""C:\\\\Users\\\\lepha\\\\Documents\\\\Codex\\\\2026-04-20-files-mentioned-by-the-user-group\\\\generated\\\\images\\\\live\\\\propmarket\\\\propmarket-N7iOScs5tKKdgvqG0rt5O\\\\image_5.jpg\""]""",https://www.propmarket.co.ls/properties/N7iOScs5tKKdgvqG0rt5O,Good,Traditional,Urban,"""[\""near schools\""]""",sale
propmarket-nPomYV-UzDSR2r9Xnuq6E,propmarket,"2 Bedrooms, Duplex","<p>A well secured Residential Duplex for rental in Hospital Area Mafeteng.</p><p>- 2 fully fitted bedrooms</p><p>- a spacious lounge</p><p>- Fully fitted open plan kitchen, with stove, oven and extractor fan</p><p>- Toilet and shower</p><p>- Washing machine connectivity</p><p>- Contingency water storage tank in case of water cuts</p><p>- Mini complex secured with fencing and a remote controlled access gate</p><p>- Sufficient parking space</p><p>- Close proximity to facilities including main hospital, schools, sporting grounds, shopping centres</p><p>- Water bill, gardening fee included in the rental</p><p>-Rent R3000 plus equivalent security deposit.</p>","Thepa ena ya mofuta wa townhouse e fumaneha Mafeteng Hospital, Mafeteng. E na le dikamore tse 2 le dibate tse 1 mme e fumaneha ka theko ya M 3,000. Tlotla ena e tshwanetse ho shejwa bakeng sa bareki ba batlang menyetla ya nnete Lesotho.",3000.0,LSL,Mafeteng,"Mafeteng Hospital, Mafeteng",Townhouse,2,1,"""[\""C:\\\\Users\\\\lepha\\\\Documents\\\\Codex\\\\2026-04-20-files-mentioned-by-the-user-group\\\\generated\\\\images\\\\live\\\\propmarket\\\\propmarket-nPomYV-UzDSR2r9Xnuq6E\\\\image_1.jpg\"", \""C:\\\\Users\\\\lepha\\\\Documents\\\\Codex\\\\2026-04-20-files-mentioned-by-the-user-group\\\\generated\\\\images\\\\live\\\\propmarket\\\\propmarket-nPomYV-UzDSR2r9Xnuq6E\\\\image_2.jpg\"", \""C:\\\\Users\\\\lepha\\\\Documents\\\\Codex\\\\2026-04-20-files-mentioned-by-the-user-group\\\\generated\\\\images\\\\live\\\\propmarket\\\\propmarket-nPomYV-UzDSR2r9Xnuq6E\\\\image_3.jpg\"", \""C:\\\\Users\\\\lepha\\\\Documents\\\\Codex\\\\2026-04-20-files-mentioned-by-the-user-group\\\\generated\\\\images\\\\live\\\\propmarket\\\\propmarket-nPomYV-UzDSR2r9Xnuq6E\\\\image_4.jpg\"", \""C:\\\\Users\\\\lepha\\\\Documents\\\\Codex\\\\2026-04-20-files-mentioned-by-the-user-group\\\\generated\\\\images\\\\live\\\\propmarket\\\\propmarket-nPomYV-UzDSR2r9Xnuq6E\\\\image_5.jpg\""]""",https://www.propmarket.co.ls/properties/nPomYV-UzDSR2r9Xnuq6E,Good,Family,Garden,"""[\""water connection\"", \""parking\"", \""garden\"", \""near schools\"", \""road access\"", \""security\"", \""shower\""]""",rent
propmarket-xkCHh2gN6TfQL3222_qPm,propmarket,Site,"<p>We have a site at Sekamaneng - Ha Phesha, o kena le Ikhetheleng</p><p>It is 30m by 15m. It has a sub-lease</p><p></p>","Thepa ena ya mofuta wa site e fumaneha Sekamaneng, Berea. E na le sebaka sena mme e fumaneha ka theko ya M 64,000. Tlotla ena e tshwanetse ho shejwa bakeng sa bareki ba batlang menyetla ya nnete Lesotho.",64000.0,LSL,Berea,"Sekamaneng, Berea",Site,0,0,"""[\""C:\\\\Users\\\\lepha\\\\Documents\\\\Codex\\\\2026-04-20-files-mentioned-by-the-user-group\\\\generated\\\\images\\\\live\\\\propmarket\\\\propmarket-xkCHh2gN6TfQL3222_qPm\\\\image_1.jpg\"", \""C:\\\\Users\\\\lepha\\\\Documents\\\\Codex\\\\2026-04-20-files-mentioned-by-the-user-group\\\\generated\\\\images\\\\live\\\\propmarket\\\\propmarket-xkCHh2gN6TfQL3222_qPm\\\\image_2.png\""]""",https://www.propmarket.co.ls/properties/xkCHh2gN6TfQL3222_qPm,Good,Traditional,Suburban,"""[]""",sale
propmarket-LIpWGyByIhDXWojf-h2Bx,propmarket,Site,<p>Ts'imo ena e motseng oa Sehlabeng Ha Rammoroane</p><p>Ke ts'imo e ntle haholo bakeng sa temo ho bile hona le borehole sebakeng sa metsi</p>,"Thepa ena ya mofuta wa site e fumaneha Sehlabeng (ha Ts'oene Lipohong), Berea. E na le sebaka sena mme e fumaneha ka theko ya M 400,000. Tlotla ena e tshwanetse ho shejwa bakeng sa bareki ba batlang menyetla ya nnete Lesotho.",400000.0,LSL,Berea,"Sehlabeng (ha Ts'oene Lipohong), Berea",Site,0,0,"""[\""C:\\\\Users\\\\lepha\\\\Documents\\\\Codex\\\\2026-04-20-files-mentioned-by-the-user-group\\\\generated\\\\images\\\\live\\\\propmarket\\\\propmarket-LIpWGyByIhDXWojf-h2Bx\\\\image_1.jpg\"", \""C:\\\\Users\\\\lepha\\\\Documents\\\\Codex\\\\2026-04-20-files-mentioned-by-the-user-group\\\\generated\\\\images\\\\live\\\\propmarket\\\\propmarket-LIpWGyByIhDXWojf-h2Bx\\\\image_2.jpg\"", \""C:\\\\Users\\\\lepha\\\\Documents\\\\Codex\\\\2026-04-20-files-mentioned-by-the-user-group\\\\generated\\\\images\\\\live\\\\propmarket\\\\propmarket-LIpWGyByIhDXWojf-h2Bx\\\\image_3.jpg\"", \""C:\\\\Users\\\\lepha\\\\Documents\\\\Codex\\\\2026-04-20-files-mentioned-by-the-user-group\\\\generated\\\\images\\\\live\\\\propmarket\\\\propmarket-LIpWGyByIhDXWojf-h2Bx\\\\image_4.jpg\"", \""C:\\\\Users\\\\lepha\\\\Documents\\\\Codex\\\\2026-04-20-files-mentioned-by-the-user-group\\\\generated\\\\images\\\\live\\\\propmarket\\\\propmarket-LIpWGyByIhDXWojf-h2Bx\\\\image_5.jpg\""]""",https://www.propmarket.co.ls/properties/LIpWGyByIhDXWojf-h2Bx,Good,Traditional,Suburban,"""[]""",sale
propmarket-hfkJjLmOe_Exb4pVBHjT2,propmarket,Site,<p>Setsa sa boholo ba 699sqm se ea fumaneha Ha Mosalla Selibeng</p>,"Thepa ena ya mofuta wa site e fumaneha Ha Mosalla, Maseru. E na le sebaka sena mme e fumaneha ka theko ya M 45,000. Tlotla ena e tshwanetse ho shejwa bakeng sa bareki ba batlang menyetla ya nnete Lesotho.",45000.0,LSL,Maseru,"Ha Mosalla, Maseru",Site,0,0,"""[\""C:\\\\Users\\\\lepha\\\\Documents\\\\Codex\\\\2026-04-20-files-mentioned-by-the-user-group\\\\generated\\\\images\\\\live\\\\propmarket\\\\propmarket-hfkJjLmOe_Exb4pVBHjT2\\\\image_1.jpg\"", \""C:\\\\Users\\\\lepha\\\\Documents\\\\Codex\\\\2026-04-20-files-mentioned-by-the-user-group\\\\generated\\\\images\\\\live\\\\propmarket\\\\propmarket-hfkJjLmOe_Exb4pVBHjT2\\\\image_2.jpg\""]""",https://www.propmarket.co.ls/properties/hfkJjLmOe_Exb4pVBHjT2,Good,Traditional,Suburban,"""[]""",sale
propmarket-a-9XGDaOdmtAmWzmx-Om7,propmarket,"1 Unit, 5 Bedrooms, House","<p>Thetsane West, </p><p>4 Bedroomed all ensuited</p><p>Lounge</p><p>Dining</p><p>Kitchen</p><p>Common Toilet</p><p>Double garage</p><p>Fitted 1 bedroomed servants quarters</p><p>Security wall</p><p>Paving</p><p>All rooms Air-conditioning</p><p>G4S Security alarms</p><p>Asking price 2.5M</p>","Thepa ena ya mofuta wa house e fumaneha Thetsane West, Maseru. E na le dikamore tse 5 le dibate tse 4 mme e fumaneha ka theko ya M 2,500,000. Tlotla ena e tshwanetse ho shejwa bakeng sa bareki ba batlang menyetla ya nnete Lesotho.",2500000.0,LSL,Maseru,"Thetsane West, Maseru",House,5,4,"""[\""C:\\\\Users\\\\lepha\\\\Documents\\\\Codex\\\\2026-04-20-files-mentioned-by-the-user-group\\\\generated\\\\images\\\\live\\\\propmarket\\\\propmarket-a-9XGDaOdmtAmWzmx-Om7\\\\image_1.jpg\"", \""C:\\\\Users\\\\lepha\\\\Documents\\\\Codex\\\\2026-04-20-files-mentioned-by-the-user-group\\\\generated\\\\images\\\\live\\\\propmarket\\\\propmarket-a-9XGDaOdmtAmWzmx-Om7\\\\image_2.jpg\"", \""C:\\\\Users\\\\lepha\\\\Documents\\\\Codex\\\\2026-04-20-files-mentioned-by-the-user-group\\\\generated\\\\images\\\\live\\\\propmarket\\\\propmarket-a-9XGDaOdmtAmWzmx-Om7\\\\image_3.jpg\"", \""C:\\\\Users\\\\lepha\\\\Documents\\\\Codex\\\\2026-04-20-files-mentioned-by-the-user-group\\\\generated\\\\images\\\\live\\\\propmarket\\\\propmarket-a-9XGDaOdmtAmWzmx-Om7\\\\image_4.jpg\"", \""C:\\\\Users\\\\lepha\\\\Documents\\\\Codex\\\\2026-04-20-files-mentioned-by-the-user-group\\\\generated\\\\images\\\\live\\\\propmarket\\\\propmarket-a-9XGDaOdmtAmWzmx-Om7\\\\image_5.jpg\""]""",https://www.propmarket.co.ls/properties/a-9XGDaOdmtAmWzmx-Om7,Good,Traditional,Suburban,"""[\""garage\"", \""security\"", \""walled property\""]""",sale
propmarket-Wbem7ToH5hoGekMnXfujX,propmarket,"1 Unit, 3 Bedrooms, House","<p>This house is located in Thetsane Lecoop Maseru. 3 Bedroomed, launge, Bathroom, single garage.</p><p>Asking Price: 1.3million negotiable </p>","Thepa ena ya mofuta wa house e fumaneha Thetsane, Maseru. E na le dikamore tse 3 le dibate tse 1 mme e fumaneha ka theko ya M 1,300,000. Tlotla ena e tshwanetse ho shejwa bakeng sa bareki ba batlang menyetla ya nnete Lesotho.",1300000.0,LSL,Maseru,"Thetsane, Maseru",House,3,1,"""[\""C:\\\\Users\\\\lepha\\\\Documents\\\\Codex\\\\2026-04-20-files-mentioned-by-the-user-group\\\\generated\\\\images\\\\live\\\\propmarket\\\\propmarket-Wbem7ToH5hoGekMnXfujX\\\\image_1.jpg\"", \""C:\\\\Users\\\\lepha\\\\Documents\\\\Codex\\\\2026-04-20-files-mentioned-by-the-user-group\\\\generated\\\\images\\\\live\\\\propmarket\\\\propmarket-Wbem7ToH5hoGekMnXfujX\\\\image_2.jpg\"", \""C:\\\\Users\\\\lepha\\\\Documents\\\\Codex\\\\2026-04-20-files-mentioned-by-the-user-group\\\\generated\\\\images\\\\live\\\\propmarket\\\\propmarket-Wbem7ToH5hoGekMnXfujX\\\\image_3.jpg\"", \""C:\\\\Users\\\\lepha\\\\Documents\\\\Codex\\\\2026-04-20-files-mentioned-by-the-user-group\\\\generated\\\\images\\\\live\\\\propmarket\\\\propmarket-Wbem7ToH5hoGekMnXfujX\\\\image_4.jpg\"", \""C:\\\\Users\\\\lepha\\\\Documents\\\\Codex\\\\2026-04-20-files-mentioned-by-the-user-group\\\\generated\\\\images\\\\live\\\\propmarket\\\\propmarket-Wbem7ToH5hoGekMnXfujX\\\\image_5.png\""]""",https://www.propmarket.co.ls/properties/Wbem7ToH5hoGekMnXfujX,Good,Traditional,Suburban,"""[\""garage\"", \""road access\""]""",sale
propmarket-hgIOnDeBmJVIzTB2ioTfm,propmarket,Site,"<p>Selling this sites , Near Botho University. By the road. 30m x 30m costing 150 000 only. Form C available </p>","Thepa ena ya mofuta wa site e fumaneha Matebeleng (ha Penapena), Maseru. E na le sebaka sena mme e fumaneha ka theko ya M 150,000. Tlotla ena e tshwanetse ho shejwa bakeng sa bareki ba batlang menyetla ya nnete Lesotho.",150000.0,LSL,Maseru,"Matebeleng (ha Penapena), Maseru",Site,0,0,"""[\""C:\\\\Users\\\\lepha\\\\Documents\\\\Codex\\\\2026-04-20-files-mentioned-by-the-user-group\\\\generated\\\\images\\\\live\\\\propmarket\\\\propmarket-hgIOnDeBmJVIzTB2ioTfm\\\\image_1.jpg\"", \""C:\\\\Users\\\\lepha\\\\Documents\\\\Codex\\\\2026-04-20-files-mentioned-by-the-user-group\\\\generated\\\\images\\\\live\\\\propmarket\\\\propmarket-hgIOnDeBmJVIzTB2ioTfm\\\\image_2.png\""]""",https://www.propmarket.co.ls/properties/hgIOnDeBmJVIzTB2ioTfm,Good,Traditional,Suburban,"""[\""road access\""]""",sale
propmarket-4YZkI1yISxnPgV90pw5YJ,propmarket,House,<p>We have this 2 roomed house at Qoaling Matshoareng at just 200k..water and electricity available..400SQM SITE</p>,"Thepa ena ya mofuta wa house e fumaneha Qoaling, Maseru. E na le dikamore tse 2 le dibate tse 1 mme e fumaneha ka theko ya M 200,000. Tlotla ena e tshwanetse ho shejwa bakeng sa bareki ba batlang menyetla ya nnete Lesotho.",200000.0,LSL,Maseru,"Qoaling, Maseru",House,2,1,"""[\""C:\\\\Users\\\\lepha\\\\Documents\\\\Codex\\\\2026-04-20-files-mentioned-by-the-user-group\\\\generated\\\\images\\\\live\\\\propmarket\\\\propmarket-4YZkI1yISxnPgV90pw5YJ\\\\image_1.jpg\"", \""C:\\\\Users\\\\lepha\\\\Documents\\\\Codex\\\\2026-04-20-files-mentioned-by-the-user-group\\\\generated\\\\images\\\\live\\\\propmarket\\\\propmarket-4YZkI1yISxnPgV90pw5YJ\\\\image_2.jpg\"", \""C:\\\\Users\\\\lepha\\\\Documents\\\\Codex\\\\2026-04-20-files-mentioned-by-the-user-group\\\\generated\\\\images\\\\live\\\\propmarket\\\\propmarket-4YZkI1yISxnPgV90pw5YJ\\\\image_3.jpg\""]""",https://www.propmarket.co.ls/properties/4YZkI1yISxnPgV90pw5YJ,Good,Traditional,Urban,"""[\""water connection\"", \""electricity\""]""",sale
propmarket-ejZaTI8NyE8VAUyPV9DyB,propmarket,House,<p>2 roomed house at Naleli at 200k.. 400sqm</p>,"Thepa ena ya mofuta wa house e fumaneha Naleli, Berea. E na le dikamore tse 2 le dibate tse 1 mme e fumaneha ka theko ya M 200,000. Tlotla ena e tshwanetse ho shejwa bakeng sa bareki ba batlang menyetla ya nnete Lesotho.",200000.0,LSL,Berea,"Naleli, Berea",House,2,1,"""[\""C:\\\\Users\\\\lepha\\\\Documents\\\\Codex\\\\2026-04-20-files-mentioned-by-the-user-group\\\\generated\\\\images\\\\live\\\\propmarket\\\\propmarket-ejZaTI8NyE8VAUyPV9DyB\\\\image_1.jpg\"", \""C:\\\\Users\\\\lepha\\\\Documents\\\\Codex\\\\2026-04-20-files-mentioned-by-the-user-group\\\\generated\\\\images\\\\live\\\\propmarket\\\\propmarket-ejZaTI8NyE8VAUyPV9DyB\\\\image_2.jpg\"", \""C:\\\\Users\\\\lepha\\\\Documents\\\\Codex\\\\2026-04-20-files-mentioned-by-the-user-group\\\\generated\\\\images\\\\live\\\\propmarket\\\\propmarket-ejZaTI8NyE8VAUyPV9DyB\\\\image_3.jpg\""]""",https://www.propmarket.co.ls/properties/ejZaTI8NyE8VAUyPV9DyB,Good,Traditional,Suburban,"""[]""",sale
propmarket-j3HHabaZk5jju5KGPI3hO,propmarket,House,"<p>This semi-finished 5 roomed house is located at Ha-Makhoathi Mozambique, it has a septic tank, pompo le mocucu at 280 negotiable </p>","Thepa ena ya mofuta wa house e fumaneha Ha Makhoathi, Maseru. E na le dikamore tse 2 le dibate tse 1 mme e fumaneha ka theko ya M 280,000. Tlotla ena e tshwanetse ho shejwa bakeng sa bareki ba batlang menyetla ya nnete Lesotho.",280000.0,LSL,Maseru,"Ha Makhoathi, Maseru",House,2,1,"""[\""C:\\\\Users\\\\lepha\\\\Documents\\\\Codex\\\\2026-04-20-files-mentioned-by-the-user-group\\\\generated\\\\images\\\\live\\\\propmarket\\\\propmarket-j3HHabaZk5jju5KGPI3hO\\\\image_1.jpg\"", \""C:\\\\Users\\\\lepha\\\\Documents\\\\Codex\\\\2026-04-20-files-mentioned-by-the-user-group\\\\generated\\\\images\\\\live\\\\propmarket\\\\propmarket-j3HHabaZk5jju5KGPI3hO\\\\image_2.jpg\""]""",https://www.propmarket.co.ls/properties/j3HHabaZk5jju5KGPI3hO,Good,Traditional,Suburban,"""[]""",sale
propmarket--PU4IsWuHBzS_p3BbNzHc,propmarket,"1 Unit, 4 Bedrooms, House",<p>PROPERTY TO LET</p><p>Location: Thetsane Lecoop next to kfc</p><p>Four bedrooms house</p><p>Kitchen fitted</p><p>Lounge</p><p>Wall fenced</p><p>Rent: Now 10k</p>,"Thepa ena ya mofuta wa house e fumaneha Thetsane, Maseru. E na le dikamore tse 4 le dibate tse 2 mme e fumaneha ka theko ya M 10,000. Tlotla ena e tshwanetse ho shejwa bakeng sa bareki ba batlang menyetla ya nnete Lesotho.",10000.0,LSL,Maseru,"Thetsane, Maseru",House,4,2,"""[\""C:\\\\Users\\\\lepha\\\\Documents\\\\Codex\\\\2026-04-20-files-mentioned-by-the-user-group\\\\generated\\\\images\\\\live\\\\propmarket\\\\propmarket--PU4IsWuHBzS_p3BbNzHc\\\\image_1.jpg\"", \""C:\\\\Users\\\\lepha\\\\Documents\\\\Codex\\\\2026-04-20-files-mentioned-by-the-user-group\\\\generated\\\\images\\\\live\\\\propmarket\\\\propmarket--PU4IsWuHBzS_p3BbNzHc\\\\image_2.jpg\"", \""C:\\\\Users\\\\lepha\\\\Documents\\\\Codex\\\\2026-04-20-files-mentioned-by-the-user-group\\\\generated\\\\images\\\\live\\\\propmarket\\\\propmarket--PU4IsWuHBzS_p3BbNzHc\\\\image_3.jpg\"", \""C:\\\\Users\\\\lepha\\\\Documents\\\\Codex\\\\2026-04-20-files-mentioned-by-the-user-group\\\\generated\\\\images\\\\live\\\\propmarket\\\\propmarket--PU4IsWuHBzS_p3BbNzHc\\\\image_4.jpg\"", \""C:\\\\Users\\\\lepha\\\\Documents\\\\Codex\\\\2026-04-20-files-mentioned-by-the-user-group\\\\generated\\\\images\\\\live\\\\propmarket\\\\propmarket--PU4IsWuHBzS_p3BbNzHc\\\\image_5.jpg\""]""",https://www.propmarket.co.ls/properties/-PU4IsWuHBzS_p3BbNzHc,Good,Traditional,Suburban,"""[\""road access\"", \""walled property\""]""",rent
propmarket-OwHW5vnV2magFGDtlpYHa,propmarket,"12 Bedrooms, Guest House","<p>Loretobs Guest House - located at Marabeng, Ha Foso. There are 12 rooms and CCTV. Rate - M50 per hour, M200 per night</p>","Thepa ena ya mofuta wa house e fumaneha Ha Foso, Berea. E na le dikamore tse 12 le dibate tse 1 mme e fumaneha ka theko ya M 1,600,000. Tlotla ena e tshwanetse ho shejwa bakeng sa bareki ba batlang menyetla ya nnete Lesotho.",1600000.0,LSL,Berea,"Ha Foso, Berea",House,12,1,"""[\""C:\\\\Users\\\\lepha\\\\Documents\\\\Codex\\\\2026-04-20-files-mentioned-by-the-user-group\\\\generated\\\\images\\\\live\\\\propmarket\\\\propmarket-OwHW5vnV2magFGDtlpYHa\\\\image_1.jpg\"", \""C:\\\\Users\\\\lepha\\\\Documents\\\\Codex\\\\2026-04-20-files-mentioned-by-the-user-group\\\\generated\\\\images\\\\live\\\\propmarket\\\\propmarket-OwHW5vnV2magFGDtlpYHa\\\\image_2.jpg\"", \""C:\\\\Users\\\\lepha\\\\Documents\\\\Codex\\\\2026-04-20-files-mentioned-by-the-user-group\\\\generated\\\\images\\\\live\\\\propmarket\\\\propmarket-OwHW5vnV2magFGDtlpYHa\\\\image_3.jpg\"", \""C:\\\\Users\\\\lepha\\\\Documents\\\\Codex\\\\2026-04-20-files-mentioned-by-the-user-group\\\\generated\\\\images\\\\live\\\\propmarket\\\\propmarket-OwHW5vnV2magFGDtlpYHa\\\\image_4.jpg\"", \""C:\\\\Users\\\\lepha\\\\Documents\\\\Codex\\\\2026-04-20-files-mentioned-by-the-user-group\\\\generated\\\\images\\\\live\\\\propmarket\\\\propmarket-OwHW5vnV2magFGDtlpYHa\\\\image_5.png\""]""",https://www.propmarket.co.ls/properties/OwHW5vnV2magFGDtlpYHa,Good,Traditional,Suburban,"""[]""",sale
propmarket-mSDkRG2KzsLtG8Si11Z3M,propmarket,"6 Bedrooms, House",<p>7 room house - Size 35 * 21</p><p>Khubetsoana - Lerakong pela Unity English Medium Primary School</p><p>Water available and Electricity available</p>,"Thepa ena ya mofuta wa house e fumaneha Khubetsoana, Berea. E na le dikamore tse 6 le dibate tse 1 mme e fumaneha ka theko ya M 610,000. Tlotla ena e tshwanetse ho shejwa bakeng sa bareki ba batlang menyetla ya nnete Lesotho.",610000.0,LSL,Berea,"Khubetsoana, Berea",House,6,1,"""[\""C:\\\\Users\\\\lepha\\\\Documents\\\\Codex\\\\2026-04-20-files-mentioned-by-the-user-group\\\\generated\\\\images\\\\live\\\\propmarket\\\\propmarket-mSDkRG2KzsLtG8Si11Z3M\\\\image_1.jpg\"", \""C:\\\\Users\\\\lepha\\\\Documents\\\\Codex\\\\2026-04-20-files-mentioned-by-the-user-group\\\\generated\\\\images\\\\live\\\\propmarket\\\\propmarket-mSDkRG2KzsLtG8Si11Z3M\\\\image_2.jpg\"", \""C:\\\\Users\\\\lepha\\\\Documents\\\\Codex\\\\2026-04-20-files-mentioned-by-the-user-group\\\\generated\\\\images\\\\live\\\\propmarket\\\\propmarket-mSDkRG2KzsLtG8Si11Z3M\\\\image_3.jpg\"", \""C:\\\\Users\\\\lepha\\\\Documents\\\\Codex\\\\2026-04-20-files-mentioned-by-the-user-group\\\\generated\\\\images\\\\live\\\\propmarket\\\\propmarket-mSDkRG2KzsLtG8Si11Z3M\\\\image_4.jpg\"", \""C:\\\\Users\\\\lepha\\\\Documents\\\\Codex\\\\2026-04-20-files-mentioned-by-the-user-group\\\\generated\\\\images\\\\live\\\\propmarket\\\\propmarket-mSDkRG2KzsLtG8Si11Z3M\\\\image_5.png\""]""",https://www.propmarket.co.ls/properties/mSDkRG2KzsLtG8Si11Z3M,Good,Traditional,Urban,"""[\""water connection\"", \""electricity\"", \""near schools\""]""",sale
propmarket-0wVaAjYyMb9zvZ21h07Nv,propmarket,"6 Units, Malaene","<p>This 2 roomed house is for rental at Semphethenyane near Maloti at M700 rent, security M300 and M250 agency fees apply.. </p>","Thepa ena ya mofuta wa house e fumaneha Semphetenyane, Maseru. E na le dikamore tse 2 le dibate tse 1 mme e fumaneha ka theko ya M 700. Tlotla ena e tshwanetse ho shejwa bakeng sa bareki ba batlang menyetla ya nnete Lesotho.",700.0,LSL,Maseru,"Semphetenyane, Maseru",House,2,1,"""[\""C:\\\\Users\\\\lepha\\\\Documents\\\\Codex\\\\2026-04-20-files-mentioned-by-the-user-group\\\\generated\\\\images\\\\live\\\\propmarket\\\\propmarket-0wVaAjYyMb9zvZ21h07Nv\\\\image_1.jpg\""]""",https://www.propmarket.co.ls/properties/0wVaAjYyMb9zvZ21h07Nv,Good,Traditional,Suburban,"""[\""security\""]""",rent
propmarket-aM6ckUqUTQAeCrVffUgXP,propmarket,"1 Unit, 3 Bedrooms, House",<p>🏚️STAND ALONE TO LET </p><p>📍Location: Masowe 3</p><p>⌚3min from the tar road </p><p>▪3 Fitted Bedrooms (Master ensuit)</p><p>▪Open plan Kitchen and Launge </p><p>▪Common Bathroom </p><p>▪Automated Double Garage </p><p>▪Automated Gate</p><p>▪Wi-Fi Connectivity </p><p>▪Video intercom</p><p>▪Servants Quarter fitted with Toilet and Shower</p><p>💰Rent 13k fully furnished </p><p>💰Rent 10k unfurnished </p><p>▪ Security deposit equivalent to rent.</p><p>For further inquiries and viewing please contact me here C/W ☎️+266 5910 7030</p>,"Thepa ena ya mofuta wa house e fumaneha Masowe 1b Secondary School, Maseru. E na le dikamore tse 3 le dibate tse 2 mme e fumaneha ka theko ya M 10,000. Tlotla ena e tshwanetse ho shejwa bakeng sa bareki ba batlang menyetla ya nnete Lesotho.",10000.0,LSL,Maseru,"Masowe 1b Secondary School, Maseru",House,3,2,"""[\""C:\\\\Users\\\\lepha\\\\Documents\\\\Codex\\\\2026-04-20-files-mentioned-by-the-user-group\\\\generated\\\\images\\\\live\\\\propmarket\\\\propmarket-aM6ckUqUTQAeCrVffUgXP\\\\image_1.jpg\"", \""C:\\\\Users\\\\lepha\\\\Documents\\\\Codex\\\\2026-04-20-files-mentioned-by-the-user-group\\\\generated\\\\images\\\\live\\\\propmarket\\\\propmarket-aM6ckUqUTQAeCrVffUgXP\\\\image_2.jpg\"", \""C:\\\\Users\\\\lepha\\\\Documents\\\\Codex\\\\2026-04-20-files-mentioned-by-the-user-group\\\\generated\\\\images\\\\live\\\\propmarket\\\\propmarket-aM6ckUqUTQAeCrVffUgXP\\\\image_3.jpg\"", \""C:\\\\Users\\\\lepha\\\\Documents\\\\Codex\\\\2026-04-20-files-mentioned-by-the-user-group\\\\generated\\\\images\\\\live\\\\propmarket\\\\propmarket-aM6ckUqUTQAeCrVffUgXP\\\\image_4.jpg\"", \""C:\\\\Users\\\\lepha\\\\Documents\\\\Codex\\\\2026-04-20-files-mentioned-by-the-user-group\\\\generated\\\\images\\\\live\\\\propmarket\\\\propmarket-aM6ckUqUTQAeCrVffUgXP\\\\image_5.png\""]""",https://www.propmarket.co.ls/properties/aM6ckUqUTQAeCrVffUgXP,Good,Traditional,Hillside,"""[\""garage\"", \""near schools\"", \""road access\"", \""tar road\"", \""security\"", \""furnished\"", \""shower\""]""",rent
propmarket-P3O_3OB5htpSPSp-KYln4,propmarket,Site,"<p>This site is at Makola Sekiring, just 5 minutes from the road.. It is a 1400 sqm site.. Ena le mocucu hosontso na le motlakase, le double storey foundation.. 170k fela</p>","Thepa ena ya mofuta wa site e fumaneha Makola. E na le sebaka sena mme e fumaneha ka theko ya M 170,000. Tlotla ena e tshwanetse ho shejwa bakeng sa bareki ba batlang menyetla ya nnete Lesotho.",170000.0,LSL,Makola,Makola,Site,0,0,"""[\""C:\\\\Users\\\\lepha\\\\Documents\\\\Codex\\\\2026-04-20-files-mentioned-by-the-user-group\\\\generated\\\\images\\\\live\\\\propmarket\\\\propmarket-P3O_3OB5htpSPSp-KYln4\\\\image_1.jpg\"", \""C:\\\\Users\\\\lepha\\\\Documents\\\\Codex\\\\2026-04-20-files-mentioned-by-the-user-group\\\\generated\\\\images\\\\live\\\\propmarket\\\\propmarket-P3O_3OB5htpSPSp-KYln4\\\\image_2.jpg\"", \""C:\\\\Users\\\\lepha\\\\Documents\\\\Codex\\\\2026-04-20-files-mentioned-by-the-user-group\\\\generated\\\\images\\\\live\\\\propmarket\\\\propmarket-P3O_3OB5htpSPSp-KYln4\\\\image_3.jpg\"", \""C:\\\\Users\\\\lepha\\\\Documents\\\\Codex\\\\2026-04-20-files-mentioned-by-the-user-group\\\\generated\\\\images\\\\live\\\\propmarket\\\\propmarket-P3O_3OB5htpSPSp-KYln4\\\\image_4.jpg\""]""",https://www.propmarket.co.ls/properties/P3O_3OB5htpSPSp-KYln4,Good,Traditional,Suburban,"""[\""road access\""]""",sale
propmarket-Fsf_ZgsEiLWzn4BIhCdTf,propmarket,Malaene,"<p>Duplex apartment for rental at 2.5k plus 2ksecurity, sitting room, 2 bedroom and bathroom..Sekamaneng kamora sekolo sa Tshepo. </p>","Thepa ena ya mofuta wa apartment e fumaneha Sekamaneng, Berea. E na le dikamore tse 2 le dibate tse 1 mme e fumaneha ka theko ya M 2,500. Tlotla ena e tshwanetse ho shejwa bakeng sa bareki ba batlang menyetla ya nnete Lesotho.",2500.0,LSL,Berea,"Sekamaneng, Berea",Apartment,2,1,"""[\""C:\\\\Users\\\\lepha\\\\Documents\\\\Codex\\\\2026-04-20-files-mentioned-by-the-user-group\\\\generated\\\\images\\\\live\\\\propmarket\\\\propmarket-Fsf_ZgsEiLWzn4BIhCdTf\\\\image_1.jpg\"", \""C:\\\\Users\\\\lepha\\\\Documents\\\\Codex\\\\2026-04-20-files-mentioned-by-the-user-group\\\\generated\\\\images\\\\live\\\\propmarket\\\\propmarket-Fsf_ZgsEiLWzn4BIhCdTf\\\\image_2.jpg\"", \""C:\\\\Users\\\\lepha\\\\Documents\\\\Codex\\\\2026-04-20-files-mentioned-by-the-user-group\\\\generated\\\\images\\\\live\\\\propmarket\\\\propmarket-Fsf_ZgsEiLWzn4BIhCdTf\\\\image_3.jpg\"", \""C:\\\\Users\\\\lepha\\\\Documents\\\\Codex\\\\2026-04-20-files-mentioned-by-the-user-group\\\\generated\\\\images\\\\live\\\\propmarket\\\\propmarket-Fsf_ZgsEiLWzn4BIhCdTf\\\\image_4.jpg\""]""",https://www.propmarket.co.ls/properties/Fsf_ZgsEiLWzn4BIhCdTf,Good,Traditional,Suburban,"""[\""security\""]""",rent
propmarket-8Ck7f1RURpMY95N0LZUfg,propmarket,Site,<p>Site for Sale at Thaba Bosiu - Ha Mosalla</p><p>Size - 30m by 20m</p><p>There is Form C </p>,"Thepa ena ya mofuta wa site e fumaneha Thaba Bosiu, Maseru. E na le sebaka sena mme e fumaneha ka theko ya M 70,000. Tlotla ena e tshwanetse ho shejwa bakeng sa bareki ba batlang menyetla ya nnete Lesotho.",70000.0,LSL,Maseru,"Thaba Bosiu, Maseru",Site,0,0,"""[\""C:\\\\Users\\\\lepha\\\\Documents\\\\Codex\\\\2026-04-20-files-mentioned-by-the-user-group\\\\generated\\\\images\\\\live\\\\propmarket\\\\propmarket-8Ck7f1RURpMY95N0LZUfg\\\\image_1.jpg\"", \""C:\\\\Users\\\\lepha\\\\Documents\\\\Codex\\\\2026-04-20-files-mentioned-by-the-user-group\\\\generated\\\\images\\\\live\\\\propmarket\\\\propmarket-8Ck7f1RURpMY95N0LZUfg\\\\image_2.jpg\"", \""C:\\\\Users\\\\lepha\\\\Documents\\\\Codex\\\\2026-04-20-files-mentioned-by-the-user-group\\\\generated\\\\images\\\\live\\\\propmarket\\\\propmarket-8Ck7f1RURpMY95N0LZUfg\\\\image_3.jpg\"", \""C:\\\\Users\\\\lepha\\\\Documents\\\\Codex\\\\2026-04-20-files-mentioned-by-the-user-group\\\\generated\\\\images\\\\live\\\\propmarket\\\\propmarket-8Ck7f1RURpMY95N0LZUfg\\\\image_4.jpg\"", \""C:\\\\Users\\\\lepha\\\\Documents\\\\Codex\\\\2026-04-20-files-mentioned-by-the-user-group\\\\generated\\\\images\\\\live\\\\propmarket\\\\propmarket-8Ck7f1RURpMY95N0LZUfg\\\\image_5.png\""]""",https://www.propmarket.co.ls/properties/8Ck7f1RURpMY95N0LZUfg,Good,Traditional,Suburban,"""[]""",sale
propmarket-2bF-CRw-e4qKdo-eLRCBo,propmarket,Ts'imo,"<p>Re na le tshimo ena Thaba-Bosiu pele u tshela borokho, e pela main road..ena le 1. a borehole e hulang metsi ka solar,,ho kampetsoe borehole, 2500L Jojo tank with stainless steel stand, borehole e kampelitsoe ka devil's fork, , mocucu oa watch man..valuation report e teng</p><p></p>","Thepa ena ya mofuta wa house e fumaneha Thaba Bosiu, Maseru. E na le dikamore tse 2 le dibate tse 1 mme e fumaneha ka theko ya M 650,000. Tlotla ena e tshwanetse ho shejwa bakeng sa bareki ba batlang menyetla ya nnete Lesotho.",650000.0,LSL,Maseru,"Thaba Bosiu, Maseru",House,2,1,"""[\""C:\\\\Users\\\\lepha\\\\Documents\\\\Codex\\\\2026-04-20-files-mentioned-by-the-user-group\\\\generated\\\\images\\\\live\\\\propmarket\\\\propmarket-2bF-CRw-e4qKdo-eLRCBo\\\\image_1.jpg\"", \""C:\\\\Users\\\\lepha\\\\Documents\\\\Codex\\\\2026-04-20-files-mentioned-by-the-user-group\\\\generated\\\\images\\\\live\\\\propmarket\\\\propmarket-2bF-CRw-e4qKdo-eLRCBo\\\\image_2.jpg\""]""",https://www.propmarket.co.ls/properties/2bF-CRw-e4qKdo-eLRCBo,Good,Traditional,Suburban,"""[\""road access\""]""",sale
propmarket-ywn4zKMYlKUz01v9LoTma,propmarket,Site,<p>🏳SITE FOR SALE </p><p></p><p>📍Matala Phase 2</p><p></p><p>●3minutes from tar road </p><p></p><p>●400sqm </p><p></p><p>●Leased </p><p></p><p>💰150k</p>,"Thepa ena ya mofuta wa site e fumaneha Ha Matala, Maseru. E na le sebaka sena mme e fumaneha ka theko ya M 150,000. Tlotla ena e tshwanetse ho shejwa bakeng sa bareki ba batlang menyetla ya nnete Lesotho.",150000.0,LSL,Maseru,"Ha Matala, Maseru",Site,0,0,"""[\""C:\\\\Users\\\\lepha\\\\Documents\\\\Codex\\\\2026-04-20-files-mentioned-by-the-user-group\\\\generated\\\\images\\\\live\\\\propmarket\\\\propmarket-ywn4zKMYlKUz01v9LoTma\\\\image_1.jpg\"", \""C:\\\\Users\\\\lepha\\\\Documents\\\\Codex\\\\2026-04-20-files-mentioned-by-the-user-group\\\\generated\\\\images\\\\live\\\\propmarket\\\\propmarket-ywn4zKMYlKUz01v9LoTma\\\\image_2.jpg\"", \""C:\\\\Users\\\\lepha\\\\Documents\\\\Codex\\\\2026-04-20-files-mentioned-by-the-user-group\\\\generated\\\\images\\\\live\\\\propmarket\\\\propmarket-ywn4zKMYlKUz01v9LoTma\\\\image_3.png\""]""",https://www.propmarket.co.ls/properties/ywn4zKMYlKUz01v9LoTma,Good,Traditional,Urban,"""[\""road access\"", \""tar road\""]""",sale
propmarket-DrJCrRkJw95EXBdhYcmvv,propmarket,"1 Unit, 4 Bedrooms, House",🏘️Fully Fitted 4Bedroomed House For Sale and rental \n\n📍Ha Matala Phase1 Maseru Lesotho \n💰Rent per month 12 000 plus equivalent security deposit \n●4 Spacious Bedrooms (3 ensuit)\n● 1Common Bathroom \n●Morden kitchen fitted with Stove & Oven \n●Lounge & Dining area \n●3 Car Garage\n●Paved yard and Lawn\n●Palisade Fanced \n💰Selling Price 2million,"Thepa ena ya mofuta wa house e fumaneha Makhoakhoeng, Maseru. E na le dikamore tse 4 le dibate tse 4 mme e fumaneha ka theko ya M 2,000,000. Tlotla ena e tshwanetse ho shejwa bakeng sa bareki ba batlang menyetla ya nnete Lesotho.",2000000.0,LSL,Maseru,"Makhoakhoeng, Maseru",House,4,4,"""[\""C:\\\\Users\\\\lepha\\\\Documents\\\\Codex\\\\2026-04-20-files-mentioned-by-the-user-group\\\\generated\\\\images\\\\live\\\\propmarket\\\\propmarket-DrJCrRkJw95EXBdhYcmvv\\\\image_1.jpg\"", \""C:\\\\Users\\\\lepha\\\\Documents\\\\Codex\\\\2026-04-20-files-mentioned-by-the-user-group\\\\generated\\\\images\\\\live\\\\propmarket\\\\propmarket-DrJCrRkJw95EXBdhYcmvv\\\\image_2.jpg\"", \""C:\\\\Users\\\\lepha\\\\Documents\\\\Codex\\\\2026-04-20-files-mentioned-by-the-user-group\\\\generated\\\\images\\\\live\\\\propmarket\\\\propmarket-DrJCrRkJw95EXBdhYcmvv\\\\image_3.jpg\"", \""C:\\\\Users\\\\lepha\\\\Documents\\\\Codex\\\\2026-04-20-files-mentioned-by-the-user-group\\\\generated\\\\images\\\\live\\\\propmarket\\\\propmarket-DrJCrRkJw95EXBdhYcmvv\\\\image_4.jpg\"", \""C:\\\\Users\\\\lepha\\\\Documents\\\\Codex\\\\2026-04-20-files-mentioned-by-the-user-group\\\\generated\\\\images\\\\live\\\\propmarket\\\\propmarket-DrJCrRkJw95EXBdhYcmvv\\\\image_5.jpg\""]""",https://www.propmarket.co.ls/properties/DrJCrRkJw95EXBdhYcmvv,Good,Family,Garden,"""[\""garage\"", \""yard\"", \""security\""]""",sale
propmarket-N9qhwmjm2f8zgFpbbPvwF,propmarket,Site,"<p>Leased site available Lower Thetsane Maseru Lesotho, 980sqm, ena le malaene a li single kahare, 1.3million </p>","Thepa ena ya mofuta wa site e fumaneha Lower Thetsane, Maseru. E na le sebaka sena mme e fumaneha ka theko ya M 1,300,000. Tlotla ena e tshwanetse ho shejwa bakeng sa bareki ba batlang menyetla ya nnete Lesotho.",1300000.0,LSL,Maseru,"Lower Thetsane, Maseru",Site,0,0,"""[\""C:\\\\Users\\\\lepha\\\\Documents\\\\Codex\\\\2026-04-20-files-mentioned-by-the-user-group\\\\generated\\\\images\\\\live\\\\propmarket\\\\propmarket-N9qhwmjm2f8zgFpbbPvwF\\\\image_1.jpg\"", \""C:\\\\Users\\\\lepha\\\\Documents\\\\Codex\\\\2026-04-20-files-mentioned-by-the-user-group\\\\generated\\\\images\\\\live\\\\propmarket\\\\propmarket-N9qhwmjm2f8zgFpbbPvwF\\\\image_2.jpg\"", \""C:\\\\Users\\\\lepha\\\\Documents\\\\Codex\\\\2026-04-20-files-mentioned-by-the-user-group\\\\generated\\\\images\\\\live\\\\propmarket\\\\propmarket-N9qhwmjm2f8zgFpbbPvwF\\\\image_3.jpg\"", \""C:\\\\Users\\\\lepha\\\\Documents\\\\Codex\\\\2026-04-20-files-mentioned-by-the-user-group\\\\generated\\\\images\\\\live\\\\propmarket\\\\propmarket-N9qhwmjm2f8zgFpbbPvwF\\\\image_4.png\""]""",https://www.propmarket.co.ls/properties/N9qhwmjm2f8zgFpbbPvwF,Good,Traditional,Suburban,"""[]""",sale
propmarket-eKtZPqpFnWagM96VvdNEm,propmarket,House,House for sale Khubetsoana Rural\n\n3bedroomed with master ensuite bathtub & shower\nOpen plan Lounge\nKitchen fitted\nConnected to Wasco Sewage line\nPlot Size 517sqm\nValuation report available,"Thepa ena ya mofuta wa house e fumaneha Khubetsoana, Berea. E na le dikamore tse 2 le dibate tse 1 mme e fumaneha ka theko ya M 870,000. Tlotla ena e tshwanetse ho shejwa bakeng sa bareki ba batlang menyetla ya nnete Lesotho.",870000.0,LSL,Berea,"Khubetsoana, Berea",House,2,1,"""[\""C:\\\\Users\\\\lepha\\\\Documents\\\\Codex\\\\2026-04-20-files-mentioned-by-the-user-group\\\\generated\\\\images\\\\live\\\\propmarket\\\\propmarket-eKtZPqpFnWagM96VvdNEm\\\\image_1.jpg\"", \""C:\\\\Users\\\\lepha\\\\Documents\\\\Codex\\\\2026-04-20-files-mentioned-by-the-user-group\\\\generated\\\\images\\\\live\\\\propmarket\\\\propmarket-eKtZPqpFnWagM96VvdNEm\\\\image_2.jpg\"", \""C:\\\\Users\\\\lepha\\\\Documents\\\\Codex\\\\2026-04-20-files-mentioned-by-the-user-group\\\\generated\\\\images\\\\live\\\\propmarket\\\\propmarket-eKtZPqpFnWagM96VvdNEm\\\\image_3.jpg\"", \""C:\\\\Users\\\\lepha\\\\Documents\\\\Codex\\\\2026-04-20-files-mentioned-by-the-user-group\\\\generated\\\\images\\\\live\\\\propmarket\\\\propmarket-eKtZPqpFnWagM96VvdNEm\\\\image_4.jpg\"", \""C:\\\\Users\\\\lepha\\\\Documents\\\\Codex\\\\2026-04-20-files-mentioned-by-the-user-group\\\\generated\\\\images\\\\live\\\\propmarket\\\\propmarket-eKtZPqpFnWagM96VvdNEm\\\\image_5.jpg\""]""",https://www.propmarket.co.ls/properties/eKtZPqpFnWagM96VvdNEm,Good,Traditional,Suburban,"""[\""bathtub\"", \""shower\""]""",sale
propmarket-_7r_OHVPYyShfQ4a1C5iR,propmarket,"3 Bedrooms, House",This house is at Green City Maseru.. It has a single garage and 3 bedrooms. Well fitted and furnished with just 1.65m,"Thepa ena ya mofuta wa house e fumaneha Matebeleng (ha Penapena), Maseru. E na le dikamore tse 3 le dibate tse 2 mme e fumaneha ka theko ya M 1,650,000. Tlotla ena e tshwanetse ho shejwa bakeng sa bareki ba batlang menyetla ya nnete Lesotho.",1650000.0,LSL,Maseru,"Matebeleng (ha Penapena), Maseru",House,3,2,"""[\""C:\\\\Users\\\\lepha\\\\Documents\\\\Codex\\\\2026-04-20-files-mentioned-by-the-user-group\\\\generated\\\\images\\\\live\\\\propmarket\\\\propmarket-_7r_OHVPYyShfQ4a1C5iR\\\\image_1.jpg\"", \""C:\\\\Users\\\\lepha\\\\Documents\\\\Codex\\\\2026-04-20-files-mentioned-by-the-user-group\\\\generated\\\\images\\\\live\\\\propmarket\\\\propmarket-_7r_OHVPYyShfQ4a1C5iR\\\\image_2.jpg\"", \""C:\\\\Users\\\\lepha\\\\Documents\\\\Codex\\\\2026-04-20-files-mentioned-by-the-user-group\\\\generated\\\\images\\\\live\\\\propmarket\\\\propmarket-_7r_OHVPYyShfQ4a1C5iR\\\\image_3.jpg\"", \""C:\\\\Users\\\\lepha\\\\Documents\\\\Codex\\\\2026-04-20-files-mentioned-by-the-user-group\\\\generated\\\\images\\\\live\\\\propmarket\\\\propmarket-_7r_OHVPYyShfQ4a1C5iR\\\\image_4.jpg\"", \""C:\\\\Users\\\\lepha\\\\Documents\\\\Codex\\\\2026-04-20-files-mentioned-by-the-user-group\\\\generated\\\\images\\\\live\\\\propmarket\\\\propmarket-_7r_OHVPYyShfQ4a1C5iR\\\\image_5.jpg\""]""",https://www.propmarket.co.ls/properties/_7r_OHVPYyShfQ4a1C5iR,Good,Traditional,Urban,"""[\""garage\"", \""furnished\""]""",sale
propmarket-KJ9uk3zckqCNH6KnxW2x4,propmarket,Site,"<p>We have this site at Ha Motloheloa, ena le ntlo, hau kena ka double door u tla fumana 4 rooms, all rooms li kentsoe ceiling and burglars. Ho boetse hona le 2 rooms aside and pit lartine toilet..hona le lifate tsa perekisi..Le mocucu oa likhoho le shadenet e nyane ho lemela meroho, ho jaretetsoe ka devil's fork..Metsi le motlakase li teng.</p>","Thepa ena ya mofuta wa site e fumaneha Ha Motloheloa, Maseru. E na le sebaka sena mme e fumaneha ka theko ya M 1,200,000. Tlotla ena e tshwanetse ho shejwa bakeng sa bareki ba batlang menyetla ya nnete Lesotho.",1200000.0,LSL,Maseru,"Ha Motloheloa, Maseru",Site,0,0,"""[\""C:\\\\Users\\\\lepha\\\\Documents\\\\Codex\\\\2026-04-20-files-mentioned-by-the-user-group\\\\generated\\\\images\\\\live\\\\propmarket\\\\propmarket-KJ9uk3zckqCNH6KnxW2x4\\\\image_1.jpg\"", \""C:\\\\Users\\\\lepha\\\\Documents\\\\Codex\\\\2026-04-20-files-mentioned-by-the-user-group\\\\generated\\\\images\\\\live\\\\propmarket\\\\propmarket-KJ9uk3zckqCNH6KnxW2x4\\\\image_2.jpg\"", \""C:\\\\Users\\\\lepha\\\\Documents\\\\Codex\\\\2026-04-20-files-mentioned-by-the-user-group\\\\generated\\\\images\\\\live\\\\propmarket\\\\propmarket-KJ9uk3zckqCNH6KnxW2x4\\\\image_3.jpg\"", \""C:\\\\Users\\\\lepha\\\\Documents\\\\Codex\\\\2026-04-20-files-mentioned-by-the-user-group\\\\generated\\\\images\\\\live\\\\propmarket\\\\propmarket-KJ9uk3zckqCNH6KnxW2x4\\\\image_4.jpg\""]""",https://www.propmarket.co.ls/properties/KJ9uk3zckqCNH6KnxW2x4,Good,Traditional,Suburban,"""[]""",sale
propmarket-O7-7uG7XBPFqSDMvjAK-q,propmarket,"1 Unit, 3 Bedrooms, House","<p>PROPERTY FOR SALE</p><p>Location: Mazenod pela Book Centre</p><p>3 bedrooms</p><p>2 bathrooms not fully fitted</p><p>Toilets operating in the house</p><p>All rooms cillieng fitted.</p><p>Kitchen Not fitted</p><p>Lounge</p><p>Valuation report available </p><p>Selling for LsL 790,000</p><p>For viewings : +266 59107030</p><p></p>","Thepa ena ya mofuta wa house e fumaneha Mazenod, Maseru. E na le dikamore tse 3 le dibate tse 2 mme e fumaneha ka theko ya M 790,000. Tlotla ena e tshwanetse ho shejwa bakeng sa bareki ba batlang menyetla ya nnete Lesotho.",790000.0,LSL,Maseru,"Mazenod, Maseru",House,3,2,"""[\""C:\\\\Users\\\\lepha\\\\Documents\\\\Codex\\\\2026-04-20-files-mentioned-by-the-user-group\\\\generated\\\\images\\\\live\\\\propmarket\\\\propmarket-O7-7uG7XBPFqSDMvjAK-q\\\\image_1.jpg\"", \""C:\\\\Users\\\\lepha\\\\Documents\\\\Codex\\\\2026-04-20-files-mentioned-by-the-user-group\\\\generated\\\\images\\\\live\\\\propmarket\\\\propmarket-O7-7uG7XBPFqSDMvjAK-q\\\\image_2.jpg\"", \""C:\\\\Users\\\\lepha\\\\Documents\\\\Codex\\\\2026-04-20-files-mentioned-by-the-user-group\\\\generated\\\\images\\\\live\\\\propmarket\\\\propmarket-O7-7uG7XBPFqSDMvjAK-q\\\\image_3.jpg\"", \""C:\\\\Users\\\\lepha\\\\Documents\\\\Codex\\\\2026-04-20-files-mentioned-by-the-user-group\\\\generated\\\\images\\\\live\\\\propmarket\\\\propmarket-O7-7uG7XBPFqSDMvjAK-q\\\\image_4.jpg\"", \""C:\\\\Users\\\\lepha\\\\Documents\\\\Codex\\\\2026-04-20-files-mentioned-by-the-user-group\\\\generated\\\\images\\\\live\\\\propmarket\\\\propmarket-O7-7uG7XBPFqSDMvjAK-q\\\\image_5.png\""]""",https://www.propmarket.co.ls/properties/O7-7uG7XBPFqSDMvjAK-q,Good,Traditional,Hillside,"""[]""",sale
propmarket-mL1cMvyeAV8Y4eLF-1eKx,propmarket,"1 Unit, 4 Bedrooms, House",<p>Double Story House For Sale</p><p>Location: Thetsane Lesia</p><p>GROUND FLOOR</p><p>Kitchen </p><p>Lounge</p><p>Double garage</p><p>1 Bedroom with ensuite </p><p>Guest Toilet </p><p>1st FLOOR</p><p>3 Bedrooms</p><p>Master ensuite with walk-in closet </p><p>Common bathroom with bathtub</p><p>3️Balconies </p><p>Asking Price M2 800 000</p><p></p>,"Thepa ena ya mofuta wa house e fumaneha Thetsane, Maseru. E na le dikamore tse 4 le dibate tse 3 mme e fumaneha ka theko ya M 2,800,000. Tlotla ena e tshwanetse ho shejwa bakeng sa bareki ba batlang menyetla ya nnete Lesotho.",2800000.0,LSL,Maseru,"Thetsane, Maseru",House,4,3,"""[\""C:\\\\Users\\\\lepha\\\\Documents\\\\Codex\\\\2026-04-20-files-mentioned-by-the-user-group\\\\generated\\\\images\\\\live\\\\propmarket\\\\propmarket-mL1cMvyeAV8Y4eLF-1eKx\\\\image_1.jpg\"", \""C:\\\\Users\\\\lepha\\\\Documents\\\\Codex\\\\2026-04-20-files-mentioned-by-the-user-group\\\\generated\\\\images\\\\live\\\\propmarket\\\\propmarket-mL1cMvyeAV8Y4eLF-1eKx\\\\image_2.jpg\"", \""C:\\\\Users\\\\lepha\\\\Documents\\\\Codex\\\\2026-04-20-files-mentioned-by-the-user-group\\\\generated\\\\images\\\\live\\\\propmarket\\\\propmarket-mL1cMvyeAV8Y4eLF-1eKx\\\\image_3.jpg\"", \""C:\\\\Users\\\\lepha\\\\Documents\\\\Codex\\\\2026-04-20-files-mentioned-by-the-user-group\\\\generated\\\\images\\\\live\\\\propmarket\\\\propmarket-mL1cMvyeAV8Y4eLF-1eKx\\\\image_4.jpg\"", \""C:\\\\Users\\\\lepha\\\\Documents\\\\Codex\\\\2026-04-20-files-mentioned-by-the-user-group\\\\generated\\\\images\\\\live\\\\propmarket\\\\propmarket-mL1cMvyeAV8Y4eLF-1eKx\\\\image_5.jpg\""]""",https://www.propmarket.co.ls/properties/mL1cMvyeAV8Y4eLF-1eKx,Good,Traditional,Suburban,"""[\""garage\"", \""road access\"", \""bathtub\""]""",sale
propmarket-T35gU6I6C2_rb4DisUUSd,propmarket,House,"2 roomed house for sale at Mapoteng, Ha Molisa-Nku\nThe size of the site is 33m by 20m\nElectricity available\n5 minutes walk to PEP Store\nForm C e teng","Thepa ena ya mofuta wa house e fumaneha Mapoteng, Berea. E na le dikamore tse 2 le dibate tse 1 mme e fumaneha ka theko ya M 55,000. Tlotla ena e tshwanetse ho shejwa bakeng sa bareki ba batlang menyetla ya nnete Lesotho.",55000.0,LSL,Berea,"Mapoteng, Berea",House,2,1,"""[\""C:\\\\Users\\\\lepha\\\\Documents\\\\Codex\\\\2026-04-20-files-mentioned-by-the-user-group\\\\generated\\\\images\\\\live\\\\propmarket\\\\propmarket-T35gU6I6C2_rb4DisUUSd\\\\image_1.jpg\"", \""C:\\\\Users\\\\lepha\\\\Documents\\\\Codex\\\\2026-04-20-files-mentioned-by-the-user-group\\\\generated\\\\images\\\\live\\\\propmarket\\\\propmarket-T35gU6I6C2_rb4DisUUSd\\\\image_2.png\""]""",https://www.propmarket.co.ls/properties/T35gU6I6C2_rb4DisUUSd,Good,Traditional,Urban,"""[\""electricity\""]""",sale
propmarket-YRm5xyU8UJ0lw8vKz3LSx,propmarket,Site,<p>We have this beautiful 800 sqm site at Sehlabeng Ha Thuntsane</p>,"Thepa ena ya mofuta wa site e fumaneha Sehlabeng Ha Thuntsane. E na le sebaka sena mme e fumaneha ka theko ya M 60,000. Tlotla ena e tshwanetse ho shejwa bakeng sa bareki ba batlang menyetla ya nnete Lesotho.",60000.0,LSL,Sehlabeng Ha Thuntsane,Sehlabeng Ha Thuntsane,Site,0,0,"""[\""C:\\\\Users\\\\lepha\\\\Documents\\\\Codex\\\\2026-04-20-files-mentioned-by-the-user-group\\\\generated\\\\images\\\\live\\\\propmarket\\\\propmarket-YRm5xyU8UJ0lw8vKz3LSx\\\\image_1.jpg\"", \""C:\\\\Users\\\\lepha\\\\Documents\\\\Codex\\\\2026-04-20-files-mentioned-by-the-user-group\\\\generated\\\\images\\\\live\\\\propmarket\\\\propmarket-YRm5xyU8UJ0lw8vKz3LSx\\\\image_2.jpg\"", \""C:\\\\Users\\\\lepha\\\\Documents\\\\Codex\\\\2026-04-20-files-mentioned-by-the-user-group\\\\generated\\\\images\\\\live\\\\propmarket\\\\propmarket-YRm5xyU8UJ0lw8vKz3LSx\\\\image_3.jpg\""]""",https://www.propmarket.co.ls/properties/YRm5xyU8UJ0lw8vKz3LSx,Good,Traditional,Suburban,"""[]""",sale
propmarket-ooke0hi120QDMrBIrOdgu,propmarket,"1 Unit, Office",OFFICE SPACE FOR RENTAL \n \nMaseru West \nRENT PER MONTH: 18K\nSECURITY DEPOSIT: 18K\n\nFirst Floor:\n4 huge Office Rooms.\n\nGround Floor:\n1 Large Bedroom area\n1 Office \n1ensuit Office adjustment \nKitchenette. \nBig Carport accommodating 7cars max.\nGarage/Storeroom. \n\nFor further inquiries and viewing please contact +266 59107030,"Thepa ena ya mofuta wa commercial e fumaneha Maseru West, Maseru. E na le dikamore tse 2 le dibate tse 1 mme e fumaneha ka theko ya M 18,000. Tlotla ena e tshwanetse ho shejwa bakeng sa bareki ba batlang menyetla ya nnete Lesotho.",18000.0,LSL,Maseru,"Maseru West, Maseru",Commercial,2,1,"""[\""C:\\\\Users\\\\lepha\\\\Documents\\\\Codex\\\\2026-04-20-files-mentioned-by-the-user-group\\\\generated\\\\images\\\\live\\\\propmarket\\\\propmarket-ooke0hi120QDMrBIrOdgu\\\\image_1.jpg\"", \""C:\\\\Users\\\\lepha\\\\Documents\\\\Codex\\\\2026-04-20-files-mentioned-by-the-user-group\\\\generated\\\\images\\\\live\\\\propmarket\\\\propmarket-ooke0hi120QDMrBIrOdgu\\\\image_2.jpg\"", \""C:\\\\Users\\\\lepha\\\\Documents\\\\Codex\\\\2026-04-20-files-mentioned-by-the-user-group\\\\generated\\\\images\\\\live\\\\propmarket\\\\propmarket-ooke0hi120QDMrBIrOdgu\\\\image_3.jpg\"", \""C:\\\\Users\\\\lepha\\\\Documents\\\\Codex\\\\2026-04-20-files-mentioned-by-the-user-group\\\\generated\\\\images\\\\live\\\\propmarket\\\\propmarket-ooke0hi120QDMrBIrOdgu\\\\image_4.jpg\"", \""C:\\\\Users\\\\lepha\\\\Documents\\\\Codex\\\\2026-04-20-files-mentioned-by-the-user-group\\\\generated\\\\images\\\\live\\\\propmarket\\\\propmarket-ooke0hi120QDMrBIrOdgu\\\\image_5.jpg\""]""",https://www.propmarket.co.ls/properties/ooke0hi120QDMrBIrOdgu,Good,Contemporary,Hillside,"""[\""garage\"", \""office-ready\"", \""security\""]""",rent
propmarket-JjMICueb8vN8_Dpcu6I7h,propmarket,"1 Unit, 3 Bedrooms, House","PROPERTY FOR SALE\n\nLocation: Thetsane Lesia(By the Tar road)\n\nThree bedroomed \n\nSpacious Kitchen\n\nLounge\n\nMaster bedroom en-suite \n\n Car-port \n\nToilet outside \n\nLockable gate\n\nBy the tar road\n\nSelling for LsL 1,300,000\n\nBrought to you by A' The Realtor","Thepa ena ya mofuta wa house e fumaneha Thetsane West, Maseru. E na le dikamore tse 3 le dibate tse 2 mme e fumaneha ka theko ya M 1,300,000. Tlotla ena e tshwanetse ho shejwa bakeng sa bareki ba batlang menyetla ya nnete Lesotho.",1300000.0,LSL,Maseru,"Thetsane West, Maseru",House,3,2,"""[\""C:\\\\Users\\\\lepha\\\\Documents\\\\Codex\\\\2026-04-20-files-mentioned-by-the-user-group\\\\generated\\\\images\\\\live\\\\propmarket\\\\propmarket-JjMICueb8vN8_Dpcu6I7h\\\\image_1.jpg\"", \""C:\\\\Users\\\\lepha\\\\Documents\\\\Codex\\\\2026-04-20-files-mentioned-by-the-user-group\\\\generated\\\\images\\\\live\\\\propmarket\\\\propmarket-JjMICueb8vN8_Dpcu6I7h\\\\image_2.jpg\"", \""C:\\\\Users\\\\lepha\\\\Documents\\\\Codex\\\\2026-04-20-files-mentioned-by-the-user-group\\\\generated\\\\images\\\\live\\\\propmarket\\\\propmarket-JjMICueb8vN8_Dpcu6I7h\\\\image_3.jpg\"", \""C:\\\\Users\\\\lepha\\\\Documents\\\\Codex\\\\2026-04-20-files-mentioned-by-the-user-group\\\\generated\\\\images\\\\live\\\\propmarket\\\\propmarket-JjMICueb8vN8_Dpcu6I7h\\\\image_4.jpg\"", \""C:\\\\Users\\\\lepha\\\\Documents\\\\Codex\\\\2026-04-20-files-mentioned-by-the-user-group\\\\generated\\\\images\\\\live\\\\propmarket\\\\propmarket-JjMICueb8vN8_Dpcu6I7h\\\\image_5.jpg\""]""",https://www.propmarket.co.ls/properties/JjMICueb8vN8_Dpcu6I7h,Good,Family,Urban,"""[\""road access\"", \""tar road\""]""",sale
propmarket-YC3XPozCJANd8OtWIG21M,propmarket,"3 Bedrooms, House","<p>This 3 bedroomed double storey house with a cottage is at Masowe 2, you pass Donnar pre-school, just near the church with green roofing there is this beautiful house..</p>","Thepa ena ya mofuta wa house e fumaneha Masowe 2. E na le dikamore tse 3 le dibate tse 3 mme e fumaneha ka theko ya M 20,000. Tlotla ena e tshwanetse ho shejwa bakeng sa bareki ba batlang menyetla ya nnete Lesotho.",20000.0,LSL,Masowe 2,Masowe 2,House,3,3,"""[\""C:\\\\Users\\\\lepha\\\\Documents\\\\Codex\\\\2026-04-20-files-mentioned-by-the-user-group\\\\generated\\\\images\\\\live\\\\propmarket\\\\propmarket-YC3XPozCJANd8OtWIG21M\\\\image_1.jpg\"", \""C:\\\\Users\\\\lepha\\\\Documents\\\\Codex\\\\2026-04-20-files-mentioned-by-the-user-group\\\\generated\\\\images\\\\live\\\\propmarket\\\\propmarket-YC3XPozCJANd8OtWIG21M\\\\image_2.jpg\"", \""C:\\\\Users\\\\lepha\\\\Documents\\\\Codex\\\\2026-04-20-files-mentioned-by-the-user-group\\\\generated\\\\images\\\\live\\\\propmarket\\\\propmarket-YC3XPozCJANd8OtWIG21M\\\\image_3.jpg\"", \""C:\\\\Users\\\\lepha\\\\Documents\\\\Codex\\\\2026-04-20-files-mentioned-by-the-user-group\\\\generated\\\\images\\\\live\\\\propmarket\\\\propmarket-YC3XPozCJANd8OtWIG21M\\\\image_4.jpg\""]""",https://www.propmarket.co.ls/properties/YC3XPozCJANd8OtWIG21M,Good,Traditional,Urban,"""[\""near schools\""]""",rent
propmarket-Ag2B3-jVbkea7aQOhCs0M,propmarket,"1 Unit, 4 Bedrooms, House","🏘️Double Story For Rental!!!\n\nAVAILABLEFOR IMMEDIATE OCCUPATION. \nRENT PER MONTH : M35 000\nSECURITY DEPOSIT: M35 000.\n\nLOCATION: LOWER THETSANE \n\nSPECIFICATIONS \n\n4Bedroomed (Fitted )\nMaster ensuit \n\nKitchen fitted with Cupboards, Oven and stove.\n\nOpen plan Living room with Dining room and fireplace.\n\nCommon Bathroom fitted with Bathtub, Shower, Basin & Toilet. \n\nGuest toilet with washing hand basin.\n\nDouble Garage. \n\nGuard house \n\nPaved Spacious yard \n\nWall Fanced with Lockable gate \n\n● Can be used for commercial / residential purposes.","Thepa ena ya mofuta wa house e fumaneha Lower Thetsane, Maseru. E na le dikamore tse 4 le dibate tse 2 mme e fumaneha ka theko ya M 35,000. Tlotla ena e tshwanetse ho shejwa bakeng sa bareki ba batlang menyetla ya nnete Lesotho.",35000.0,LSL,Maseru,"Lower Thetsane, Maseru",House,4,2,"""[\""C:\\\\Users\\\\lepha\\\\Documents\\\\Codex\\\\2026-04-20-files-mentioned-by-the-user-group\\\\generated\\\\images\\\\live\\\\propmarket\\\\propmarket-Ag2B3-jVbkea7aQOhCs0M\\\\image_1.jpg\"", \""C:\\\\Users\\\\lepha\\\\Documents\\\\Codex\\\\2026-04-20-files-mentioned-by-the-user-group\\\\generated\\\\images\\\\live\\\\propmarket\\\\propmarket-Ag2B3-jVbkea7aQOhCs0M\\\\image_2.jpg\"", \""C:\\\\Users\\\\lepha\\\\Documents\\\\Codex\\\\2026-04-20-files-mentioned-by-the-user-group\\\\generated\\\\images\\\\live\\\\propmarket\\\\propmarket-Ag2B3-jVbkea7aQOhCs0M\\\\image_3.jpg\"", \""C:\\\\Users\\\\lepha\\\\Documents\\\\Codex\\\\2026-04-20-files-mentioned-by-the-user-group\\\\generated\\\\images\\\\live\\\\propmarket\\\\propmarket-Ag2B3-jVbkea7aQOhCs0M\\\\image_4.jpg\"", \""C:\\\\Users\\\\lepha\\\\Documents\\\\Codex\\\\2026-04-20-files-mentioned-by-the-user-group\\\\generated\\\\images\\\\live\\\\propmarket\\\\propmarket-Ag2B3-jVbkea7aQOhCs0M\\\\image_5.jpg\""]""",https://www.propmarket.co.ls/properties/Ag2B3-jVbkea7aQOhCs0M,Good,Family,Garden,"""[\""garage\"", \""yard\"", \""security\"", \""bathtub\"", \""shower\"", \""walled property\""]""",rent
propmarket-pW4KnmlUA2ECseFurLgVQ,propmarket,Commercial,"<p>This 5 roomed house with lisingle tse 4 and a bar, lease e teng, le licence ea bar e teng..Motse-Mocha </p>","Thepa ena ya mofuta wa house e fumaneha Motimposo, Maseru. E na le dikamore tse 2 le dibate tse 1 mme e fumaneha ka theko ya M 850,000. Tlotla ena e tshwanetse ho shejwa bakeng sa bareki ba batlang menyetla ya nnete Lesotho.",850000.0,LSL,Maseru,"Motimposo, Maseru",House,2,1,"""[\""C:\\\\Users\\\\lepha\\\\Documents\\\\Codex\\\\2026-04-20-files-mentioned-by-the-user-group\\\\generated\\\\images\\\\live\\\\propmarket\\\\propmarket-pW4KnmlUA2ECseFurLgVQ\\\\image_1.jpg\"", \""C:\\\\Users\\\\lepha\\\\Documents\\\\Codex\\\\2026-04-20-files-mentioned-by-the-user-group\\\\generated\\\\images\\\\live\\\\propmarket\\\\propmarket-pW4KnmlUA2ECseFurLgVQ\\\\image_2.jpg\"", \""C:\\\\Users\\\\lepha\\\\Documents\\\\Codex\\\\2026-04-20-files-mentioned-by-the-user-group\\\\generated\\\\images\\\\live\\\\propmarket\\\\propmarket-pW4KnmlUA2ECseFurLgVQ\\\\image_3.jpg\""]""",https://www.propmarket.co.ls/properties/pW4KnmlUA2ECseFurLgVQ,Good,Contemporary,Suburban,"""[]""",sale
propmarket-QKGMw79wnUuLy3qo91gUp,propmarket,"1 Unit, 3 Bedrooms, House","HOUSE FOR SALE\n\nLocation: Mohale’s hoek(Mohlakeng)\n\n3 bedrooms all fitted \n\nOne ensuite \n\nKitchen Fitted \n\nSitting room and dining room \n\nOpen space for resting and decoration \n\nDouble garage\n\nGuard House \n\nGuest bedroom with bath\n \nStore room\n\nChill area with fireplace \n\nPit Toilet\n\nDouble sewage pits \n\nBeautiful wall fencing\n\nBeautiful landscaping\n\nJojo tank with electric pump system\n\nFully Paved \n\nPlot size: 680sqm(Leased)\n\nAsking price: 2,5M","Thepa ena ya mofuta wa house e fumaneha Mohale's Hoek District, Lesotho. E na le dikamore tse 3 le dibate tse 3 mme e fumaneha ka theko ya M 2,500,000. Tlotla ena e tshwanetse ho shejwa bakeng sa bareki ba batlang menyetla ya nnete Lesotho.",2500000.0,LSL,Mohale's Hoek,"Mohale's Hoek District, Lesotho",House,3,3,"""[\""C:\\\\Users\\\\lepha\\\\Documents\\\\Codex\\\\2026-04-20-files-mentioned-by-the-user-group\\\\generated\\\\images\\\\live\\\\propmarket\\\\propmarket-QKGMw79wnUuLy3qo91gUp\\\\image_1.jpg\"", \""C:\\\\Users\\\\lepha\\\\Documents\\\\Codex\\\\2026-04-20-files-mentioned-by-the-user-group\\\\generated\\\\images\\\\live\\\\propmarket\\\\propmarket-QKGMw79wnUuLy3qo91gUp\\\\image_2.jpg\"", \""C:\\\\Users\\\\lepha\\\\Documents\\\\Codex\\\\2026-04-20-files-mentioned-by-the-user-group\\\\generated\\\\images\\\\live\\\\propmarket\\\\propmarket-QKGMw79wnUuLy3qo91gUp\\\\image_3.jpg\"", \""C:\\\\Users\\\\lepha\\\\Documents\\\\Codex\\\\2026-04-20-files-mentioned-by-the-user-group\\\\generated\\\\images\\\\live\\\\propmarket\\\\propmarket-QKGMw79wnUuLy3qo91gUp\\\\image_4.jpg\"", \""C:\\\\Users\\\\lepha\\\\Documents\\\\Codex\\\\2026-04-20-files-mentioned-by-the-user-group\\\\generated\\\\images\\\\live\\\\propmarket\\\\propmarket-QKGMw79wnUuLy3qo91gUp\\\\image_5.jpg\""]""",https://www.propmarket.co.ls/properties/QKGMw79wnUuLy3qo91gUp,Good,Traditional,Hillside,"""[\""garage\"", \""walled property\""]""",sale
propmarket-K4RC6E05MYaUlpJjvzZrs,propmarket,"1 Unit, 3 Bedrooms, House",<p>🛑3Bedroomed House for Sale</p><p></p><p> 📍Mazenod Riverside</p><p></p><p> 🕐 20minutes from Masianokeng </p><p></p><p>▪ 3Bedrooms not fitted </p><p></p><p>▪ 2 Bathrooms -One with shower 🚿the other Bathtub🛁 </p><p></p><p>▪Dining Room </p><p></p><p>▪Spacious Lounge </p><p></p><p>▪Kitchen with tap🚰 </p><p></p><p>💡Electricity available </p><p></p><p>🚰Water Available </p><p></p><p>📄Lease available </p><p></p><p>▪Plot Size 1708sqm</p><p></p><p>Flash Sale⚡⚡ 💰Price: Was 1.3million </p><p> Now 1.250million </p>,"Thepa ena ya mofuta wa house e fumaneha Mazenod, Maseru. E na le dikamore tse 3 le dibate tse 2 mme e fumaneha ka theko ya M 1,250,000. Tlotla ena e tshwanetse ho shejwa bakeng sa bareki ba batlang menyetla ya nnete Lesotho.",1250000.0,LSL,Maseru,"Mazenod, Maseru",House,3,2,"""[\""C:\\\\Users\\\\lepha\\\\Documents\\\\Codex\\\\2026-04-20-files-mentioned-by-the-user-group\\\\generated\\\\images\\\\live\\\\propmarket\\\\propmarket-K4RC6E05MYaUlpJjvzZrs\\\\image_1.jpg\"", \""C:\\\\Users\\\\lepha\\\\Documents\\\\Codex\\\\2026-04-20-files-mentioned-by-the-user-group\\\\generated\\\\images\\\\live\\\\propmarket\\\\propmarket-K4RC6E05MYaUlpJjvzZrs\\\\image_2.jpg\"", \""C:\\\\Users\\\\lepha\\\\Documents\\\\Codex\\\\2026-04-20-files-mentioned-by-the-user-group\\\\generated\\\\images\\\\live\\\\propmarket\\\\propmarket-K4RC6E05MYaUlpJjvzZrs\\\\image_3.jpg\"", \""C:\\\\Users\\\\lepha\\\\Documents\\\\Codex\\\\2026-04-20-files-mentioned-by-the-user-group\\\\generated\\\\images\\\\live\\\\propmarket\\\\propmarket-K4RC6E05MYaUlpJjvzZrs\\\\image_4.jpg\"", \""C:\\\\Users\\\\lepha\\\\Documents\\\\Codex\\\\2026-04-20-files-mentioned-by-the-user-group\\\\generated\\\\images\\\\live\\\\propmarket\\\\propmarket-K4RC6E05MYaUlpJjvzZrs\\\\image_5.png\""]""",https://www.propmarket.co.ls/properties/K4RC6E05MYaUlpJjvzZrs,Good,Family,Urban,"""[\""water connection\"", \""electricity\"", \""bathtub\"", \""shower\""]""",sale
propmarket-IGB_u0NO-YdMcU2P4Y5gn,propmarket,"1 Unit, 3 Bedrooms, House","DOUBLE STORY FOR RENTAL !!\nAVAILABLE ON 1st MARCH.\n\nRENT PER MONTH: M20 000\nSECURITY DEPOSIT: M20 000\n\n *LOCATION* : KATLEHONG NEAR MASERU MALL\n\n *IN AN ESTATE, 3UNITS IN YARD* . \n\n *SPECIFICATIONS* :\n\nWall Fanced with automated steel gate.\n\nFully furnished. \n\n3 Bedroomed. \n\n1st Bedroom\n•Master bedroom ensuit \n•Bathtub, wash basin, toilet and shower. \n•Wall wardrobe \n•Queen size Bed and dresser\n\n2nd Bedroom\n•Wall wardrobe \n•Queen size Bed and dresser\n•Shower, wash basin and toilet \n\n3rd Bedroom\n•Wall wardrobe \n•Double bed\n•Bathtub, wash basin and toilet \n\nOpen plan Morden Kitchen fitted \n\nOpen plan Dining & Lounge Area \n\nPaved yard and well maintained lawn.","Thepa ena ya mofuta wa house e fumaneha Katlehong, Maseru. E na le dikamore tse 3 le dibate tse 3 mme e fumaneha ka theko ya M 20,000. Tlotla ena e tshwanetse ho shejwa bakeng sa bareki ba batlang menyetla ya nnete Lesotho.",20000.0,LSL,Maseru,"Katlehong, Maseru",House,3,3,"""[\""C:\\\\Users\\\\lepha\\\\Documents\\\\Codex\\\\2026-04-20-files-mentioned-by-the-user-group\\\\generated\\\\images\\\\live\\\\propmarket\\\\propmarket-IGB_u0NO-YdMcU2P4Y5gn\\\\image_1.jpg\"", \""C:\\\\Users\\\\lepha\\\\Documents\\\\Codex\\\\2026-04-20-files-mentioned-by-the-user-group\\\\generated\\\\images\\\\live\\\\propmarket\\\\propmarket-IGB_u0NO-YdMcU2P4Y5gn\\\\image_2.jpg\"", \""C:\\\\Users\\\\lepha\\\\Documents\\\\Codex\\\\2026-04-20-files-mentioned-by-the-user-group\\\\generated\\\\images\\\\live\\\\propmarket\\\\propmarket-IGB_u0NO-YdMcU2P4Y5gn\\\\image_3.jpg\"", \""C:\\\\Users\\\\lepha\\\\Documents\\\\Codex\\\\2026-04-20-files-mentioned-by-the-user-group\\\\generated\\\\images\\\\live\\\\propmarket\\\\propmarket-IGB_u0NO-YdMcU2P4Y5gn\\\\image_4.jpg\"", \""C:\\\\Users\\\\lepha\\\\Documents\\\\Codex\\\\2026-04-20-files-mentioned-by-the-user-group\\\\generated\\\\images\\\\live\\\\propmarket\\\\propmarket-IGB_u0NO-YdMcU2P4Y5gn\\\\image_5.jpg\""]""",https://www.propmarket.co.ls/properties/IGB_u0NO-YdMcU2P4Y5gn,Good,Family,Garden,"""[\""yard\"", \""security\"", \""furnished\"", \""bathtub\"", \""shower\"", \""walled property\""]""",rent
propmarket-T54rOIcncaagQdinoCkYX,propmarket,"1 Unit, 3 Bedrooms, House","HOUSE FOR SALE – MATALA PHASE 2, MASERU\n\nLOCATION: ALONG THE TARRED ROAD\n PLOT SIZE: 546 SQUARE METERS\n\n FEATURES\n\n3 BEDROOMS – ALL FITTED WITH CUPBOARDS\n\n 2 BATHROOMS – MASTER BEDROOM ENSUITE\n\nGUEST TOILET\n\nOPEN PLAN – KITCHEN, DINING ROOM & LOUNGE\n\nMODERN KITCHEN CUPBOARDS – BIO-GAS & ELECTRIC STOVES + ELECTRIC OVEN\n\nDOUBLE GARAGE – AUTOMATED DOORS\n\nDETACHED LAUNDRY / SERVANTS’ QUARTERS – WITH TOILET\n\n 2 GATES – 1 AUTOMATED\n\nYARD SURROUNDINGS FULLY PAVED\n\nPRICE: M2,500,000","Thepa ena ya mofuta wa house e fumaneha 1 Unit, 3 Bedrooms, House for M2,500,000.00. E na le dikamore tse 3 le dibate tse 2 mme e fumaneha ka theko ya M 2,500,000. Tlotla ena e tshwanetse ho shejwa bakeng sa bareki ba batlang menyetla ya nnete Lesotho.",2500000.0,LSL,000.00,"1 Unit, 3 Bedrooms, House for M2,500,000.00",House,3,2,"""[\""C:\\\\Users\\\\lepha\\\\Documents\\\\Codex\\\\2026-04-20-files-mentioned-by-the-user-group\\\\generated\\\\images\\\\live\\\\propmarket\\\\propmarket-T54rOIcncaagQdinoCkYX\\\\image_1.jpg\"", \""C:\\\\Users\\\\lepha\\\\Documents\\\\Codex\\\\2026-04-20-files-mentioned-by-the-user-group\\\\generated\\\\images\\\\live\\\\propmarket\\\\propmarket-T54rOIcncaagQdinoCkYX\\\\image_2.jpg\"", \""C:\\\\Users\\\\lepha\\\\Documents\\\\Codex\\\\2026-04-20-files-mentioned-by-the-user-group\\\\generated\\\\images\\\\live\\\\propmarket\\\\propmarket-T54rOIcncaagQdinoCkYX\\\\image_3.jpg\"", \""C:\\\\Users\\\\lepha\\\\Documents\\\\Codex\\\\2026-04-20-files-mentioned-by-the-user-group\\\\generated\\\\images\\\\live\\\\propmarket\\\\propmarket-T54rOIcncaagQdinoCkYX\\\\image_4.jpg\"", \""C:\\\\Users\\\\lepha\\\\Documents\\\\Codex\\\\2026-04-20-files-mentioned-by-the-user-group\\\\generated\\\\images\\\\live\\\\propmarket\\\\propmarket-T54rOIcncaagQdinoCkYX\\\\image_5.jpg\""]""",https://www.propmarket.co.ls/properties/T54rOIcncaagQdinoCkYX,New,Modern,Garden,"""[\""garage\"", \""yard\"", \""road access\"", \""tar road\""]""",sale
propmarket-2CFUoaCIwCd1l-DFYy5P0,propmarket,"1 Unit, 3 Bedrooms, House",PROPERTY FOR SALE \n\nTHETSANE WEST\n\n3 bedroom house (master ensuite)\n\nOpen plan modern kitchen \n\nLounge x2\n\nBathub \n\nshower \n\nGuest toilet \n\nPaved surrounding \n\nwall fenced \n\nGuard house \n\nAsking price: 2million,"Thepa ena ya mofuta wa house e fumaneha Thetsane West, Maseru. E na le dikamore tse 3 le dibate tse 2 mme e fumaneha ka theko ya M 2,000,000. Tlotla ena e tshwanetse ho shejwa bakeng sa bareki ba batlang menyetla ya nnete Lesotho.",2000000.0,LSL,Maseru,"Thetsane West, Maseru",House,3,2,"""[\""C:\\\\Users\\\\lepha\\\\Documents\\\\Codex\\\\2026-04-20-files-mentioned-by-the-user-group\\\\generated\\\\images\\\\live\\\\propmarket\\\\propmarket-2CFUoaCIwCd1l-DFYy5P0\\\\image_1.jpg\"", \""C:\\\\Users\\\\lepha\\\\Documents\\\\Codex\\\\2026-04-20-files-mentioned-by-the-user-group\\\\generated\\\\images\\\\live\\\\propmarket\\\\propmarket-2CFUoaCIwCd1l-DFYy5P0\\\\image_2.jpg\"", \""C:\\\\Users\\\\lepha\\\\Documents\\\\Codex\\\\2026-04-20-files-mentioned-by-the-user-group\\\\generated\\\\images\\\\live\\\\propmarket\\\\propmarket-2CFUoaCIwCd1l-DFYy5P0\\\\image_3.jpg\"", \""C:\\\\Users\\\\lepha\\\\Documents\\\\Codex\\\\2026-04-20-files-mentioned-by-the-user-group\\\\generated\\\\images\\\\live\\\\propmarket\\\\propmarket-2CFUoaCIwCd1l-DFYy5P0\\\\image_4.jpg\"", \""C:\\\\Users\\\\lepha\\\\Documents\\\\Codex\\\\2026-04-20-files-mentioned-by-the-user-group\\\\generated\\\\images\\\\live\\\\propmarket\\\\propmarket-2CFUoaCIwCd1l-DFYy5P0\\\\image_5.jpg\""]""",https://www.propmarket.co.ls/properties/2CFUoaCIwCd1l-DFYy5P0,New,Modern,Suburban,"""[\""shower\"", \""walled property\""]""",sale
propmarket-BfaRxRjhHmxMEA2e2cHGG,propmarket,Malaene,"<p>This newly built property is at Maseru South, 5 singles, with electricity but no water at 220k. </p>","Thepa ena ya mofuta wa house e fumaneha Maseru South, Maseru. E na le dikamore tse 2 le dibate tse 1 mme e fumaneha ka theko ya M 220,000. Tlotla ena e tshwanetse ho shejwa bakeng sa bareki ba batlang menyetla ya nnete Lesotho.",220000.0,LSL,Maseru,"Maseru South, Maseru",House,2,1,"""[\""C:\\\\Users\\\\lepha\\\\Documents\\\\Codex\\\\2026-04-20-files-mentioned-by-the-user-group\\\\generated\\\\images\\\\live\\\\propmarket\\\\propmarket-BfaRxRjhHmxMEA2e2cHGG\\\\image_1.jpg\"", \""C:\\\\Users\\\\lepha\\\\Documents\\\\Codex\\\\2026-04-20-files-mentioned-by-the-user-group\\\\generated\\\\images\\\\live\\\\propmarket\\\\propmarket-BfaRxRjhHmxMEA2e2cHGG\\\\image_2.jpg\"", \""C:\\\\Users\\\\lepha\\\\Documents\\\\Codex\\\\2026-04-20-files-mentioned-by-the-user-group\\\\generated\\\\images\\\\live\\\\propmarket\\\\propmarket-BfaRxRjhHmxMEA2e2cHGG\\\\image_3.jpg\""]""",https://www.propmarket.co.ls/properties/BfaRxRjhHmxMEA2e2cHGG,New,Traditional,Urban,"""[\""water connection\"", \""electricity\""]""",sale
propmarket-Nvyl2umKTbWZ79Ii9X9aS,propmarket,Site,Site Available for sale \n📍Masowe 3\n2minutes to tar \nSize: 663sqm\n💰350k \n,"Thepa ena ya mofuta wa site e fumaneha Masowe 2. E na le sebaka sena mme e fumaneha ka theko ya M 350,000. Tlotla ena e tshwanetse ho shejwa bakeng sa bareki ba batlang menyetla ya nnete Lesotho.",350000.0,LSL,Masowe 2,Masowe 2,Site,0,0,"""[\""C:\\\\Users\\\\lepha\\\\Documents\\\\Codex\\\\2026-04-20-files-mentioned-by-the-user-group\\\\generated\\\\images\\\\live\\\\propmarket\\\\propmarket-Nvyl2umKTbWZ79Ii9X9aS\\\\image_1.jpg\"", \""C:\\\\Users\\\\lepha\\\\Documents\\\\Codex\\\\2026-04-20-files-mentioned-by-the-user-group\\\\generated\\\\images\\\\live\\\\propmarket\\\\propmarket-Nvyl2umKTbWZ79Ii9X9aS\\\\image_2.jpg\"", \""C:\\\\Users\\\\lepha\\\\Documents\\\\Codex\\\\2026-04-20-files-mentioned-by-the-user-group\\\\generated\\\\images\\\\live\\\\propmarket\\\\propmarket-Nvyl2umKTbWZ79Ii9X9aS\\\\image_3.jpg\"", \""C:\\\\Users\\\\lepha\\\\Documents\\\\Codex\\\\2026-04-20-files-mentioned-by-the-user-group\\\\generated\\\\images\\\\live\\\\propmarket\\\\propmarket-Nvyl2umKTbWZ79Ii9X9aS\\\\image_4.png\""]""",https://www.propmarket.co.ls/properties/Nvyl2umKTbWZ79Ii9X9aS,Good,Traditional,Suburban,"""[\""tar road\""]""",sale
propmarket-QSy-moFe5DmZahW2GUmmh,propmarket,"1 Unit, 5 Bedrooms, House",<p>🏘️DOUBLE STORY HOUSE FOR SALE </p><p>📍Khubetswana </p><p>●5Bedroomed </p><p>●4Bathrooms </p><p>●Open Plan Kitchen and Dining</p><p>●Pyjama lounge </p><p>● Sitting room</p><p>● 644sqm site </p><p>💰1.9million</p>,"Thepa ena ya mofuta wa house e fumaneha Khubetsoana, Berea. E na le dikamore tse 5 le dibate tse 4 mme e fumaneha ka theko ya M 1,900,000. Tlotla ena e tshwanetse ho shejwa bakeng sa bareki ba batlang menyetla ya nnete Lesotho.",1900000.0,LSL,Berea,"Khubetsoana, Berea",House,5,4,"""[\""C:\\\\Users\\\\lepha\\\\Documents\\\\Codex\\\\2026-04-20-files-mentioned-by-the-user-group\\\\generated\\\\images\\\\live\\\\propmarket\\\\propmarket-QSy-moFe5DmZahW2GUmmh\\\\image_1.jpg\"", \""C:\\\\Users\\\\lepha\\\\Documents\\\\Codex\\\\2026-04-20-files-mentioned-by-the-user-group\\\\generated\\\\images\\\\live\\\\propmarket\\\\propmarket-QSy-moFe5DmZahW2GUmmh\\\\image_2.jpg\"", \""C:\\\\Users\\\\lepha\\\\Documents\\\\Codex\\\\2026-04-20-files-mentioned-by-the-user-group\\\\generated\\\\images\\\\live\\\\propmarket\\\\propmarket-QSy-moFe5DmZahW2GUmmh\\\\image_3.jpg\"", \""C:\\\\Users\\\\lepha\\\\Documents\\\\Codex\\\\2026-04-20-files-mentioned-by-the-user-group\\\\generated\\\\images\\\\live\\\\propmarket\\\\propmarket-QSy-moFe5DmZahW2GUmmh\\\\image_4.jpg\"", \""C:\\\\Users\\\\lepha\\\\Documents\\\\Codex\\\\2026-04-20-files-mentioned-by-the-user-group\\\\generated\\\\images\\\\live\\\\propmarket\\\\propmarket-QSy-moFe5DmZahW2GUmmh\\\\image_5.jpg\""]""",https://www.propmarket.co.ls/properties/QSy-moFe5DmZahW2GUmmh,Good,Traditional,Suburban,"""[]""",sale
propmarket-HiLl2ljY0Ml8irMmudk1B,propmarket,"1 Unit, 2 Bedrooms, House","🏬FURNISHED DUPLEX AVAILABLE \n\n📍Thetsane Lecoop\n•Two bedroomed fitted\n•Kitchen fully fitted plus Stove\n•Bathroom fitted with shower and bath-tub \n•Modern Open plan\n•Rent: M11,500\n•Unlimited wifi \n•Lockable gate\nN:B Beds are excluded in the package \n°Water bill and WiFi bill included in the rent.","Thepa ena ya mofuta wa townhouse e fumaneha Thetsane, Maseru. E na le dikamore tse 2 le dibate tse 1 mme e fumaneha ka theko ya M 11,500. Tlotla ena e tshwanetse ho shejwa bakeng sa bareki ba batlang menyetla ya nnete Lesotho.",11500.0,LSL,Maseru,"Thetsane, Maseru",Townhouse,2,1,"""[\""C:\\\\Users\\\\lepha\\\\Documents\\\\Codex\\\\2026-04-20-files-mentioned-by-the-user-group\\\\generated\\\\images\\\\live\\\\propmarket\\\\propmarket-HiLl2ljY0Ml8irMmudk1B\\\\image_1.jpg\"", \""C:\\\\Users\\\\lepha\\\\Documents\\\\Codex\\\\2026-04-20-files-mentioned-by-the-user-group\\\\generated\\\\images\\\\live\\\\propmarket\\\\propmarket-HiLl2ljY0Ml8irMmudk1B\\\\image_2.jpg\"", \""C:\\\\Users\\\\lepha\\\\Documents\\\\Codex\\\\2026-04-20-files-mentioned-by-the-user-group\\\\generated\\\\images\\\\live\\\\propmarket\\\\propmarket-HiLl2ljY0Ml8irMmudk1B\\\\image_3.jpg\"", \""C:\\\\Users\\\\lepha\\\\Documents\\\\Codex\\\\2026-04-20-files-mentioned-by-the-user-group\\\\generated\\\\images\\\\live\\\\propmarket\\\\propmarket-HiLl2ljY0Ml8irMmudk1B\\\\image_4.jpg\"", \""C:\\\\Users\\\\lepha\\\\Documents\\\\Codex\\\\2026-04-20-files-mentioned-by-the-user-group\\\\generated\\\\images\\\\live\\\\propmarket\\\\propmarket-HiLl2ljY0Ml8irMmudk1B\\\\image_5.jpg\""]""",https://www.propmarket.co.ls/properties/HiLl2ljY0Ml8irMmudk1B,New,Modern,Suburban,"""[\""water connection\"", \""road access\"", \""furnished\"", \""shower\""]""",rent
propmarket-wb4n0Rbvz3Y9IuKoCfUnJ,propmarket,"1 Unit, 1 Bedroom, House",<p>🏘️2 roomed house for sale Ha Tsolo </p><p>📍Ha Lekhowa </p><p>●10minutes from tar road </p><p>●275sqm</p><p>●Electricity and Water Available </p><p>●Leased </p><p>💰200k</p><p></p>,"Thepa ena ya mofuta wa house e fumaneha Ha Tsolo, Maseru. E na le dikamore tse 1 mme e fumaneha ka theko ya M 200,000. Tlotla ena e tshwanetse ho shejwa bakeng sa bareki ba batlang menyetla ya nnete Lesotho.",200000.0,LSL,Maseru,"Ha Tsolo, Maseru",House,1,0,"""[\""C:\\\\Users\\\\lepha\\\\Documents\\\\Codex\\\\2026-04-20-files-mentioned-by-the-user-group\\\\generated\\\\images\\\\live\\\\propmarket\\\\propmarket-wb4n0Rbvz3Y9IuKoCfUnJ\\\\image_1.jpg\"", \""C:\\\\Users\\\\lepha\\\\Documents\\\\Codex\\\\2026-04-20-files-mentioned-by-the-user-group\\\\generated\\\\images\\\\live\\\\propmarket\\\\propmarket-wb4n0Rbvz3Y9IuKoCfUnJ\\\\image_2.jpg\"", \""C:\\\\Users\\\\lepha\\\\Documents\\\\Codex\\\\2026-04-20-files-mentioned-by-the-user-group\\\\generated\\\\images\\\\live\\\\propmarket\\\\propmarket-wb4n0Rbvz3Y9IuKoCfUnJ\\\\image_3.jpg\"", \""C:\\\\Users\\\\lepha\\\\Documents\\\\Codex\\\\2026-04-20-files-mentioned-by-the-user-group\\\\generated\\\\images\\\\live\\\\propmarket\\\\propmarket-wb4n0Rbvz3Y9IuKoCfUnJ\\\\image_4.jpg\"", \""C:\\\\Users\\\\lepha\\\\Documents\\\\Codex\\\\2026-04-20-files-mentioned-by-the-user-group\\\\generated\\\\images\\\\live\\\\propmarket\\\\propmarket-wb4n0Rbvz3Y9IuKoCfUnJ\\\\image_5.png\""]""",https://www.propmarket.co.ls/properties/wb4n0Rbvz3Y9IuKoCfUnJ,Good,Traditional,Urban,"""[\""water connection\"", \""electricity\"", \""road access\"", \""tar road\""]""",sale
propmarket-57zMtyM1KMY0dAsB2Jhsg,propmarket,House,"<p>We have this beautiful house at T.Y Ha-Motjoka..It is a 5 roomed house with a toilet, electricity and water..it has a sitting room, a kitchen, 2 bedrooms as well as unfitted bathroom</p>","Thepa ena ya mofuta wa house e fumaneha T.Y Ha-Motjoka. E na le dikamore tse 2 le dibate tse 1 mme e fumaneha ka theko ya M 450,000. Tlotla ena e tshwanetse ho shejwa bakeng sa bareki ba batlang menyetla ya nnete Lesotho.",450000.0,LSL,T.Y Ha-Motjoka,T.Y Ha-Motjoka,House,2,1,"""[\""C:\\\\Users\\\\lepha\\\\Documents\\\\Codex\\\\2026-04-20-files-mentioned-by-the-user-group\\\\generated\\\\images\\\\live\\\\propmarket\\\\propmarket-57zMtyM1KMY0dAsB2Jhsg\\\\image_1.jpg\"", \""C:\\\\Users\\\\lepha\\\\Documents\\\\Codex\\\\2026-04-20-files-mentioned-by-the-user-group\\\\generated\\\\images\\\\live\\\\propmarket\\\\propmarket-57zMtyM1KMY0dAsB2Jhsg\\\\image_2.jpg\"", \""C:\\\\Users\\\\lepha\\\\Documents\\\\Codex\\\\2026-04-20-files-mentioned-by-the-user-group\\\\generated\\\\images\\\\live\\\\propmarket\\\\propmarket-57zMtyM1KMY0dAsB2Jhsg\\\\image_3.jpg\"", \""C:\\\\Users\\\\lepha\\\\Documents\\\\Codex\\\\2026-04-20-files-mentioned-by-the-user-group\\\\generated\\\\images\\\\live\\\\propmarket\\\\propmarket-57zMtyM1KMY0dAsB2Jhsg\\\\image_4.jpg\""]""",https://www.propmarket.co.ls/properties/57zMtyM1KMY0dAsB2Jhsg,Good,Traditional,Urban,"""[\""water connection\"", \""electricity\""]""",sale
propmarket-SjwlnIr-wdhuZlpAriMhK,propmarket,House,2 roomed house for sale at Mazenod - turn left along Moshoeshoe 1 aiport road. \nThe size of the site is 38m by 32m. \nElectricity and water is avaliable. \n5 minutes to main road\nNext to Thota Moli Hotel,"Thepa ena ya mofuta wa house e fumaneha Mazenod, Maseru. E na le dikamore tse 2 le dibate tse 1 mme e fumaneha ka theko ya M 385,000. Tlotla ena e tshwanetse ho shejwa bakeng sa bareki ba batlang menyetla ya nnete Lesotho.",385000.0,LSL,Maseru,"Mazenod, Maseru",House,2,1,"""[\""C:\\\\Users\\\\lepha\\\\Documents\\\\Codex\\\\2026-04-20-files-mentioned-by-the-user-group\\\\generated\\\\images\\\\live\\\\propmarket\\\\propmarket-SjwlnIr-wdhuZlpAriMhK\\\\image_1.jpg\"", \""C:\\\\Users\\\\lepha\\\\Documents\\\\Codex\\\\2026-04-20-files-mentioned-by-the-user-group\\\\generated\\\\images\\\\live\\\\propmarket\\\\propmarket-SjwlnIr-wdhuZlpAriMhK\\\\image_2.jpg\"", \""C:\\\\Users\\\\lepha\\\\Documents\\\\Codex\\\\2026-04-20-files-mentioned-by-the-user-group\\\\generated\\\\images\\\\live\\\\propmarket\\\\propmarket-SjwlnIr-wdhuZlpAriMhK\\\\image_3.jpg\"", \""C:\\\\Users\\\\lepha\\\\Documents\\\\Codex\\\\2026-04-20-files-mentioned-by-the-user-group\\\\generated\\\\images\\\\live\\\\propmarket\\\\propmarket-SjwlnIr-wdhuZlpAriMhK\\\\image_4.jpg\"", \""C:\\\\Users\\\\lepha\\\\Documents\\\\Codex\\\\2026-04-20-files-mentioned-by-the-user-group\\\\generated\\\\images\\\\live\\\\propmarket\\\\propmarket-SjwlnIr-wdhuZlpAriMhK\\\\image_5.png\""]""",https://www.propmarket.co.ls/properties/SjwlnIr-wdhuZlpAriMhK,Good,Traditional,Urban,"""[\""water connection\"", \""electricity\"", \""road access\""]""",sale
propmarket-rMcWUxbszcO7fzXdsmt-C,propmarket,"1 Unit, 3 Bedrooms, House",🏘️STAND ALONE HOUSE FOR RENTAL \n\nAVAILABLE FOR IMMEDIATE OCCUPATION. \n\n📍Location: Thetsane \n\n💰RENT: FURNISHED- 13K \n💰RENT: UNFURNISHED - 10K\n\nSPECIFICATIONS \n\n3 Bedrooms _Master ensuit\n\n1 Guest Bathroom \n\nOpen plan kitchen \n\nDining area \n\nLounge \n\nDouble Garage \n\nWall Fittings \n\nUnlimited Wi-Fi \n\nCctv Cameras \n\nPaved \n\nWall Fanced \n\nFor further inquiries and viewing please contact me here +266 59107030,"Thepa ena ya mofuta wa house e fumaneha Thetsane, Maseru. E na le dikamore tse 3 le dibate tse 2 mme e fumaneha ka theko ya M 10,000. Tlotla ena e tshwanetse ho shejwa bakeng sa bareki ba batlang menyetla ya nnete Lesotho.",10000.0,LSL,Maseru,"Thetsane, Maseru",House,3,2,"""[\""C:\\\\Users\\\\lepha\\\\Documents\\\\Codex\\\\2026-04-20-files-mentioned-by-the-user-group\\\\generated\\\\images\\\\live\\\\propmarket\\\\propmarket-rMcWUxbszcO7fzXdsmt-C\\\\image_1.jpg\"", \""C:\\\\Users\\\\lepha\\\\Documents\\\\Codex\\\\2026-04-20-files-mentioned-by-the-user-group\\\\generated\\\\images\\\\live\\\\propmarket\\\\propmarket-rMcWUxbszcO7fzXdsmt-C\\\\image_2.jpg\"", \""C:\\\\Users\\\\lepha\\\\Documents\\\\Codex\\\\2026-04-20-files-mentioned-by-the-user-group\\\\generated\\\\images\\\\live\\\\propmarket\\\\propmarket-rMcWUxbszcO7fzXdsmt-C\\\\image_3.jpg\"", \""C:\\\\Users\\\\lepha\\\\Documents\\\\Codex\\\\2026-04-20-files-mentioned-by-the-user-group\\\\generated\\\\images\\\\live\\\\propmarket\\\\propmarket-rMcWUxbszcO7fzXdsmt-C\\\\image_4.jpg\"", \""C:\\\\Users\\\\lepha\\\\Documents\\\\Codex\\\\2026-04-20-files-mentioned-by-the-user-group\\\\generated\\\\images\\\\live\\\\propmarket\\\\propmarket-rMcWUxbszcO7fzXdsmt-C\\\\image_5.jpg\""]""",https://www.propmarket.co.ls/properties/rMcWUxbszcO7fzXdsmt-C,Good,Traditional,Hillside,"""[\""garage\"", \""road access\"", \""furnished\"", \""walled property\""]""",rent
propmarket-kxU3ushHtqM2uv073M83P,propmarket,"2 Bedrooms, Duplex","DUPLEX AVAILABLE FOR IMMEDIATE OCCUPATION. \n\n📍Ha Mabote ( Pela Mapoleseng)\n▪ 2 Bedrooms fitted \n▪Kitchen fitted \n▪Bathroom fitted with shower, basin and toilet. \n▪Yard paved \n▪Fanced with automated gate \n▪3min to tar road \n\n💰RENT 5000p/m\n💰SECURITY 5000\n\nNB: AGENCY FEES APPLY \n\nViewing fee R50 \nCommission R500\n\nFor further inquiries and viewing please contact me here +266 59107030","Thepa ena ya mofuta wa townhouse e fumaneha Mabote, Berea. E na le dikamore tse 2 le dibate tse 1 mme e fumaneha ka theko ya M 5,000. Tlotla ena e tshwanetse ho shejwa bakeng sa bareki ba batlang menyetla ya nnete Lesotho.",5000.0,LSL,Berea,"Mabote, Berea",Townhouse,2,1,"""[\""C:\\\\Users\\\\lepha\\\\Documents\\\\Codex\\\\2026-04-20-files-mentioned-by-the-user-group\\\\generated\\\\images\\\\live\\\\propmarket\\\\propmarket-kxU3ushHtqM2uv073M83P\\\\image_1.jpg\"", \""C:\\\\Users\\\\lepha\\\\Documents\\\\Codex\\\\2026-04-20-files-mentioned-by-the-user-group\\\\generated\\\\images\\\\live\\\\propmarket\\\\propmarket-kxU3ushHtqM2uv073M83P\\\\image_2.jpg\"", \""C:\\\\Users\\\\lepha\\\\Documents\\\\Codex\\\\2026-04-20-files-mentioned-by-the-user-group\\\\generated\\\\images\\\\live\\\\propmarket\\\\propmarket-kxU3ushHtqM2uv073M83P\\\\image_3.jpg\"", \""C:\\\\Users\\\\lepha\\\\Documents\\\\Codex\\\\2026-04-20-files-mentioned-by-the-user-group\\\\generated\\\\images\\\\live\\\\propmarket\\\\propmarket-kxU3ushHtqM2uv073M83P\\\\image_4.jpg\"", \""C:\\\\Users\\\\lepha\\\\Documents\\\\Codex\\\\2026-04-20-files-mentioned-by-the-user-group\\\\generated\\\\images\\\\live\\\\propmarket\\\\propmarket-kxU3ushHtqM2uv073M83P\\\\image_5.jpg\""]""",https://www.propmarket.co.ls/properties/kxU3ushHtqM2uv073M83P,Good,Family,Garden,"""[\""yard\"", \""road access\"", \""tar road\"", \""security\"", \""shower\""]""",rent
propmarket-sl7LfNIIrH29cxLNDy3mA,propmarket,Site,Site for sale at Thaba Khupa - Ha Makhalanyane. It is size - 20m by 25m and it has Form C. Two minutes walk from tar road. Electricity is available. Water is available.,"Thepa ena ya mofuta wa site e fumaneha Thaba-khupa, Maseru. E na le sebaka sena mme e fumaneha ka theko ya M 70,000. Tlotla ena e tshwanetse ho shejwa bakeng sa bareki ba batlang menyetla ya nnete Lesotho.",70000.0,LSL,Maseru,"Thaba-khupa, Maseru",Site,0,0,"""[\""C:\\\\Users\\\\lepha\\\\Documents\\\\Codex\\\\2026-04-20-files-mentioned-by-the-user-group\\\\generated\\\\images\\\\live\\\\propmarket\\\\propmarket-sl7LfNIIrH29cxLNDy3mA\\\\image_1.jpg\"", \""C:\\\\Users\\\\lepha\\\\Documents\\\\Codex\\\\2026-04-20-files-mentioned-by-the-user-group\\\\generated\\\\images\\\\live\\\\propmarket\\\\propmarket-sl7LfNIIrH29cxLNDy3mA\\\\image_2.png\""]""",https://www.propmarket.co.ls/properties/sl7LfNIIrH29cxLNDy3mA,Good,Traditional,Urban,"""[\""water connection\"", \""electricity\"", \""road access\"", \""tar road\""]""",sale
propmarket-FIhsOH0h3eeTeixTqU7tC,propmarket,Site,Site for sale at Thaba Khupa - Ha Makhalanyane. It is size - 20m by 30m and it has Form C. Two minutes walk from tar road. Electricity is available. Water is available,"Thepa ena ya mofuta wa site e fumaneha Thaba-khupa, Maseru. E na le sebaka sena mme e fumaneha ka theko ya M 75,000. Tlotla ena e tshwanetse ho shejwa bakeng sa bareki ba batlang menyetla ya nnete Lesotho.",75000.0,LSL,Maseru,"Thaba-khupa, Maseru",Site,0,0,"""[\""C:\\\\Users\\\\lepha\\\\Documents\\\\Codex\\\\2026-04-20-files-mentioned-by-the-user-group\\\\generated\\\\images\\\\live\\\\propmarket\\\\propmarket-FIhsOH0h3eeTeixTqU7tC\\\\image_1.jpg\"", \""C:\\\\Users\\\\lepha\\\\Documents\\\\Codex\\\\2026-04-20-files-mentioned-by-the-user-group\\\\generated\\\\images\\\\live\\\\propmarket\\\\propmarket-FIhsOH0h3eeTeixTqU7tC\\\\image_2.png\""]""",https://www.propmarket.co.ls/properties/FIhsOH0h3eeTeixTqU7tC,Good,Traditional,Urban,"""[\""water connection\"", \""electricity\"", \""road access\"", \""tar road\""]""",sale
propmarket-COK7x2IaR44RtYWMzf3u_,propmarket,"1 Unit, 3 Bedrooms, House",🏘️HOUSE FOR SALE ‼️\n\n📍Location : Masowe 3\nPrice 💰: 1.4million \n\nSPECIFICATIONS \n\n3Bedrooms fitted \n- Master ensuit and dressing room \n\n1Common Bathroom \n\nKitchen \n\nDining area \n\nLoving room with underfloor heating. \n\nSingle garage \n\nStore room\n\nOutside toilet \n\nBraai area.\n\nPaved yard\n\nWall Fanced.,"Thepa ena ya mofuta wa house e fumaneha 1 Unit, 3 Bedrooms, House for M1,400,000.00. E na le dikamore tse 3 le dibate tse 2 mme e fumaneha ka theko ya M 1,400,000. Tlotla ena e tshwanetse ho shejwa bakeng sa bareki ba batlang menyetla ya nnete Lesotho.",1400000.0,LSL,000.00,"1 Unit, 3 Bedrooms, House for M1,400,000.00",House,3,2,"""[\""C:\\\\Users\\\\lepha\\\\Documents\\\\Codex\\\\2026-04-20-files-mentioned-by-the-user-group\\\\generated\\\\images\\\\live\\\\propmarket\\\\propmarket-COK7x2IaR44RtYWMzf3u_\\\\image_1.jpg\"", \""C:\\\\Users\\\\lepha\\\\Documents\\\\Codex\\\\2026-04-20-files-mentioned-by-the-user-group\\\\generated\\\\images\\\\live\\\\propmarket\\\\propmarket-COK7x2IaR44RtYWMzf3u_\\\\image_2.jpg\"", \""C:\\\\Users\\\\lepha\\\\Documents\\\\Codex\\\\2026-04-20-files-mentioned-by-the-user-group\\\\generated\\\\images\\\\live\\\\propmarket\\\\propmarket-COK7x2IaR44RtYWMzf3u_\\\\image_3.jpg\"", \""C:\\\\Users\\\\lepha\\\\Documents\\\\Codex\\\\2026-04-20-files-mentioned-by-the-user-group\\\\generated\\\\images\\\\live\\\\propmarket\\\\propmarket-COK7x2IaR44RtYWMzf3u_\\\\image_4.jpg\"", \""C:\\\\Users\\\\lepha\\\\Documents\\\\Codex\\\\2026-04-20-files-mentioned-by-the-user-group\\\\generated\\\\images\\\\live\\\\propmarket\\\\propmarket-COK7x2IaR44RtYWMzf3u_\\\\image_5.jpg\""]""",https://www.propmarket.co.ls/properties/COK7x2IaR44RtYWMzf3u_,Good,Family,Garden,"""[\""garage\"", \""yard\"", \""walled property\""]""",sale
propmarket-hqQlr-gSZWjnLncwKu3Ck,propmarket,"3 Bedrooms, House","BEAUTIFUL 3 BEDROOMS HOUSE FOR SALE THETSANE LESIA. \n\n.3 fitted bedrooms, master bedroom en-suite, \n.Lounge and dinning, \n.TV room/office, .\n.Fitted kitchen, \n.Servants quarters, \n.Double garage. \n.Plot size 824sqm lease available \n.Secure location : THETSANE LESIA\n\nVALUATION REPORT M1,950,000\n\nASKING PRICE 1,850, 000","Thepa ena ya mofuta wa house e fumaneha Sefate Sa Bophelo English Medium School, Maseru. E na le dikamore tse 3 le dibate tse 2 mme e fumaneha ka theko ya M 1,850,000. Tlotla ena e tshwanetse ho shejwa bakeng sa bareki ba batlang menyetla ya nnete Lesotho.",1850000.0,LSL,Maseru,"Sefate Sa Bophelo English Medium School, Maseru",House,3,2,"""[\""C:\\\\Users\\\\lepha\\\\Documents\\\\Codex\\\\2026-04-20-files-mentioned-by-the-user-group\\\\generated\\\\images\\\\live\\\\propmarket\\\\propmarket-hqQlr-gSZWjnLncwKu3Ck\\\\image_1.jpg\"", \""C:\\\\Users\\\\lepha\\\\Documents\\\\Codex\\\\2026-04-20-files-mentioned-by-the-user-group\\\\generated\\\\images\\\\live\\\\propmarket\\\\propmarket-hqQlr-gSZWjnLncwKu3Ck\\\\image_2.jpg\"", \""C:\\\\Users\\\\lepha\\\\Documents\\\\Codex\\\\2026-04-20-files-mentioned-by-the-user-group\\\\generated\\\\images\\\\live\\\\propmarket\\\\propmarket-hqQlr-gSZWjnLncwKu3Ck\\\\image_3.jpg\"", \""C:\\\\Users\\\\lepha\\\\Documents\\\\Codex\\\\2026-04-20-files-mentioned-by-the-user-group\\\\generated\\\\images\\\\live\\\\propmarket\\\\propmarket-hqQlr-gSZWjnLncwKu3Ck\\\\image_4.jpg\"", \""C:\\\\Users\\\\lepha\\\\Documents\\\\Codex\\\\2026-04-20-files-mentioned-by-the-user-group\\\\generated\\\\images\\\\live\\\\propmarket\\\\propmarket-hqQlr-gSZWjnLncwKu3Ck\\\\image_5.jpg\""]""",https://www.propmarket.co.ls/properties/hqQlr-gSZWjnLncwKu3Ck,Good,Contemporary,Urban,"""[\""garage\"", \""near schools\"", \""office-ready\""]""",sale
propmarket-g13hYjNE8cCghYl6EmDUn,propmarket,"2 Bedrooms, Duplex",DUPLEX AVAILABLE FOR IMMEDIATE OCCUPATION \n📍HA PITA\n2 Bedroomed \nKitchen fully fitted \nLounge \nBathroom fitted with Shower🚿\n🔥Laminated floor\n\nEXTERIOR:\n\n-Paved\n-Wall Fanced \n-Automated gate\n\n2 minutes to tar road\n\nRent = 6500\nDeposit = 6500\n\nCommission required \n\n,"Thepa ena ya mofuta wa townhouse e fumaneha Ha Pita, Maseru. E na le dikamore tse 2 le dibate tse 1 mme e fumaneha ka theko ya M 6,500. Tlotla ena e tshwanetse ho shejwa bakeng sa bareki ba batlang menyetla ya nnete Lesotho.",6500.0,LSL,Maseru,"Ha Pita, Maseru",Townhouse,2,1,"""[\""C:\\\\Users\\\\lepha\\\\Documents\\\\Codex\\\\2026-04-20-files-mentioned-by-the-user-group\\\\generated\\\\images\\\\live\\\\propmarket\\\\propmarket-g13hYjNE8cCghYl6EmDUn\\\\image_1.jpg\"", \""C:\\\\Users\\\\lepha\\\\Documents\\\\Codex\\\\2026-04-20-files-mentioned-by-the-user-group\\\\generated\\\\images\\\\live\\\\propmarket\\\\propmarket-g13hYjNE8cCghYl6EmDUn\\\\image_2.jpg\"", \""C:\\\\Users\\\\lepha\\\\Documents\\\\Codex\\\\2026-04-20-files-mentioned-by-the-user-group\\\\generated\\\\images\\\\live\\\\propmarket\\\\propmarket-g13hYjNE8cCghYl6EmDUn\\\\image_3.jpg\"", \""C:\\\\Users\\\\lepha\\\\Documents\\\\Codex\\\\2026-04-20-files-mentioned-by-the-user-group\\\\generated\\\\images\\\\live\\\\propmarket\\\\propmarket-g13hYjNE8cCghYl6EmDUn\\\\image_4.jpg\"", \""C:\\\\Users\\\\lepha\\\\Documents\\\\Codex\\\\2026-04-20-files-mentioned-by-the-user-group\\\\generated\\\\images\\\\live\\\\propmarket\\\\propmarket-g13hYjNE8cCghYl6EmDUn\\\\image_5.jpg\""]""",https://www.propmarket.co.ls/properties/g13hYjNE8cCghYl6EmDUn,Good,Traditional,Urban,"""[\""road access\"", \""tar road\"", \""shower\"", \""walled property\""]""",rent
propmarket-miNavCueXULaOSmmBmsJi,propmarket,"1 Unit, 3 Bedrooms, House","STAND ALONE AVAILABLE FOR IMMEDIATE OCCUPATION \n\n📍Location: Khubetswana Salang\n\n▪3 Bedrooms \n\n▪2Bedrooms fitted\n\n▪Kitchen fully fitted\n\n▪3 min to the tar road\n\n▪Rent: LsL 6,0000(negotiable) plus deposit \n\n❗NB: AGENCY FEES APPLY \n•Consultation fee R100\n•Commission fee R500\n\nFor further inquiries and viewing please contact me here +266 59107030.","Thepa ena ya mofuta wa house e fumaneha Khubetsoana, Berea. E na le dikamore tse 3 le dibate tse 1 mme e fumaneha ka theko ya M 6,000. Tlotla ena e tshwanetse ho shejwa bakeng sa bareki ba batlang menyetla ya nnete Lesotho.",6000.0,LSL,Berea,"Khubetsoana, Berea",House,3,1,"""[\""C:\\\\Users\\\\lepha\\\\Documents\\\\Codex\\\\2026-04-20-files-mentioned-by-the-user-group\\\\generated\\\\images\\\\live\\\\propmarket\\\\propmarket-miNavCueXULaOSmmBmsJi\\\\image_1.jpg\"", \""C:\\\\Users\\\\lepha\\\\Documents\\\\Codex\\\\2026-04-20-files-mentioned-by-the-user-group\\\\generated\\\\images\\\\live\\\\propmarket\\\\propmarket-miNavCueXULaOSmmBmsJi\\\\image_2.jpg\"", \""C:\\\\Users\\\\lepha\\\\Documents\\\\Codex\\\\2026-04-20-files-mentioned-by-the-user-group\\\\generated\\\\images\\\\live\\\\propmarket\\\\propmarket-miNavCueXULaOSmmBmsJi\\\\image_3.jpg\"", \""C:\\\\Users\\\\lepha\\\\Documents\\\\Codex\\\\2026-04-20-files-mentioned-by-the-user-group\\\\generated\\\\images\\\\live\\\\propmarket\\\\propmarket-miNavCueXULaOSmmBmsJi\\\\image_4.jpg\"", \""C:\\\\Users\\\\lepha\\\\Documents\\\\Codex\\\\2026-04-20-files-mentioned-by-the-user-group\\\\generated\\\\images\\\\live\\\\propmarket\\\\propmarket-miNavCueXULaOSmmBmsJi\\\\image_5.jpg\""]""",https://www.propmarket.co.ls/properties/miNavCueXULaOSmmBmsJi,Good,Traditional,Hillside,"""[\""road access\"", \""tar road\""]""",rent
propmarket-d5E1JoHNsFORHABGr89ho,propmarket,"2 Bedrooms, House",PROPERTY TO LET\n\nFULLY FURNISHED APARTMENT AVAILABLE FOR RENTAL\n\nLocation: Thetsane Next to Maseru Private Hospital.\n\nTwo bedroomed fully fitted\n\nKitchen fully fitted\n\nModern Open Plan\n\nReserved water tanks available \n\nBathroom fitted with a shower\n\nGym available \n\nEntertainment Area also available \n\nHigh Perimeter walls\n\nPaved compound \n\nAutomated gate \n\nRent: 15k,"Thepa ena ya mofuta wa apartment e fumaneha Thetsane, Maseru. E na le dikamore tse 2 le dibate tse 1 mme e fumaneha ka theko ya M 15,000. Tlotla ena e tshwanetse ho shejwa bakeng sa bareki ba batlang menyetla ya nnete Lesotho.",15000.0,LSL,Maseru,"Thetsane, Maseru",Apartment,2,1,"""[\""C:\\\\Users\\\\lepha\\\\Documents\\\\Codex\\\\2026-04-20-files-mentioned-by-the-user-group\\\\generated\\\\images\\\\live\\\\propmarket\\\\propmarket-d5E1JoHNsFORHABGr89ho\\\\image_1.jpg\"", \""C:\\\\Users\\\\lepha\\\\Documents\\\\Codex\\\\2026-04-20-files-mentioned-by-the-user-group\\\\generated\\\\images\\\\live\\\\propmarket\\\\propmarket-d5E1JoHNsFORHABGr89ho\\\\image_2.jpg\"", \""C:\\\\Users\\\\lepha\\\\Documents\\\\Codex\\\\2026-04-20-files-mentioned-by-the-user-group\\\\generated\\\\images\\\\live\\\\propmarket\\\\propmarket-d5E1JoHNsFORHABGr89ho\\\\image_3.jpg\"", \""C:\\\\Users\\\\lepha\\\\Documents\\\\Codex\\\\2026-04-20-files-mentioned-by-the-user-group\\\\generated\\\\images\\\\live\\\\propmarket\\\\propmarket-d5E1JoHNsFORHABGr89ho\\\\image_4.jpg\"", \""C:\\\\Users\\\\lepha\\\\Documents\\\\Codex\\\\2026-04-20-files-mentioned-by-the-user-group\\\\generated\\\\images\\\\live\\\\propmarket\\\\propmarket-d5E1JoHNsFORHABGr89ho\\\\image_5.jpg\""]""",https://www.propmarket.co.ls/properties/d5E1JoHNsFORHABGr89ho,New,Modern,Suburban,"""[\""water connection\"", \""road access\"", \""furnished\"", \""shower\"", \""walled property\""]""",rent
propmarket-JnOjQJ55dHiGtwfGWb4fr,propmarket,"3 Bedrooms, House",<p>We are selling this very beautiful house in Koalabata near Cenez High School.</p><ul><li><p>5 minutes' drive to main road</p></li><li><p>3 bedroomed</p></li><li><p>Master bedroom en-Suite with double shower and bathtub</p></li><li><p>1 separate bathroom with bathtub and a shower</p></li><li><p>All bedrooms fitted</p></li><li><p>Laminated Flooring in all bedrooms</p></li><li><p>Porcelain tile Flooring kitchen and bathroom </p></li><li><p>Kitchen fitted</p></li><li><p>Spacious lounge (fitted tv stand) and dinning</p></li><li><p>CCTV Cameras around the house</p></li><li><p>Boundary wall fenced</p></li><li><p>Automated Gate</p></li><li><p>900sqm site</p></li><li><p>Lease available</p></li><li><p>Wi-Fi router available</p></li><li><p>Double Garage with wooden doors</p></li></ul><p></p>,"Thepa ena ya mofuta wa house e fumaneha Koalabata, Berea. E na le dikamore tse 3 le dibate tse 2 mme e fumaneha ka theko ya M 1,700,000. Tlotla ena e tshwanetse ho shejwa bakeng sa bareki ba batlang menyetla ya nnete Lesotho.",1700000.0,LSL,Berea,"Koalabata, Berea",House,3,2,"""[\""C:\\\\Users\\\\lepha\\\\Documents\\\\Codex\\\\2026-04-20-files-mentioned-by-the-user-group\\\\generated\\\\images\\\\live\\\\propmarket\\\\propmarket-JnOjQJ55dHiGtwfGWb4fr\\\\image_1.jpg\"", \""C:\\\\Users\\\\lepha\\\\Documents\\\\Codex\\\\2026-04-20-files-mentioned-by-the-user-group\\\\generated\\\\images\\\\live\\\\propmarket\\\\propmarket-JnOjQJ55dHiGtwfGWb4fr\\\\image_2.jpg\"", \""C:\\\\Users\\\\lepha\\\\Documents\\\\Codex\\\\2026-04-20-files-mentioned-by-the-user-group\\\\generated\\\\images\\\\live\\\\propmarket\\\\propmarket-JnOjQJ55dHiGtwfGWb4fr\\\\image_3.jpg\"", \""C:\\\\Users\\\\lepha\\\\Documents\\\\Codex\\\\2026-04-20-files-mentioned-by-the-user-group\\\\generated\\\\images\\\\live\\\\propmarket\\\\propmarket-JnOjQJ55dHiGtwfGWb4fr\\\\image_4.jpg\""]""",https://www.propmarket.co.ls/properties/JnOjQJ55dHiGtwfGWb4fr,Good,Family,Urban,"""[\""garage\"", \""near schools\"", \""road access\"", \""bathtub\"", \""shower\"", \""walled property\""]""",sale
propmarket-i2JEq6F2irQ7hSxrkoUXM,propmarket,Shopo,The shop is at Lower Thamae\nOpposite New Millenium School\nWater and electricity available\nNear Tar Road\n90 sqm\n\nCommission - M600\n,"Thepa ena ya mofuta wa site e fumaneha Lower Thamae, Maseru. E na le sebaka sena mme e fumaneha ka theko ya M 7,000. Tlotla ena e tshwanetse ho shejwa bakeng sa bareki ba batlang menyetla ya nnete Lesotho.",7000.0,LSL,Maseru,"Lower Thamae, Maseru",Site,0,0,"""[\""C:\\\\Users\\\\lepha\\\\Documents\\\\Codex\\\\2026-04-20-files-mentioned-by-the-user-group\\\\generated\\\\images\\\\live\\\\propmarket\\\\propmarket-i2JEq6F2irQ7hSxrkoUXM\\\\image_1.jpg\"", \""C:\\\\Users\\\\lepha\\\\Documents\\\\Codex\\\\2026-04-20-files-mentioned-by-the-user-group\\\\generated\\\\images\\\\live\\\\propmarket\\\\propmarket-i2JEq6F2irQ7hSxrkoUXM\\\\image_2.jpg\"", \""C:\\\\Users\\\\lepha\\\\Documents\\\\Codex\\\\2026-04-20-files-mentioned-by-the-user-group\\\\generated\\\\images\\\\live\\\\propmarket\\\\propmarket-i2JEq6F2irQ7hSxrkoUXM\\\\image_3.jpg\"", \""C:\\\\Users\\\\lepha\\\\Documents\\\\Codex\\\\2026-04-20-files-mentioned-by-the-user-group\\\\generated\\\\images\\\\live\\\\propmarket\\\\propmarket-i2JEq6F2irQ7hSxrkoUXM\\\\image_4.jpg\"", \""C:\\\\Users\\\\lepha\\\\Documents\\\\Codex\\\\2026-04-20-files-mentioned-by-the-user-group\\\\generated\\\\images\\\\live\\\\propmarket\\\\propmarket-i2JEq6F2irQ7hSxrkoUXM\\\\image_5.png\""]""",https://www.propmarket.co.ls/properties/i2JEq6F2irQ7hSxrkoUXM,New,Contemporary,Urban,"""[\""water connection\"", \""electricity\"", \""near schools\"", \""road access\"", \""tar road\""]""",rent
propmarket-Gq-9WYcxJ3PIjK6uBNKd-,propmarket,"1 Unit, 3 Bedrooms, House","The house is at Ficksburg at the main road - corner of De Villers Street and Voortekker Street.\nIt has 3 bedrooms\n2 bathrooms fitted - bathroom & toilet, shower & toilet. \nKitchen and Dining room - openplan\nMotor Gate\nFenced with devil's fork\nNear tarred road\nWater and electricity available","Thepa ena ya mofuta wa house e fumaneha Ficksburg, Setsoto Local Municipality. E na le dikamore tse 3 le dibate tse 2 mme e fumaneha ka theko ya M 950,000. Tlotla ena e tshwanetse ho shejwa bakeng sa bareki ba batlang menyetla ya nnete Lesotho.",950000.0,LSL,Setsoto Local Municipality,"Ficksburg, Setsoto Local Municipality",House,3,2,"""[\""C:\\\\Users\\\\lepha\\\\Documents\\\\Codex\\\\2026-04-20-files-mentioned-by-the-user-group\\\\generated\\\\images\\\\live\\\\propmarket\\\\propmarket-Gq-9WYcxJ3PIjK6uBNKd-\\\\image_1.jpg\"", \""C:\\\\Users\\\\lepha\\\\Documents\\\\Codex\\\\2026-04-20-files-mentioned-by-the-user-group\\\\generated\\\\images\\\\live\\\\propmarket\\\\propmarket-Gq-9WYcxJ3PIjK6uBNKd-\\\\image_2.jpg\"", \""C:\\\\Users\\\\lepha\\\\Documents\\\\Codex\\\\2026-04-20-files-mentioned-by-the-user-group\\\\generated\\\\images\\\\live\\\\propmarket\\\\propmarket-Gq-9WYcxJ3PIjK6uBNKd-\\\\image_3.jpg\"", \""C:\\\\Users\\\\lepha\\\\Documents\\\\Codex\\\\2026-04-20-files-mentioned-by-the-user-group\\\\generated\\\\images\\\\live\\\\propmarket\\\\propmarket-Gq-9WYcxJ3PIjK6uBNKd-\\\\image_4.jpg\"", \""C:\\\\Users\\\\lepha\\\\Documents\\\\Codex\\\\2026-04-20-files-mentioned-by-the-user-group\\\\generated\\\\images\\\\live\\\\propmarket\\\\propmarket-Gq-9WYcxJ3PIjK6uBNKd-\\\\image_5.png\""]""",https://www.propmarket.co.ls/properties/Gq-9WYcxJ3PIjK6uBNKd-,Good,Traditional,Urban,"""[\""water connection\"", \""electricity\"", \""road access\"", \""tar road\"", \""shower\""]""",sale
sotholand-20e1e74e82a0,sotholand,Double Storey Home,"Rental: M45,000 per month | Sale: M10 Million Experience luxury living in the heart of Maseru West with this stunning 4-bedroom double-storey home. Perfectly designed for modern family living, this property combines elegance, comfort, and functionality. Features include: 4 Spacious Bedrooms – including a master suite with en-suite bathroom and built-in wardrobes. Modern Kitchen – fitted with sleek wooden cabinetry, granite countertops, and ample storage space. Scullery & Laundry Area – complete with fitted cupboards and space for appliances. Expansive Living & Dining Areas – designed for open, natural light-filled living. Balcony & Patio – perfect for relaxing or entertaining. Large Green Yard – ideal for outdoor gatherings and family activities. Secure Parking & Air-conditioning – ensuring comfort and convenience. Located in one of Maseru’s most prestigious neighborhoods, this home is close to schools, shopping centers, and essential amenities, making it ideal for families or professionals seeking an upscale lifestyle.","Thepa ena ya mofuta wa house e fumaneha Golf Course Estate, Lesotho. E na le dikamore tse 4 le dibate tse 3 mme e fumaneha ka theko ya M 45,000. Tlotla ena e tshwanetse ho shejwa bakeng sa bareki ba batlang menyetla ya nnete Lesotho.",45000.0,LSL,Maseru,"Golf Course Estate, Lesotho",House,4,3,"""[\""C:\\\\Users\\\\lepha\\\\Documents\\\\Codex\\\\2026-04-20-files-mentioned-by-the-user-group\\\\generated\\\\images\\\\live\\\\sotholand\\\\sotholand-20e1e74e82a0\\\\image_1.jpg\"", \""C:\\\\Users\\\\lepha\\\\Documents\\\\Codex\\\\2026-04-20-files-mentioned-by-the-user-group\\\\generated\\\\images\\\\live\\\\sotholand\\\\sotholand-20e1e74e82a0\\\\image_2.jpg\"", \""C:\\\\Users\\\\lepha\\\\Documents\\\\Codex\\\\2026-04-20-files-mentioned-by-the-user-group\\\\generated\\\\images\\\\live\\\\sotholand\\\\sotholand-20e1e74e82a0\\\\image_3.jpg\"", \""C:\\\\Users\\\\lepha\\\\Documents\\\\Codex\\\\2026-04-20-files-mentioned-by-the-user-group\\\\generated\\\\images\\\\live\\\\sotholand\\\\sotholand-20e1e74e82a0\\\\image_4.jpg\""]""",https://sotholandproperties.co.ls/property-details?id=20e1e74e82a0,New,Modern,Garden,"""[\""parking\"", \""yard\"", \""near schools\""]""",rent
sotholand-10e1e74e72a0,sotholand,Ground floor,"Spacious 4-Bedroom Home in Maseru West – M30,000 Located in the prestigious Maseru West neighborhood, this elegant 4-bedroom property offers a perfect blend of comfort and convenience. The home features generously sized bedrooms, a modern kitchen, and open-plan living areas ideal for family living or entertaining guests. Additional highlights include: Master bedroom with en-suite bathroom Built-in wardrobes in all bedrooms Secure parking space Well-maintained yard/garden area Close proximity to schools, shopping centers, and essential amenities This property is ideal for families or professionals seeking a stylish and secure residence in one of Maseru’s most sought-after areas.","Thepa ena ya mofuta wa house e fumaneha Maseru West, Lesoto. E na le dikamore tse 4 le dibate tse 2 mme e fumaneha ka theko ya M 30,000. Tlotla ena e tshwanetse ho shejwa bakeng sa bareki ba batlang menyetla ya nnete Lesotho.",30000.0,LSL,Maseru,"Maseru West, Lesoto",House,4,2,"""[\""C:\\\\Users\\\\lepha\\\\Documents\\\\Codex\\\\2026-04-20-files-mentioned-by-the-user-group\\\\generated\\\\images\\\\live\\\\sotholand\\\\sotholand-10e1e74e72a0\\\\image_1.jpg\"", \""C:\\\\Users\\\\lepha\\\\Documents\\\\Codex\\\\2026-04-20-files-mentioned-by-the-user-group\\\\generated\\\\images\\\\live\\\\sotholand\\\\sotholand-10e1e74e72a0\\\\image_2.jpg\"", \""C:\\\\Users\\\\lepha\\\\Documents\\\\Codex\\\\2026-04-20-files-mentioned-by-the-user-group\\\\generated\\\\images\\\\live\\\\sotholand\\\\sotholand-10e1e74e72a0\\\\image_3.jpg\"", \""C:\\\\Users\\\\lepha\\\\Documents\\\\Codex\\\\2026-04-20-files-mentioned-by-the-user-group\\\\generated\\\\images\\\\live\\\\sotholand\\\\sotholand-10e1e74e72a0\\\\image_4.jpg\""]""",https://sotholandproperties.co.ls/property-details?id=10e1e74e72a0,New,Modern,Garden,"""[\""parking\"", \""garden\"", \""yard\"", \""near schools\""]""",rent
sotholand-7f497df10693,sotholand,Double storey house,3 bedrooms 2 bathrooms Lounge Dining Automated Security guard,"Thepa ena ya mofuta wa house e fumaneha Hillsview , Maseru 100. E na le dikamore tse 3 le dibate tse 2 mme e fumaneha ka theko ya M 30,000. Tlotla ena e tshwanetse ho shejwa bakeng sa bareki ba batlang menyetla ya nnete Lesotho.",30000.0,LSL,Maseru,"Hillsview , Maseru 100",House,3,2,"""[\""C:\\\\Users\\\\lepha\\\\Documents\\\\Codex\\\\2026-04-20-files-mentioned-by-the-user-group\\\\generated\\\\images\\\\live\\\\sotholand\\\\sotholand-7f497df10693\\\\image_1.jpg\"", \""C:\\\\Users\\\\lepha\\\\Documents\\\\Codex\\\\2026-04-20-files-mentioned-by-the-user-group\\\\generated\\\\images\\\\live\\\\sotholand\\\\sotholand-7f497df10693\\\\image_2.jpg\"", \""C:\\\\Users\\\\lepha\\\\Documents\\\\Codex\\\\2026-04-20-files-mentioned-by-the-user-group\\\\generated\\\\images\\\\live\\\\sotholand\\\\sotholand-7f497df10693\\\\image_3.jpg\"", \""C:\\\\Users\\\\lepha\\\\Documents\\\\Codex\\\\2026-04-20-files-mentioned-by-the-user-group\\\\generated\\\\images\\\\live\\\\sotholand\\\\sotholand-7f497df10693\\\\image_4.jpg\""]""",https://sotholandproperties.co.ls/property-details?id=7f497df10693,Good,Traditional,Hillside,"""[\""security\""]""",rent
sotholand-19ac5378af01,sotholand,Ground Floor,3 bedrooms with master en suite 2 bathrooms Fitted kitchen with stove Lounge,"Thepa ena ya mofuta wa house e fumaneha Thetsane Lesia, Maseru. E na le dikamore tse 3 le dibate tse 2 mme e fumaneha ka theko ya M 15,000. Tlotla ena e tshwanetse ho shejwa bakeng sa bareki ba batlang menyetla ya nnete Lesotho.",15000.0,LSL,Maseru,"Thetsane Lesia, Maseru",House,3,2,"""[\""C:\\\\Users\\\\lepha\\\\Documents\\\\Codex\\\\2026-04-20-files-mentioned-by-the-user-group\\\\generated\\\\images\\\\live\\\\sotholand\\\\sotholand-19ac5378af01\\\\image_1.jpg\"", \""C:\\\\Users\\\\lepha\\\\Documents\\\\Codex\\\\2026-04-20-files-mentioned-by-the-user-group\\\\generated\\\\images\\\\live\\\\sotholand\\\\sotholand-19ac5378af01\\\\image_2.jpg\"", \""C:\\\\Users\\\\lepha\\\\Documents\\\\Codex\\\\2026-04-20-files-mentioned-by-the-user-group\\\\generated\\\\images\\\\live\\\\sotholand\\\\sotholand-19ac5378af01\\\\image_3.jpg\"", \""C:\\\\Users\\\\lepha\\\\Documents\\\\Codex\\\\2026-04-20-files-mentioned-by-the-user-group\\\\generated\\\\images\\\\live\\\\sotholand\\\\sotholand-19ac5378af01\\\\image_4.jpg\""]""",https://sotholandproperties.co.ls/property-details?id=19ac5378af01,Good,Traditional,Suburban,"""[]""",rent
sotholand-89fded66c98b,sotholand,Ground Floor,"Three bedrooms Spacious master ensuite, fitted with shower, bathtub, basin and toilet Common bathroom fitted with bathtub, basin, and toilet Semi-open plan kitchen and lounge Double garage with automatic doors A carport attached to the house The house covers 188 square meters Site leased, size 566 square meters","Thepa ena ya mofuta wa house e fumaneha serene Ha Pena-Pena neighborhood. E na le dikamore tse 3 le dibate tse 1 mme e fumaneha ka theko ya M 1,300,000. Tlotla ena e tshwanetse ho shejwa bakeng sa bareki ba batlang menyetla ya nnete Lesotho.",1300000.0,LSL,Size 566 Square Meters Ground Floor,serene Ha Pena-Pena neighborhood,House,3,1,"""[\""C:\\\\Users\\\\lepha\\\\Documents\\\\Codex\\\\2026-04-20-files-mentioned-by-the-user-group\\\\generated\\\\images\\\\live\\\\sotholand\\\\sotholand-89fded66c98b\\\\image_1.jpg\"", \""C:\\\\Users\\\\lepha\\\\Documents\\\\Codex\\\\2026-04-20-files-mentioned-by-the-user-group\\\\generated\\\\images\\\\live\\\\sotholand\\\\sotholand-89fded66c98b\\\\image_2.jpg\"", \""C:\\\\Users\\\\lepha\\\\Documents\\\\Codex\\\\2026-04-20-files-mentioned-by-the-user-group\\\\generated\\\\images\\\\live\\\\sotholand\\\\sotholand-89fded66c98b\\\\image_3.jpg\"", \""C:\\\\Users\\\\lepha\\\\Documents\\\\Codex\\\\2026-04-20-files-mentioned-by-the-user-group\\\\generated\\\\images\\\\live\\\\sotholand\\\\sotholand-89fded66c98b\\\\image_4.jpg\""]""",https://sotholandproperties.co.ls/property-details?id=89fded66c98b,Good,Family,Suburban,"""[\""garage\"", \""bathtub\"", \""shower\""]""",sale
sotholand-76298e9a4a9f,sotholand,Ground Floor,2 bedrooms Bathtub Fitted kitchen with stove Lounge Backup water tank Automated gate /Night watchman,"Thepa ena ya mofuta wa house e fumaneha Naledi, Maseru 100. E na le dikamore tse 2 le dibate tse 1 mme e fumaneha ka theko ya M 4,080. Tlotla ena e tshwanetse ho shejwa bakeng sa bareki ba batlang menyetla ya nnete Lesotho.",4080.0,LSL,Maseru,"Naledi, Maseru 100",House,2,1,"""[\""C:\\\\Users\\\\lepha\\\\Documents\\\\Codex\\\\2026-04-20-files-mentioned-by-the-user-group\\\\generated\\\\images\\\\live\\\\sotholand\\\\sotholand-76298e9a4a9f\\\\image_1.jpg\"", \""C:\\\\Users\\\\lepha\\\\Documents\\\\Codex\\\\2026-04-20-files-mentioned-by-the-user-group\\\\generated\\\\images\\\\live\\\\sotholand\\\\sotholand-76298e9a4a9f\\\\image_2.jpg\"", \""C:\\\\Users\\\\lepha\\\\Documents\\\\Codex\\\\2026-04-20-files-mentioned-by-the-user-group\\\\generated\\\\images\\\\live\\\\sotholand\\\\sotholand-76298e9a4a9f\\\\image_3.jpg\""]""",https://sotholandproperties.co.ls/property-details?id=76298e9a4a9f,Good,Traditional,Suburban,"""[\""water connection\"", \""bathtub\""]""",rent
sotholand-1aa9314b69,sotholand,Batchelor,"Batchelor, fully furnished, free WI-FI, electricity & water 1 shower & bathtub,1 bedroom.","Thepa ena ya mofuta wa house e fumaneha Arrival Center. E na le dikamore tse 1 le dibate tse 1 mme e fumaneha ka theko ya M 7,000. Tlotla ena e tshwanetse ho shejwa bakeng sa bareki ba batlang menyetla ya nnete Lesotho.",7000.0,LSL,1 Bedroom. Batchelor,Arrival Center,House,1,1,"""[\""C:\\\\Users\\\\lepha\\\\Documents\\\\Codex\\\\2026-04-20-files-mentioned-by-the-user-group\\\\generated\\\\images\\\\live\\\\sotholand\\\\sotholand-1aa9314b69\\\\image_1.jpg\"", \""C:\\\\Users\\\\lepha\\\\Documents\\\\Codex\\\\2026-04-20-files-mentioned-by-the-user-group\\\\generated\\\\images\\\\live\\\\sotholand\\\\sotholand-1aa9314b69\\\\image_2.jpg\"", \""C:\\\\Users\\\\lepha\\\\Documents\\\\Codex\\\\2026-04-20-files-mentioned-by-the-user-group\\\\generated\\\\images\\\\live\\\\sotholand\\\\sotholand-1aa9314b69\\\\image_3.jpg\""]""",https://sotholandproperties.co.ls/property-details?id=1aa9314b69,Good,Traditional,Urban,"""[\""water connection\"", \""electricity\"", \""furnished\"", \""bathtub\"", \""shower\""]""",rent
sotholand-723bca40986,sotholand,Ground Floor,3 bedrooms 2 bathrooms Lounge Dining room Study room Kitchen with pantry Single garage Lakeview,"Thepa ena ya mofuta wa house e fumaneha Hillsview , Maseru. E na le dikamore tse 3 le dibate tse 2 mme e fumaneha ka theko ya M 25,000. Tlotla ena e tshwanetse ho shejwa bakeng sa bareki ba batlang menyetla ya nnete Lesotho.",25000.0,LSL,Maseru,"Hillsview , Maseru",House,3,2,"""[\""C:\\\\Users\\\\lepha\\\\Documents\\\\Codex\\\\2026-04-20-files-mentioned-by-the-user-group\\\\generated\\\\images\\\\live\\\\sotholand\\\\sotholand-723bca40986\\\\image_1.jpg\"", \""C:\\\\Users\\\\lepha\\\\Documents\\\\Codex\\\\2026-04-20-files-mentioned-by-the-user-group\\\\generated\\\\images\\\\live\\\\sotholand\\\\sotholand-723bca40986\\\\image_2.jpg\"", \""C:\\\\Users\\\\lepha\\\\Documents\\\\Codex\\\\2026-04-20-files-mentioned-by-the-user-group\\\\generated\\\\images\\\\live\\\\sotholand\\\\sotholand-723bca40986\\\\image_3.jpg\"", \""C:\\\\Users\\\\lepha\\\\Documents\\\\Codex\\\\2026-04-20-files-mentioned-by-the-user-group\\\\generated\\\\images\\\\live\\\\sotholand\\\\sotholand-723bca40986\\\\image_4.jpg\""]""",https://sotholandproperties.co.ls/property-details?id=723bca40986,Good,Traditional,Hillside,"""[\""garage\""]""",rent
sotholand-5bee4c67a368,sotholand,Ground Floor,"Lower Thetsane. 4 bedrooms, 2 bathrooms, lounge, dinner area, fitted kitchen with stove,staff quarters.","Thepa ena ya mofuta wa house e fumaneha Lower Thetsane. E na le dikamore tse 4 le dibate tse 2 mme e fumaneha ka theko ya M 3,000,000. Tlotla ena e tshwanetse ho shejwa bakeng sa bareki ba batlang menyetla ya nnete Lesotho.",3000000.0,LSL,Staff Quarters. Ground Floor,Lower Thetsane,House,4,2,"""[\""C:\\\\Users\\\\lepha\\\\Documents\\\\Codex\\\\2026-04-20-files-mentioned-by-the-user-group\\\\generated\\\\images\\\\live\\\\sotholand\\\\sotholand-5bee4c67a368\\\\image_1.jpg\"", \""C:\\\\Users\\\\lepha\\\\Documents\\\\Codex\\\\2026-04-20-files-mentioned-by-the-user-group\\\\generated\\\\images\\\\live\\\\sotholand\\\\sotholand-5bee4c67a368\\\\image_2.jpg\"", \""C:\\\\Users\\\\lepha\\\\Documents\\\\Codex\\\\2026-04-20-files-mentioned-by-the-user-group\\\\generated\\\\images\\\\live\\\\sotholand\\\\sotholand-5bee4c67a368\\\\image_3.jpg\""]""",https://sotholandproperties.co.ls/property-details?id=5bee4c67a368,Good,Traditional,Suburban,"""[]""",sale
sotholand-12a1456f5e67,sotholand,Double storey house,"3 bedrooms, 3 bathrooms, study room,lounge, fitted kitchen, single garage. Roughly thousand sqms","Thepa ena ya mofuta wa house e fumaneha Lower Thetsane. E na le dikamore tse 3 le dibate tse 3 mme e fumaneha ka theko ya M 1,000,000. Tlotla ena e tshwanetse ho shejwa bakeng sa bareki ba batlang menyetla ya nnete Lesotho.",1000000.0,LSL,Single Garage. Roughly Thousand Sqms Double Storey House,Lower Thetsane,House,3,3,"""[\""C:\\\\Users\\\\lepha\\\\Documents\\\\Codex\\\\2026-04-20-files-mentioned-by-the-user-group\\\\generated\\\\images\\\\live\\\\sotholand\\\\sotholand-12a1456f5e67\\\\image_1.jpg\"", \""C:\\\\Users\\\\lepha\\\\Documents\\\\Codex\\\\2026-04-20-files-mentioned-by-the-user-group\\\\generated\\\\images\\\\live\\\\sotholand\\\\sotholand-12a1456f5e67\\\\image_2.jpg\"", \""C:\\\\Users\\\\lepha\\\\Documents\\\\Codex\\\\2026-04-20-files-mentioned-by-the-user-group\\\\generated\\\\images\\\\live\\\\sotholand\\\\sotholand-12a1456f5e67\\\\image_3.jpg\"", \""C:\\\\Users\\\\lepha\\\\Documents\\\\Codex\\\\2026-04-20-files-mentioned-by-the-user-group\\\\generated\\\\images\\\\live\\\\sotholand\\\\sotholand-12a1456f5e67\\\\image_4.jpg\""]""",https://sotholandproperties.co.ls/property-details?id=12a1456f5e67,Good,Traditional,Suburban,"""[\""garage\""]""",sale
sotholand-2a20088dc313,sotholand,Ground floor,"For rent�Maseru West 14 rooms First floor Ground Floor Ideal for NGO�s , offices and embassies","Thepa ena ya mofuta wa commercial e fumaneha Maseru West. E na le dikamore tse 3 le dibate tse 1 mme e fumaneha ka theko ya M 40,000. Tlotla ena e tshwanetse ho shejwa bakeng sa bareki ba batlang menyetla ya nnete Lesotho.",40000.0,LSL,Maseru,Maseru West,Commercial,3,1,"""[\""C:\\\\Users\\\\lepha\\\\Documents\\\\Codex\\\\2026-04-20-files-mentioned-by-the-user-group\\\\generated\\\\images\\\\live\\\\sotholand\\\\sotholand-2a20088dc313\\\\image_1.jpg\"", \""C:\\\\Users\\\\lepha\\\\Documents\\\\Codex\\\\2026-04-20-files-mentioned-by-the-user-group\\\\generated\\\\images\\\\live\\\\sotholand\\\\sotholand-2a20088dc313\\\\image_2.jpg\"", \""C:\\\\Users\\\\lepha\\\\Documents\\\\Codex\\\\2026-04-20-files-mentioned-by-the-user-group\\\\generated\\\\images\\\\live\\\\sotholand\\\\sotholand-2a20088dc313\\\\image_3.jpg\""]""",https://sotholandproperties.co.ls/property-details?id=2a20088dc313,Good,Contemporary,Suburban,"""[\""office-ready\""]""",rent
sotholand-eb1142c59d3f,sotholand,Ground floor,"Fully Furnished -3 bedrooms -Bathtub,shower,toilet -Kitchen -Lounge with fireplace -Dining -Out Entertainment space -Single garage -Double carport -Wall fencing -CCTV cameras -Automated�gate","Thepa ena ya mofuta wa house e fumaneha Hillsview, Maseru. E na le dikamore tse 3 le dibate tse 1 mme e fumaneha ka theko ya M 40,000. Tlotla ena e tshwanetse ho shejwa bakeng sa bareki ba batlang menyetla ya nnete Lesotho.",40000.0,LSL,Maseru,"Hillsview, Maseru",House,3,1,"""[\""C:\\\\Users\\\\lepha\\\\Documents\\\\Codex\\\\2026-04-20-files-mentioned-by-the-user-group\\\\generated\\\\images\\\\live\\\\sotholand\\\\sotholand-eb1142c59d3f\\\\image_1.jpg\"", \""C:\\\\Users\\\\lepha\\\\Documents\\\\Codex\\\\2026-04-20-files-mentioned-by-the-user-group\\\\generated\\\\images\\\\live\\\\sotholand\\\\sotholand-eb1142c59d3f\\\\image_2.jpg\"", \""C:\\\\Users\\\\lepha\\\\Documents\\\\Codex\\\\2026-04-20-files-mentioned-by-the-user-group\\\\generated\\\\images\\\\live\\\\sotholand\\\\sotholand-eb1142c59d3f\\\\image_3.jpg\"", \""C:\\\\Users\\\\lepha\\\\Documents\\\\Codex\\\\2026-04-20-files-mentioned-by-the-user-group\\\\generated\\\\images\\\\live\\\\sotholand\\\\sotholand-eb1142c59d3f\\\\image_4.jpg\""]""",https://sotholandproperties.co.ls/property-details?id=eb1142c59d3f,Good,Traditional,Hillside,"""[\""garage\"", \""furnished\"", \""bathtub\"", \""shower\"", \""walled property\""]""",rent
sotholand-8f94312669ec,sotholand,Ground floor,"Ground floor -Kitchen fully fitted -Lounge and Dining Room (sharing) -Shower -Toilet First Floor - en-suite (with cupboards) - ?bedroom 1 (no cupboards) - ?bedroom 2 (no cupboards) Price M15,000.00 negotiable (Currently used�as�an�Airbnb)","Thepa ena ya mofuta wa house e fumaneha Khubelu, Maseru 100. E na le dikamore tse 3 le dibate tse 2 mme e fumaneha ka theko ya M 15,000. Tlotla ena e tshwanetse ho shejwa bakeng sa bareki ba batlang menyetla ya nnete Lesotho.",15000.0,LSL,Maseru,"Khubelu, Maseru 100",House,3,2,"""[\""C:\\\\Users\\\\lepha\\\\Documents\\\\Codex\\\\2026-04-20-files-mentioned-by-the-user-group\\\\generated\\\\images\\\\live\\\\sotholand\\\\sotholand-8f94312669ec\\\\image_1.jpg\"", \""C:\\\\Users\\\\lepha\\\\Documents\\\\Codex\\\\2026-04-20-files-mentioned-by-the-user-group\\\\generated\\\\images\\\\live\\\\sotholand\\\\sotholand-8f94312669ec\\\\image_2.jpg\"", \""C:\\\\Users\\\\lepha\\\\Documents\\\\Codex\\\\2026-04-20-files-mentioned-by-the-user-group\\\\generated\\\\images\\\\live\\\\sotholand\\\\sotholand-8f94312669ec\\\\image_3.jpg\"", \""C:\\\\Users\\\\lepha\\\\Documents\\\\Codex\\\\2026-04-20-files-mentioned-by-the-user-group\\\\generated\\\\images\\\\live\\\\sotholand\\\\sotholand-8f94312669ec\\\\image_4.jpg\""]""",https://sotholandproperties.co.ls/property-details?id=8f94312669ec,Good,Traditional,Suburban,"""[\""shower\""]""",rent
lhldc-friebel-estate,lesothohousing,Friebel Estate,The estate is located in Maseru city center on Hilton hill near the new Parliament. It was developed in 1978.It offers a high-income housing. The estate comprises of 50 x 3 bed roomed town houses.,"Thepa ena ya mofuta wa site e fumaneha Maseru city center on Hilton hill near the new Parliament, Maseru State/county: Lesotho, Maseru. E na le sebaka sena mme e fumaneha ka theko ya M 1,978. Tlotla ena e tshwanetse ho shejwa bakeng sa bareki ba batlang menyetla ya nnete Lesotho.",1978.0,LSL,Maseru,"Maseru city center on Hilton hill near the new Parliament, Maseru State/county: Lesotho, Maseru",Site,0,0,"""[\""C:\\\\Users\\\\lepha\\\\Documents\\\\Codex\\\\2026-04-20-files-mentioned-by-the-user-group\\\\generated\\\\images\\\\live\\\\lesothohousing\\\\lhldc-friebel-estate\\\\image_1.jpg\""]""",https://lesothohousing.org.ls/property/friebel-estate/,New,Traditional,Hillside,"""[]""",other
lhldc-qoqolosing-estate,lesothohousing,Qoqolosing Estate,"The estate is located in Maseru West, opposite WASCO Headquarters. It was developed in 1976.It offers a mixture of middle and high-income housing. The estate comprises of 6 x 2 bed roomed units, 6 x 3 bed roomed, a total of 12 units.","Thepa ena ya mofuta wa site e fumaneha Maseru West, opposite WASCO Headquarters, Maseru State/county: Lesotho, Maseru West, Maseru. E na le sebaka sena mme e fumaneha ka theko ya M 1,976. Tlotla ena e tshwanetse ho shejwa bakeng sa bareki ba batlang menyetla ya nnete Lesotho.",1976.0,LSL,Maseru,"Maseru West, opposite WASCO Headquarters, Maseru State/county: Lesotho, Maseru West, Maseru",Site,0,0,"""[\""C:\\\\Users\\\\lepha\\\\Documents\\\\Codex\\\\2026-04-20-files-mentioned-by-the-user-group\\\\generated\\\\images\\\\live\\\\lesothohousing\\\\lhldc-qoqolosing-estate\\\\image_1.jpg\""]""",https://lesothohousing.org.ls/property/qoqolosing-estate/,Good,Traditional,Suburban,"""[]""",other
lhldc-kuena-letsie-estates,lesothohousing,Kuena-Letsie Estates,"The estates are located in Maseru city, along Constitution road next to Victoria Hotel. It was developed in 1979.It offers a mixture of middle and high-income housing. The estates comprise of 27 x 1 bed room units, 42 x 2 bed roomed units and 10 x single bed sitters, a total of 79 units.","Thepa ena ya mofuta wa site e fumaneha Maseru city, along Constitution road next to Victoria Hotel, Maseru State/county: Lesotho, Maseru City, Maseru. E na le sebaka sena mme e fumaneha ka theko ya M 1,979. Tlotla ena e tshwanetse ho shejwa bakeng sa bareki ba batlang menyetla ya nnete Lesotho.",1979.0,LSL,Maseru,"Maseru city, along Constitution road next to Victoria Hotel, Maseru State/county: Lesotho, Maseru City, Maseru",Site,0,0,"""[\""C:\\\\Users\\\\lepha\\\\Documents\\\\Codex\\\\2026-04-20-files-mentioned-by-the-user-group\\\\generated\\\\images\\\\live\\\\lesothohousing\\\\lhldc-kuena-letsie-estates\\\\image_1.jpg\""]""",https://lesothohousing.org.ls/property/kuena-letsie-estates/,Good,Traditional,Urban,"""[\""road access\""]""",other
lhldc-leseli-estate,lesothohousing,Leseli Estate,"The estate is located at Hillsview, in Maseru city. It was developed in 1989.It offers a mixture of middle and high-income housing. The estate comprises of 26 x 3 bed roomed town houses.","Thepa ena ya mofuta wa site e fumaneha Hillsview Maseru, Maseru State/county: Lesotho, Hillsview Maseru, Maseru. E na le sebaka sena mme e fumaneha ka theko ya M 1,989. Tlotla ena e tshwanetse ho shejwa bakeng sa bareki ba batlang menyetla ya nnete Lesotho.",1989.0,LSL,Maseru,"Hillsview Maseru, Maseru State/county: Lesotho, Hillsview Maseru, Maseru",Site,0,0,"""[\""C:\\\\Users\\\\lepha\\\\Documents\\\\Codex\\\\2026-04-20-files-mentioned-by-the-user-group\\\\generated\\\\images\\\\live\\\\lesothohousing\\\\lhldc-leseli-estate\\\\image_1.jpg\""]""",https://lesothohousing.org.ls/property/leseli-estate/,Good,Traditional,Hillside,"""[]""",other
lhldc-ramokhele-lehcorp,lesothohousing,Ramokhele: LEHCORP,"The project is located at ha Ramokhele, in Mafeteng town on the main road to Thabana Morena. It was developed in 1987.It offers low-income housing. The project comprises of 125 houses. Services available are gravel roads","Thepa ena ya mofuta wa site e fumaneha Ha Ramokhele, in Mafeteng town on the main road to Thabana Morena, Mafeteng State/county: Lesotho, Ramokhele: LEHCORP, Mafeteng. E na le sebaka sena mme e fumaneha ka theko ya M 1,987. Tlotla ena e tshwanetse ho shejwa bakeng sa bareki ba batlang menyetla ya nnete Lesotho.",1987.0,LSL,Mafeteng,"Ha Ramokhele, in Mafeteng town on the main road to Thabana Morena, Mafeteng State/county: Lesotho, Ramokhele: LEHCORP, Mafeteng",Site,0,0,"""[\""C:\\\\Users\\\\lepha\\\\Documents\\\\Codex\\\\2026-04-20-files-mentioned-by-the-user-group\\\\generated\\\\images\\\\live\\\\lesothohousing\\\\lhldc-ramokhele-lehcorp\\\\image_1.jpg\""]""",https://lesothohousing.org.ls/property/ramokhele-lehcorp/,Good,Traditional,Urban,"""[\""road access\""]""",other
lhldc-maputsoe-lehcorp,lesothohousing,Maputsoe: LEHCORP,"The project is located at Khubetsoana, Ha Nyenye. It was developed in 1981.It offers low-income housing. The project comprises of 396 houses. Services available are water and gravel roads.","Thepa ena ya mofuta wa site e fumaneha Khubetsoana, Ha Nyenye, Maputsoe State/county: Leribe, Maputsoe: LEHCORP, Maputsoe. E na le sebaka sena mme e fumaneha ka theko ya M 1,981. Tlotla ena e tshwanetse ho shejwa bakeng sa bareki ba batlang menyetla ya nnete Lesotho.",1981.0,LSL,Leribe,"Khubetsoana, Ha Nyenye, Maputsoe State/county: Leribe, Maputsoe: LEHCORP, Maputsoe",Site,0,0,"""[\""C:\\\\Users\\\\lepha\\\\Documents\\\\Codex\\\\2026-04-20-files-mentioned-by-the-user-group\\\\generated\\\\images\\\\live\\\\lesothohousing\\\\lhldc-maputsoe-lehcorp\\\\image_1.jpg\""]""",https://lesothohousing.org.ls/property/maputsoe-lehcorp/,Good,Traditional,Suburban,"""[\""water connection\"", \""road access\""]""",other
lhldc-phomolong,lesothohousing,Phomolong,The project is located in Thaba Tseka town near Pitso house. It was developed in 2018. It offers a mixture of low and middle-income sites averaging between 600 sqm – 1000 sqm. The project comprises of 412 sites. The sites are surveyed.,"Thepa ena ya mofuta wa site e fumaneha Thaba Tseka town near Pitso house, Thaba- Tseka State/county: Thaba-Tseka, Phomolong, Thaba- Tseka. E na le sebaka sena mme e fumaneha ka theko ya M 2,018. Tlotla ena e tshwanetse ho shejwa bakeng sa bareki ba batlang menyetla ya nnete Lesotho.",2018.0,LSL,Thaba-Tseka,"Thaba Tseka town near Pitso house, Thaba- Tseka State/county: Thaba-Tseka, Phomolong, Thaba- Tseka",Site,0,0,"""[\""C:\\\\Users\\\\lepha\\\\Documents\\\\Codex\\\\2026-04-20-files-mentioned-by-the-user-group\\\\generated\\\\images\\\\live\\\\lesothohousing\\\\lhldc-phomolong\\\\image_1.jpg\""]""",https://lesothohousing.org.ls/property/phomolong/,Good,Traditional,Urban,"""[]""",other
lhldc-race-course,lesothohousing,Race-course,"The project is located at Ha Molibeli, Hlotse.It was developed in 1992.It offers a mixture of middle- and high-income sites averaging between 600 sqm and 700 sqm. The project comprises of 116 sites. The sites are surveyed and serviced with water reticulation.","Thepa ena ya mofuta wa site e fumaneha Ha Molibeli, Hlotse, Leribe State/county: Lesotho, Race-Course, Leribe. E na le sebaka sena mme e fumaneha ka theko ya M 1,992. Tlotla ena e tshwanetse ho shejwa bakeng sa bareki ba batlang menyetla ya nnete Lesotho.",1992.0,LSL,Leribe,"Ha Molibeli, Hlotse, Leribe State/county: Lesotho, Race-Course, Leribe",Site,0,0,"""[\""C:\\\\Users\\\\lepha\\\\Documents\\\\Codex\\\\2026-04-20-files-mentioned-by-the-user-group\\\\generated\\\\images\\\\live\\\\lesothohousing\\\\lhldc-race-course\\\\image_1.jpg\""]""",https://lesothohousing.org.ls/property/race-course/,Good,Traditional,Suburban,"""[\""water connection\""]""",other
lhldc-ha-ntho,lesothohousing,Ha Ntho,The project is located at Ha Ntho on the main road to Mount Moorosi. It was developed in 1998.It offers low income sites averaging 375 sqm. The project comprises of 293 sites. The sites are surveyed and serviced with water reticulation.,"Thepa ena ya mofuta wa site e fumaneha Ha Ntho on the main road to Mount Moorosi, Quthing State/county: Quthing, Ha Ntho, Quthing. E na le sebaka sena mme e fumaneha ka theko ya M 1,998. Tlotla ena e tshwanetse ho shejwa bakeng sa bareki ba batlang menyetla ya nnete Lesotho.",1998.0,LSL,Quthing,"Ha Ntho on the main road to Mount Moorosi, Quthing State/county: Quthing, Ha Ntho, Quthing",Site,0,0,"""[\""C:\\\\Users\\\\lepha\\\\Documents\\\\Codex\\\\2026-04-20-files-mentioned-by-the-user-group\\\\generated\\\\images\\\\live\\\\lesothohousing\\\\lhldc-ha-ntho\\\\image_1.jpg\""]""",https://lesothohousing.org.ls/property/ha-ntho/,Good,Traditional,Suburban,"""[\""water connection\"", \""road access\""]""",other
lhldc-sebothoane,lesothohousing,Sebothoane,"The project is located at Sebothoane, on the highway to Pitseng. It was developed in 2006.It offers a mixture of middle- and high-income sites averaging 700 sqm and 800 sqm. The project comprises of 792 sites. The sites are surveyed and serviced with water reticulation","Thepa ena ya mofuta wa site e fumaneha Sebothoane, on the highway to Pitseng, Leribe State/county: Lesotho, Sebothoane, Leribe. E na le sebaka sena mme e fumaneha ka theko ya M 2,006. Tlotla ena e tshwanetse ho shejwa bakeng sa bareki ba batlang menyetla ya nnete Lesotho.",2006.0,LSL,Leribe,"Sebothoane, on the highway to Pitseng, Leribe State/county: Lesotho, Sebothoane, Leribe",Site,0,0,"""[\""C:\\\\Users\\\\lepha\\\\Documents\\\\Codex\\\\2026-04-20-files-mentioned-by-the-user-group\\\\generated\\\\images\\\\live\\\\lesothohousing\\\\lhldc-sebothoane\\\\image_1.jpg\""]""",https://lesothohousing.org.ls/property/sebothoane/,Good,Traditional,Suburban,"""[\""water connection\""]""",other
lhldc-ramokhele,lesothohousing,Ramokhele,The project is located at Ha Ramokhele in Mafeteng town on the main road to Thabana Morena. It was developed in 1988.It offers low income sites averaging 375 sqm. The project comprises of 111 sites. The sites are surveyed and serviced with water reticulation.,"Thepa ena ya mofuta wa site e fumaneha Ha Ramokhele in Mafeteng town on the main road to Thabana Morena, Mafeteng State/county: Lesotho, Ramokhele, Mafeteng. E na le sebaka sena mme e fumaneha ka theko ya M 1,988. Tlotla ena e tshwanetse ho shejwa bakeng sa bareki ba batlang menyetla ya nnete Lesotho.",1988.0,LSL,Mafeteng,"Ha Ramokhele in Mafeteng town on the main road to Thabana Morena, Mafeteng State/county: Lesotho, Ramokhele, Mafeteng",Site,0,0,"""[\""C:\\\\Users\\\\lepha\\\\Documents\\\\Codex\\\\2026-04-20-files-mentioned-by-the-user-group\\\\generated\\\\images\\\\live\\\\lesothohousing\\\\lhldc-ramokhele\\\\image_1.jpg\""]""",https://lesothohousing.org.ls/property/ramokhele/,Good,Traditional,Urban,"""[\""water connection\"", \""road access\""]""",other
lhldc-hospital-area,lesothohousing,Hospital Area,The project is located at in Mafeteng town next to Mafeteng government hospital. It was developed in 1988.It offers a mixture of middle- and high-income sites averaging between 400 sqm and 600 sqm. The project comprises of 232 sites. The sites are surveyed and serviced with water reticulation.,"Thepa ena ya mofuta wa site e fumaneha Mafeteng town next to Mafeteng government hospital., Mafeteng State/county: Lesotho, Hospital Area, Mafeteng. E na le sebaka sena mme e fumaneha ka theko ya M 1,988. Tlotla ena e tshwanetse ho shejwa bakeng sa bareki ba batlang menyetla ya nnete Lesotho.",1988.0,LSL,Mafeteng,"Mafeteng town next to Mafeteng government hospital., Mafeteng State/county: Lesotho, Hospital Area, Mafeteng",Site,0,0,"""[\""C:\\\\Users\\\\lepha\\\\Documents\\\\Codex\\\\2026-04-20-files-mentioned-by-the-user-group\\\\generated\\\\images\\\\live\\\\lesothohousing\\\\lhldc-hospital-area\\\\image_1.jpg\""]""",https://lesothohousing.org.ls/property/hospital-area/,Good,Traditional,Urban,"""[\""water connection\""]""",sale
lhldc-motse-mocha,lesothohousing,Motse – Mocha,The project is located at Motse-Mocha in the periphery of Mafeteng town on the main road to Thabana Morena. It was developed in 1988.It offers low income sites averaging 400 sqm. The project comprises of 80 sites. The sites are surveyed and serviced with roads and water reticulation.,"Thepa ena ya mofuta wa site e fumaneha Motse-Mocha in the periphery of Mafeteng town on the main road to Thabana Morena, Mafeteng State/county: Lesotho, Motse - Mocha, Mafeteng. E na le sebaka sena mme e fumaneha ka theko ya M 1,988. Tlotla ena e tshwanetse ho shejwa bakeng sa bareki ba batlang menyetla ya nnete Lesotho.",1988.0,LSL,Mafeteng,"Motse-Mocha in the periphery of Mafeteng town on the main road to Thabana Morena, Mafeteng State/county: Lesotho, Motse - Mocha, Mafeteng",Site,0,0,"""[\""C:\\\\Users\\\\lepha\\\\Documents\\\\Codex\\\\2026-04-20-files-mentioned-by-the-user-group\\\\generated\\\\images\\\\live\\\\lesothohousing\\\\lhldc-motse-mocha\\\\image_1.jpg\""]""",https://lesothohousing.org.ls/property/motse-mocha/,Good,Traditional,Urban,"""[\""water connection\"", \""road access\""]""",other
lhldc-tsalitlama,lesothohousing,Ts’alitlama,"The project is located on the right along Vanrooyen road to the border post, next to the new stadium. It was developed in 2004.It offers a mixture of low, middle- and high-income sites averaging 375 sqm and 600 sqm. The project comprises of 692 sites. The sites are surveyed and serviced with partial gravel roads and water reticulation.","Thepa ena ya mofuta wa site e fumaneha On the right along Vanrooyen road to the border post, Mafeteng State/county: Lesotho, Ts`alitlama, Mafeteng. E na le sebaka sena mme e fumaneha ka theko ya M 2,004. Tlotla ena e tshwanetse ho shejwa bakeng sa bareki ba batlang menyetla ya nnete Lesotho.",2004.0,LSL,Mafeteng,"On the right along Vanrooyen road to the border post, Mafeteng State/county: Lesotho, Ts`alitlama, Mafeteng",Site,0,0,"""[\""C:\\\\Users\\\\lepha\\\\Documents\\\\Codex\\\\2026-04-20-files-mentioned-by-the-user-group\\\\generated\\\\images\\\\live\\\\lesothohousing\\\\lhldc-tsalitlama\\\\image_1.jpg\""]""",https://lesothohousing.org.ls/property/tsalitlama/,New,Traditional,Suburban,"""[\""water connection\"", \""road access\""]""",sale
lhldc-thabaneng,lesothohousing,Thabaneng,"The project is located at Thabaneng, left of A1 road to Mafeteng town. It was developed in 2015.It offers middle income housing. The project comprises of 10 houses. Services available are water and partial gravel road.","Thepa ena ya mofuta wa site e fumaneha Thabaneng, left of A1 road to Mafeteng town, Mafeteng State/county: Lesotho, Thabaneng, Mafeteng. E na le sebaka sena mme e fumaneha ka theko ya M 1. Tlotla ena e tshwanetse ho shejwa bakeng sa bareki ba batlang menyetla ya nnete Lesotho.",1.0,LSL,Mafeteng,"Thabaneng, left of A1 road to Mafeteng town, Mafeteng State/county: Lesotho, Thabaneng, Mafeteng",Site,0,0,"""[\""C:\\\\Users\\\\lepha\\\\Documents\\\\Codex\\\\2026-04-20-files-mentioned-by-the-user-group\\\\generated\\\\images\\\\live\\\\lesothohousing\\\\lhldc-thabaneng\\\\image_1.jpg\""]""",https://lesothohousing.org.ls/property/thabaneng/,Good,Traditional,Urban,"""[\""water connection\"", \""road access\""]""",sale
lhldc-ha-tanka,lesothohousing,Ha Tanka,The project is located at Ha Tanka behind the industrial estate. It was developed in 2005.It offers a mixture of middle- and high-income sites averaging 450 sqm and 600 sqm. The project comprises of 620 sites. The sites are surveyed and serviced with partial gravel roads and water reticulation.,"Thepa ena ya mofuta wa site e fumaneha Ha Tanka behind the industrial estate, Mohale's Hoek State/county: Mohale's Hoek, Ha Tanka, Mohale's Hoek. E na le sebaka sena mme e fumaneha ka theko ya M 2,005. Tlotla ena e tshwanetse ho shejwa bakeng sa bareki ba batlang menyetla ya nnete Lesotho.",2005.0,LSL,Mohale's Hoek,"Ha Tanka behind the industrial estate, Mohale's Hoek State/county: Mohale's Hoek, Ha Tanka, Mohale's Hoek",Site,0,0,"""[\""C:\\\\Users\\\\lepha\\\\Documents\\\\Codex\\\\2026-04-20-files-mentioned-by-the-user-group\\\\generated\\\\images\\\\live\\\\lesothohousing\\\\lhldc-ha-tanka\\\\image_1.jpg\""]""",https://lesothohousing.org.ls/property/ha-tanka/,Good,Traditional,Suburban,"""[\""water connection\"", \""road access\""]""",other
lhldc-matholeng,lesothohousing,Matholeng,"The project is located on the left along Vanrooyen road to the border post, next to the Maluti Mountain Brewery depot. It was developed in 2019. It offers a mixture of low, middle- and high-income sites averaging between 358 sqm – 1100 sqm. The project comprises of 177 sites. The sites are surveyed and serviced with partial gravel roads and water reticulation. It was disposed 2020.","Thepa ena ya mofuta wa site e fumaneha On the left along Vanrooyen road to the border post, next to the Maluti Mountain Brewery depot, Mafeteng State/county: Mafetengqq, Matholeng, Mafeteng. E na le sebaka sena mme e fumaneha ka theko ya M 2,019. Tlotla ena e tshwanetse ho shejwa bakeng sa bareki ba batlang menyetla ya nnete Lesotho.",2019.0,LSL,Mafeteng,"On the left along Vanrooyen road to the border post, next to the Maluti Mountain Brewery depot, Mafeteng State/county: Mafetengqq, Matholeng, Mafeteng",Site,0,0,"""[\""C:\\\\Users\\\\lepha\\\\Documents\\\\Codex\\\\2026-04-20-files-mentioned-by-the-user-group\\\\generated\\\\images\\\\live\\\\lesothohousing\\\\lhldc-matholeng\\\\image_1.jpg\""]""",https://lesothohousing.org.ls/property/matholeng/,Good,Traditional,Hillside,"""[\""water connection\"", \""road access\""]""",other
lhldc-manobo,lesothohousing,Maseru North Bound (MANOBO),"The project is located at Mokhethoaneng, along the main north 1 road, near old Agric`s Feedlot project. It was developed in 2019.It offers a mixture of low, middle- and high-income sites averaging between 450 sqm and 1000 sqm. The project comprises of 177 sites. The sites are surveyed and serviced with partial gravel roads and partial water reticulation.","Thepa ena ya mofuta wa site e fumaneha Berea Mokhethoaneng along Maseru main north 1 road, Berea, MASERU NORTH BOUND, Berea. E na le sebaka sena mme e fumaneha ka theko ya M 1. Tlotla ena e tshwanetse ho shejwa bakeng sa bareki ba batlang menyetla ya nnete Lesotho.",1.0,LSL,Maseru,"Berea Mokhethoaneng along Maseru main north 1 road, Berea, MASERU NORTH BOUND, Berea",Site,0,0,"""[\""C:\\\\Users\\\\lepha\\\\Documents\\\\Codex\\\\2026-04-20-files-mentioned-by-the-user-group\\\\generated\\\\images\\\\live\\\\lesothohousing\\\\lhldc-manobo\\\\image_2.png\"", \""C:\\\\Users\\\\lepha\\\\Documents\\\\Codex\\\\2026-04-20-files-mentioned-by-the-user-group\\\\generated\\\\images\\\\live\\\\lesothohousing\\\\lhldc-manobo\\\\image_3.png\"", \""C:\\\\Users\\\\lepha\\\\Documents\\\\Codex\\\\2026-04-20-files-mentioned-by-the-user-group\\\\generated\\\\images\\\\live\\\\lesothohousing\\\\lhldc-manobo\\\\image_4.png\"", \""C:\\\\Users\\\\lepha\\\\Documents\\\\Codex\\\\2026-04-20-files-mentioned-by-the-user-group\\\\generated\\\\images\\\\live\\\\lesothohousing\\\\lhldc-manobo\\\\image_5.png\""]""",https://lesothohousing.org.ls/property/manobo/,Good,Traditional,Suburban,"""[\""water connection\"", \""road access\""]""",sale
lhldc-police-post-qs-nek,lesothohousing,Police Post (Q’s nek),"The project is located in town, near Qacha`s neck police headquarters. It was developed in 2019.It offers a mixture of low- and middle-income housing. The project comprises of 3 houses and 17 undeveloped sites averaging between 600 sqm and 1000 sqm. The sites are surveyed.","Thepa ena ya mofuta wa site e fumaneha In town, near Qacha`s neck police headquarters, Qacha's Nek State/county: Lesotho, Police Post, Qacha's Nek. E na le sebaka sena mme e fumaneha ka theko ya M 2,019. Tlotla ena e tshwanetse ho shejwa bakeng sa bareki ba batlang menyetla ya nnete Lesotho.",2019.0,LSL,Qacha'S Nek,"In town, near Qacha`s neck police headquarters, Qacha's Nek State/county: Lesotho, Police Post, Qacha's Nek",Site,0,0,"""[\""C:\\\\Users\\\\lepha\\\\Documents\\\\Codex\\\\2026-04-20-files-mentioned-by-the-user-group\\\\generated\\\\images\\\\live\\\\lesothohousing\\\\lhldc-police-post-qs-nek\\\\image_1.jpg\""]""",https://lesothohousing.org.ls/property/police-post-qs-nek/,Good,Traditional,Urban,"""[]""",other
lhldc-thaba-tsoeu-qs-nek,lesothohousing,Thaba Tsoeu (Q’s Nek),The project is located at Thaba Ts’oeu next the army base. It was developed in 2019.It offers a mixture of low- and middle-income housing. The project comprises of 10 houses and 49 undeveloped sites averaging between 500 sqm and 800 sqm. The sites are surveyed.,"Thepa ena ya mofuta wa site e fumaneha Thaba Ts’oeu next the army base, Qacha's Nek State/county: Lesotho, Thaba Tsoeu, Qacha's Nek. E na le sebaka sena mme e fumaneha ka theko ya M 2,019. Tlotla ena e tshwanetse ho shejwa bakeng sa bareki ba batlang menyetla ya nnete Lesotho.",2019.0,LSL,Qacha'S Nek,"Thaba Ts’oeu next the army base, Qacha's Nek State/county: Lesotho, Thaba Tsoeu, Qacha's Nek",Site,0,0,"""[\""C:\\\\Users\\\\lepha\\\\Documents\\\\Codex\\\\2026-04-20-files-mentioned-by-the-user-group\\\\generated\\\\images\\\\live\\\\lesothohousing\\\\lhldc-thaba-tsoeu-qs-nek\\\\image_1.jpg\"", \""C:\\\\Users\\\\lepha\\\\Documents\\\\Codex\\\\2026-04-20-files-mentioned-by-the-user-group\\\\generated\\\\images\\\\live\\\\lesothohousing\\\\lhldc-thaba-tsoeu-qs-nek\\\\image_2.jpg\""]""",https://lesothohousing.org.ls/property/thaba-tsoeu-qs-nek/,Good,Traditional,Suburban,"""[]""",sale
lhldc-ty-lehcorp-st-agnes,lesothohousing,TY LeHCorp (St. Agnes),"The project is located at main north 1 road, near ST Agnes High school. It was developed in 1988.It offers low income housing. The project comprises of 225 houses. Services available are water and gravel road.","Thepa ena ya mofuta wa site e fumaneha Main north 1 road, near ST Agnes High school, Berea State/county: Lesotho, TY LeHCorp, Berea. E na le sebaka sena mme e fumaneha ka theko ya M 1. Tlotla ena e tshwanetse ho shejwa bakeng sa bareki ba batlang menyetla ya nnete Lesotho.",1.0,LSL,Berea,"Main north 1 road, near ST Agnes High school, Berea State/county: Lesotho, TY LeHCorp, Berea",Site,0,0,"""[\""C:\\\\Users\\\\lepha\\\\Documents\\\\Codex\\\\2026-04-20-files-mentioned-by-the-user-group\\\\generated\\\\images\\\\live\\\\lesothohousing\\\\lhldc-ty-lehcorp-st-agnes\\\\image_1.jpg\""]""",https://lesothohousing.org.ls/property/ty-lehcorp-st-agnes/,Good,Traditional,Urban,"""[\""water connection\"", \""near schools\"", \""road access\""]""",other
lhldc-arrival-center-housing,lesothohousing,Arrival Center (Housing),"The project is located along main road to honeymoon park, opposite Bambatha Ts’ita Sports Arena. It was developed in 1992.It offers a mixture of middle to high-income housing. The project comprises of 25 houses. Services available are water, sewer lines, electricity and tarred roads.","Thepa ena ya mofuta wa site e fumaneha Along main road to honeymoon park, opposite Bambatha Ts’ita Sports Arena, Maseru State/county: Lesotho, Arrival Center, Maseru. E na le sebaka sena mme e fumaneha ka theko ya M 1,992. Tlotla ena e tshwanetse ho shejwa bakeng sa bareki ba batlang menyetla ya nnete Lesotho.",1992.0,LSL,Maseru,"Along main road to honeymoon park, opposite Bambatha Ts’ita Sports Arena, Maseru State/county: Lesotho, Arrival Center, Maseru",Site,0,0,"""[\""C:\\\\Users\\\\lepha\\\\Documents\\\\Codex\\\\2026-04-20-files-mentioned-by-the-user-group\\\\generated\\\\images\\\\live\\\\lesothohousing\\\\lhldc-arrival-center-housing\\\\image_1.jpg\""]""",https://lesothohousing.org.ls/property/arrival-center-housing/,Good,Traditional,Urban,"""[\""water connection\"", \""electricity\"", \""road access\"", \""tar road\""]""",other
lhldc-katlehong-lehcorp,lesothohousing,Katlehong LeHCorp,"The project is located west of Maseru city, neat police training college. It was developed in 1984.It offers low-income housing. The project comprises of 315 houses. Services available are water, street lights and gravel roads.","Thepa ena ya mofuta wa site e fumaneha West of Maseru city, neat police training college, Maseru State/county: Lesotho, Katlehong LEHCORP, Maseru. E na le sebaka sena mme e fumaneha ka theko ya M 1,984. Tlotla ena e tshwanetse ho shejwa bakeng sa bareki ba batlang menyetla ya nnete Lesotho.",1984.0,LSL,Maseru,"West of Maseru city, neat police training college, Maseru State/county: Lesotho, Katlehong LEHCORP, Maseru",Site,0,0,"""[\""C:\\\\Users\\\\lepha\\\\Documents\\\\Codex\\\\2026-04-20-files-mentioned-by-the-user-group\\\\generated\\\\images\\\\live\\\\lesothohousing\\\\lhldc-katlehong-lehcorp\\\\image_1.jpg\""]""",https://lesothohousing.org.ls/property/katlehong-lehcorp/,Good,Traditional,Urban,"""[\""water connection\"", \""road access\""]""",other
lhldc-khubetsoana-lehcorp,lesothohousing,Khubetsoana LeHCorp,The project is located on the main north 1 road to Teyateyaneng. It was developed in 1981.It offers low-income housing. The project comprises of 860 houses. Services available are water and gravel roads.,"Thepa ena ya mofuta wa site e fumaneha Main north 1 road to Teyateyaneng, Maseru State/county: Lesotho, khubetsoana: LEHCORP, Maseru. E na le sebaka sena mme e fumaneha ka theko ya M 1. Tlotla ena e tshwanetse ho shejwa bakeng sa bareki ba batlang menyetla ya nnete Lesotho.",1.0,LSL,Maseru,"Main north 1 road to Teyateyaneng, Maseru State/county: Lesotho, khubetsoana: LEHCORP, Maseru",Site,0,0,"""[\""C:\\\\Users\\\\lepha\\\\Documents\\\\Codex\\\\2026-04-20-files-mentioned-by-the-user-group\\\\generated\\\\images\\\\live\\\\lesothohousing\\\\lhldc-khubetsoana-lehcorp\\\\image_1.jpg\""]""",https://lesothohousing.org.ls/property/khubetsoana-lehcorp/,Good,Traditional,Suburban,"""[\""water connection\"", \""road access\""]""",other
lhldc-mohalalitoe-lehcorp,lesothohousing,Mohalalitoe LeHCorp,,"Thepa ena ya mofuta wa site e fumaneha Mohalalitoe LeHCorp, Maseru State/county: Lesotho, Mohalalitoe LeHCorp, Maseru. E na le sebaka sena mme e fumaneha ka theko e sa hlaloswang. Tlotla ena e tshwanetse ho shejwa bakeng sa bareki ba batlang menyetla ya nnete Lesotho.",,LSL,Maseru,"Mohalalitoe LeHCorp, Maseru State/county: Lesotho, Mohalalitoe LeHCorp, Maseru",Site,0,0,"""[\""C:\\\\Users\\\\lepha\\\\Documents\\\\Codex\\\\2026-04-20-files-mentioned-by-the-user-group\\\\generated\\\\images\\\\live\\\\lesothohousing\\\\lhldc-mohalalitoe-lehcorp\\\\image_1.jpg\""]""",https://lesothohousing.org.ls/property/mohalalitoe-lehcorp/,Good,Traditional,Suburban,"""[]""",other
lhldc-ntjabane-project,lesothohousing,Ntjabane project,The project is located along main north 1 road to Kolonyama.It was developed in 2000.It offers a mixture of low- and middle-income sites averaging between 375 sqm and 600 sqm. The project comprises of 1122 sites. The sites are surveyed and serviced with water reticulation.,"Thepa ena ya mofuta wa site e fumaneha Along main north 1 road to Kolonyama, Berea, Ntjabane, Berea. E na le sebaka sena mme e fumaneha ka theko ya M 1. Tlotla ena e tshwanetse ho shejwa bakeng sa bareki ba batlang menyetla ya nnete Lesotho.",1.0,LSL,Berea,"Along main north 1 road to Kolonyama, Berea, Ntjabane, Berea",Site,0,0,"""[\""C:\\\\Users\\\\lepha\\\\Documents\\\\Codex\\\\2026-04-20-files-mentioned-by-the-user-group\\\\generated\\\\images\\\\live\\\\lesothohousing\\\\lhldc-ntjabane-project\\\\image_1.jpg\""]""",https://lesothohousing.org.ls/property/ntjabane-project/,Good,Traditional,Suburban,"""[\""water connection\"", \""road access\""]""",other
lhldc-thetsane-west-high-income,lesothohousing,Thetsane West (High-income),"The project is located at south-west of Maseru City. It was developed in 1988.It offers high income sites averaging 600sqm.The project comprises of 805 sites. The sites are surveyed, serviced with roads, water reticulation, sewer lines and electricity lines.","Thepa ena ya mofuta wa site e fumaneha Maseru South-West, Maseru State/county: Lesotho, Thetsane West, Maseru. E na le sebaka sena mme e fumaneha ka theko ya M 1,988. Tlotla ena e tshwanetse ho shejwa bakeng sa bareki ba batlang menyetla ya nnete Lesotho.",1988.0,LSL,Maseru,"Maseru South-West, Maseru State/county: Lesotho, Thetsane West, Maseru",Site,0,0,"""[\""C:\\\\Users\\\\lepha\\\\Documents\\\\Codex\\\\2026-04-20-files-mentioned-by-the-user-group\\\\generated\\\\images\\\\live\\\\lesothohousing\\\\lhldc-thetsane-west-high-income\\\\image_1.png\"", \""C:\\\\Users\\\\lepha\\\\Documents\\\\Codex\\\\2026-04-20-files-mentioned-by-the-user-group\\\\generated\\\\images\\\\live\\\\lesothohousing\\\\lhldc-thetsane-west-high-income\\\\image_2.jpg\""]""",https://lesothohousing.org.ls/property/thetsane-west-high-income/,Good,Traditional,Urban,"""[\""water connection\"", \""electricity\"", \""road access\""]""",sale
lhldc-thetsane-west-middle-income-and-low-income,lesothohousing,Thetsane West (Middle-income and Low-income),"The project is located at south-west of Maseru City. It was developed in 1988.It offers a mixture of middle- and low-income sites averaging between 275 sqm and 400 sqm. The project comprises of 995 sites. The sites are surveyed, serviced with roads and water reticulation.","Thepa ena ya mofuta wa site e fumaneha Maseru South-West, Maseru State/county: Lesotho, Thetsane West, Maseru. E na le sebaka sena mme e fumaneha ka theko ya M 1,988. Tlotla ena e tshwanetse ho shejwa bakeng sa bareki ba batlang menyetla ya nnete Lesotho.",1988.0,LSL,Maseru,"Maseru South-West, Maseru State/county: Lesotho, Thetsane West, Maseru",Site,0,0,"""[\""C:\\\\Users\\\\lepha\\\\Documents\\\\Codex\\\\2026-04-20-files-mentioned-by-the-user-group\\\\generated\\\\images\\\\live\\\\lesothohousing\\\\lhldc-thetsane-west-middle-income-and-low-income\\\\image_1.png\"", \""C:\\\\Users\\\\lepha\\\\Documents\\\\Codex\\\\2026-04-20-files-mentioned-by-the-user-group\\\\generated\\\\images\\\\live\\\\lesothohousing\\\\lhldc-thetsane-west-middle-income-and-low-income\\\\image_2.jpg\""]""",https://lesothohousing.org.ls/property/thetsane-west-middle-income-and-low-income/,Good,Traditional,Urban,"""[\""water connection\"", \""road access\""]""",other
lhldc-matala,lesothohousing,Matala,"The project is located at east of Maseru City along main south 1 road. It was developed in 1989.It offers a mixture of low, middle- and high-income sites averaging between 275 sqm and 600 sqm. The project comprises of 900 sites. The sites are surveyed and serviced with water reticulation.","Thepa ena ya mofuta wa site e fumaneha Maseru East Along Main South Road, Maseru State/county: Lesotho, Matala, Maseru. E na le sebaka sena mme e fumaneha ka theko ya M 1. Tlotla ena e tshwanetse ho shejwa bakeng sa bareki ba batlang menyetla ya nnete Lesotho.",1.0,LSL,Maseru,"Maseru East Along Main South Road, Maseru State/county: Lesotho, Matala, Maseru",Site,0,0,"""[\""C:\\\\Users\\\\lepha\\\\Documents\\\\Codex\\\\2026-04-20-files-mentioned-by-the-user-group\\\\generated\\\\images\\\\live\\\\lesothohousing\\\\lhldc-matala\\\\image_1.png\"", \""C:\\\\Users\\\\lepha\\\\Documents\\\\Codex\\\\2026-04-20-files-mentioned-by-the-user-group\\\\generated\\\\images\\\\live\\\\lesothohousing\\\\lhldc-matala\\\\image_2.jpg\""]""",https://lesothohousing.org.ls/property/matala/,Good,Traditional,Urban,"""[\""water connection\"", \""road access\""]""",sale
lhldc-maseru-south-west-i-masowe-i,lesothohousing,Maseru South West I (MASOWE I),The project is located along Kofi Annan (by-pass) opposite Tikoe industrial estate. It was developed in 2002.It offers low income sites averaging 375 sqm. The project comprises of 817 sites. The sites are surveyed and serviced with water reticulation.,"Thepa ena ya mofuta wa site e fumaneha Kofi Annan road (by-pass) opposite MASOWE IV, Maseru State/county: Lesotho, Mosowe I, Maseru. E na le sebaka sena mme e fumaneha ka theko ya M 2,002. Tlotla ena e tshwanetse ho shejwa bakeng sa bareki ba batlang menyetla ya nnete Lesotho.",2002.0,LSL,Maseru,"Kofi Annan road (by-pass) opposite MASOWE IV, Maseru State/county: Lesotho, Mosowe I, Maseru",Site,0,0,"""[\""C:\\\\Users\\\\lepha\\\\Documents\\\\Codex\\\\2026-04-20-files-mentioned-by-the-user-group\\\\generated\\\\images\\\\live\\\\lesothohousing\\\\lhldc-maseru-south-west-i-masowe-i\\\\image_1.png\""]""",https://lesothohousing.org.ls/property/maseru-south-west-i-masowe-i/,Good,Traditional,Suburban,"""[\""water connection\"", \""road access\""]""",sale
lhldc-maseru-south-west-ii-masowe-ii,lesothohousing,Maseru South West II (MASOWE II),"The project is located along MASOWE I A road to Likotsi, on the right, opposite MASOWE IV. It was developed in 2003.It offers a mixture of middle- and high-income sites averaging 400 sqm and 600 sqm. The project comprises of 791 sites. The sites are surveyed and serviced with partial gravel roads and water reticulation.","Thepa ena ya mofuta wa site e fumaneha MASOWE I A road to Likotsi, Maseru State/county: Lesotho, MASOWE II, Maseru. E na le sebaka sena mme e fumaneha ka theko ya M 2,003. Tlotla ena e tshwanetse ho shejwa bakeng sa bareki ba batlang menyetla ya nnete Lesotho.",2003.0,LSL,Maseru,"MASOWE I A road to Likotsi, Maseru State/county: Lesotho, MASOWE II, Maseru",Site,0,0,"""[\""C:\\\\Users\\\\lepha\\\\Documents\\\\Codex\\\\2026-04-20-files-mentioned-by-the-user-group\\\\generated\\\\images\\\\live\\\\lesothohousing\\\\lhldc-maseru-south-west-ii-masowe-ii\\\\image_1.png\"", \""C:\\\\Users\\\\lepha\\\\Documents\\\\Codex\\\\2026-04-20-files-mentioned-by-the-user-group\\\\generated\\\\images\\\\live\\\\lesothohousing\\\\lhldc-maseru-south-west-ii-masowe-ii\\\\image_2.jpg\""]""",https://lesothohousing.org.ls/property/maseru-south-west-ii-masowe-ii/,Good,Traditional,Suburban,"""[\""water connection\"", \""road access\""]""",other
lhldc-maseru-south-west-i-ext-masowe-i-ext,lesothohousing,Maseru South West I Ext (MASOWE I Ext),The project is located along Kofi Annan road (by-pass) opposite MASOWE IV. It was developed in 2006.It offers low income sites averaging 375 sqm. The project comprises of 189 sites. The sites are surveyed and serviced with water reticulation.,"Thepa ena ya mofuta wa site e fumaneha Kofi Annan road (by-pass) opposite MASOWE IV, Maseru State/county: Lesotho, Maseru South West, Maseru. E na le sebaka sena mme e fumaneha ka theko ya M 2,006. Tlotla ena e tshwanetse ho shejwa bakeng sa bareki ba batlang menyetla ya nnete Lesotho.",2006.0,LSL,Maseru,"Kofi Annan road (by-pass) opposite MASOWE IV, Maseru State/county: Lesotho, Maseru South West, Maseru",Site,0,0,"""[\""C:\\\\Users\\\\lepha\\\\Documents\\\\Codex\\\\2026-04-20-files-mentioned-by-the-user-group\\\\generated\\\\images\\\\live\\\\lesothohousing\\\\lhldc-maseru-south-west-i-ext-masowe-i-ext\\\\image_1.png\"", \""C:\\\\Users\\\\lepha\\\\Documents\\\\Codex\\\\2026-04-20-files-mentioned-by-the-user-group\\\\generated\\\\images\\\\live\\\\lesothohousing\\\\lhldc-maseru-south-west-i-ext-masowe-i-ext\\\\image_2.jpg\""]""",https://lesothohousing.org.ls/property/maseru-south-west-i-ext-masowe-i-ext/,Good,Traditional,Suburban,"""[\""water connection\"", \""road access\""]""",other
lhldc-maseru-south-west-iii-masowe-iii,lesothohousing,Maseru South West III (MASOWE III),The project is located at ha Tsiame along MASOWE I A road to Likotsi. It was developed in 2005.It offers a mixture of middle- and high-income sites averaging 450 sqm and 600 sqm. The project comprises of 600 sites. The sites are surveyed and serviced with partial gravel roads and water reticulation.,"Thepa ena ya mofuta wa site e fumaneha Ha Tsiame along MASOWE I A road to Likotsi, Maseru State/county: Lesotho, MASOWE III, Maseru. E na le sebaka sena mme e fumaneha ka theko ya M 2,005. Tlotla ena e tshwanetse ho shejwa bakeng sa bareki ba batlang menyetla ya nnete Lesotho.",2005.0,LSL,Maseru,"Ha Tsiame along MASOWE I A road to Likotsi, Maseru State/county: Lesotho, MASOWE III, Maseru",Site,0,0,"""[\""C:\\\\Users\\\\lepha\\\\Documents\\\\Codex\\\\2026-04-20-files-mentioned-by-the-user-group\\\\generated\\\\images\\\\live\\\\lesothohousing\\\\lhldc-maseru-south-west-iii-masowe-iii\\\\image_1.png\"", \""C:\\\\Users\\\\lepha\\\\Documents\\\\Codex\\\\2026-04-20-files-mentioned-by-the-user-group\\\\generated\\\\images\\\\live\\\\lesothohousing\\\\lhldc-maseru-south-west-iii-masowe-iii\\\\image_2.jpg\""]""",https://lesothohousing.org.ls/property/maseru-south-west-iii-masowe-iii/,Good,Traditional,Suburban,"""[\""water connection\"", \""road access\""]""",other
lhldc-maseru-south-west-iv-masowe-iv,lesothohousing,Maseru South West IV (MASOWE IV),"The project is located along MASOWE I A road to Likotsi, on the left, opposite MASOWE II. It was developed in 2006.It offers high income sites averaging 700 sqm and 800 sqm. The project comprises of 164 sites. The sites are surveyed, serviced with roads, water reticulation, sewer lines and electricity lines.","Thepa ena ya mofuta wa site e fumaneha MASOWE I A road to Likotsi, on the left, opposite MASOWE II, Maseru State/county: Lesotho, MASOWE IV, Maseru. E na le sebaka sena mme e fumaneha ka theko ya M 2,006. Tlotla ena e tshwanetse ho shejwa bakeng sa bareki ba batlang menyetla ya nnete Lesotho.",2006.0,LSL,Maseru,"MASOWE I A road to Likotsi, on the left, opposite MASOWE II, Maseru State/county: Lesotho, MASOWE IV, Maseru",Site,0,0,"""[\""C:\\\\Users\\\\lepha\\\\Documents\\\\Codex\\\\2026-04-20-files-mentioned-by-the-user-group\\\\generated\\\\images\\\\live\\\\lesothohousing\\\\lhldc-maseru-south-west-iv-masowe-iv\\\\image_1.png\"", \""C:\\\\Users\\\\lepha\\\\Documents\\\\Codex\\\\2026-04-20-files-mentioned-by-the-user-group\\\\generated\\\\images\\\\live\\\\lesothohousing\\\\lhldc-maseru-south-west-iv-masowe-iv\\\\image_2.jpg\""]""",https://lesothohousing.org.ls/property/maseru-south-west-iv-masowe-iv/,Good,Traditional,Urban,"""[\""water connection\"", \""electricity\"", \""road access\""]""",other
lhldc-ntjabane-project-2,lesothohousing,Ntjabane project,The project is located along main north 1 road to Kolonyama.It was developed in 2000.It offers a mixture of low- and middle-income sites averaging between 375 sqm and 600 sqm. The project comprises of 1122 sites. The sites are surveyed and serviced with water reticulation.,"Thepa ena ya mofuta wa site e fumaneha Along main north 1 road to Kolonyama, Maseru State/county: Lesotho, Ntjabane, Maseru. E na le sebaka sena mme e fumaneha ka theko ya M 1. Tlotla ena e tshwanetse ho shejwa bakeng sa bareki ba batlang menyetla ya nnete Lesotho.",1.0,LSL,Maseru,"Along main north 1 road to Kolonyama, Maseru State/county: Lesotho, Ntjabane, Maseru",Site,0,0,"""[\""C:\\\\Users\\\\lepha\\\\Documents\\\\Codex\\\\2026-04-20-files-mentioned-by-the-user-group\\\\generated\\\\images\\\\live\\\\lesothohousing\\\\lhldc-ntjabane-project-2\\\\image_1.jpg\""]""",https://lesothohousing.org.ls/property/ntjabane-project-2/,Good,Traditional,Suburban,"""[\""water connection\"", \""road access\""]""",other
mestech-b102-a-b,mestech,Office Space B102 A & B,"Commercial office space B102 A & B at Jackpot Building, Opposite Sefika Complex, Moshoeshoe Rd, Maseru Lesotho.. Size 7.80m x 6.70m (52.26 sqm). Rental price M14,600. Suitable for office or business use.","Thepa ena ya mofuta wa commercial e fumaneha Jackpot Building, Opposite Sefika Complex, Moshoeshoe Rd, Maseru Lesotho.. E na le sebaka sena mme e fumaneha ka theko ya M 14,600. Tlotla ena e tshwanetse ho shejwa bakeng sa bareki ba batlang menyetla ya nnete Lesotho.",14600.0,LSL,Maseru,"Jackpot Building, Opposite Sefika Complex, Moshoeshoe Rd, Maseru Lesotho.",Commercial,0,0,"""[\""C:\\\\Users\\\\lepha\\\\Documents\\\\Codex\\\\2026-04-20-files-mentioned-by-the-user-group\\\\generated\\\\images\\\\live\\\\mestech\\\\mestech-b102-a-b\\\\image_1.png\""]""",https://www.mestech.co.ls/properties/,Good,Contemporary,Suburban,"""[\""water connection\"", \""electricity\"", \""office-ready\"", \""security\""]""",rent
mestech-b103,mestech,Office Space B103,"Commercial office space B103 at Jackpot Building, Opposite Sefika Complex, Moshoeshoe Rd, Maseru Lesotho.. Size 6.75m x 4.0m (27 sqm). Rental price M7,600. Suitable for office or business use.","Thepa ena ya mofuta wa commercial e fumaneha Jackpot Building, Opposite Sefika Complex, Moshoeshoe Rd, Maseru Lesotho.. E na le sebaka sena mme e fumaneha ka theko ya M 7,600. Tlotla ena e tshwanetse ho shejwa bakeng sa bareki ba batlang menyetla ya nnete Lesotho.",7600.0,LSL,Maseru,"Jackpot Building, Opposite Sefika Complex, Moshoeshoe Rd, Maseru Lesotho.",Commercial,0,0,"""[\""C:\\\\Users\\\\lepha\\\\Documents\\\\Codex\\\\2026-04-20-files-mentioned-by-the-user-group\\\\generated\\\\images\\\\live\\\\mestech\\\\mestech-b103\\\\image_1.png\""]""",https://www.mestech.co.ls/properties/,Good,Contemporary,Suburban,"""[\""water connection\"", \""electricity\"", \""office-ready\"", \""security\""]""",rent
mestech-b104,mestech,Office Space B104,"Commercial office space B104 at Jackpot Building, Opposite Sefika Complex, Moshoeshoe Rd, Maseru Lesotho.. Size 4.9m x 3.65m (17.85 sqm). Rental price M5,000. Suitable for office or business use.","Thepa ena ya mofuta wa commercial e fumaneha Jackpot Building, Opposite Sefika Complex, Moshoeshoe Rd, Maseru Lesotho.. E na le sebaka sena mme e fumaneha ka theko ya M 5,000. Tlotla ena e tshwanetse ho shejwa bakeng sa bareki ba batlang menyetla ya nnete Lesotho.",5000.0,LSL,Maseru,"Jackpot Building, Opposite Sefika Complex, Moshoeshoe Rd, Maseru Lesotho.",Commercial,0,0,"""[\""C:\\\\Users\\\\lepha\\\\Documents\\\\Codex\\\\2026-04-20-files-mentioned-by-the-user-group\\\\generated\\\\images\\\\live\\\\mestech\\\\mestech-b104\\\\image_1.png\""]""",https://www.mestech.co.ls/properties/,Good,Contemporary,Suburban,"""[\""water connection\"", \""electricity\"", \""office-ready\"", \""security\""]""",rent
mestech-b106,mestech,Office Space B106,"Commercial office space B106 at Jackpot Building, Opposite Sefika Complex, Moshoeshoe Rd, Maseru Lesotho.. Size 4.90m x 4.60m (3200 sqm). Rental price M6,300. Suitable for office or business use.","Thepa ena ya mofuta wa commercial e fumaneha Jackpot Building, Opposite Sefika Complex, Moshoeshoe Rd, Maseru Lesotho.. E na le sebaka sena mme e fumaneha ka theko ya M 6,300. Tlotla ena e tshwanetse ho shejwa bakeng sa bareki ba batlang menyetla ya nnete Lesotho.",6300.0,LSL,Maseru,"Jackpot Building, Opposite Sefika Complex, Moshoeshoe Rd, Maseru Lesotho.",Commercial,0,0,"""[\""C:\\\\Users\\\\lepha\\\\Documents\\\\Codex\\\\2026-04-20-files-mentioned-by-the-user-group\\\\generated\\\\images\\\\live\\\\mestech\\\\mestech-b106\\\\image_1.png\""]""",https://www.mestech.co.ls/properties/,Good,Contemporary,Suburban,"""[\""water connection\"", \""electricity\"", \""office-ready\"", \""security\""]""",rent
mestech-b107,mestech,Office Space B107,"Commercial office space B107 at Jackpot Building, Opposite Sefika Complex, Moshoeshoe Rd, Maseru Lesotho.. Size 4.90m x 3.0m (2300 sqm). Rental price M4,100. Suitable for office or business use.","Thepa ena ya mofuta wa commercial e fumaneha Jackpot Building, Opposite Sefika Complex, Moshoeshoe Rd, Maseru Lesotho.. E na le sebaka sena mme e fumaneha ka theko ya M 4,100. Tlotla ena e tshwanetse ho shejwa bakeng sa bareki ba batlang menyetla ya nnete Lesotho.",4100.0,LSL,Maseru,"Jackpot Building, Opposite Sefika Complex, Moshoeshoe Rd, Maseru Lesotho.",Commercial,0,0,"""[\""C:\\\\Users\\\\lepha\\\\Documents\\\\Codex\\\\2026-04-20-files-mentioned-by-the-user-group\\\\generated\\\\images\\\\live\\\\mestech\\\\mestech-b107\\\\image_1.png\""]""",https://www.mestech.co.ls/properties/,Good,Contemporary,Suburban,"""[\""water connection\"", \""electricity\"", \""office-ready\"", \""security\""]""",rent
mestech-b108,mestech,Office Space B108,"Commercial office space B108 at Jackpot Building, Opposite Sefika Complex, Moshoeshoe Rd, Maseru Lesotho.. Size 4.40m x 4.0m (2500 sqm). Rental price M4,900. Suitable for office or business use.","Thepa ena ya mofuta wa commercial e fumaneha Jackpot Building, Opposite Sefika Complex, Moshoeshoe Rd, Maseru Lesotho.. E na le sebaka sena mme e fumaneha ka theko ya M 4,900. Tlotla ena e tshwanetse ho shejwa bakeng sa bareki ba batlang menyetla ya nnete Lesotho.",4900.0,LSL,Maseru,"Jackpot Building, Opposite Sefika Complex, Moshoeshoe Rd, Maseru Lesotho.",Commercial,0,0,"""[\""C:\\\\Users\\\\lepha\\\\Documents\\\\Codex\\\\2026-04-20-files-mentioned-by-the-user-group\\\\generated\\\\images\\\\live\\\\mestech\\\\mestech-b108\\\\image_1.png\""]""",https://www.mestech.co.ls/properties/,Good,Contemporary,Suburban,"""[\""water connection\"", \""electricity\"", \""office-ready\"", \""security\""]""",rent
moso-compounded-apartments-hillsview-1,mosoholdings,Compounded Apartments,"Compounded Apartments M5,800/mo Hillsview Residential Bedrooms: 2 / Baths: 1 / Fitted / 247 Armed Guard /","Thepa ena ya mofuta wa apartment e fumaneha Hillsview. E na le dikamore tse 2 le dibate tse 1 mme e fumaneha ka theko ya M 5,800. Tlotla ena e tshwanetse ho shejwa bakeng sa bareki ba batlang menyetla ya nnete Lesotho.",5800.0,LSL,Hillsview,Hillsview,Apartment,2,1,"[""C:\\Users\\lepha\\Documents\\Codex\\2026-04-20-files-mentioned-by-the-user-group\\generated\\images\\live\\mosoholdings\\moso-compounded-apartments-hillsview-1\\image_1.jpg""]",https://www.facebook.com/MOSSHOLDINGS/posts/pfbid0HdYh7s6uDbtQ5CKfpn4J3De6fEc1SbNdQSdfoxZ4tj99bTeSPQDFaRgMxaohj7iUl,Good,Traditional,Hillside,[],rent
moso-bachelor-pad-maseru-west-2,mosoholdings,Bachelor Pad,"Bachelor Pad M7,000/mo Maseru West Residential Bedrooms: 1 / Baths: 1 / Fully furnished / Fully fitted","Thepa ena ya mofuta wa apartment e fumaneha Maseru West. E na le dikamore tse 1 le dibate tse 1 mme e fumaneha ka theko ya M 7,000. Tlotla ena e tshwanetse ho shejwa bakeng sa bareki ba batlang menyetla ya nnete Lesotho.",7000.0,LSL,Maseru,Maseru West,Apartment,1,1,"[""C:\\Users\\lepha\\Documents\\Codex\\2026-04-20-files-mentioned-by-the-user-group\\generated\\images\\live\\mosoholdings\\moso-bachelor-pad-maseru-west-2\\image_1.jpg""]",https://www.facebook.com/MOSSHOLDINGS/posts/pfbid0BfMM4eES8F2kS47qS6gYhqkgD7Nvn1UQNfZcEkDYTFRg9FgfizbyqbYeS8XRXnssl,Good,Traditional,Suburban,"[""furnished""]",rent
moso-duplex-upper-thamae-3,mosoholdings,Duplex,"Duplex M2,700/mo Upper Thamae Residential Bedrooms: 2 / Baths: 1 / Automated gate / Guard house","Thepa ena ya mofuta wa townhouse e fumaneha Upper Thamae. E na le dikamore tse 2 le dibate tse 1 mme e fumaneha ka theko ya M 2,700. Tlotla ena e tshwanetse ho shejwa bakeng sa bareki ba batlang menyetla ya nnete Lesotho.",2700.0,LSL,Upper Thamae,Upper Thamae,Townhouse,2,1,"[""C:\\Users\\lepha\\Documents\\Codex\\2026-04-20-files-mentioned-by-the-user-group\\generated\\images\\live\\mosoholdings\\moso-duplex-upper-thamae-3\\image_1.jpg""]",https://www.facebook.com/MOSSHOLDINGS/posts/pfbid02v3EUzfQ2aQJQJa78z4HsdSgbj6L4gyjvLYtxWxrUfbF99irtEfBEXXLULhT8ZTYHl,Good,Traditional,Suburban,[],rent
moso-bachelor-pad-lesia-thetsane-4,mosoholdings,Bachelor Pad,"Bachelor Pad M2,500/mo Lesia, Thetsane Residential Bedrooms: 1 / Baths: 1 / Fitted","Thepa ena ya mofuta wa apartment e fumaneha Lesia, Thetsane. E na le dikamore tse 1 le dibate tse 1 mme e fumaneha ka theko ya M 2,500. Tlotla ena e tshwanetse ho shejwa bakeng sa bareki ba batlang menyetla ya nnete Lesotho.",2500.0,LSL,Thetsane,"Lesia, Thetsane",Apartment,1,1,"[""C:\\Users\\lepha\\Documents\\Codex\\2026-04-20-files-mentioned-by-the-user-group\\generated\\images\\live\\mosoholdings\\moso-bachelor-pad-lesia-thetsane-4\\image_1.jpg""]",https://www.facebook.com/MOSSHOLDINGS/posts/pfbid0HdYh7s6uDbtQ5CKfpn4J3De6fEc1SbNdQSdfoxZ4tj99bTeSPQDFaRgMxaohj7iUl,Good,Traditional,Suburban,[],rent
moso-duplex-moshoeshoe-2-5,mosoholdings,Duplex,"Duplex M5,500/mo Moshoeshoe 2 Residential Bedrooms: 2 / Baths: 1 / CCTV","Thepa ena ya mofuta wa townhouse e fumaneha Moshoeshoe 2. E na le dikamore tse 2 le dibate tse 1 mme e fumaneha ka theko ya M 5,500. Tlotla ena e tshwanetse ho shejwa bakeng sa bareki ba batlang menyetla ya nnete Lesotho.",5500.0,LSL,Moshoeshoe 2,Moshoeshoe 2,Townhouse,2,1,"[""C:\\Users\\lepha\\Documents\\Codex\\2026-04-20-files-mentioned-by-the-user-group\\generated\\images\\live\\mosoholdings\\moso-duplex-moshoeshoe-2-5\\image_1.jpg""]",https://www.facebook.com/MOSSHOLDINGS/posts/pfbid04RDhyk8Lr32LoNTqUTJ31pQfexHYQ7zkpwq7aqySwmPw9kxH3D5bXKuusfxJimibl,Good,Traditional,Suburban,[],rent
moso-fitted-duplex-moshoeshoe-2-6,mosoholdings,Fitted Duplex,"Fitted Duplex M3,000/mo Moshoeshoe 2 Residential Bedrooms: 2 / Baths: 1 / Fully fitted","Thepa ena ya mofuta wa townhouse e fumaneha Moshoeshoe 2. E na le dikamore tse 2 le dibate tse 1 mme e fumaneha ka theko ya M 3,000. Tlotla ena e tshwanetse ho shejwa bakeng sa bareki ba batlang menyetla ya nnete Lesotho.",3000.0,LSL,Moshoeshoe 2,Moshoeshoe 2,Townhouse,2,1,"[""C:\\Users\\lepha\\Documents\\Codex\\2026-04-20-files-mentioned-by-the-user-group\\generated\\images\\live\\mosoholdings\\moso-fitted-duplex-moshoeshoe-2-6\\image_1.jpg""]",https://mosoholdings.co.ls/listings-search/,Good,Traditional,Suburban,[],rent
moso-fitted-duplex-upper-thamae-7,mosoholdings,Fitted Duplex,"Fitted Duplex M4,000/mo Upper Thamae Residential Bedrooms: 2 / Baths: 1 / Automated gate","Thepa ena ya mofuta wa townhouse e fumaneha Upper Thamae. E na le dikamore tse 2 le dibate tse 1 mme e fumaneha ka theko ya M 4,000. Tlotla ena e tshwanetse ho shejwa bakeng sa bareki ba batlang menyetla ya nnete Lesotho.",4000.0,LSL,Upper Thamae,Upper Thamae,Townhouse,2,1,"[""C:\\Users\\lepha\\Documents\\Codex\\2026-04-20-files-mentioned-by-the-user-group\\generated\\images\\live\\mosoholdings\\moso-fitted-duplex-upper-thamae-7\\image_1.jpg""]",https://www.facebook.com/MOSSHOLDINGS/posts/pfbid0GMinLruFdtFEq6AqJ7mncFSzjNmAcqNwUR1728wH1rvZAyZKLHn9auRKcvqvFzmHl,Good,Traditional,Suburban,[],rent
moso-bachelor-pad-leqele-8,mosoholdings,Bachelor Pad,"Bachelor Pad M1,800/mo Leqele Residential Bedrooms: 1 / Baths: 1 / Fully fitted","Thepa ena ya mofuta wa apartment e fumaneha Leqele. E na le dikamore tse 1 le dibate tse 1 mme e fumaneha ka theko ya M 1,800. Tlotla ena e tshwanetse ho shejwa bakeng sa bareki ba batlang menyetla ya nnete Lesotho.",1800.0,LSL,Leqele,Leqele,Apartment,1,1,"[""C:\\Users\\lepha\\Documents\\Codex\\2026-04-20-files-mentioned-by-the-user-group\\generated\\images\\live\\mosoholdings\\moso-bachelor-pad-leqele-8\\image_1.jpg""]",https://www.facebook.com/MOSSHOLDINGS/posts/pfbid035BmwDzG4krcAjpYj5HPg9HdFU2zTdLrNsBZWjBmocDZohb2JNWA5nBmKTXdjUDhzl,Good,Traditional,Suburban,[],rent
moso-double-storey-apartments-khubetsoana-9,mosoholdings,Double Storey Apartments,"Double Storey Apartments M30,000/mo Khubetsoana Residential Bedrooms: 6 / Baths: 4.5 / Fully Furnished","Thepa ena ya mofuta wa apartment e fumaneha Khubetsoana. E na le dikamore tse 6 le dibate tse 4 mme e fumaneha ka theko ya M 30,000. Tlotla ena e tshwanetse ho shejwa bakeng sa bareki ba batlang menyetla ya nnete Lesotho.",30000.0,LSL,Khubetsoana,Khubetsoana,Apartment,6,4,"[""C:\\Users\\lepha\\Documents\\Codex\\2026-04-20-files-mentioned-by-the-user-group\\generated\\images\\live\\mosoholdings\\moso-double-storey-apartments-khubetsoana-9\\image_1.jpg""]",https://www.facebook.com/MOSSHOLDINGS/posts/pfbid0uR5uKZqgt49xGyPZ7Bk7ymkxTJvYFHvHapoT8tsQHeoerp1eRLP1678t9Ai7bAQal,Good,Traditional,Suburban,"[""furnished""]",rent
moso-compounded-apartments-high-court-10,mosoholdings,Compounded Apartments,"Compounded Apartments M8,000/mo High Court Residential Bedrooms: 2 / Baths: 1 / Fully fitted / Fully furnished / 247 Security","Thepa ena ya mofuta wa apartment e fumaneha High Court. E na le dikamore tse 2 le dibate tse 1 mme e fumaneha ka theko ya M 8,000. Tlotla ena e tshwanetse ho shejwa bakeng sa bareki ba batlang menyetla ya nnete Lesotho.",8000.0,LSL,High Court,High Court,Apartment,2,1,"[""C:\\Users\\lepha\\Documents\\Codex\\2026-04-20-files-mentioned-by-the-user-group\\generated\\images\\live\\mosoholdings\\moso-compounded-apartments-high-court-10\\image_1.jpg""]",https://www.facebook.com/MOSSHOLDINGS/posts/pfbid02Fi3TExFwm2QDYRwWAZvWum3UFne53pKNtaNUGN9gSbVGE9XbAuJT1L2Vq7VF5qA4l,Good,Traditional,Suburban,"[""security"", ""furnished""]",rent
moso-bachelor-pad-moshoeshoe-2-11,mosoholdings,Bachelor Pad,"Bachelor Pad M6,000/PM Moshoeshoe 2 Residential Bedrooms: 1 / Baths: 1 / Fully furnished","Thepa ena ya mofuta wa apartment e fumaneha Moshoeshoe 2. E na le dikamore tse 1 le dibate tse 1 mme e fumaneha ka theko ya M 6,000. Tlotla ena e tshwanetse ho shejwa bakeng sa bareki ba batlang menyetla ya nnete Lesotho.",6000.0,LSL,Moshoeshoe 2,Moshoeshoe 2,Apartment,1,1,"[""C:\\Users\\lepha\\Documents\\Codex\\2026-04-20-files-mentioned-by-the-user-group\\generated\\images\\live\\mosoholdings\\moso-bachelor-pad-moshoeshoe-2-11\\image_1.jpg""]",https://www.facebook.com/MOSSHOLDINGS/posts/pfbid02FDKougJTniU6NdP8eDB9cFE4WPfPtuooroXkznjWgHKg1dEsH7nY6PVVmQS5aQrnl,Good,Traditional,Suburban,"[""furnished""]",rent
moso-bachelor-pad-lecoop-thetsane-12,mosoholdings,Bachelor Pad,"Bachelor Pad M4,500/pm Lecoop, Thetsane Residential Bedrooms: 1 / Baths: 1 / Furnished/ Wifi & DStv / Cleaning service","Thepa ena ya mofuta wa apartment e fumaneha Lecoop, Thetsane. E na le dikamore tse 1 le dibate tse 1 mme e fumaneha ka theko ya M 4,500. Tlotla ena e tshwanetse ho shejwa bakeng sa bareki ba batlang menyetla ya nnete Lesotho.",4500.0,LSL,Thetsane,"Lecoop, Thetsane",Apartment,1,1,"[""C:\\Users\\lepha\\Documents\\Codex\\2026-04-20-files-mentioned-by-the-user-group\\generated\\images\\live\\mosoholdings\\moso-bachelor-pad-lecoop-thetsane-12\\image_1.jpg""]",https://www.facebook.com/MOSSHOLDINGS/posts/pfbid0tVF8AR7hMajEDvaw3xHohUSgYfTh25ekTAC4i1CPrjGv3puuhTnMRNHhYGXnxv6Ul,Good,Traditional,Suburban,"[""furnished""]",rent
moso-double-storey-duplex-ha-thetsane-13,mosoholdings,Double Storey Duplex,"Double Storey Duplex M7,000/mo Ha Thetsane Residential Bedrooms: 2 / Baths: 1 / Fully Fitted","Thepa ena ya mofuta wa townhouse e fumaneha Ha Thetsane. E na le dikamore tse 2 le dibate tse 1 mme e fumaneha ka theko ya M 7,000. Tlotla ena e tshwanetse ho shejwa bakeng sa bareki ba batlang menyetla ya nnete Lesotho.",7000.0,LSL,Ha Thetsane,Ha Thetsane,Townhouse,2,1,"[""C:\\Users\\lepha\\Documents\\Codex\\2026-04-20-files-mentioned-by-the-user-group\\generated\\images\\live\\mosoholdings\\moso-double-storey-duplex-ha-thetsane-13\\image_1.jpg""]",https://www.facebook.com/MOSSHOLDINGS/posts/pfbid02h99HM9pjQTCCRFJ9R9ZtmuSx1udzF3537CvoaXydJ1bYutZiRcbqqZLB9HUfVPMil,Good,Traditional,Suburban,[],rent
moso-fitted-duplex-leqele-police-region-14,mosoholdings,Fitted Duplex,"Fitted Duplex M3,000/mo Leqele Police Region Residential Bedrooms: 2 / Baths: 1 / Automated Gate","Thepa ena ya mofuta wa townhouse e fumaneha Leqele Police Region. E na le dikamore tse 2 le dibate tse 1 mme e fumaneha ka theko ya M 3,000. Tlotla ena e tshwanetse ho shejwa bakeng sa bareki ba batlang menyetla ya nnete Lesotho.",3000.0,LSL,Leqele Police Region,Leqele Police Region,Townhouse,2,1,"[""C:\\Users\\lepha\\Documents\\Codex\\2026-04-20-files-mentioned-by-the-user-group\\generated\\images\\live\\mosoholdings\\moso-fitted-duplex-leqele-police-region-14\\image_1.jpg""]",https://www.facebook.com/MOSSHOLDINGS/posts/pfbid02yoYYf2kcECjLnNQcQ19tmctmV8iy9byc3NEbz2ukhoVGEgrCnSfTZsPUG5c7kg2bl,Good,Traditional,Suburban,[],rent
moso-fitted-duplex-thetsane-15,mosoholdings,Fitted Duplex,"Fitted Duplex M4,000/mo Thetsane Residential Bedrooms: 2 / Baths: 1","Thepa ena ya mofuta wa townhouse e fumaneha Thetsane. E na le dikamore tse 2 le dibate tse 1 mme e fumaneha ka theko ya M 4,000. Tlotla ena e tshwanetse ho shejwa bakeng sa bareki ba batlang menyetla ya nnete Lesotho.",4000.0,LSL,Thetsane,Thetsane,Townhouse,2,1,"[""C:\\Users\\lepha\\Documents\\Codex\\2026-04-20-files-mentioned-by-the-user-group\\generated\\images\\live\\mosoholdings\\moso-fitted-duplex-thetsane-15\\image_1.jpg""]",https://www.facebook.com/MOSSHOLDINGS/posts/pfbid02Knowj6tEdAQLjWeacskUddq9kunVEcXDmtnxkwiQxeQ3RHeEu4fPy2d8Y9WsYAaul,Good,Traditional,Suburban,[],rent
moso-duplex-mabote-16,mosoholdings,Duplex,"Duplex M4, 050/pm Mabote Residential Bedrooms: 2 / Baths: 1 / Fully Fitted https://www.facebook.com/MOSSHOLDINGS/posts/pfbid07XcpPjHaND9GZHakUWrusrEVoezydN3E1vZR9SSXajT1rXKf8LaiLxYj2GFT1As7l","Thepa ena ya mofuta wa townhouse e fumaneha Mabote. E na le dikamore tse 2 le dibate tse 1 mme e fumaneha ka theko ya M 4,050. Tlotla ena e tshwanetse ho shejwa bakeng sa bareki ba batlang menyetla ya nnete Lesotho.",4050.0,LSL,Mabote,Mabote,Townhouse,2,1,"[""C:\\Users\\lepha\\Documents\\Codex\\2026-04-20-files-mentioned-by-the-user-group\\generated\\images\\live\\mosoholdings\\moso-duplex-mabote-16\\image_1.jpg""]",https://www.facebook.com/MOSSHOLDINGS/posts/pfbid07XcpPjHaND9GZHakUWrusrEVoezydN3E1vZR9SSXajT1rXKf8LaiLxYj2GFT1As7l,Good,Traditional,Suburban,[],rent
moso-fitted-bachelor-flat-maseru-west-17,mosoholdings,Fitted Bachelor Flat,"Fitted Bachelor Flat M4,000/PM Maseru West Residential Bedrooms: 1 / Baths: 1 / 24/7 Armed Guard / Automated Gate https://www.facebook.com/MOSSHOLDINGS/posts/pfbid0kDo777ojW598Wc3vUsZ2fXxg4h345V291N9sjkARvxHPcHVQ9Uasj6DTwenpLPvJl","Thepa ena ya mofuta wa apartment e fumaneha Maseru West. E na le dikamore tse 1 le dibate tse 1 mme e fumaneha ka theko ya M 4,000. Tlotla ena e tshwanetse ho shejwa bakeng sa bareki ba batlang menyetla ya nnete Lesotho.",4000.0,LSL,Maseru,Maseru West,Apartment,1,1,"[""C:\\Users\\lepha\\Documents\\Codex\\2026-04-20-files-mentioned-by-the-user-group\\generated\\images\\live\\mosoholdings\\moso-fitted-bachelor-flat-maseru-west-17\\image_1.jpg""]",https://www.facebook.com/MOSSHOLDINGS/posts/pfbid0kDo777ojW598Wc3vUsZ2fXxg4h345V291N9sjkARvxHPcHVQ9Uasj6DTwenpLPvJl,Good,Traditional,Suburban,[],rent
moso-fitted-duplex-sea-point-18,mosoholdings,Fitted Duplex,"Fitted Duplex M2,600/pm Sea Point Residential Bedrooms: 2 / Baths: 1 https://www.facebook.com/MOSSHOLDINGS/posts/pfbid023sCnoZ4s6MvHEQktMmobftxf8hcrRNMHM5eatgJJ2sm7X66SSGhGKMFPKKT9Lbw7l","Thepa ena ya mofuta wa townhouse e fumaneha Sea Point. E na le dikamore tse 2 le dibate tse 1 mme e fumaneha ka theko ya M 2,600. Tlotla ena e tshwanetse ho shejwa bakeng sa bareki ba batlang menyetla ya nnete Lesotho.",2600.0,LSL,Sea Point,Sea Point,Townhouse,2,1,"[""C:\\Users\\lepha\\Documents\\Codex\\2026-04-20-files-mentioned-by-the-user-group\\generated\\images\\live\\mosoholdings\\moso-fitted-duplex-sea-point-18\\image_1.jpg""]",https://www.facebook.com/MOSSHOLDINGS/posts/pfbid023sCnoZ4s6MvHEQktMmobftxf8hcrRNMHM5eatgJJ2sm7X66SSGhGKMFPKKT9Lbw7l,Good,Traditional,Suburban,[],rent
moso-bachelor-flat-maseru-west-19,mosoholdings,Bachelor Flat,"Bachelor Flat M10, 000/pm Maseru West Residential Bedrooms: 1 / Baths: 1 / Fully Furnished https://www.facebook.com/MOSSHOLDINGS/posts/pfbid02afCtJhJHMSDiBRsBJrZ8EVw8dESduGeutRPtv6ymTSTwPWgj3b9ScsCfkbBt4RfGl","Thepa ena ya mofuta wa apartment e fumaneha Maseru West. E na le dikamore tse 1 le dibate tse 1 mme e fumaneha ka theko ya M 10,000. Tlotla ena e tshwanetse ho shejwa bakeng sa bareki ba batlang menyetla ya nnete Lesotho.",10000.0,LSL,Maseru,Maseru West,Apartment,1,1,"[""C:\\Users\\lepha\\Documents\\Codex\\2026-04-20-files-mentioned-by-the-user-group\\generated\\images\\live\\mosoholdings\\moso-bachelor-flat-maseru-west-19\\image_1.jpg""]",https://www.facebook.com/MOSSHOLDINGS/posts/pfbid02afCtJhJHMSDiBRsBJrZ8EVw8dESduGeutRPtv6ymTSTwPWgj3b9ScsCfkbBt4RfGl,Good,Traditional,Suburban,"[""furnished""]",rent
moso-family-compound-flats-maseru-private-hospital-area-20,mosoholdings,Family Compound Flats,"Family Compound Flats M10,000/PM Maseru Private Hospital Area Residential Bedrooms: 2 / Baths: 1 / Gym / M8,000 deposit https://www.facebook.com/MOSSHOLDINGS/posts/pfbid0V6GkpdSsbTrY2weTS7Ka9vpE1ajHr1XPz7V2ComEyfv2wVLFo7tC8WQq4WahhDaVl","Thepa ena ya mofuta wa apartment e fumaneha Maseru Private Hospital Area. E na le dikamore tse 2 le dibate tse 1 mme e fumaneha ka theko ya M 10,000. Tlotla ena e tshwanetse ho shejwa bakeng sa bareki ba batlang menyetla ya nnete Lesotho.",10000.0,LSL,Maseru,Maseru Private Hospital Area,Apartment,2,1,"[""C:\\Users\\lepha\\Documents\\Codex\\2026-04-20-files-mentioned-by-the-user-group\\generated\\images\\live\\mosoholdings\\moso-family-compound-flats-maseru-private-hospital-area-20\\image_1.jpg""]",https://www.facebook.com/MOSSHOLDINGS/posts/pfbid0V6GkpdSsbTrY2weTS7Ka9vpE1ajHr1XPz7V2ComEyfv2wVLFo7tC8WQq4WahhDaVl,Good,Family,Suburban,[],rent
moso-duplex-katlehong-21,mosoholdings,Duplex,"Duplex M7, 200/pm Katlehong Residential Bedrooms: 2 / Baths: 1 https://www.facebook.com/MOSSHOLDINGS/posts/pfbid025A6rXJ7ReyY5WiA9drjyz7dbRhjsJ8NYHZAjxcZ5xgR8Nkzx1FejgwzkrnZtDoMil","Thepa ena ya mofuta wa townhouse e fumaneha Katlehong. E na le dikamore tse 2 le dibate tse 1 mme e fumaneha ka theko ya M 7,200. Tlotla ena e tshwanetse ho shejwa bakeng sa bareki ba batlang menyetla ya nnete Lesotho.",7200.0,LSL,Katlehong,Katlehong,Townhouse,2,1,"[""C:\\Users\\lepha\\Documents\\Codex\\2026-04-20-files-mentioned-by-the-user-group\\generated\\images\\live\\mosoholdings\\moso-duplex-katlehong-21\\image_1.jpg""]",https://www.facebook.com/MOSSHOLDINGS/posts/pfbid025A6rXJ7ReyY5WiA9drjyz7dbRhjsJ8NYHZAjxcZ5xgR8Nkzx1FejgwzkrnZtDoMil,Good,Traditional,Suburban,[],rent
moso-duplex-thetsane-lecoop-22,mosoholdings,Duplex,"Duplex M3,900/mo Thetsane Lecoop Residential Bedrooms: 2 / Baths: 1 https://www.facebook.com/MOSSHOLDINGS/posts/pfbid02R1irCRnsKCiCoTSvLKNkHnANWcqRTP9Q1mhWXTC4fciemQf6VL9Tis1gqgParnTkl","Thepa ena ya mofuta wa townhouse e fumaneha Thetsane Lecoop. E na le dikamore tse 2 le dibate tse 1 mme e fumaneha ka theko ya M 3,900. Tlotla ena e tshwanetse ho shejwa bakeng sa bareki ba batlang menyetla ya nnete Lesotho.",3900.0,LSL,Thetsane Lecoop,Thetsane Lecoop,Townhouse,2,1,"[""C:\\Users\\lepha\\Documents\\Codex\\2026-04-20-files-mentioned-by-the-user-group\\generated\\images\\live\\mosoholdings\\moso-duplex-thetsane-lecoop-22\\image_1.jpg""]",https://www.facebook.com/MOSSHOLDINGS/posts/pfbid02R1irCRnsKCiCoTSvLKNkHnANWcqRTP9Q1mhWXTC4fciemQf6VL9Tis1gqgParnTkl,Good,Traditional,Suburban,[],rent
moso-duplex-ha-tsolo-halekhowa-23,mosoholdings,Duplex,"Duplex M6, 000/mo Ha Tsolo, Halekhowa Residential Bedrooms: 2 / Baths: 1","Thepa ena ya mofuta wa townhouse e fumaneha Ha Tsolo, Halekhowa. E na le dikamore tse 2 le dibate tse 1 mme e fumaneha ka theko ya M 6,000. Tlotla ena e tshwanetse ho shejwa bakeng sa bareki ba batlang menyetla ya nnete Lesotho.",6000.0,LSL,Halekhowa,"Ha Tsolo, Halekhowa",Townhouse,2,1,"[""C:\\Users\\lepha\\Documents\\Codex\\2026-04-20-files-mentioned-by-the-user-group\\generated\\images\\live\\mosoholdings\\moso-duplex-ha-tsolo-halekhowa-23\\image_1.jpg""]",https://www.facebook.com/MOSSHOLDINGS/posts/pfbid0LPydtpSvq2bLa9ugNDUwQkZFMqtzs6U22tKm1ufZ8H2YPVtTiYoaorwcn8c7uTvKl,Good,Traditional,Suburban,[],rent
moso-duplex-sea-point-24,mosoholdings,Duplex,"Duplex M2,500/mo Sea Point Residential Bedrooms: 2 / Baths: 1 / Unfitted https://www.facebook.com/MOSSHOLDINGS/posts/pfbid0yYyyuxGMuB3KfMJgJnb35ivm4tFARikr53Gm7L5mxtrR7iFZ7mCtdBiRpEaYmD5Ql","Thepa ena ya mofuta wa townhouse e fumaneha Sea Point. E na le dikamore tse 2 le dibate tse 1 mme e fumaneha ka theko ya M 2,500. Tlotla ena e tshwanetse ho shejwa bakeng sa bareki ba batlang menyetla ya nnete Lesotho.",2500.0,LSL,Sea Point,Sea Point,Townhouse,2,1,"[""C:\\Users\\lepha\\Documents\\Codex\\2026-04-20-files-mentioned-by-the-user-group\\generated\\images\\live\\mosoholdings\\moso-duplex-sea-point-24\\image_1.jpg""]",https://www.facebook.com/MOSSHOLDINGS/posts/pfbid0yYyyuxGMuB3KfMJgJnb35ivm4tFARikr53Gm7L5mxtrR7iFZ7mCtdBiRpEaYmD5Ql,Good,Traditional,Suburban,[],rent
moso-stand-alone-house-high-court-25,mosoholdings,Stand Alone House,"Stand Alone House M10,000/mo High Court Residential Bedrooms: 2 / Baths: 2 / Ensuite bathroom","Thepa ena ya mofuta wa house e fumaneha High Court. E na le dikamore tse 2 le dibate tse 2 mme e fumaneha ka theko ya M 10,000. Tlotla ena e tshwanetse ho shejwa bakeng sa bareki ba batlang menyetla ya nnete Lesotho.",10000.0,LSL,High Court,High Court,House,2,2,"[""C:\\Users\\lepha\\Documents\\Codex\\2026-04-20-files-mentioned-by-the-user-group\\generated\\images\\live\\mosoholdings\\moso-stand-alone-house-high-court-25\\image_1.jpg""]",https://www.facebook.com/MOSSHOLDINGS/posts/pfbid0TTBqGDSTRv55X4KW6kWxmLDQgja5kWFPrQ37WVWwSqMGE8x8GiU6vv2ybz99zJPxl,Good,Traditional,Suburban,[],rent
moso-compounded-house-maseru-west-26,mosoholdings,Compounded House,"Compounded House M6,500/mo Maseru West Residential Bedrooms: 2 / Baths: 1 / Automated gate / Fitted kitchen","Thepa ena ya mofuta wa house e fumaneha Maseru West. E na le dikamore tse 2 le dibate tse 1 mme e fumaneha ka theko ya M 6,500. Tlotla ena e tshwanetse ho shejwa bakeng sa bareki ba batlang menyetla ya nnete Lesotho.",6500.0,LSL,Maseru,Maseru West,House,2,1,"[""C:\\Users\\lepha\\Documents\\Codex\\2026-04-20-files-mentioned-by-the-user-group\\generated\\images\\live\\mosoholdings\\moso-compounded-house-maseru-west-26\\image_1.jpg""]",https://www.facebook.com/MOSSHOLDINGS/posts/pfbid02DqNwMJJC2iMtrGSg1PaoojrPPxT6t29ej8DosowzN9qfB2qEc9va8BM3dNNT2cVNl,Good,Traditional,Suburban,[],rent
moso-compounded-house-section-8-villamore-house-4-and-14-27,mosoholdings,Compounded House,"Compounded House M750,000 Section 8 Villamore House #4 and #14 Residential Bedrooms: 2 / Baths: 1 / Sing l e Garage / Fitted / Paved yard with l awn","Thepa ena ya mofuta wa house e fumaneha Section 8 Villamore House #4 and #14. E na le dikamore tse 2 le dibate tse 1 mme e fumaneha ka theko ya M 750,000. Tlotla ena e tshwanetse ho shejwa bakeng sa bareki ba batlang menyetla ya nnete Lesotho.",750000.0,LSL,Section 8 Villamore House #4 And #14,Section 8 Villamore House #4 and #14,House,2,1,"[""C:\\Users\\lepha\\Documents\\Codex\\2026-04-20-files-mentioned-by-the-user-group\\generated\\images\\live\\mosoholdings\\moso-compounded-house-section-8-villamore-house-4-and-14-27\\image_1.jpg""]",https://www.facebook.com/MOSSHOLDINGS/posts/pfbid02aUydBkikXqB4CeKoNAmuG4AK8tFWarVauEGybEmtBTV6JRjxuQPjqUkB4DALgbjrl,Good,Family,Garden,"[""garage"", ""yard""]",sale
moso-compounded-house-maseru-private-hospital-area-28,mosoholdings,Compounded House,"Compounded House M7,000/mo Maseru Private Hospital Area Residential Bedrooms: 2 / Baths: 1 / Gym equipment / Automate gate","Thepa ena ya mofuta wa house e fumaneha Maseru Private Hospital Area. E na le dikamore tse 2 le dibate tse 1 mme e fumaneha ka theko ya M 7,000. Tlotla ena e tshwanetse ho shejwa bakeng sa bareki ba batlang menyetla ya nnete Lesotho.",7000.0,LSL,Maseru,Maseru Private Hospital Area,House,2,1,"[""C:\\Users\\lepha\\Documents\\Codex\\2026-04-20-files-mentioned-by-the-user-group\\generated\\images\\live\\mosoholdings\\moso-compounded-house-maseru-private-hospital-area-28\\image_1.jpg""]",https://www.facebook.com/MOSSHOLDINGS/posts/pfbid0TTBqGDSTRv55X4KW6kWxmLDQgja5kWFPrQ37WVWwSqMGE8x8GiU6vv2ybz99zJPxl,Good,Traditional,Suburban,[],rent
moso-stand-alone-house-fairview-lower-thetsane-29,mosoholdings,Stand Alone House,"Stand Alone House M9,000/mo Fairview, Lower Thetsane Residential Bedrooms: 2 / Baths: 1 / Automated gate / Fitted kitchen and 1 bedroom","Thepa ena ya mofuta wa house e fumaneha Fairview, Lower Thetsane. E na le dikamore tse 2 le dibate tse 1 mme e fumaneha ka theko ya M 9,000. Tlotla ena e tshwanetse ho shejwa bakeng sa bareki ba batlang menyetla ya nnete Lesotho.",9000.0,LSL,Lower Thetsane,"Fairview, Lower Thetsane",House,2,1,"[""C:\\Users\\lepha\\Documents\\Codex\\2026-04-20-files-mentioned-by-the-user-group\\generated\\images\\live\\mosoholdings\\moso-stand-alone-house-fairview-lower-thetsane-29\\image_1.jpg""]",https://www.facebook.com/MOSSHOLDINGS/posts/pfbid02DqNwMJJC2iMtrGSg1PaoojrPPxT6t29ej8DosowzN9qfB2qEc9va8BM3dNNT2cVNl,Good,Traditional,Hillside,[],rent
moso-stand-alone-house-thetsane-west-30,mosoholdings,Stand Alone House,"Stand Alone House M30,000/mo Thetsane West Residential Bedrooms: 4 / Baths: 3 / 2 Guest toilets / Fully furnished","Thepa ena ya mofuta wa house e fumaneha Thetsane West. E na le dikamore tse 4 le dibate tse 3 mme e fumaneha ka theko ya M 30,000. Tlotla ena e tshwanetse ho shejwa bakeng sa bareki ba batlang menyetla ya nnete Lesotho.",30000.0,LSL,Thetsane West,Thetsane West,House,4,3,"[""C:\\Users\\lepha\\Documents\\Codex\\2026-04-20-files-mentioned-by-the-user-group\\generated\\images\\live\\mosoholdings\\moso-stand-alone-house-thetsane-west-30\\image_1.jpg""]",https://www.facebook.com/MOSSHOLDINGS/posts/pfbid02aUydBkikXqB4CeKoNAmuG4AK8tFWarVauEGybEmtBTV6JRjxuQPjqUkB4DALgbjrl,Good,Traditional,Suburban,"[""furnished""]",rent
moso-double-storey-stand-alone-house-katlehong-31,mosoholdings,Double Storey Stand Alone House,"Double Storey Stand Alone House M30,000/mo Katlehong Residential Bedrooms: 3 / Baths: 2 / Semi furnished / Wifi / Double garage","Thepa ena ya mofuta wa house e fumaneha Katlehong. E na le dikamore tse 3 le dibate tse 2 mme e fumaneha ka theko ya M 30,000. Tlotla ena e tshwanetse ho shejwa bakeng sa bareki ba batlang menyetla ya nnete Lesotho.",30000.0,LSL,Katlehong,Katlehong,House,3,2,"[""C:\\Users\\lepha\\Documents\\Codex\\2026-04-20-files-mentioned-by-the-user-group\\generated\\images\\live\\mosoholdings\\moso-double-storey-stand-alone-house-katlehong-31\\image_1.jpg""]",https://www.facebook.com/MOSSHOLDINGS/posts/pfbid0CuyXkwrMp2gKJ47eH6VwgzLowy8zx6XrojhH3ufnWtJiXEoNweV3Pi2QWKpYjcaXl,Good,Traditional,Suburban,"[""garage"", ""furnished""]",rent
moso-stand-alone-house-thetsane-west-32,mosoholdings,Stand Alone House,"Stand Alone House M13,000/mo Thetsane West Residential Bedrooms: 2 / Baths: 1 / Automated gate / Fully furnished / Wifi","Thepa ena ya mofuta wa house e fumaneha Thetsane West. E na le dikamore tse 2 le dibate tse 1 mme e fumaneha ka theko ya M 13,000. Tlotla ena e tshwanetse ho shejwa bakeng sa bareki ba batlang menyetla ya nnete Lesotho.",13000.0,LSL,Thetsane West,Thetsane West,House,2,1,"[""C:\\Users\\lepha\\Documents\\Codex\\2026-04-20-files-mentioned-by-the-user-group\\generated\\images\\live\\mosoholdings\\moso-stand-alone-house-thetsane-west-32\\image_1.jpg""]",https://www.facebook.com/MOSSHOLDINGS/posts/pfbid0ipfmfMhdsX47pRuVX2skGMJzKqn8a5pzEf8rs9ibpjPZzNJe3HbZ7Xied2Tyq1P6l,Good,Traditional,Suburban,"[""furnished""]",rent
moso-stand-alone-house-masowe-3-33,mosoholdings,Stand Alone House,"Stand Alone House M6,000/mo Masowe 3 Residential Bedrooms: 2 / Baths: 1 / Fully fitted","Thepa ena ya mofuta wa house e fumaneha Masowe 3. E na le dikamore tse 2 le dibate tse 1 mme e fumaneha ka theko ya M 6,000. Tlotla ena e tshwanetse ho shejwa bakeng sa bareki ba batlang menyetla ya nnete Lesotho.",6000.0,LSL,Masowe 3,Masowe 3,House,2,1,"[""C:\\Users\\lepha\\Documents\\Codex\\2026-04-20-files-mentioned-by-the-user-group\\generated\\images\\live\\mosoholdings\\moso-stand-alone-house-masowe-3-33\\image_1.jpg""]",https://www.facebook.com/MOSSHOLDINGS/posts/pfbid02wkiuJ4KcUvbRCF2jQ1pSg2ryVN2X7t1K2dFKc4ZQpAEb3cetFXx7UFnREeoUKVdzl,Good,Traditional,Suburban,[],rent
moso-stand-alone-house-thetsane-west-34,mosoholdings,Stand Alone House,"Stand Alone House M10,000/mo Thetsane West Residential Bedrooms: 2 / Baths: 2 ensuite / Single garage","Thepa ena ya mofuta wa house e fumaneha Thetsane West. E na le dikamore tse 2 le dibate tse 2 mme e fumaneha ka theko ya M 10,000. Tlotla ena e tshwanetse ho shejwa bakeng sa bareki ba batlang menyetla ya nnete Lesotho.",10000.0,LSL,Thetsane West,Thetsane West,House,2,2,"[""C:\\Users\\lepha\\Documents\\Codex\\2026-04-20-files-mentioned-by-the-user-group\\generated\\images\\live\\mosoholdings\\moso-stand-alone-house-thetsane-west-34\\image_1.jpg""]",https://www.facebook.com/MOSSHOLDINGS/posts/pfbid02r6sg7ecBX1AAhNXMMNRSSyYUF8miC8oGiTD9spDYgfMv4MRjPiFsp4dJi9Rc9r27l,Good,Traditional,Suburban,"[""garage""]",rent
moso-double-storey-stand-alone-house-thetsane-west-35,mosoholdings,Double Storey Stand Alone House,"Double Storey Stand Alone House M20,000/mo Thetsane West Residential Bedrooms: 3 / Baths: 2.5 / Automated gate / Electric fence","Thepa ena ya mofuta wa house e fumaneha Thetsane West. E na le dikamore tse 3 le dibate tse 2 mme e fumaneha ka theko ya M 20,000. Tlotla ena e tshwanetse ho shejwa bakeng sa bareki ba batlang menyetla ya nnete Lesotho.",20000.0,LSL,Thetsane West,Thetsane West,House,3,2,"[""C:\\Users\\lepha\\Documents\\Codex\\2026-04-20-files-mentioned-by-the-user-group\\generated\\images\\live\\mosoholdings\\moso-double-storey-stand-alone-house-thetsane-west-35\\image_1.jpg""]",https://www.facebook.com/MOSSHOLDINGS/posts/pfbid0ipfmfMhdsX47pRuVX2skGMJzKqn8a5pzEf8rs9ibpjPZzNJe3HbZ7Xied2Tyq1P6l,Good,Traditional,Suburban,[],rent
moso-stand-alone-house-maseru-west-36,mosoholdings,Stand Alone House,"Stand Alone House M22,000/mo Maseru West Residential Bedrooms: 3 / Baths: 1 / Fully furnished / Guard house","Thepa ena ya mofuta wa house e fumaneha Maseru West. E na le dikamore tse 3 le dibate tse 1 mme e fumaneha ka theko ya M 22,000. Tlotla ena e tshwanetse ho shejwa bakeng sa bareki ba batlang menyetla ya nnete Lesotho.",22000.0,LSL,Maseru,Maseru West,House,3,1,"[""C:\\Users\\lepha\\Documents\\Codex\\2026-04-20-files-mentioned-by-the-user-group\\generated\\images\\live\\mosoholdings\\moso-stand-alone-house-maseru-west-36\\image_1.jpg""]",https://www.facebook.com/MOSSHOLDINGS/posts/pfbid02gPMKiMTJovwF42jfFbh5yVEo1Ltw3ZJpcuerzjchyA4M6MkAZKFgz8KuEFTgjN3kl,Good,Traditional,Suburban,"[""furnished""]",rent
moso-compunded-house-lower-thetsane-37,mosoholdings,Compunded House,"Compunded House M20,000/mo Lower Thetsane Residential Bedrooms: 2 / Baths: 2 / Fully Furnished / Single garage","Thepa ena ya mofuta wa house e fumaneha Lower Thetsane. E na le dikamore tse 2 le dibate tse 2 mme e fumaneha ka theko ya M 20,000. Tlotla ena e tshwanetse ho shejwa bakeng sa bareki ba batlang menyetla ya nnete Lesotho.",20000.0,LSL,Lower Thetsane,Lower Thetsane,House,2,2,"[""C:\\Users\\lepha\\Documents\\Codex\\2026-04-20-files-mentioned-by-the-user-group\\generated\\images\\live\\mosoholdings\\moso-compunded-house-lower-thetsane-37\\image_1.jpg""]",https://www.facebook.com/MOSSHOLDINGS/posts/pfbid0iJRE4THAZ4Mbjb6fSiTKYDNWijYmLda9L2nYhsCm48NN4Np1GVXFsd1taQkrQRRul,Good,Traditional,Suburban,"[""garage"", ""furnished""]",rent
moso-double-storey-stand-alone-house-masowe-3-38,mosoholdings,Double Storey Stand Alone House,"Double Storey Stand Alone House M15,000/mo Masowe 3 Residential Bedrooms: 3 / Baths: 2.5 / Automated gate / Electric fence","Thepa ena ya mofuta wa house e fumaneha Masowe 3. E na le dikamore tse 3 le dibate tse 2 mme e fumaneha ka theko ya M 15,000. Tlotla ena e tshwanetse ho shejwa bakeng sa bareki ba batlang menyetla ya nnete Lesotho.",15000.0,LSL,Masowe 3,Masowe 3,House,3,2,"[""C:\\Users\\lepha\\Documents\\Codex\\2026-04-20-files-mentioned-by-the-user-group\\generated\\images\\live\\mosoholdings\\moso-double-storey-stand-alone-house-masowe-3-38\\image_1.jpg""]",https://www.facebook.com/MOSSHOLDINGS/posts/pfbid0nZn8gG7bUP7VPWqEE8dQxvXmxaBPgybnhKsjD1MiSEiwyPTeLrM97HEganXSRjSUl,Good,Traditional,Suburban,[],rent
moso-double-storey-house-masowe-4-39,mosoholdings,Double Storey House,"Double Storey House M20,000/mo OR M3.5m sale Masowe 4 Residential Bedrooms: 3 / Baths: 2.5 / Double Garage / Automated Gate","Thepa ena ya mofuta wa house e fumaneha Masowe 4. E na le dikamore tse 3 le dibate tse 2 mme e fumaneha ka theko ya M 20,000. Tlotla ena e tshwanetse ho shejwa bakeng sa bareki ba batlang menyetla ya nnete Lesotho.",20000.0,LSL,Masowe 4,Masowe 4,House,3,2,"[""C:\\Users\\lepha\\Documents\\Codex\\2026-04-20-files-mentioned-by-the-user-group\\generated\\images\\live\\mosoholdings\\moso-double-storey-house-masowe-4-39\\image_1.jpg""]",https://www.facebook.com/MOSSHOLDINGS/posts/pfbid0yXpS8bh2J67HxazhFTXvk1nsfA4kDy4gdNE8LHdAKdj6VtdfKEpRrnFLkhBbCgCCl,Good,Traditional,Suburban,"[""garage""]",rent
moso-stand-alone-house-thetsane-maseru-private-hospital-area-40,mosoholdings,Stand Alone House,"Stand Alone House M18,000/mo Thetsane, Maseru Private Hospital Area Residential Bedrooms: 3 / Baths: 3.5 / Fully Fitted/ Walk-in closet","Thepa ena ya mofuta wa house e fumaneha Thetsane, Maseru Private Hospital Area. E na le dikamore tse 3 le dibate tse 3 mme e fumaneha ka theko ya M 18,000. Tlotla ena e tshwanetse ho shejwa bakeng sa bareki ba batlang menyetla ya nnete Lesotho.",18000.0,LSL,Maseru,"Thetsane, Maseru Private Hospital Area",House,3,3,"[""C:\\Users\\lepha\\Documents\\Codex\\2026-04-20-files-mentioned-by-the-user-group\\generated\\images\\live\\mosoholdings\\moso-stand-alone-house-thetsane-maseru-private-hospital-area-40\\image_1.jpg""]",https://www.facebook.com/MOSSHOLDINGS/posts/pfbid02vBLSyxs6eSvyRkF2KFqA9fBHUUxjETmamvXQuf7hXGcTawBr58X7JUs5pYpPpzFl,Good,Traditional,Suburban,[],rent
moso-double-storey-stand-alone-house-masowe-4-41,mosoholdings,Double Storey Stand Alone House,"Double Storey Stand Alone House M30,000/mo Masowe 4 Residential Bedrooms: 3 / Baths: 3.5 / Walk-in closet / Electric fence","Thepa ena ya mofuta wa house e fumaneha Masowe 4. E na le dikamore tse 3 le dibate tse 3 mme e fumaneha ka theko ya M 30,000. Tlotla ena e tshwanetse ho shejwa bakeng sa bareki ba batlang menyetla ya nnete Lesotho.",30000.0,LSL,Masowe 4,Masowe 4,House,3,3,"[""C:\\Users\\lepha\\Documents\\Codex\\2026-04-20-files-mentioned-by-the-user-group\\generated\\images\\live\\mosoholdings\\moso-double-storey-stand-alone-house-masowe-4-41\\image_1.jpg""]",https://www.facebook.com/MOSSHOLDINGS/posts/pfbid0kY3uT29eXiin7JUcFAcT3mk7EKRKo3cVzVEWC4J1nE8aYv6d3v2QNFVaVKJRdxkUl,Good,Traditional,Suburban,[],rent
moso-stand-alone-house-maseru-west-42,mosoholdings,Stand Alone House,"Stand Alone House M20,000/mo Maseru West Residential Bedrooms: 3 / Baths: 2 / Double Garage / Automated Gate / Electric fence / 24/7 Security","Thepa ena ya mofuta wa house e fumaneha Maseru West. E na le dikamore tse 3 le dibate tse 2 mme e fumaneha ka theko ya M 20,000. Tlotla ena e tshwanetse ho shejwa bakeng sa bareki ba batlang menyetla ya nnete Lesotho.",20000.0,LSL,Maseru,Maseru West,House,3,2,"[""C:\\Users\\lepha\\Documents\\Codex\\2026-04-20-files-mentioned-by-the-user-group\\generated\\images\\live\\mosoholdings\\moso-stand-alone-house-maseru-west-42\\image_1.jpg""]",https://www.facebook.com/MOSSHOLDINGS/posts/pfbid02rQ2Aehju7RdoVX81rsJYGz6nVUFjHgpkU5AsoK1ujo93F84cZ1FyPTDsmkzeTzCVl,Good,Traditional,Suburban,"[""garage"", ""security""]",rent
moso-stand-alone-house-thetsane-lecoop-43,mosoholdings,Stand Alone House,"Stand Alone House M6,500/mo Thetsane, Lecoop Residential Bedrooms: 3 / Baths: 2 / Fully Fitted/ Paved yard and Well maintained lawn https://www.facebook.com/MOSSHOLDINGS/posts/pfbid02H9hgpDvZ5fjaKk2oh2U4zZ7aXVxB7n5LvFYW37Jq3nAp4ehdLnyAvZN7vLfKysstl","Thepa ena ya mofuta wa house e fumaneha Thetsane, Lecoop. E na le dikamore tse 3 le dibate tse 2 mme e fumaneha ka theko ya M 6,500. Tlotla ena e tshwanetse ho shejwa bakeng sa bareki ba batlang menyetla ya nnete Lesotho.",6500.0,LSL,Lecoop,"Thetsane, Lecoop",House,3,2,"[""C:\\Users\\lepha\\Documents\\Codex\\2026-04-20-files-mentioned-by-the-user-group\\generated\\images\\live\\mosoholdings\\moso-stand-alone-house-thetsane-lecoop-43\\image_1.jpg""]",https://www.facebook.com/MOSSHOLDINGS/posts/pfbid02H9hgpDvZ5fjaKk2oh2U4zZ7aXVxB7n5LvFYW37Jq3nAp4ehdLnyAvZN7vLfKysstl,Good,Family,Garden,"[""yard""]",rent
moso-office-residential-double-storey-house-thetsane-west-44,mosoholdings,Office/Residential Double Storey House,"Office/Residential Double Storey House M15,000/mo Thetsane West Residential Bedrooms: 3 / Baths: 1 / Nightly Armed Security https://www.facebook.com/MOSSHOLDINGS/posts/pfbid0iB5qzpQiNEtDUMZarHLnB4Kui9TyfGNyWg3yCTUReiMWjVmAdYbrGbwodg7jfu1il","Thepa ena ya mofuta wa house e fumaneha Thetsane West. E na le dikamore tse 3 le dibate tse 1 mme e fumaneha ka theko ya M 15,000. Tlotla ena e tshwanetse ho shejwa bakeng sa bareki ba batlang menyetla ya nnete Lesotho.",15000.0,LSL,Thetsane West,Thetsane West,House,3,1,"[""C:\\Users\\lepha\\Documents\\Codex\\2026-04-20-files-mentioned-by-the-user-group\\generated\\images\\live\\mosoholdings\\moso-office-residential-double-storey-house-thetsane-west-44\\image_1.jpg""]",https://www.facebook.com/MOSSHOLDINGS/posts/pfbid0iB5qzpQiNEtDUMZarHLnB4Kui9TyfGNyWg3yCTUReiMWjVmAdYbrGbwodg7jfu1il,Good,Contemporary,Suburban,"[""security""]",rent
moso-stand-alone-house-mpilo-estates-45,mosoholdings,Stand Alone House,"Stand Alone House M17,000/mo Mpilo Estates Residential Bedrooms: 3 / Baths: 2 / Double Garage / Automated Gate / 24/7 Security https://www.facebook.com/MOSSHOLDINGS/posts/pfbid03pdhZWusqW6sfLMj1xL4f5MVo8uZPy4v5fdWWHTNjjQCpYWXHrsPGPmtrfzJGeDnl","Thepa ena ya mofuta wa house e fumaneha Mpilo Estates. E na le dikamore tse 3 le dibate tse 2 mme e fumaneha ka theko ya M 17,000. Tlotla ena e tshwanetse ho shejwa bakeng sa bareki ba batlang menyetla ya nnete Lesotho.",17000.0,LSL,Mpilo Estates,Mpilo Estates,House,3,2,"[""C:\\Users\\lepha\\Documents\\Codex\\2026-04-20-files-mentioned-by-the-user-group\\generated\\images\\live\\mosoholdings\\moso-stand-alone-house-mpilo-estates-45\\image_1.jpg""]",https://www.facebook.com/MOSSHOLDINGS/posts/pfbid03pdhZWusqW6sfLMj1xL4f5MVo8uZPy4v5fdWWHTNjjQCpYWXHrsPGPmtrfzJGeDnl,Good,Traditional,Suburban,"[""garage"", ""security""]",rent
moso-stand-alone-house-mohalalitoe-46,mosoholdings,Stand Alone House,"Stand Alone House M20,000/mo Mohalalitoe Residential Bedrooms: 3 / Baths: 2 / Fully Furnished / 24/7 Security / Uncapped WiFi https://www.facebook.com/MOSSHOLDINGS/posts/pfbid0nWV9DMouULixZKTZ8YHjcFKMBgig8hi5cMeWJVv4mjA47oc2K7WnJkVLuhJ4ZpzQl","Thepa ena ya mofuta wa house e fumaneha Mohalalitoe. E na le dikamore tse 3 le dibate tse 2 mme e fumaneha ka theko ya M 20,000. Tlotla ena e tshwanetse ho shejwa bakeng sa bareki ba batlang menyetla ya nnete Lesotho.",20000.0,LSL,Mohalalitoe,Mohalalitoe,House,3,2,"[""C:\\Users\\lepha\\Documents\\Codex\\2026-04-20-files-mentioned-by-the-user-group\\generated\\images\\live\\mosoholdings\\moso-stand-alone-house-mohalalitoe-46\\image_1.jpg""]",https://www.facebook.com/MOSSHOLDINGS/posts/pfbid0nWV9DMouULixZKTZ8YHjcFKMBgig8hi5cMeWJVv4mjA47oc2K7WnJkVLuhJ4ZpzQl,Good,Traditional,Suburban,"[""security"", ""furnished""]",rent
moso-office-residential-house-maseru-east-47,mosoholdings,Office/Residential House,"Office/Residential House M15,000/mo Maseru East Residential Bedrooms: 3 / Baths: 1 / Double garage","Thepa ena ya mofuta wa house e fumaneha Maseru East. E na le dikamore tse 3 le dibate tse 1 mme e fumaneha ka theko ya M 15,000. Tlotla ena e tshwanetse ho shejwa bakeng sa bareki ba batlang menyetla ya nnete Lesotho.",15000.0,LSL,Maseru,Maseru East,House,3,1,"[""C:\\Users\\lepha\\Documents\\Codex\\2026-04-20-files-mentioned-by-the-user-group\\generated\\images\\live\\mosoholdings\\moso-office-residential-house-maseru-east-47\\image_1.jpg""]",https://www.facebook.com/MOSSHOLDINGS/posts/pfbid02N6vMFDLaW8DdjyqocRkEf3UiLocwdsjMdNbVavMSciTF9DNVAJQGTjg7yuaZjeool,Good,Contemporary,Suburban,"[""garage""]",rent
moso-stand-alone-house-tsosane-48,mosoholdings,Stand Alone House,"Stand Alone House M1,200,000 Sale Price M5,000/mo Rental Price Tsosane Residential Bedrooms: 3 / Baths: 1 / Double Garage / Automated Gate https://www.facebook.com/MOSSHOLDINGS/posts/pfbid024gi8tUjj6RVGZZ3GWLAHbSZx67pyfzGoe9BvaMa9JbRZCQA4UGtwJjwatULxtQjbl","Thepa ena ya mofuta wa house e fumaneha Tsosane. E na le dikamore tse 3 le dibate tse 1 mme e fumaneha ka theko ya M 1,200,000. Tlotla ena e tshwanetse ho shejwa bakeng sa bareki ba batlang menyetla ya nnete Lesotho.",1200000.0,LSL,Tsosane,Tsosane,House,3,1,"[""C:\\Users\\lepha\\Documents\\Codex\\2026-04-20-files-mentioned-by-the-user-group\\generated\\images\\live\\mosoholdings\\moso-stand-alone-house-tsosane-48\\image_1.jpg""]",https://www.facebook.com/MOSSHOLDINGS/posts/pfbid024gi8tUjj6RVGZZ3GWLAHbSZx67pyfzGoe9BvaMa9JbRZCQA4UGtwJjwatULxtQjbl,Good,Traditional,Suburban,"[""garage""]",rent
moso-double-storey-house-katlehong-49,mosoholdings,Double Storey House,"Double Storey House M30,000/mo Katlehong Residential Bedrooms: 3 / Baths: 2 / Semi Furnished / 2 Lounge Areas / Study https://www.facebook.com/MOSSHOLDINGS/posts/pfbid02fZAw3gg3a8RJ15EBe5uTYGmNsVj7UyUEXGqiLXdbZz5kPFwX9UgFgyqoEbHRLV92l","Thepa ena ya mofuta wa house e fumaneha Katlehong. E na le dikamore tse 3 le dibate tse 2 mme e fumaneha ka theko ya M 30,000. Tlotla ena e tshwanetse ho shejwa bakeng sa bareki ba batlang menyetla ya nnete Lesotho.",30000.0,LSL,Katlehong,Katlehong,House,3,2,"[""C:\\Users\\lepha\\Documents\\Codex\\2026-04-20-files-mentioned-by-the-user-group\\generated\\images\\live\\mosoholdings\\moso-double-storey-house-katlehong-49\\image_1.jpg""]",https://www.facebook.com/MOSSHOLDINGS/posts/pfbid02fZAw3gg3a8RJ15EBe5uTYGmNsVj7UyUEXGqiLXdbZz5kPFwX9UgFgyqoEbHRLV92l,Good,Traditional,Suburban,"[""furnished""]",rent
moso-stand-alone-house-ha-hoohlo-50,mosoholdings,Stand Alone House,"Stand Alone House M7,500/mo Ha Hoohlo Residential Bedrooms: 2 / Baths: 1 / Fully Fitted https://www.facebook.com/MOSSHOLDINGS/posts/pfbid0RBa9ZwgUkvAwkeYXPZiRTTBEYRP54zQu3HSjAKfZRjbtaZJFJ897boJzcGMbaaYhl","Thepa ena ya mofuta wa house e fumaneha Ha Hoohlo. E na le dikamore tse 2 le dibate tse 1 mme e fumaneha ka theko ya M 7,500. Tlotla ena e tshwanetse ho shejwa bakeng sa bareki ba batlang menyetla ya nnete Lesotho.",7500.0,LSL,Ha Hoohlo,Ha Hoohlo,House,2,1,"[""C:\\Users\\lepha\\Documents\\Codex\\2026-04-20-files-mentioned-by-the-user-group\\generated\\images\\live\\mosoholdings\\moso-stand-alone-house-ha-hoohlo-50\\image_1.jpg""]",https://www.facebook.com/MOSSHOLDINGS/posts/pfbid0RBa9ZwgUkvAwkeYXPZiRTTBEYRP54zQu3HSjAKfZRjbtaZJFJ897boJzcGMbaaYhl,Good,Traditional,Suburban,[],rent
moso-city-center-house-thetsane-west-51,mosoholdings,City Center House,"City Center House M15,000/mo Thetsane West Residential Bedrooms: 3 / Baths: 4.5","Thepa ena ya mofuta wa house e fumaneha Thetsane West. E na le dikamore tse 3 le dibate tse 4 mme e fumaneha ka theko ya M 15,000. Tlotla ena e tshwanetse ho shejwa bakeng sa bareki ba batlang menyetla ya nnete Lesotho.",15000.0,LSL,Thetsane West,Thetsane West,House,3,4,"[""C:\\Users\\lepha\\Documents\\Codex\\2026-04-20-files-mentioned-by-the-user-group\\generated\\images\\live\\mosoholdings\\moso-city-center-house-thetsane-west-51\\image_1.jpg""]",https://mosoholdings.co.ls/listings-search/,Good,Traditional,Suburban,[],rent
moso-double-storey-house-lower-thetsane-52,mosoholdings,Double Storey House,"Double Storey House M38,000/mo Lower Thetsane Residential Bedrooms: 5 / Baths: 2.5 https://www.facebook.com/MOSSHOLDINGS/posts/pfbid02GcKMJgmcAMDvULmrCwW2S3cwm5bpXB6m8p2mfCf6GSXNNuyYwfjzguxyFndDnXM9l","Thepa ena ya mofuta wa house e fumaneha Lower Thetsane. E na le dikamore tse 5 le dibate tse 2 mme e fumaneha ka theko ya M 38,000. Tlotla ena e tshwanetse ho shejwa bakeng sa bareki ba batlang menyetla ya nnete Lesotho.",38000.0,LSL,Lower Thetsane,Lower Thetsane,House,5,2,"[""C:\\Users\\lepha\\Documents\\Codex\\2026-04-20-files-mentioned-by-the-user-group\\generated\\images\\live\\mosoholdings\\moso-double-storey-house-lower-thetsane-52\\image_1.jpg""]",https://www.facebook.com/MOSSHOLDINGS/posts/pfbid02GcKMJgmcAMDvULmrCwW2S3cwm5bpXB6m8p2mfCf6GSXNNuyYwfjzguxyFndDnXM9l,Good,Traditional,Suburban,[],rent
moso-triple-storey-house-katlehong-53,mosoholdings,Triple Storey House,"Triple Storey House M35,000/mo Katlehong Residential Bedrooms: 4 / Baths: 4 / Lounge : 3 / Fully Furnished / Servants Quarters https://www.facebook.com/MOSSHOLDINGS/posts/pfbid02M3BP6bYdXVvWyfUFnnWBGuHnU4v1M9afVqabsG9VdyNrtpVtx39ofQDYewf73hv5l","Thepa ena ya mofuta wa house e fumaneha Katlehong. E na le dikamore tse 4 le dibate tse 4 mme e fumaneha ka theko ya M 35,000. Tlotla ena e tshwanetse ho shejwa bakeng sa bareki ba batlang menyetla ya nnete Lesotho.",35000.0,LSL,Katlehong,Katlehong,House,4,4,"[""C:\\Users\\lepha\\Documents\\Codex\\2026-04-20-files-mentioned-by-the-user-group\\generated\\images\\live\\mosoholdings\\moso-triple-storey-house-katlehong-53\\image_1.jpg""]",https://www.facebook.com/MOSSHOLDINGS/posts/pfbid02M3BP6bYdXVvWyfUFnnWBGuHnU4v1M9afVqabsG9VdyNrtpVtx39ofQDYewf73hv5l,Good,Traditional,Suburban,"[""furnished""]",rent
moso-city-center-house-thetsane-west-54,mosoholdings,City Center House,"City Center House M16,000/mo Furnished M13,000/mo Unfurnished Thetsane West Residential Bedrooms: 3 / Baths: 3.5 https://www.facebook.com/MOSSHOLDINGS/posts/pfbid0jNQsCDxmacSLGnLzy71zGPS4qExRT5PBj4tdD8vCMoX238ZS7fubudwdPoBWYYRml","Thepa ena ya mofuta wa house e fumaneha Thetsane West. E na le dikamore tse 3 le dibate tse 3 mme e fumaneha ka theko ya M 16,000. Tlotla ena e tshwanetse ho shejwa bakeng sa bareki ba batlang menyetla ya nnete Lesotho.",16000.0,LSL,Thetsane West,Thetsane West,House,3,3,"[""C:\\Users\\lepha\\Documents\\Codex\\2026-04-20-files-mentioned-by-the-user-group\\generated\\images\\live\\mosoholdings\\moso-city-center-house-thetsane-west-54\\image_1.jpg""]",https://www.facebook.com/MOSSHOLDINGS/posts/pfbid0jNQsCDxmacSLGnLzy71zGPS4qExRT5PBj4tdD8vCMoX238ZS7fubudwdPoBWYYRml,Good,Traditional,Suburban,[],rent
moso-double-storey-house-thetsane-west-55,mosoholdings,Double Storey House,"Double Storey House M30,000/mo Thetsane West Residential Bedrooms: 5 / Baths: 3 https://www.facebook.com/MOSSHOLDINGS/posts/pfbid02oxLaHjUva25VtkvCQEyb4HfBhiSReMJr8XeDP5oqFRnzgKuBpFgdxRvKyZTjaYzgl","Thepa ena ya mofuta wa house e fumaneha Thetsane West. E na le dikamore tse 5 le dibate tse 3 mme e fumaneha ka theko ya M 30,000. Tlotla ena e tshwanetse ho shejwa bakeng sa bareki ba batlang menyetla ya nnete Lesotho.",30000.0,LSL,Thetsane West,Thetsane West,House,5,3,"[""C:\\Users\\lepha\\Documents\\Codex\\2026-04-20-files-mentioned-by-the-user-group\\generated\\images\\live\\mosoholdings\\moso-double-storey-house-thetsane-west-55\\image_1.jpg""]",https://www.facebook.com/MOSSHOLDINGS/posts/pfbid02oxLaHjUva25VtkvCQEyb4HfBhiSReMJr8XeDP5oqFRnzgKuBpFgdxRvKyZTjaYzgl,Good,Traditional,Suburban,[],rent
moso-stand-alone-house-katlehong-56,mosoholdings,Stand Alone House,"Stand Alone House M15,000/mo Katlehong Residential Bedrooms: 3 / Baths: 3 / Walk-In Closet https://www.facebook.com/MOSSHOLDINGS/posts/pfbid02pqmybBxmq5NNVQdXNFSxSGm2irVdQ3Q71j3RYKp7aihzw93k7ibPKRvgBJcSmgcKl","Thepa ena ya mofuta wa house e fumaneha Katlehong. E na le dikamore tse 3 le dibate tse 3 mme e fumaneha ka theko ya M 15,000. Tlotla ena e tshwanetse ho shejwa bakeng sa bareki ba batlang menyetla ya nnete Lesotho.",15000.0,LSL,Katlehong,Katlehong,House,3,3,"[""C:\\Users\\lepha\\Documents\\Codex\\2026-04-20-files-mentioned-by-the-user-group\\generated\\images\\live\\mosoholdings\\moso-stand-alone-house-katlehong-56\\image_1.jpg""]",https://www.facebook.com/MOSSHOLDINGS/posts/pfbid02pqmybBxmq5NNVQdXNFSxSGm2irVdQ3Q71j3RYKp7aihzw93k7ibPKRvgBJcSmgcKl,Good,Traditional,Suburban,[],rent
moso-double-storey-house-masowe-2-57,mosoholdings,Double Storey House,"Double Storey House M12,500/mo Masowe 2 Residential Bedrooms: 3 / Baths: 3 / Lounge: 2 / Walk-In Closet https://www.facebook.com/MOSSHOLDINGS/posts/pfbid0exXsHNcpQp4obUHJSJUAhS7eQyg7p84jnkJBAPgZHXMdwPBUdZny7v7M9Ai4JX2pl","Thepa ena ya mofuta wa house e fumaneha Masowe 2. E na le dikamore tse 3 le dibate tse 3 mme e fumaneha ka theko ya M 12,500. Tlotla ena e tshwanetse ho shejwa bakeng sa bareki ba batlang menyetla ya nnete Lesotho.",12500.0,LSL,Masowe 2,Masowe 2,House,3,3,"[""C:\\Users\\lepha\\Documents\\Codex\\2026-04-20-files-mentioned-by-the-user-group\\generated\\images\\live\\mosoholdings\\moso-double-storey-house-masowe-2-57\\image_1.jpg""]",https://www.facebook.com/MOSSHOLDINGS/posts/pfbid0exXsHNcpQp4obUHJSJUAhS7eQyg7p84jnkJBAPgZHXMdwPBUdZny7v7M9Ai4JX2pl,Good,Traditional,Suburban,[],rent
moso-stand-alone-house-thetsane-lesia-58,mosoholdings,Stand Alone House,"Stand Alone House M12,000/mo Thetsane Lesia Residential Bedrooms: 4 / Baths: 2 / Underfloor Heating","Thepa ena ya mofuta wa house e fumaneha Thetsane Lesia. E na le dikamore tse 4 le dibate tse 2 mme e fumaneha ka theko ya M 12,000. Tlotla ena e tshwanetse ho shejwa bakeng sa bareki ba batlang menyetla ya nnete Lesotho.",12000.0,LSL,Thetsane Lesia,Thetsane Lesia,House,4,2,"[""C:\\Users\\lepha\\Documents\\Codex\\2026-04-20-files-mentioned-by-the-user-group\\generated\\images\\live\\mosoholdings\\moso-stand-alone-house-thetsane-lesia-58\\image_1.jpg""]",https://www.facebook.com/MOSSHOLDINGS/posts/pfbid028MU81LGFYjNLU36w4LpwDzXf5WeuhN7x8wdAbKYQ8rhTVXzAbvwhQYCCiTHur2YVl,Good,Traditional,Suburban,[],rent
moso-stand-alone-house-katlehong-59,mosoholdings,Stand Alone House,"Stand Alone House M12,000/mo Katlehong Residential Bedrooms: 3 / Baths: 2 https://www.facebook.com/MOSSHOLDINGS/posts/pfbid035bKzUtZCgFJTKzjZmGTptkQxj4bui9M1DP47xgHt3KSpupf2e6jd6HFMpmPJaALvl","Thepa ena ya mofuta wa house e fumaneha Katlehong. E na le dikamore tse 3 le dibate tse 2 mme e fumaneha ka theko ya M 12,000. Tlotla ena e tshwanetse ho shejwa bakeng sa bareki ba batlang menyetla ya nnete Lesotho.",12000.0,LSL,Katlehong,Katlehong,House,3,2,"[""C:\\Users\\lepha\\Documents\\Codex\\2026-04-20-files-mentioned-by-the-user-group\\generated\\images\\live\\mosoholdings\\moso-stand-alone-house-katlehong-59\\image_1.jpg""]",https://www.facebook.com/MOSSHOLDINGS/posts/pfbid035bKzUtZCgFJTKzjZmGTptkQxj4bui9M1DP47xgHt3KSpupf2e6jd6HFMpmPJaALvl,Good,Traditional,Suburban,[],rent
moso-compounded-house-thetsane-lecoop-60,mosoholdings,Compounded House,"Compounded House M6,500/mo Thetsane Lecoop Residential Bedrooms: 2 / Baths: 2 / Nightly Security Guard / Rent incl. Water Bill https://www.facebook.com/MOSSHOLDINGS/posts/pfbid02uXvmYEm9L4pTnHCexaEzbGCdJsrX1Yaysmt4uUkYJ3kmyBCwSWLkxywcYLDTuEwwl","Thepa ena ya mofuta wa house e fumaneha Thetsane Lecoop. E na le dikamore tse 2 le dibate tse 2 mme e fumaneha ka theko ya M 6,500. Tlotla ena e tshwanetse ho shejwa bakeng sa bareki ba batlang menyetla ya nnete Lesotho.",6500.0,LSL,Thetsane Lecoop,Thetsane Lecoop,House,2,2,"[""C:\\Users\\lepha\\Documents\\Codex\\2026-04-20-files-mentioned-by-the-user-group\\generated\\images\\live\\mosoholdings\\moso-compounded-house-thetsane-lecoop-60\\image_1.jpg""]",https://www.facebook.com/MOSSHOLDINGS/posts/pfbid02uXvmYEm9L4pTnHCexaEzbGCdJsrX1Yaysmt4uUkYJ3kmyBCwSWLkxywcYLDTuEwwl,Good,Traditional,Suburban,"[""water connection"", ""security""]",rent
moso-stand-alone-house-katlehong-61,mosoholdings,Stand Alone House,"Stand Alone House M20,000/mo Katlehong Residential Bedrooms: 3 / Baths: 3 / Fully Furnished https://www.facebook.com/MOSSHOLDINGS/posts/pfbid021K6RQDJY5zHq3p92Y5hiLN6EmCdzuM9We3FXdaFkXioBYaRDyPdgVoYsEnrWDSeHl","Thepa ena ya mofuta wa house e fumaneha Katlehong. E na le dikamore tse 3 le dibate tse 3 mme e fumaneha ka theko ya M 20,000. Tlotla ena e tshwanetse ho shejwa bakeng sa bareki ba batlang menyetla ya nnete Lesotho.",20000.0,LSL,Katlehong,Katlehong,House,3,3,"[""C:\\Users\\lepha\\Documents\\Codex\\2026-04-20-files-mentioned-by-the-user-group\\generated\\images\\live\\mosoholdings\\moso-stand-alone-house-katlehong-61\\image_1.jpg""]",https://www.facebook.com/MOSSHOLDINGS/posts/pfbid021K6RQDJY5zHq3p92Y5hiLN6EmCdzuM9We3FXdaFkXioBYaRDyPdgVoYsEnrWDSeHl,Good,Family,Garden,"[""yard"", ""furnished""]",rent
moso-stand-alone-house-katlehong-race-course-62,mosoholdings,Stand Alone House,"Stand Alone House M16,000/mo Katlehong, Race Course Residential Bedrooms: 4 / Baths: 2 https://www.facebook.com/MOSSHOLDINGS/posts/pfbid035bKzUtZCgFJTKzjZmGTptkQxj4bui9M1DP47xgHt3KSpupf2e6jd6HFMpmPJaALvl","Thepa ena ya mofuta wa house e fumaneha Katlehong, Race Course. E na le dikamore tse 4 le dibate tse 2 mme e fumaneha ka theko ya M 16,000. Tlotla ena e tshwanetse ho shejwa bakeng sa bareki ba batlang menyetla ya nnete Lesotho.",16000.0,LSL,Race Course,"Katlehong, Race Course",House,4,2,"[""C:\\Users\\lepha\\Documents\\Codex\\2026-04-20-files-mentioned-by-the-user-group\\generated\\images\\live\\mosoholdings\\moso-stand-alone-house-katlehong-race-course-62\\image_1.jpg""]",https://www.facebook.com/MOSSHOLDINGS/posts/pfbid035bKzUtZCgFJTKzjZmGTptkQxj4bui9M1DP47xgHt3KSpupf2e6jd6HFMpmPJaALvl,Good,Traditional,Suburban,[],rent
moso-compounded-house-thetsane-lecoop-63,mosoholdings,Compounded House,"Compounded House M7,000/mo Thetsane Lecoop Residential Bedrooms: 2 / Baths: 2 / Garage: 1 https://www.facebook.com/MOSSHOLDINGS/posts/pfbid0mS7ABanruwbSJ8Hy82UGZzecARQGZk4XRh1DTnWY9wXwEQ8ibs9n7KHkyUGGLcZCl","Thepa ena ya mofuta wa house e fumaneha Thetsane Lecoop. E na le dikamore tse 2 le dibate tse 2 mme e fumaneha ka theko ya M 7,000. Tlotla ena e tshwanetse ho shejwa bakeng sa bareki ba batlang menyetla ya nnete Lesotho.",7000.0,LSL,Thetsane Lecoop,Thetsane Lecoop,House,2,2,"[""C:\\Users\\lepha\\Documents\\Codex\\2026-04-20-files-mentioned-by-the-user-group\\generated\\images\\live\\mosoholdings\\moso-compounded-house-thetsane-lecoop-63\\image_1.jpg""]",https://www.facebook.com/MOSSHOLDINGS/posts/pfbid0mS7ABanruwbSJ8Hy82UGZzecARQGZk4XRh1DTnWY9wXwEQ8ibs9n7KHkyUGGLcZCl,Good,Traditional,Suburban,"[""garage""]",rent
moso-3-600-m-mohales-hoek-64,mosoholdings,"3,600 m²","3,600 m² M200,000 Mohales Hoek Land Alongside Makhaleng Bridge Road","Thepa ena ya mofuta wa site e fumaneha Mohales Hoek. E na le sebaka sena mme e fumaneha ka theko ya M 200,000. Tlotla ena e tshwanetse ho shejwa bakeng sa bareki ba batlang menyetla ya nnete Lesotho.",200000.0,LSL,Mohale's Hoek,Mohales Hoek,Site,0,0,"[""C:\\Users\\lepha\\Documents\\Codex\\2026-04-20-files-mentioned-by-the-user-group\\generated\\images\\live\\mosoholdings\\moso-3-600-m-mohales-hoek-64\\image_1.jpg""]",https://mosoholdings.co.ls/listings-search/,Good,Traditional,Suburban,"[""road access""]",sale
moso-1-600-m-sehlabeng-sa-thuathe-news-65,mosoholdings,"1,600 m²","1,600 m² M160,000 Sehlabeng sa Thuathe news Land Opposite Aloe’s Guest House","Thepa ena ya mofuta wa house e fumaneha Sehlabeng sa Thuathe news. E na le sebaka sena mme e fumaneha ka theko ya M 160,000. Tlotla ena e tshwanetse ho shejwa bakeng sa bareki ba batlang menyetla ya nnete Lesotho.",160000.0,LSL,Sehlabeng Sa Thuathe News,Sehlabeng sa Thuathe news,House,0,0,"[""C:\\Users\\lepha\\Documents\\Codex\\2026-04-20-files-mentioned-by-the-user-group\\generated\\images\\live\\mosoholdings\\moso-1-600-m-sehlabeng-sa-thuathe-news-65\\image_1.jpg""]",https://mosoholdings.co.ls/listings-search/,Good,Traditional,Suburban,[],sale
moso-700m-thetsane-east-66,mosoholdings,700m²,"700m² M230,000 Thetsane East Land Lease Available / Comes with Single Room / Water and Electricity already applied","Thepa ena ya mofuta wa site e fumaneha Thetsane East. E na le sebaka sena mme e fumaneha ka theko ya M 230,000. Tlotla ena e tshwanetse ho shejwa bakeng sa bareki ba batlang menyetla ya nnete Lesotho.",230000.0,LSL,Thetsane East,Thetsane East,Site,0,0,"[""C:\\Users\\lepha\\Documents\\Codex\\2026-04-20-files-mentioned-by-the-user-group\\generated\\images\\live\\mosoholdings\\moso-700m-thetsane-east-66\\image_1.jpg""]",https://mosoholdings.co.ls/listings-search/,Good,Traditional,Urban,"[""water connection"", ""electricity""]",sale
moso-4-x-office-space-maseru-west-67,mosoholdings,4 x Office Space,"4 x Office Space M3,000 - M6,000/mo Maseru West Commercial Offices: 4 / 24/7 Security / Cleaning service twice weekly","Thepa ena ya mofuta wa commercial e fumaneha Maseru West. E na le sebaka sena mme e fumaneha ka theko ya M 3,000. Tlotla ena e tshwanetse ho shejwa bakeng sa bareki ba batlang menyetla ya nnete Lesotho.",3000.0,LSL,Maseru,Maseru West,Commercial,0,0,"[""C:\\Users\\lepha\\Documents\\Codex\\2026-04-20-files-mentioned-by-the-user-group\\generated\\images\\live\\mosoholdings\\moso-4-x-office-space-maseru-west-67\\image_1.jpg""]",https://mosoholdings.co.ls/listings-search/,Good,Contemporary,Suburban,"[""office-ready"", ""security""]",rent
moso-newly-built-offices-stadium-area-68,mosoholdings,Newly Built Offices,Newly Built Offices POA Stadium Area Commercial Lifts: 2 / Parking: Basement / Sq Ft: 23-46,Thepa ena ya mofuta wa commercial e fumaneha Stadium Area. E na le sebaka sena mme e fumaneha ka theko e sa hlaloswang. Tlotla ena e tshwanetse ho shejwa bakeng sa bareki ba batlang menyetla ya nnete Lesotho.,,LSL,Stadium Area,Stadium Area,Commercial,0,0,"[""C:\\Users\\lepha\\Documents\\Codex\\2026-04-20-files-mentioned-by-the-user-group\\generated\\images\\live\\mosoholdings\\moso-newly-built-offices-stadium-area-68\\image_1.jpg""]",https://mosoholdings.co.ls/listings-search/,New,Contemporary,Suburban,"[""parking""]",sale
